{
	"format_version": "1.12.0",
	"minecraft:geometry": [
		{
			"description": {
				"identifier": "geometry.unknown",
				"texture_width": 64,
				"texture_height": 64,
				"visible_bounds_width": 161,
				"visible_bounds_height": 1.5,
				"visible_bounds_offset": [0, 0.25, 0]
			},
			"bones": [
				{
					"name": "laser_beam",
					"pivot": [-1.4698, 0.8858, -4.7859]
				},
				{
					"name": "laserbeam",
					"pivot": [7.60138, 14.16716, -16.6066]
				},
				{
					"name": "octagon",
					"parent": "laserbeam",
					"pivot": [-1.57207, 1.65921, -3.75662],
					"cubes": [
						{
							"origin": [-2.22787, 2.40627, -2.72893],
							"size": [0.85356, 0.45176, 0.52857],
							"pivot": [-0.0008, 0.83546, -1.21389],
							"rotation": [0, -90, 45],
							"uv": {
								"north": {"uv": [39, 0], "uv_size": [1, 0.5]},
								"east": {"uv": [49, 2], "uv_size": [0.5, 0.5]},
								"south": {"uv": [7, 39], "uv_size": [1, 0.5]},
								"west": {"uv": [49, 4], "uv_size": [0.5, 0.5]},
								"up": {"uv": [9, 39], "uv_size": [1, 0.5]},
								"down": {"uv": [11, 39.5], "uv_size": [1, -0.5]}
							}
						},
						{
							"origin": [-2.22775, -1.28958, -1.93489],
							"size": [0.85333, 4.25712, 1.44905],
							"inflate": 0.0002,
							"pivot": [-0.0008, 0.83546, -1.21389],
							"rotation": [0, -90, 90],
							"uv": {
								"north": {"uv": [19, 10], "uv_size": [1, 4.5]},
								"east": {"uv": [14, 0], "uv_size": [1.5, 4.5]},
								"south": {"uv": [19, 16], "uv_size": [1, 4.5]},
								"west": {"uv": [14, 6], "uv_size": [1.5, 4.5]},
								"up": {"uv": [20, 27], "uv_size": [1, 1.5]},
								"down": {"uv": [27, 26.5], "uv_size": [1, -1.5]}
							}
						},
						{
							"origin": [-2.07306, -1.52161, -2.95443],
							"size": [0.89552, 4.64384, 1.66701],
							"inflate": 0.0002,
							"pivot": [-0.0008, 0.79327, -2.16311],
							"rotation": [0, -90, 90],
							"uv": {
								"north": {"uv": [21, 4], "uv_size": [1, 4.5]},
								"east": {"uv": [14, 12], "uv_size": [1.5, 4.5]},
								"south": {"uv": [7, 21], "uv_size": [1, 4.5]},
								"west": {"uv": [7, 15], "uv_size": [1.5, 4.5]},
								"up": {"uv": [0, 28], "uv_size": [1, 1.5]},
								"down": {"uv": [2, 29.5], "uv_size": [1, -1.5]}
							}
						},
						{
							"origin": [1.18084, -0.80719, -0.56546],
							"size": [0.88515, 0.57014, 0.66452],
							"pivot": [-0.0008, 0.79327, -2.16311],
							"rotation": [0, 90, -45],
							"uv": {
								"north": {"uv": [13, 39], "uv_size": [1, 0.5]},
								"east": {"uv": [6, 49], "uv_size": [0.5, 0.5]},
								"south": {"uv": [19, 39], "uv_size": [1, 0.5]},
								"west": {"uv": [8, 49], "uv_size": [0.5, 0.5]},
								"up": {"uv": [39, 23], "uv_size": [1, 0.5]},
								"down": {"uv": [39, 25.5], "uv_size": [1, -0.5]}
							}
						},
						{
							"origin": [2.01269, 0.052, -4.09849],
							"size": [0.88515, 0.56311, 0.53796],
							"pivot": [2.45526, 0.44605, -3.78732],
							"rotation": [0, 90, 45],
							"uv": {
								"north": {"uv": [39, 27], "uv_size": [1, 0.5]},
								"east": {"uv": [10, 49], "uv_size": [0.5, 0.5]},
								"south": {"uv": [39, 33], "uv_size": [1, 0.5]},
								"west": {"uv": [12, 49], "uv_size": [0.5, 0.5]},
								"up": {"uv": [39, 38], "uv_size": [1, 0.5]},
								"down": {"uv": [3, 40.5], "uv_size": [1, -0.5]}
							}
						},
						{
							"origin": [-2.24181, -1.94011, -2.35311],
							"size": [0.89552, 5.43865, 0.86517],
							"inflate": 0.0002,
							"pivot": [-0.0008, 0.76515, -1.99436],
							"rotation": [0, -90, 90],
							"uv": {
								"north": {"uv": [17, 0], "uv_size": [1, 5.5]},
								"east": {"uv": [3, 17], "uv_size": [1, 5.5]},
								"south": {"uv": [5, 17], "uv_size": [1, 5.5]},
								"west": {"uv": [17, 7], "uv_size": [1, 5.5]},
								"up": {"uv": [17, 21], "uv_size": [1, 1]},
								"down": {"uv": [27, 32], "uv_size": [1, -1]}
							}
						},
						{
							"origin": [-3.17046, 1.79194, -6.11205],
							"size": [0.88515, 0.43654, 0.54499],
							"pivot": [-0.65367, -0.41205, -5.86154],
							"rotation": [0, 90, -45],
							"uv": {
								"north": {"uv": [40, 7], "uv_size": [1, 0.5]},
								"east": {"uv": [49, 12], "uv_size": [0.5, 0.5]},
								"south": {"uv": [40, 9], "uv_size": [1, 0.5]},
								"west": {"uv": [49, 14], "uv_size": [0.5, 0.5]},
								"up": {"uv": [40, 11], "uv_size": [1, 0.5]},
								"down": {"uv": [15, 40.5], "uv_size": [1, -0.5]}
							}
						},
						{
							"origin": [-2.80052, 0.1488, -4.05982],
							"size": [0.88515, 0.43654, 0.54499],
							"pivot": [-2.35795, 0.36707, -3.78732],
							"rotation": [0, 90, 45],
							"uv": {
								"north": {"uv": [17, 40], "uv_size": [1, 0.5]},
								"east": {"uv": [18, 49], "uv_size": [0.5, 0.5]},
								"south": {"uv": [40, 17], "uv_size": [1, 0.5]},
								"west": {"uv": [20, 49], "uv_size": [0.5, 0.5]},
								"up": {"uv": [40, 19], "uv_size": [1, 0.5]},
								"down": {"uv": [40, 21.5], "uv_size": [1, -0.5]}
							}
						},
						{
							"origin": [-2.22787, 2.40627, -0.29069],
							"size": [0.85356, 0.45176, 0.59185],
							"pivot": [-0.0008, 0.83546, -1.21389],
							"rotation": [0, -90, 135],
							"uv": {
								"north": {"uv": [24, 40], "uv_size": [1, 0.5]},
								"east": {"uv": [49, 22], "uv_size": [0.5, 0.5]},
								"south": {"uv": [29, 40], "uv_size": [1, 0.5]},
								"west": {"uv": [24, 49], "uv_size": [0.5, 0.5]},
								"up": {"uv": [40, 29], "uv_size": [1, 0.5]},
								"down": {"uv": [31, 40.5], "uv_size": [1, -0.5]}
							}
						},
						{
							"origin": [-2.63702, -1.40418, -0.84029],
							"size": [5.27243, 4.47929, 1.67155],
							"inflate": 0.0002,
							"pivot": [-0.0008, 0.83546, -0.00451],
							"rotation": [0, -90, 90],
							"uv": {
								"north": {"uv": [7, 0], "uv_size": [5.5, 4.5]},
								"east": {"uv": [10, 15], "uv_size": [1.5, 4.5]},
								"south": {"uv": [7, 6], "uv_size": [5.5, 4.5]},
								"west": {"uv": [0, 17], "uv_size": [1.5, 4.5]},
								"up": {"uv": [7, 12], "uv_size": [5.5, 1.5]},
								"down": {"uv": [0, 15.5], "uv_size": [5.5, -1.5]}
							}
						},
						{
							"origin": [-3.25866, 0.59994, 0.1327],
							"size": [1.89039, 2.22226, 0.24421],
							"inflate": 0.0002,
							"pivot": [-1.94462, -0.16595, -1.55872],
							"rotation": [0, -90, 90],
							"uv": {
								"north": {"uv": [9, 21], "uv_size": [2, 2]},
								"east": {"uv": [31, 28], "uv_size": [0.5, 2]},
								"south": {"uv": [21, 10], "uv_size": [2, 2]},
								"west": {"uv": [29, 31], "uv_size": [0.5, 2]},
								"up": {"uv": [31, 31], "uv_size": [2, 0.5]},
								"down": {"uv": [32, 3.5], "uv_size": [2, -0.5]}
							}
						},
						{
							"origin": [-0.45777, 1.22742, -2.47568],
							"size": [0.42878, 0.43397, 0.80575],
							"inflate": 0.0001,
							"pivot": [-0.30666, 1.63813, -2.06777],
							"rotation": [135.5, 0, 90],
							"uv": {
								"north": {"uv": [49, 24], "uv_size": [0.5, 0.5]},
								"east": {"uv": [40, 31], "uv_size": [1, 0.5]},
								"south": {"uv": [49, 26], "uv_size": [0.5, 0.5]},
								"west": {"uv": [40, 35], "uv_size": [1, 0.5]},
								"up": {"uv": [36, 40], "uv_size": [0.5, 1]},
								"down": {"uv": [38, 41], "uv_size": [0.5, -1]}
							}
						},
						{
							"origin": [-0.45777, 1.62689, -2.6323],
							"size": [0.42878, 0.31444, 1.13622],
							"inflate": 0.0001,
							"pivot": [-0.30666, 1.63813, -2.06777],
							"rotation": [90.5, 0, 90],
							"uv": {
								"north": {"uv": [30, 49], "uv_size": [0.5, 0.5]},
								"east": {"uv": [40, 40], "uv_size": [1, 0.5]},
								"south": {"uv": [49, 32], "uv_size": [0.5, 0.5]},
								"west": {"uv": [0, 41], "uv_size": [1, 0.5]},
								"up": {"uv": [41, 0], "uv_size": [0.5, 1]},
								"down": {"uv": [41, 3], "uv_size": [0.5, -1]}
							}
						},
						{
							"origin": [-0.45777, 1.62015, -2.47044],
							"size": [0.42878, 0.42694, 0.79169],
							"inflate": 0.0001,
							"pivot": [-0.30666, 1.63813, -2.06777],
							"rotation": [-135, 0, 90],
							"uv": {
								"north": {"uv": [49, 36], "uv_size": [0.5, 0.5]},
								"east": {"uv": [41, 4], "uv_size": [1, 0.5]},
								"south": {"uv": [41, 49], "uv_size": [0.5, 0.5]},
								"west": {"uv": [7, 41], "uv_size": [1, 0.5]},
								"up": {"uv": [9, 41], "uv_size": [0.5, 1]},
								"down": {"uv": [11, 42], "uv_size": [0.5, -1]}
							}
						},
						{
							"origin": [-1.38131, 0.99369, 3.17723],
							"size": [1.74977, 1.14648, 0.20202],
							"inflate": 0.0002,
							"pivot": [-0.06728, -0.16595, 1.52097],
							"rotation": [0, -90, 90],
							"uv": {
								"north": {"uv": [9, 28], "uv_size": [1.5, 1]},
								"east": {"uv": [13, 41], "uv_size": [0.5, 1]},
								"south": {"uv": [28, 18], "uv_size": [1.5, 1]},
								"west": {"uv": [41, 13], "uv_size": [0.5, 1]},
								"up": {"uv": [34, 5], "uv_size": [1.5, 0.5]},
								"down": {"uv": [34, 30.5], "uv_size": [1.5, -0.5]}
							}
						},
						{
							"origin": [-1.56413, 1.61244, 3.22645],
							"size": [1.35602, 0.30976, 0.17389],
							"inflate": 0.0002,
							"pivot": [-0.44696, -0.16595, 1.52097],
							"rotation": [0, -90, 90],
							"uv": {
								"north": {"uv": [35, 2], "uv_size": [1.5, 0.5]},
								"east": {"uv": [49, 41], "uv_size": [0.5, 0.5]},
								"south": {"uv": [35, 7], "uv_size": [1.5, 0.5]},
								"west": {"uv": [43, 49], "uv_size": [0.5, 0.5]},
								"up": {"uv": [14, 35], "uv_size": [1.5, 0.5]},
								"down": {"uv": [35, 15.5], "uv_size": [1.5, -0.5]}
							}
						},
						{
							"origin": [1.83837, 1.29933, 1.07924],
							"size": [1.74977, 0.4996, 0.06139],
							"inflate": 0.0002,
							"pivot": [2.71326, 1.2257, 1.08182],
							"rotation": [0, -90, -45],
							"uv": {
								"north": {"uv": [17, 35], "uv_size": [1.5, 0.5]},
								"east": {"uv": [49, 43], "uv_size": [0.5, 0.5]},
								"south": {"uv": [35, 17], "uv_size": [1.5, 0.5]},
								"west": {"uv": [45, 49], "uv_size": [0.5, 0.5]},
								"up": {"uv": [35, 19], "uv_size": [1.5, 0.5]},
								"down": {"uv": [20, 35.5], "uv_size": [1.5, -0.5]}
							}
						},
						{
							"origin": [-0.31256, 2.02807, -0.64074],
							"size": [0.95524, 0.21757, 0.86296],
							"inflate": 0.0002,
							"pivot": [0.04522, -0.16595, -1.81185],
							"rotation": [0, -90, 90],
							"uv": {
								"north": {"uv": [41, 15], "uv_size": [1, 0.5]},
								"east": {"uv": [19, 41], "uv_size": [1, 0.5]},
								"south": {"uv": [21, 41], "uv_size": [1, 0.5]},
								"west": {"uv": [41, 23], "uv_size": [1, 0.5]},
								"up": {"uv": [32, 5], "uv_size": [1, 1]},
								"down": {"uv": [6, 33], "uv_size": [1, -1]}
							}
						},
						{
							"origin": [2.05117, 0.87774, -1.32261],
							"size": [0.30658, 0.1756, 0.86318],
							"pivot": [2.55702, 0.9339, -1.39376],
							"rotation": [90, 45, 0],
							"uv": {
								"north": {"uv": [47, 49], "uv_size": [0.5, 0.5]},
								"east": {"uv": [41, 25], "uv_size": [1, 0.5]},
								"south": {"uv": [49, 47], "uv_size": [0.5, 0.5]},
								"west": {"uv": [26, 41], "uv_size": [1, 0.5]},
								"up": {"uv": [41, 27], "uv_size": [0.5, 1]},
								"down": {"uv": [33, 42], "uv_size": [0.5, -1]}
							}
						},
						{
							"origin": [2.05117, 0.82149, -1.91912],
							"size": [0.30658, 0.16857, 0.86318],
							"pivot": [2.55702, 0.9339, -1.99027],
							"rotation": [90, -45, 0],
							"uv": {
								"north": {"uv": [49, 49], "uv_size": [0.5, 0.5]},
								"east": {"uv": [41, 33], "uv_size": [1, 0.5]},
								"south": {"uv": [2, 50], "uv_size": [0.5, 0.5]},
								"west": {"uv": [41, 37], "uv_size": [1, 0.5]},
								"up": {"uv": [2, 42], "uv_size": [0.5, 1]},
								"down": {"uv": [4, 43], "uv_size": [0.5, -1]}
							}
						},
						{
							"origin": [-0.62897, 0.99369, -1.63917],
							"size": [1.37711, 1.14648, 1.85436],
							"inflate": 0.0002,
							"pivot": [-0.06728, -0.16595, -1.81888],
							"rotation": [0, -90, 90],
							"uv": {
								"north": {"uv": [28, 20], "uv_size": [1.5, 1]},
								"east": {"uv": [17, 25], "uv_size": [2, 1]},
								"south": {"uv": [22, 28], "uv_size": [1.5, 1]},
								"west": {"uv": [20, 25], "uv_size": [2, 1]},
								"up": {"uv": [21, 13], "uv_size": [1.5, 2]},
								"down": {"uv": [21, 18], "uv_size": [1.5, -2]}
							}
						},
						{
							"origin": [1.72608, 1.3854, 1.26898],
							"size": [0.15892, 0.11232, 1.98115],
							"pivot": [1.98045, 0.87765, 2.2033],
							"rotation": [0, 0, 45],
							"uv": {
								"north": {"uv": [4, 50], "uv_size": [0.5, 0.5]},
								"east": {"uv": [32, 7], "uv_size": [2, 0.5]},
								"south": {"uv": [50, 6], "uv_size": [0.5, 0.5]},
								"west": {"uv": [33, 0], "uv_size": [2, 0.5]},
								"up": {"uv": [17, 32], "uv_size": [0.5, 2]},
								"down": {"uv": [8, 35], "uv_size": [0.5, -2]}
							}
						},
						{
							"origin": [1.4747, 1.13644, 1.26909],
							"size": [1.01149, 0.1121, 1.98093],
							"inflate": 0.0002,
							"pivot": [1.98045, 0.87765, 2.2033],
							"rotation": [0, 0, 90],
							"uv": {
								"north": {"uv": [42, 6], "uv_size": [1, 0.5]},
								"east": {"uv": [33, 9], "uv_size": [2, 0.5]},
								"south": {"uv": [42, 8], "uv_size": [1, 0.5]},
								"west": {"uv": [33, 11], "uv_size": [2, 0.5]},
								"up": {"uv": [23, 25], "uv_size": [1, 2]},
								"down": {"uv": [25, 27], "uv_size": [1, -2]}
							}
						},
						{
							"origin": [1.72608, 0.25758, 1.26898],
							"size": [0.15892, 0.11232, 1.98115],
							"pivot": [1.98045, 0.87765, 2.2033],
							"rotation": [0, 0, -45],
							"uv": {
								"north": {"uv": [50, 8], "uv_size": [0.5, 0.5]},
								"east": {"uv": [33, 13], "uv_size": [2, 0.5]},
								"south": {"uv": [50, 10], "uv_size": [0.5, 0.5]},
								"west": {"uv": [14, 33], "uv_size": [2, 0.5]},
								"up": {"uv": [10, 33], "uv_size": [0.5, 2]},
								"down": {"uv": [33, 17], "uv_size": [0.5, -2]}
							}
						},
						{
							"origin": [1.3622, -1.19168, 2.42924],
							"size": [1.23649, 2.32773, 0.70827],
							"inflate": 0.0002,
							"pivot": [1.98045, 0.87765, 2.2033],
							"rotation": [0, 0, 90],
							"uv": {
								"north": {"uv": [9, 24], "uv_size": [1, 2.5]},
								"east": {"uv": [31, 24], "uv_size": [0.5, 2.5]},
								"south": {"uv": [11, 24], "uv_size": [1, 2.5]},
								"west": {"uv": [25, 31], "uv_size": [0.5, 2.5]},
								"up": {"uv": [42, 10], "uv_size": [1, 0.5]},
								"down": {"uv": [15, 42.5], "uv_size": [1, -0.5]}
							}
						},
						{
							"origin": [1.36237, -0.52355, 3.11847],
							"size": [1.23616, 1.65943, 0.13138],
							"inflate": 0.0005,
							"pivot": [1.98045, 0.87765, 2.3158],
							"rotation": [0, 0, 90],
							"uv": {
								"north": {"uv": [4, 28], "uv_size": [1, 1.5]},
								"east": {"uv": [35, 21], "uv_size": [0.5, 1.5]},
								"south": {"uv": [25, 28], "uv_size": [1, 1.5]},
								"west": {"uv": [23, 35], "uv_size": [0.5, 1.5]},
								"up": {"uv": [17, 42], "uv_size": [1, 0.5]},
								"down": {"uv": [42, 17.5], "uv_size": [1, -0.5]}
							}
						},
						{
							"origin": [-0.98053, -2.78913, -1.11183],
							"size": [5.27243, 5.37929, 0.77155],
							"inflate": 0.0002,
							"pivot": [-0.06728, -0.16595, -1.72747],
							"rotation": [0, -90, 90],
							"uv": {
								"north": {"uv": [0, 0], "uv_size": [5.5, 5.5]},
								"east": {"uv": [17, 14], "uv_size": [1, 5.5]},
								"south": {"uv": [0, 7], "uv_size": [5.5, 5.5]},
								"west": {"uv": [13, 18], "uv_size": [1, 5.5]},
								"up": {"uv": [19, 0], "uv_size": [5.5, 1]},
								"down": {"uv": [19, 3], "uv_size": [5.5, -1]}
							}
						},
						{
							"origin": [-2.02645, 1.70054, -0.25502],
							"size": [5.27265, 0.48576, 0.6364],
							"pivot": [0.60987, -0.50346, -0.00451],
							"rotation": [0, -90, 45],
							"uv": {
								"north": {"uv": [21, 19], "uv_size": [5.5, 0.5]},
								"east": {"uv": [14, 50], "uv_size": [0.5, 0.5]},
								"south": {"uv": [21, 21], "uv_size": [5.5, 0.5]},
								"west": {"uv": [16, 50], "uv_size": [0.5, 0.5]},
								"up": {"uv": [23, 4], "uv_size": [5.5, 0.5]},
								"down": {"uv": [23, 6.5], "uv_size": [5.5, -0.5]}
							}
						},
						{
							"origin": [-2.12218, 4.28265, -0.25502],
							"size": [5.27265, 0.48576, 0.6364],
							"pivot": [0.51414, 2.07866, -0.00451],
							"rotation": [0, -90, 135],
							"uv": {
								"north": {"uv": [23, 8], "uv_size": [5.5, 0.5]},
								"east": {"uv": [50, 16], "uv_size": [0.5, 0.5]},
								"south": {"uv": [17, 23], "uv_size": [5.5, 0.5]},
								"west": {"uv": [50, 18], "uv_size": [0.5, 0.5]},
								"up": {"uv": [0, 24], "uv_size": [5.5, 0.5]},
								"down": {"uv": [24, 10.5], "uv_size": [5.5, -0.5]}
							}
						},
						{
							"origin": [-3.2478, 1.70054, -0.25502],
							"size": [0.99765, 0.48576, 0.6364],
							"pivot": [-0.61148, -0.50346, -0.00451],
							"rotation": [0, 90, -45],
							"uv": {
								"north": {"uv": [42, 19], "uv_size": [1, 0.5]},
								"east": {"uv": [50, 20], "uv_size": [0.5, 0.5]},
								"south": {"uv": [42, 21], "uv_size": [1, 0.5]},
								"west": {"uv": [22, 50], "uv_size": [0.5, 0.5]},
								"up": {"uv": [23, 42], "uv_size": [1, 0.5]},
								"down": {"uv": [28, 42.5], "uv_size": [1, -0.5]}
							}
						},
						{
							"origin": [-3.2478, 1.70054, -2.50502],
							"size": [0.99765, 0.48576, 0.6364],
							"pivot": [-0.61148, -0.50346, -2.25451],
							"rotation": [0, 90, -45],
							"uv": {
								"north": {"uv": [42, 29], "uv_size": [1, 0.5]},
								"east": {"uv": [26, 50], "uv_size": [0.5, 0.5]},
								"south": {"uv": [30, 42], "uv_size": [1, 0.5]},
								"west": {"uv": [28, 50], "uv_size": [0.5, 0.5]},
								"up": {"uv": [42, 31], "uv_size": [1, 0.5]},
								"down": {"uv": [35, 42.5], "uv_size": [1, -0.5]}
							}
						},
						{
							"origin": [-2.6853, 1.70054, -4.53002],
							"size": [0.43515, 0.48576, 0.6364],
							"pivot": [-0.61148, -0.50346, -4.27951],
							"rotation": [0, 90, -45],
							"uv": {
								"north": {"uv": [50, 28], "uv_size": [0.5, 0.5]},
								"east": {"uv": [50, 30], "uv_size": [0.5, 0.5]},
								"south": {"uv": [32, 50], "uv_size": [0.5, 0.5]},
								"west": {"uv": [34, 50], "uv_size": [0.5, 0.5]},
								"up": {"uv": [50, 34], "uv_size": [0.5, 0.5]},
								"down": {"uv": [36, 50.5], "uv_size": [0.5, -0.5]}
							}
						},
						{
							"origin": [-2.22775, -1.66589, -1.57264],
							"size": [0.85333, 5.00271, 0.71751],
							"inflate": 0.0002,
							"pivot": [-0.0008, 0.83546, -1.21389],
							"rotation": [0, -90, 90],
							"uv": {
								"north": {"uv": [15, 18], "uv_size": [1, 5]},
								"east": {"uv": [15, 24], "uv_size": [0.5, 5]},
								"south": {"uv": [19, 4], "uv_size": [1, 5]},
								"west": {"uv": [13, 25], "uv_size": [0.5, 5]},
								"up": {"uv": [42, 35], "uv_size": [1, 0.5]},
								"down": {"uv": [37, 42.5], "uv_size": [1, -0.5]}
							}
						},
						{
							"origin": [0.47261, 2.40619, -1.19077],
							"size": [0.85356, 0.45176, 0.59185],
							"pivot": [-0.00089, 0.83538, -2.11397],
							"rotation": [0, 90, -135],
							"uv": {
								"north": {"uv": [39, 42], "uv_size": [1, 0.5]},
								"east": {"uv": [38, 50], "uv_size": [0.5, 0.5]},
								"south": {"uv": [42, 39], "uv_size": [1, 0.5]},
								"west": {"uv": [50, 38], "uv_size": [0.5, 0.5]},
								"up": {"uv": [41, 42], "uv_size": [1, 0.5]},
								"down": {"uv": [0, 43.5], "uv_size": [1, -0.5]}
							}
						},
						{
							"origin": [0.11993, 2.40636, -3.62902],
							"size": [1.20625, 0.45176, 0.52857],
							"pivot": [-0.00089, 0.83555, -2.11397],
							"rotation": [0, 90, -45],
							"uv": {
								"north": {"uv": [43, 0], "uv_size": [1, 0.5]},
								"east": {"uv": [50, 45], "uv_size": [0.5, 0.5]},
								"south": {"uv": [43, 2], "uv_size": [1, 0.5]},
								"west": {"uv": [0, 51], "uv_size": [0.5, 0.5]},
								"up": {"uv": [43, 4], "uv_size": [1, 0.5]},
								"down": {"uv": [6, 43.5], "uv_size": [1, -0.5]}
							}
						},
						{
							"origin": [-3.15208, 4.28265, -0.25502],
							"size": [5.27265, 0.48576, 0.6364],
							"pivot": [-0.51575, 2.07866, -0.00451],
							"rotation": [0, 90, -135],
							"uv": {
								"north": {"uv": [24, 12], "uv_size": [5.5, 0.5]},
								"east": {"uv": [51, 0], "uv_size": [0.5, 0.5]},
								"south": {"uv": [24, 14], "uv_size": [5.5, 0.5]},
								"west": {"uv": [51, 2], "uv_size": [0.5, 0.5]},
								"up": {"uv": [24, 16], "uv_size": [5.5, 0.5]},
								"down": {"uv": [24, 23.5], "uv_size": [5.5, -0.5]}
							}
						},
						{
							"origin": [-1.87581, 0.1818, -4.78584],
							"size": [0.80983, 1.40413, 0.33918],
							"inflate": 0.001,
							"pivot": [-1.46975, 0.88585, -4.61625],
							"rotation": [0, 0, 30],
							"uv": {
								"north": {"uv": [27, 28], "uv_size": [1, 1.5]},
								"east": {"uv": [35, 24], "uv_size": [0.5, 1.5]},
								"south": {"uv": [29, 0], "uv_size": [1, 1.5]},
								"west": {"uv": [25, 35], "uv_size": [0.5, 1.5]},
								"up": {"uv": [8, 43], "uv_size": [1, 0.5]},
								"down": {"uv": [10, 43.5], "uv_size": [1, -0.5]}
							}
						},
						{
							"origin": [-1.87353, 0.1818, -4.78584],
							"size": [0.80525, 1.41206, 0.33918],
							"inflate": 0.001,
							"pivot": [-1.46975, 0.88585, -4.61625],
							"rotation": [0, 0, 90],
							"uv": {
								"north": {"uv": [6, 29], "uv_size": [1, 1.5]},
								"east": {"uv": [27, 35], "uv_size": [0.5, 1.5]},
								"south": {"uv": [17, 29], "uv_size": [1, 1.5]},
								"west": {"uv": [35, 27], "uv_size": [0.5, 1.5]},
								"up": {"uv": [12, 43], "uv_size": [1, 0.5]},
								"down": {"uv": [43, 12.5], "uv_size": [1, -0.5]}
							}
						},
						{
							"origin": [-1.87238, 0.18378, -4.78584],
							"size": [0.80983, 1.40413, 0.33918],
							"inflate": 0.001,
							"pivot": [-1.46975, 0.88585, -4.61625],
							"rotation": [0, 0, 150],
							"uv": {
								"north": {"uv": [29, 25], "uv_size": [1, 1.5]},
								"east": {"uv": [31, 35], "uv_size": [0.5, 1.5]},
								"south": {"uv": [29, 28], "uv_size": [1, 1.5]},
								"west": {"uv": [35, 32], "uv_size": [0.5, 1.5]},
								"up": {"uv": [43, 14], "uv_size": [1, 0.5]},
								"down": {"uv": [19, 43.5], "uv_size": [1, -0.5]}
							}
						},
						{
							"origin": [-1.82495, 0.26641, -4.76875],
							"size": [0.70838, 1.24237, 0.77636],
							"inflate": 0.001,
							"pivot": [-1.46975, 0.88585, -4.64438],
							"rotation": [0, 0, 90],
							"uv": {
								"north": {"uv": [21, 43], "uv_size": [0.5, 1]},
								"east": {"uv": [33, 18], "uv_size": [1, 1]},
								"south": {"uv": [43, 23], "uv_size": [0.5, 1]},
								"west": {"uv": [19, 33], "uv_size": [1, 1]},
								"up": {"uv": [25, 43], "uv_size": [0.5, 1]},
								"down": {"uv": [43, 26], "uv_size": [0.5, -1]}
							}
						},
						{
							"origin": [-1.82394, 0.26815, -4.76875],
							"size": [0.71241, 1.23539, 0.77636],
							"inflate": 0.001,
							"pivot": [-1.46975, 0.88585, -4.64438],
							"rotation": [0, 0, 150],
							"uv": {
								"north": {"uv": [43, 27], "uv_size": [0.5, 1]},
								"east": {"uv": [33, 20], "uv_size": [1, 1]},
								"south": {"uv": [32, 43], "uv_size": [0.5, 1]},
								"west": {"uv": [21, 33], "uv_size": [1, 1]},
								"up": {"uv": [43, 33], "uv_size": [0.5, 1]},
								"down": {"uv": [43, 38], "uv_size": [0.5, -1]}
							}
						},
						{
							"origin": [-1.82696, 0.26641, -4.76875],
							"size": [0.71241, 1.23539, 0.77636],
							"inflate": 0.001,
							"pivot": [-1.46975, 0.88585, -4.64438],
							"rotation": [0, 0, 30],
							"uv": {
								"north": {"uv": [43, 41], "uv_size": [0.5, 1]},
								"east": {"uv": [33, 22], "uv_size": [1, 1]},
								"south": {"uv": [43, 43], "uv_size": [0.5, 1]},
								"west": {"uv": [23, 33], "uv_size": [1, 1]},
								"up": {"uv": [2, 44], "uv_size": [0.5, 1]},
								"down": {"uv": [4, 45], "uv_size": [0.5, -1]}
							}
						},
						{
							"origin": [1.27763, 0.18379, -5.98819],
							"size": [0.80983, 1.40413, 0.43059],
							"inflate": 0.001,
							"pivot": [1.68025, 0.88585, -5.84672],
							"rotation": [0, 0, 150],
							"uv": {
								"north": {"uv": [30, 3], "uv_size": [1, 1.5]},
								"east": {"uv": [33, 35], "uv_size": [0.5, 1.5]},
								"south": {"uv": [30, 6], "uv_size": [1, 1.5]},
								"west": {"uv": [35, 35], "uv_size": [0.5, 1.5]},
								"up": {"uv": [44, 6], "uv_size": [1, 0.5]},
								"down": {"uv": [44, 8.5], "uv_size": [1, -0.5]}
							}
						},
						{
							"origin": [1.27419, 0.1818, -5.98819],
							"size": [0.80983, 1.40413, 0.43059],
							"inflate": 0.001,
							"pivot": [1.68025, 0.88585, -5.84672],
							"rotation": [0, 0, 30],
							"uv": {
								"north": {"uv": [8, 30], "uv_size": [1, 1.5]},
								"east": {"uv": [8, 36], "uv_size": [0.5, 1.5]},
								"south": {"uv": [10, 30], "uv_size": [1, 1.5]},
								"west": {"uv": [36, 9], "uv_size": [0.5, 1.5]},
								"up": {"uv": [44, 10], "uv_size": [1, 0.5]},
								"down": {"uv": [14, 44.5], "uv_size": [1, -0.5]}
							}
						},
						{
							"origin": [1.27648, 0.1818, -5.98819],
							"size": [0.80525, 1.41206, 0.43059],
							"inflate": 0.001,
							"pivot": [1.68025, 0.88585, -5.84672],
							"rotation": [0, 0, 90],
							"uv": {
								"north": {"uv": [15, 30], "uv_size": [1, 1.5]},
								"east": {"uv": [10, 36], "uv_size": [0.5, 1.5]},
								"south": {"uv": [19, 30], "uv_size": [1, 1.5]},
								"west": {"uv": [36, 12], "uv_size": [0.5, 1.5]},
								"up": {"uv": [16, 44], "uv_size": [1, 0.5]},
								"down": {"uv": [44, 16.5], "uv_size": [1, -0.5]}
							}
						},
						{
							"origin": [1.1969, 0.04317, -5.33465],
							"size": [0.97219, 1.68535, 0.86445],
							"inflate": 0.001,
							"pivot": [1.68025, 0.88585, -4.70766],
							"rotation": [0, 0, 150],
							"uv": {
								"north": {"uv": [21, 30], "uv_size": [1, 1.5]},
								"east": {"uv": [23, 30], "uv_size": [1, 1.5]},
								"south": {"uv": [0, 31], "uv_size": [1, 1.5]},
								"west": {"uv": [31, 0], "uv_size": [1, 1.5]},
								"up": {"uv": [33, 24], "uv_size": [1, 1]},
								"down": {"uv": [33, 27], "uv_size": [1, -1]}
							}
						},
						{
							"origin": [1.19278, 0.04079, -5.33465],
							"size": [0.97219, 1.68535, 0.86445],
							"inflate": 0.001,
							"pivot": [1.68025, 0.88585, -4.70766],
							"rotation": [0, 0, 30],
							"uv": {
								"north": {"uv": [2, 31], "uv_size": [1, 1.5]},
								"east": {"uv": [4, 31], "uv_size": [1, 1.5]},
								"south": {"uv": [31, 9], "uv_size": [1, 1.5]},
								"west": {"uv": [12, 31], "uv_size": [1, 1.5]},
								"up": {"uv": [27, 33], "uv_size": [1, 1]},
								"down": {"uv": [33, 29], "uv_size": [1, -1]}
							}
						},
						{
							"origin": [1.19553, 0.04079, -5.33465],
							"size": [0.9667, 1.69487, 0.86445],
							"inflate": 0.001,
							"pivot": [1.68025, 0.88585, -4.70766],
							"rotation": [0, 0, 90],
							"uv": {
								"north": {"uv": [31, 12], "uv_size": [1, 1.5]},
								"east": {"uv": [31, 15], "uv_size": [1, 1.5]},
								"south": {"uv": [31, 18], "uv_size": [1, 1.5]},
								"west": {"uv": [31, 21], "uv_size": [1, 1.5]},
								"up": {"uv": [31, 33], "uv_size": [1, 1]},
								"down": {"uv": [33, 34], "uv_size": [1, -1]}
							}
						},
						{
							"origin": [1.32613, 0.22608, -5.6073],
							"size": [0.71228, 1.23517, 1.78532],
							"inflate": 0.001,
							"pivot": [1.68025, 0.84366, -4.63032],
							"rotation": [0, 0, 150],
							"uv": {
								"north": {"uv": [44, 18], "uv_size": [0.5, 1]},
								"east": {"uv": [0, 26], "uv_size": [2, 1]},
								"south": {"uv": [44, 20], "uv_size": [0.5, 1]},
								"west": {"uv": [26, 0], "uv_size": [2, 1]},
								"up": {"uv": [0, 34], "uv_size": [0.5, 2]},
								"down": {"uv": [2, 36], "uv_size": [0.5, -2]}
							}
						},
						{
							"origin": [1.3231, 0.22433, -5.6073],
							"size": [0.71228, 1.23517, 1.78532],
							"inflate": 0.001,
							"pivot": [1.68025, 0.84366, -4.63032],
							"rotation": [0, 0, 30],
							"uv": {
								"north": {"uv": [23, 44], "uv_size": [0.5, 1]},
								"east": {"uv": [26, 2], "uv_size": [2, 1]},
								"south": {"uv": [27, 44], "uv_size": [0.5, 1]},
								"west": {"uv": [3, 26], "uv_size": [2, 1]},
								"up": {"uv": [4, 34], "uv_size": [0.5, 2]},
								"down": {"uv": [6, 36], "uv_size": [0.5, -2]}
							}
						},
						{
							"origin": [1.32512, 0.22433, -5.6073],
							"size": [0.70825, 1.24215, 1.78532],
							"inflate": 0.001,
							"pivot": [1.68025, 0.84366, -4.63032],
							"rotation": [0, 0, 90],
							"uv": {
								"north": {"uv": [29, 44], "uv_size": [0.5, 1]},
								"east": {"uv": [6, 27], "uv_size": [2, 1]},
								"south": {"uv": [44, 29], "uv_size": [0.5, 1]},
								"west": {"uv": [17, 27], "uv_size": [2, 1]},
								"up": {"uv": [12, 34], "uv_size": [0.5, 2]},
								"down": {"uv": [29, 36], "uv_size": [0.5, -2]}
							}
						},
						{
							"origin": [-1.63877, 1.34634, 1.04141],
							"size": [0.4428, 0.59757, 1.44302],
							"inflate": 0.0001,
							"pivot": [-1.41738, 1.64515, 1.76291],
							"rotation": [-22.5, 0, 90],
							"uv": {
								"north": {"uv": [51, 4], "uv_size": [0.5, 0.5]},
								"east": {"uv": [36, 0], "uv_size": [1.5, 0.5]},
								"south": {"uv": [6, 51], "uv_size": [0.5, 0.5]},
								"west": {"uv": [0, 37], "uv_size": [1.5, 0.5]},
								"up": {"uv": [3, 37], "uv_size": [0.5, 1.5]},
								"down": {"uv": [37, 5.5], "uv_size": [0.5, -1.5]}
							}
						},
						{
							"origin": [-1.63882, 1.34634, 1.04153],
							"size": [0.44285, 0.59761, 1.44281],
							"inflate": 0.0001,
							"pivot": [-1.41738, 1.64515, 1.76291],
							"rotation": [112.5, 0, 90],
							"uv": {
								"north": {"uv": [8, 51], "uv_size": [0.5, 0.5]},
								"east": {"uv": [5, 37], "uv_size": [1.5, 0.5]},
								"south": {"uv": [10, 51], "uv_size": [0.5, 0.5]},
								"west": {"uv": [12, 37], "uv_size": [1.5, 0.5]},
								"up": {"uv": [15, 37], "uv_size": [0.5, 1.5]},
								"down": {"uv": [17, 38.5], "uv_size": [0.5, -1.5]}
							}
						},
						{
							"origin": [-1.63882, 1.34632, 1.04149],
							"size": [0.44285, 0.59769, 1.44287],
							"inflate": 0.0001,
							"pivot": [-1.41738, 1.64515, 1.76291],
							"rotation": [67.5, 0, 90],
							"uv": {
								"north": {"uv": [12, 51], "uv_size": [0.5, 0.5]},
								"east": {"uv": [19, 37], "uv_size": [1.5, 0.5]},
								"south": {"uv": [51, 12], "uv_size": [0.5, 0.5]},
								"west": {"uv": [37, 21], "uv_size": [1.5, 0.5]},
								"up": {"uv": [37, 23], "uv_size": [0.5, 1.5]},
								"down": {"uv": [37, 27.5], "uv_size": [0.5, -1.5]}
							}
						},
						{
							"origin": [-1.63877, 1.34632, 1.04142],
							"size": [0.4428, 0.59762, 1.44298],
							"inflate": 0.0001,
							"pivot": [-1.41738, 1.64515, 1.76291],
							"rotation": [22.5, 0, 90],
							"uv": {
								"north": {"uv": [51, 14], "uv_size": [0.5, 0.5]},
								"east": {"uv": [37, 29], "uv_size": [1.5, 0.5]},
								"south": {"uv": [18, 51], "uv_size": [0.5, 0.5]},
								"west": {"uv": [37, 31], "uv_size": [1.5, 0.5]},
								"up": {"uv": [29, 37], "uv_size": [0.5, 1.5]},
								"down": {"uv": [37, 34.5], "uv_size": [0.5, -1.5]}
							}
						},
						{
							"origin": [-1.39971, 1.87933, 1.30969],
							"size": [0.19671, 0.37536, 0.90643],
							"inflate": 0.0001,
							"pivot": [-1.42441, 2.06702, 1.76291],
							"rotation": [22.5, 0, 90],
							"uv": {
								"north": {"uv": [20, 51], "uv_size": [0.5, 0.5]},
								"east": {"uv": [44, 31], "uv_size": [1, 0.5]},
								"south": {"uv": [51, 22], "uv_size": [0.5, 0.5]},
								"west": {"uv": [34, 44], "uv_size": [1, 0.5]},
								"up": {"uv": [44, 35], "uv_size": [0.5, 1]},
								"down": {"uv": [36, 45], "uv_size": [0.5, -1]}
							}
						},
						{
							"origin": [-1.39976, 1.87933, 1.30974],
							"size": [0.19675, 0.37541, 0.90637],
							"inflate": 0.0001,
							"pivot": [-1.42441, 2.06702, 1.76291],
							"rotation": [67.5, 0, 90],
							"uv": {
								"north": {"uv": [24, 51], "uv_size": [0.5, 0.5]},
								"east": {"uv": [38, 44], "uv_size": [1, 0.5]},
								"south": {"uv": [51, 24], "uv_size": [0.5, 0.5]},
								"west": {"uv": [44, 39], "uv_size": [1, 0.5]},
								"up": {"uv": [40, 44], "uv_size": [0.5, 1]},
								"down": {"uv": [0, 46], "uv_size": [0.5, -1]}
							}
						},
						{
							"origin": [-1.39971, 1.87934, 1.30969],
							"size": [0.19671, 0.37533, 0.90646],
							"inflate": 0.0001,
							"pivot": [-1.42441, 2.06702, 1.76291],
							"rotation": [-22.5, 0, 90],
							"uv": {
								"north": {"uv": [51, 26], "uv_size": [0.5, 0.5]},
								"east": {"uv": [45, 0], "uv_size": [1, 0.5]},
								"south": {"uv": [30, 51], "uv_size": [0.5, 0.5]},
								"west": {"uv": [45, 2], "uv_size": [1, 0.5]},
								"up": {"uv": [45, 4], "uv_size": [0.5, 1]},
								"down": {"uv": [6, 46], "uv_size": [0.5, -1]}
							}
						},
						{
							"origin": [-1.39976, 1.87935, 1.30976],
							"size": [0.19675, 0.37535, 0.90633],
							"inflate": 0.0001,
							"pivot": [-1.42441, 2.06702, 1.76291],
							"rotation": [112.5, 0, 90],
							"uv": {
								"north": {"uv": [51, 32], "uv_size": [0.5, 0.5]},
								"east": {"uv": [8, 45], "uv_size": [1, 0.5]},
								"south": {"uv": [51, 36], "uv_size": [0.5, 0.5]},
								"west": {"uv": [10, 45], "uv_size": [1, 0.5]},
								"up": {"uv": [12, 45], "uv_size": [0.5, 1]},
								"down": {"uv": [45, 13], "uv_size": [0.5, -1]}
							}
						},
						{
							"origin": [-1.91299, 1.51284, 1.14223],
							"size": [0.49905, 0.29271, 0.97418],
							"inflate": 0.0001,
							"pivot": [-1.42441, 1.65921, 1.76291],
							"rotation": [-22.5, 0, 90],
							"uv": {
								"north": {"uv": [40, 51], "uv_size": [0.5, 0.5]},
								"east": {"uv": [45, 14], "uv_size": [1, 0.5]},
								"south": {"uv": [51, 40], "uv_size": [0.5, 0.5]},
								"west": {"uv": [18, 45], "uv_size": [1, 0.5]},
								"up": {"uv": [20, 45], "uv_size": [0.5, 1]},
								"down": {"uv": [45, 23], "uv_size": [0.5, -1]}
							}
						},
						{
							"origin": [-1.91299, 1.51283, 1.40942],
							"size": [0.70999, 0.29274, 0.70697],
							"inflate": 0.0001,
							"pivot": [-1.42441, 1.65921, 1.76291],
							"rotation": [22.5, 0, 90],
							"uv": {
								"north": {"uv": [42, 51], "uv_size": [0.5, 0.5]},
								"east": {"uv": [51, 42], "uv_size": [0.5, 0.5]},
								"south": {"uv": [44, 51], "uv_size": [0.5, 0.5]},
								"west": {"uv": [46, 51], "uv_size": [0.5, 0.5]},
								"up": {"uv": [51, 47], "uv_size": [0.5, 0.5]},
								"down": {"uv": [48, 51.5], "uv_size": [0.5, -0.5]}
							}
						},
						{
							"origin": [-1.91304, 1.51284, 1.40948],
							"size": [0.71003, 0.29273, 0.70689],
							"inflate": 0.0001,
							"pivot": [-1.42441, 1.65921, 1.76291],
							"rotation": [112.5, 0, 90],
							"uv": {
								"north": {"uv": [51, 49], "uv_size": [0.5, 0.5]},
								"east": {"uv": [50, 51], "uv_size": [0.5, 0.5]},
								"south": {"uv": [2, 52], "uv_size": [0.5, 0.5]},
								"west": {"uv": [4, 52], "uv_size": [0.5, 0.5]},
								"up": {"uv": [52, 6], "uv_size": [0.5, 0.5]},
								"down": {"uv": [52, 8.5], "uv_size": [0.5, -0.5]}
							}
						},
						{
							"origin": [-1.91304, 1.51283, 1.40946],
							"size": [0.71003, 0.29277, 0.70692],
							"inflate": 0.0001,
							"pivot": [-1.42441, 1.65921, 1.76291],
							"rotation": [67.5, 0, 90],
							"uv": {
								"north": {"uv": [52, 10], "uv_size": [0.5, 0.5]},
								"east": {"uv": [14, 52], "uv_size": [0.5, 0.5]},
								"south": {"uv": [16, 52], "uv_size": [0.5, 0.5]},
								"west": {"uv": [52, 16], "uv_size": [0.5, 0.5]},
								"up": {"uv": [52, 18], "uv_size": [0.5, 0.5]},
								"down": {"uv": [52, 20.5], "uv_size": [0.5, -0.5]}
							}
						},
						{
							"origin": [-0.24659, 1.31165, -0.41117],
							"size": [0.4428, 0.55446, 1.3388],
							"inflate": 0.0001,
							"pivot": [-0.0252, 1.5889, 0.25822],
							"rotation": [22.5, 0, 90],
							"uv": {
								"north": {"uv": [22, 52], "uv_size": [0.5, 0.5]},
								"east": {"uv": [37, 36], "uv_size": [1.5, 0.5]},
								"south": {"uv": [26, 52], "uv_size": [0.5, 0.5]},
								"west": {"uv": [38, 2], "uv_size": [1.5, 0.5]},
								"up": {"uv": [38, 7], "uv_size": [0.5, 1.5]},
								"down": {"uv": [38, 11.5], "uv_size": [0.5, -1.5]}
							}
						},
						{
							"origin": [-0.24663, 1.31165, -0.41111],
							"size": [0.44285, 0.55453, 1.3387],
							"inflate": 0.0001,
							"pivot": [-0.0252, 1.5889, 0.25822],
							"rotation": [67.5, 0, 90],
							"uv": {
								"north": {"uv": [28, 52], "uv_size": [0.5, 0.5]},
								"east": {"uv": [38, 13], "uv_size": [1.5, 0.5]},
								"south": {"uv": [52, 28], "uv_size": [0.5, 0.5]},
								"west": {"uv": [38, 15], "uv_size": [1.5, 0.5]},
								"up": {"uv": [38, 17], "uv_size": [0.5, 1.5]},
								"down": {"uv": [22, 39.5], "uv_size": [0.5, -1.5]}
							}
						},
						{
							"origin": [-0.24663, 1.31167, -0.41107],
							"size": [0.44285, 0.55445, 1.33864],
							"inflate": 0.0001,
							"pivot": [-0.0252, 1.5889, 0.25822],
							"rotation": [112.5, 0, 90],
							"uv": {
								"north": {"uv": [52, 30], "uv_size": [0.5, 0.5]},
								"east": {"uv": [24, 38], "uv_size": [1.5, 0.5]},
								"south": {"uv": [32, 52], "uv_size": [0.5, 0.5]},
								"west": {"uv": [31, 38], "uv_size": [1.5, 0.5]},
								"up": {"uv": [27, 38], "uv_size": [0.5, 1.5]},
								"down": {"uv": [34, 39.5], "uv_size": [0.5, -1.5]}
							}
						},
						{
							"origin": [-0.24659, 1.31167, -0.41118],
							"size": [0.4428, 0.55442, 1.33883],
							"inflate": 0.0001,
							"pivot": [-0.0252, 1.5889, 0.25822],
							"rotation": [-22.5, 0, 90],
							"uv": {
								"north": {"uv": [34, 52], "uv_size": [0.5, 0.5]},
								"east": {"uv": [36, 38], "uv_size": [1.5, 0.5]},
								"south": {"uv": [52, 34], "uv_size": [0.5, 0.5]},
								"west": {"uv": [0, 39], "uv_size": [1.5, 0.5]},
								"up": {"uv": [39, 4], "uv_size": [0.5, 1.5]},
								"down": {"uv": [5, 40.5], "uv_size": [0.5, -1.5]}
							}
						},
						{
							"origin": [-0.35913, 1.37544, -0.25714],
							"size": [0.55535, 0.42694, 1.03075],
							"inflate": 0.0001,
							"pivot": [-0.0252, 1.5889, 0.25822],
							"rotation": [67.5, 0, 90],
							"uv": {
								"north": {"uv": [36, 52], "uv_size": [0.5, 0.5]},
								"east": {"uv": [45, 24], "uv_size": [1, 0.5]},
								"south": {"uv": [38, 52], "uv_size": [0.5, 0.5]},
								"west": {"uv": [25, 45], "uv_size": [1, 0.5]},
								"up": {"uv": [45, 26], "uv_size": [0.5, 1]},
								"down": {"uv": [31, 46], "uv_size": [0.5, -1]}
							}
						},
						{
							"origin": [-0.35913, 1.37546, -0.25711],
							"size": [0.55535, 0.42688, 1.0307],
							"inflate": 0.0001,
							"pivot": [-0.0252, 1.5889, 0.25822],
							"rotation": [112.5, 0, 90],
							"uv": {
								"north": {"uv": [52, 38], "uv_size": [0.5, 0.5]},
								"east": {"uv": [45, 33], "uv_size": [1, 0.5]},
								"south": {"uv": [52, 44], "uv_size": [0.5, 0.5]},
								"west": {"uv": [45, 37], "uv_size": [1, 0.5]},
								"up": {"uv": [45, 41], "uv_size": [0.5, 1]},
								"down": {"uv": [42, 46], "uv_size": [0.5, -1]}
							}
						},
						{
							"origin": [-0.35909, 1.37546, -0.2572],
							"size": [0.5553, 0.42685, 1.03085],
							"inflate": 0.0001,
							"pivot": [-0.0252, 1.5889, 0.25822],
							"rotation": [-22.5, 0, 90],
							"uv": {
								"north": {"uv": [52, 51], "uv_size": [0.5, 0.5]},
								"east": {"uv": [45, 43], "uv_size": [1, 0.5]},
								"south": {"uv": [0, 53], "uv_size": [0.5, 0.5]},
								"west": {"uv": [44, 45], "uv_size": [1, 0.5]},
								"up": {"uv": [2, 46], "uv_size": [0.5, 1]},
								"down": {"uv": [4, 47], "uv_size": [0.5, -1]}
							}
						},
						{
							"origin": [-0.35909, 1.37544, -0.25719],
							"size": [0.5553, 0.42689, 1.03083],
							"inflate": 0.0001,
							"pivot": [-0.0252, 1.5889, 0.25822],
							"rotation": [22.5, 0, 90],
							"uv": {
								"north": {"uv": [53, 0], "uv_size": [0.5, 0.5]},
								"east": {"uv": [46, 6], "uv_size": [1, 0.5]},
								"south": {"uv": [53, 2], "uv_size": [0.5, 0.5]},
								"west": {"uv": [46, 8], "uv_size": [1, 0.5]},
								"up": {"uv": [46, 10], "uv_size": [0.5, 1]},
								"down": {"uv": [14, 47], "uv_size": [0.5, -1]}
							}
						},
						{
							"origin": [1.19478, 0.65827, 2.77336],
							"size": [0.55535, 0.42688, 1.0307],
							"inflate": 0.0001,
							"pivot": [1.52871, 0.87171, 3.28869],
							"rotation": [0, 90, -22.5],
							"uv": {
								"north": {"uv": [53, 4], "uv_size": [0.5, 0.5]},
								"east": {"uv": [16, 46], "uv_size": [1, 0.5]},
								"south": {"uv": [6, 53], "uv_size": [0.5, 0.5]},
								"west": {"uv": [46, 16], "uv_size": [1, 0.5]},
								"up": {"uv": [46, 18], "uv_size": [0.5, 1]},
								"down": {"uv": [46, 21], "uv_size": [0.5, -1]}
							}
						},
						{
							"origin": [1.19478, 0.65825, 2.77333],
							"size": [0.55535, 0.42694, 1.03075],
							"inflate": 0.0001,
							"pivot": [1.52871, 0.87171, 3.28869],
							"rotation": [0, 90, 22.5],
							"uv": {
								"north": {"uv": [8, 53], "uv_size": [0.5, 0.5]},
								"east": {"uv": [22, 46], "uv_size": [1, 0.5]},
								"south": {"uv": [10, 53], "uv_size": [0.5, 0.5]},
								"west": {"uv": [27, 46], "uv_size": [1, 0.5]},
								"up": {"uv": [46, 28], "uv_size": [0.5, 1]},
								"down": {"uv": [29, 47], "uv_size": [0.5, -1]}
							}
						},
						{
							"origin": [1.19482, 0.65825, 2.77328],
							"size": [0.5553, 0.42689, 1.03083],
							"inflate": 0.0001,
							"pivot": [1.52871, 0.87171, 3.28869],
							"rotation": [0, 90, 67.5],
							"uv": {
								"north": {"uv": [12, 53], "uv_size": [0.5, 0.5]},
								"east": {"uv": [46, 30], "uv_size": [1, 0.5]},
								"south": {"uv": [53, 12], "uv_size": [0.5, 0.5]},
								"west": {"uv": [33, 46], "uv_size": [1, 0.5]},
								"up": {"uv": [35, 46], "uv_size": [0.5, 1]},
								"down": {"uv": [46, 36], "uv_size": [0.5, -1]}
							}
						},
						{
							"origin": [1.19532, 0.65876, 2.77377],
							"size": [0.55431, 0.42586, 1.02986],
							"inflate": 0.001,
							"pivot": [1.52871, 0.87171, 3.28869],
							"rotation": [0, 90, 112.5],
							"uv": {
								"north": {"uv": [53, 14], "uv_size": [0.5, 0.5]},
								"east": {"uv": [37, 46], "uv_size": [1, 0.5]},
								"south": {"uv": [18, 53], "uv_size": [0.5, 0.5]},
								"west": {"uv": [39, 46], "uv_size": [1, 0.5]},
								"up": {"uv": [46, 39], "uv_size": [0.5, 1]},
								"down": {"uv": [46, 46], "uv_size": [0.5, -1]}
							}
						},
						{
							"origin": [1.30024, 1.40106, -2.17107],
							"size": [0.55535, 0.37568, 0.90704],
							"inflate": 0.0001,
							"pivot": [1.63418, 1.5889, -1.71756],
							"rotation": [67.5, 0, 90],
							"uv": {
								"north": {"uv": [20, 53], "uv_size": [0.5, 0.5]},
								"east": {"uv": [0, 47], "uv_size": [1, 0.5]},
								"south": {"uv": [53, 22], "uv_size": [0.5, 0.5]},
								"west": {"uv": [47, 0], "uv_size": [1, 0.5]},
								"up": {"uv": [47, 2], "uv_size": [0.5, 1]},
								"down": {"uv": [47, 5], "uv_size": [0.5, -1]}
							}
						},
						{
							"origin": [1.30029, 1.40106, -2.17111],
							"size": [0.5553, 0.37564, 0.9071],
							"inflate": 0.0001,
							"pivot": [1.63418, 1.5889, -1.71756],
							"rotation": [22.5, 0, 90],
							"uv": {
								"north": {"uv": [24, 53], "uv_size": [0.5, 0.5]},
								"east": {"uv": [6, 47], "uv_size": [1, 0.5]},
								"south": {"uv": [53, 24], "uv_size": [0.5, 0.5]},
								"west": {"uv": [8, 47], "uv_size": [1, 0.5]},
								"up": {"uv": [10, 47], "uv_size": [0.5, 1]},
								"down": {"uv": [12, 48], "uv_size": [0.5, -1]}
							}
						},
						{
							"origin": [1.30024, 1.40108, -2.17104],
							"size": [0.55535, 0.37563, 0.907],
							"inflate": 0.0001,
							"pivot": [1.63418, 1.5889, -1.71756],
							"rotation": [112.5, 0, 90],
							"uv": {
								"north": {"uv": [53, 26], "uv_size": [0.5, 0.5]},
								"east": {"uv": [47, 12], "uv_size": [1, 0.5]},
								"south": {"uv": [30, 53], "uv_size": [0.5, 0.5]},
								"west": {"uv": [47, 14], "uv_size": [1, 0.5]},
								"up": {"uv": [18, 47], "uv_size": [0.5, 1]},
								"down": {"uv": [20, 48], "uv_size": [0.5, -1]}
							}
						},
						{
							"origin": [1.30029, 1.40108, -2.17111],
							"size": [0.5553, 0.37561, 0.90713],
							"inflate": 0.0001,
							"pivot": [1.63418, 1.5889, -1.71756],
							"rotation": [-22.5, 0, 90],
							"uv": {
								"north": {"uv": [53, 32], "uv_size": [0.5, 0.5]},
								"east": {"uv": [47, 22], "uv_size": [1, 0.5]},
								"south": {"uv": [53, 36], "uv_size": [0.5, 0.5]},
								"west": {"uv": [24, 47], "uv_size": [1, 0.5]},
								"up": {"uv": [47, 24], "uv_size": [0.5, 1]},
								"down": {"uv": [47, 27], "uv_size": [0.5, -1]}
							}
						},
						{
							"origin": [1.30024, 1.60497, -2.05153],
							"size": [0.55535, 0.22803, 0.64688],
							"inflate": 0.0001,
							"pivot": [1.63418, 1.7014, -1.71756],
							"rotation": [67.5, 0, 90],
							"uv": {
								"north": {"uv": [40, 53], "uv_size": [0.5, 0.5]},
								"east": {"uv": [53, 40], "uv_size": [0.5, 0.5]},
								"south": {"uv": [42, 53], "uv_size": [0.5, 0.5]},
								"west": {"uv": [53, 42], "uv_size": [0.5, 0.5]},
								"up": {"uv": [44, 53], "uv_size": [0.5, 0.5]},
								"down": {"uv": [46, 53.5], "uv_size": [0.5, -0.5]}
							}
						},
						{
							"origin": [1.30024, 1.56278, -2.0445],
							"size": [0.55535, 0.29131, 0.61876],
							"inflate": 0.0001,
							"pivot": [1.63418, 1.7014, -1.71756],
							"rotation": [22.5, 0, 90],
							"uv": {
								"north": {"uv": [40, 53], "uv_size": [0.5, 0.5]},
								"east": {"uv": [53, 40], "uv_size": [0.5, 0.5]},
								"south": {"uv": [42, 53], "uv_size": [0.5, 0.5]},
								"west": {"uv": [53, 42], "uv_size": [0.5, 0.5]},
								"up": {"uv": [44, 53], "uv_size": [0.5, 0.5]},
								"down": {"uv": [46, 53.5], "uv_size": [0.5, -0.5]}
							}
						},
						{
							"origin": [1.30024, 1.57685, -2.05857],
							"size": [0.55535, 0.23506, 0.64688],
							"inflate": 0.0001,
							"pivot": [1.63418, 1.7014, -1.71756],
							"rotation": [-22.5, 0, 90],
							"uv": {
								"north": {"uv": [40, 53], "uv_size": [0.5, 0.5]},
								"east": {"uv": [53, 40], "uv_size": [0.5, 0.5]},
								"south": {"uv": [42, 53], "uv_size": [0.5, 0.5]},
								"west": {"uv": [53, 42], "uv_size": [0.5, 0.5]},
								"up": {"uv": [44, 53], "uv_size": [0.5, 0.5]},
								"down": {"uv": [46, 53.5], "uv_size": [0.5, -0.5]}
							}
						},
						{
							"origin": [1.30024, 1.57685, -2.02341],
							"size": [0.55535, 0.29131, 0.62579],
							"inflate": 0.0001,
							"pivot": [1.63418, 1.7014, -1.71756],
							"rotation": [112.5, 0, 90],
							"uv": {
								"north": {"uv": [40, 53], "uv_size": [0.5, 0.5]},
								"east": {"uv": [53, 40], "uv_size": [0.5, 0.5]},
								"south": {"uv": [42, 53], "uv_size": [0.5, 0.5]},
								"west": {"uv": [53, 42], "uv_size": [0.5, 0.5]},
								"up": {"uv": [44, 53], "uv_size": [0.5, 0.5]},
								"down": {"uv": [46, 53.5], "uv_size": [0.5, -0.5]}
							}
						},
						{
							"origin": [-1.74424, 1.47152, -0.46921],
							"size": [0.4428, 0.37536, 0.90643],
							"inflate": 0.0001,
							"pivot": [-1.52285, 1.65921, -0.016],
							"rotation": [22.5, 0, 90],
							"uv": {
								"north": {"uv": [53, 46], "uv_size": [0.5, 0.5]},
								"east": {"uv": [31, 47], "uv_size": [1, 0.5]},
								"south": {"uv": [48, 53], "uv_size": [0.5, 0.5]},
								"west": {"uv": [47, 32], "uv_size": [1, 0.5]},
								"up": {"uv": [47, 37], "uv_size": [0.5, 1]},
								"down": {"uv": [41, 48], "uv_size": [0.5, -1]}
							}
						},
						{
							"origin": [-1.74429, 1.47152, -0.46917],
							"size": [0.44285, 0.37541, 0.90637],
							"inflate": 0.0001,
							"pivot": [-1.52285, 1.65921, -0.016],
							"rotation": [67.5, 0, 90],
							"uv": {
								"north": {"uv": [53, 48], "uv_size": [0.5, 0.5]},
								"east": {"uv": [47, 41], "uv_size": [1, 0.5]},
								"south": {"uv": [50, 53], "uv_size": [0.5, 0.5]},
								"west": {"uv": [43, 47], "uv_size": [1, 0.5]},
								"up": {"uv": [47, 43], "uv_size": [0.5, 1]},
								"down": {"uv": [45, 48], "uv_size": [0.5, -1]}
							}
						},
						{
							"origin": [-1.74429, 1.47153, -0.46914],
							"size": [0.44285, 0.37535, 0.90633],
							"inflate": 0.0001,
							"pivot": [-1.52285, 1.65921, -0.016],
							"rotation": [112.5, 0, 90],
							"uv": {
								"north": {"uv": [52, 53], "uv_size": [0.5, 0.5]},
								"east": {"uv": [47, 47], "uv_size": [1, 0.5]},
								"south": {"uv": [2, 54], "uv_size": [0.5, 0.5]},
								"west": {"uv": [2, 48], "uv_size": [1, 0.5]},
								"up": {"uv": [4, 48], "uv_size": [0.5, 1]},
								"down": {"uv": [48, 7], "uv_size": [0.5, -1]}
							}
						},
						{
							"origin": [-1.74424, 1.47153, -0.46922],
							"size": [0.4428, 0.37533, 0.90646],
							"inflate": 0.0001,
							"pivot": [-1.52285, 1.65921, -0.016],
							"rotation": [-22.5, 0, 90],
							"uv": {
								"north": {"uv": [4, 54], "uv_size": [0.5, 0.5]},
								"east": {"uv": [48, 8], "uv_size": [1, 0.5]},
								"south": {"uv": [54, 6], "uv_size": [0.5, 0.5]},
								"west": {"uv": [48, 10], "uv_size": [1, 0.5]},
								"up": {"uv": [14, 48], "uv_size": [0.5, 1]},
								"down": {"uv": [16, 49], "uv_size": [0.5, -1]}
							}
						},
						{
							"origin": [-1.81455, 1.51283, -0.36948],
							"size": [0.51311, 0.29274, 0.70697],
							"inflate": 0.0001,
							"pivot": [-1.52285, 1.65921, -0.016],
							"rotation": [22.5, 0, 90],
							"uv": {
								"north": {"uv": [54, 8], "uv_size": [0.5, 0.5]},
								"east": {"uv": [54, 10], "uv_size": [0.5, 0.5]},
								"south": {"uv": [14, 54], "uv_size": [0.5, 0.5]},
								"west": {"uv": [16, 54], "uv_size": [0.5, 0.5]},
								"up": {"uv": [54, 16], "uv_size": [0.5, 0.5]},
								"down": {"uv": [54, 18.5], "uv_size": [0.5, -0.5]}
							}
						},
						{
							"origin": [-1.8146, 1.51283, -0.36945],
							"size": [0.51316, 0.29277, 0.70692],
							"inflate": 0.0001,
							"pivot": [-1.52285, 1.65921, -0.016],
							"rotation": [67.5, 0, 90],
							"uv": {
								"north": {"uv": [54, 20], "uv_size": [0.5, 0.5]},
								"east": {"uv": [22, 54], "uv_size": [0.5, 0.5]},
								"south": {"uv": [26, 54], "uv_size": [0.5, 0.5]},
								"west": {"uv": [28, 54], "uv_size": [0.5, 0.5]},
								"up": {"uv": [54, 28], "uv_size": [0.5, 0.5]},
								"down": {"uv": [54, 30.5], "uv_size": [0.5, -0.5]}
							}
						},
						{
							"origin": [-1.8146, 1.51284, -0.36943],
							"size": [0.51316, 0.29273, 0.70689],
							"inflate": 0.0001,
							"pivot": [-1.52285, 1.65921, -0.016],
							"rotation": [112.5, 0, 90],
							"uv": {
								"north": {"uv": [32, 54], "uv_size": [0.5, 0.5]},
								"east": {"uv": [34, 54], "uv_size": [0.5, 0.5]},
								"south": {"uv": [54, 34], "uv_size": [0.5, 0.5]},
								"west": {"uv": [36, 54], "uv_size": [0.5, 0.5]},
								"up": {"uv": [38, 54], "uv_size": [0.5, 0.5]},
								"down": {"uv": [54, 38.5], "uv_size": [0.5, -0.5]}
							}
						},
						{
							"origin": [-1.81455, 1.51284, -0.36949],
							"size": [0.51311, 0.29271, 0.70699],
							"inflate": 0.0001,
							"pivot": [-1.52285, 1.65921, -0.016],
							"rotation": [-22.5, 0, 90],
							"uv": {
								"north": {"uv": [54, 44], "uv_size": [0.5, 0.5]},
								"east": {"uv": [54, 50], "uv_size": [0.5, 0.5]},
								"south": {"uv": [54, 52], "uv_size": [0.5, 0.5]},
								"west": {"uv": [54, 54], "uv_size": [0.5, 0.5]},
								"up": {"uv": [0, 55], "uv_size": [0.5, 0.5]},
								"down": {"uv": [55, 0.5], "uv_size": [0.5, -0.5]}
							}
						},
						{
							"origin": [-1.79346, 1.47153, -4.20984],
							"size": [0.18265, 0.37533, 0.90646],
							"inflate": 0.0001,
							"pivot": [-1.57207, 1.65921, -3.75662],
							"rotation": [-22.5, 0, 90],
							"uv": {
								"north": {"uv": [55, 2], "uv_size": [0.5, 0.5]},
								"east": {"uv": [48, 16], "uv_size": [1, 0.5]},
								"south": {"uv": [55, 4], "uv_size": [0.5, 0.5]},
								"west": {"uv": [48, 18], "uv_size": [1, 0.5]},
								"up": {"uv": [48, 20], "uv_size": [0.5, 1]},
								"down": {"uv": [22, 49], "uv_size": [0.5, -1]}
							}
						},
						{
							"origin": [-1.79346, 1.47152, -4.20984],
							"size": [0.18265, 0.37536, 0.90643],
							"inflate": 0.0001,
							"pivot": [-1.57207, 1.65921, -3.75662],
							"rotation": [22.5, 0, 90],
							"uv": {
								"north": {"uv": [6, 55], "uv_size": [0.5, 0.5]},
								"east": {"uv": [26, 48], "uv_size": [1, 0.5]},
								"south": {"uv": [8, 55], "uv_size": [0.5, 0.5]},
								"west": {"uv": [28, 48], "uv_size": [1, 0.5]},
								"up": {"uv": [48, 28], "uv_size": [0.5, 1]},
								"down": {"uv": [48, 31], "uv_size": [0.5, -1]}
							}
						},
						{
							"origin": [-1.79351, 1.47152, -4.20979],
							"size": [0.18269, 0.37541, 0.90637],
							"inflate": 0.0001,
							"pivot": [-1.57207, 1.65921, -3.75662],
							"rotation": [67.5, 0, 90],
							"uv": {
								"north": {"uv": [10, 55], "uv_size": [0.5, 0.5]},
								"east": {"uv": [33, 48], "uv_size": [1, 0.5]},
								"south": {"uv": [12, 55], "uv_size": [0.5, 0.5]},
								"west": {"uv": [48, 34], "uv_size": [1, 0.5]},
								"up": {"uv": [35, 48], "uv_size": [0.5, 1]},
								"down": {"uv": [37, 49], "uv_size": [0.5, -1]}
							}
						},
						{
							"origin": [-1.79351, 1.47153, -4.20977],
							"size": [0.18269, 0.37535, 0.90633],
							"inflate": 0.0001,
							"pivot": [-1.57207, 1.65921, -3.75662],
							"rotation": [112.5, 0, 90],
							"uv": {
								"north": {"uv": [55, 12], "uv_size": [0.5, 0.5]},
								"east": {"uv": [39, 48], "uv_size": [1, 0.5]},
								"south": {"uv": [55, 14], "uv_size": [0.5, 0.5]},
								"west": {"uv": [48, 39], "uv_size": [1, 0.5]},
								"up": {"uv": [48, 45], "uv_size": [0.5, 1]},
								"down": {"uv": [0, 50], "uv_size": [0.5, -1]}
							}
						},
						{
							"origin": [-1.86382, 1.51284, -4.11005],
							"size": [0.51316, 0.29273, 0.70689],
							"inflate": 0.0001,
							"pivot": [-1.57207, 1.65921, -3.75662],
							"rotation": [112.5, 0, 90],
							"uv": {
								"north": {"uv": [18, 55], "uv_size": [0.5, 0.5]},
								"east": {"uv": [20, 55], "uv_size": [0.5, 0.5]},
								"south": {"uv": [55, 22], "uv_size": [0.5, 0.5]},
								"west": {"uv": [24, 55], "uv_size": [0.5, 0.5]},
								"up": {"uv": [55, 24], "uv_size": [0.5, 0.5]},
								"down": {"uv": [55, 26.5], "uv_size": [0.5, -0.5]}
							}
						},
						{
							"origin": [-1.86382, 1.51283, -4.11007],
							"size": [0.51316, 0.29277, 0.70692],
							"inflate": 0.0001,
							"pivot": [-1.57207, 1.65921, -3.75662],
							"rotation": [67.5, 0, 90],
							"uv": {
								"north": {"uv": [30, 55], "uv_size": [0.5, 0.5]},
								"east": {"uv": [55, 32], "uv_size": [0.5, 0.5]},
								"south": {"uv": [55, 36], "uv_size": [0.5, 0.5]},
								"west": {"uv": [40, 55], "uv_size": [0.5, 0.5]},
								"up": {"uv": [55, 40], "uv_size": [0.5, 0.5]},
								"down": {"uv": [42, 55.5], "uv_size": [0.5, -0.5]}
							}
						},
						{
							"origin": [-1.86377, 1.51283, -4.11011],
							"size": [0.51311, 0.29274, 0.70697],
							"inflate": 0.0001,
							"pivot": [-1.57207, 1.65921, -3.75662],
							"rotation": [22.5, 0, 90],
							"uv": {
								"north": {"uv": [55, 42], "uv_size": [0.5, 0.5]},
								"east": {"uv": [44, 55], "uv_size": [0.5, 0.5]},
								"south": {"uv": [46, 55], "uv_size": [0.5, 0.5]},
								"west": {"uv": [55, 46], "uv_size": [0.5, 0.5]},
								"up": {"uv": [48, 55], "uv_size": [0.5, 0.5]},
								"down": {"uv": [55, 48.5], "uv_size": [0.5, -0.5]}
							}
						},
						{
							"origin": [-1.86377, 1.51284, -4.11011],
							"size": [0.51311, 0.29271, 0.70699],
							"inflate": 0.0001,
							"pivot": [-1.57207, 1.65921, -3.75662],
							"rotation": [-22.5, 0, 90],
							"uv": {
								"north": {"uv": [50, 55], "uv_size": [0.5, 0.5]},
								"east": {"uv": [52, 55], "uv_size": [0.5, 0.5]},
								"south": {"uv": [2, 56], "uv_size": [0.5, 0.5]},
								"west": {"uv": [4, 56], "uv_size": [0.5, 0.5]},
								"up": {"uv": [56, 6], "uv_size": [0.5, 0.5]},
								"down": {"uv": [56, 8.5], "uv_size": [0.5, -0.5]}
							}
						}
					]
				}
			]
		}
	]
}