{
	"format_version": "1.12.0",
	"minecraft:geometry": [
		{
			"description": {
				"identifier": "geometry.unknown",
				"texture_width": 256,
				"texture_height": 256,
				"visible_bounds_width": 8,
				"visible_bounds_height": 5,
				"visible_bounds_offset": [0, 0.5, 0]
			},
			"bones": [
				{
					"name": "scoping",
					"pivot": [0, 0, 0]
				},
				{
					"name": "ocular",
					"parent": "scoping",
					"pivot": [0.00448, 0.99446, 2.84899],
					"cubes": [
						{
							"origin": [-0.46517, 0.52481, 2.83247],
							"size": [0.93929, 0.9393, 0.03305],
							"uv": {
								"south": {"uv": [90.74395, 168.27538], "uv_size": [2.83209, 2.83209]}
							}
						}
					]
				},
				{
					"name": "ocular_ring",
					"parent": "scoping",
					"pivot": [0.00437, 1.01797, 2.82575],
					"cubes": [
						{
							"origin": [-0.11496, 0.88256, 3.26881],
							"size": [0.23865, 0.27082, 0.23768],
							"pivot": [0.00437, 1.01797, 2.82575],
							"rotation": [0, 90, -22.5],
							"uv": {
								"north": {"uv": [156.57253, 149.25824], "uv_size": [0.77111, 0.68462]},
								"east": {"uv": [206.30967, 64.41253], "uv_size": [0.68462, 0.68462]},
								"south": {"uv": [175.13746, 150.7211], "uv_size": [0.77111, 0.68462]},
								"west": {"uv": [65.87538, 206.30967], "uv_size": [0.68462, 0.68462]},
								"up": {"uv": [156.57253, 152.18395], "uv_size": [0.77111, 0.68462]},
								"down": {"uv": [19.06395, 158.72], "uv_size": [0.77111, -0.68462]}
							}
						},
						{
							"origin": [-0.11496, 0.88256, 3.26881],
							"size": [0.23865, 0.27082, 0.23768],
							"pivot": [0.00437, 1.01797, 2.82575],
							"rotation": [0, 90, -45],
							"uv": {
								"north": {"uv": [156.57253, 68.8011], "uv_size": [0.77111, 0.68462]},
								"east": {"uv": [206.30967, 62.94967], "uv_size": [0.68462, 0.68462]},
								"south": {"uv": [175.13746, 90.74395], "uv_size": [0.77111, 0.68462]},
								"west": {"uv": [64.41253, 206.30967], "uv_size": [0.68462, 0.68462]},
								"up": {"uv": [156.57253, 92.20681], "uv_size": [0.77111, 0.68462]},
								"down": {"uv": [147.79538, 157.25714], "uv_size": [0.77111, -0.68462]}
							}
						},
						{
							"origin": [-0.11496, 0.88256, 3.26881],
							"size": [0.23865, 0.27082, 0.23768],
							"pivot": [0.00437, 1.01797, 2.82575],
							"rotation": [0, 90, 0],
							"uv": {
								"north": {"uv": [73.18967, 158.03538], "uv_size": [0.77111, 0.68462]},
								"east": {"uv": [206.30967, 65.87538], "uv_size": [0.68462, 0.68462]},
								"south": {"uv": [176.60032, 74.65253], "uv_size": [0.77111, 0.68462]},
								"west": {"uv": [67.33824, 206.30967], "uv_size": [0.68462, 0.68462]},
								"up": {"uv": [158.03538, 76.11538], "uv_size": [0.77111, 0.68462]},
								"down": {"uv": [158.03538, 78.26286], "uv_size": [0.77111, -0.68462]}
							}
						},
						{
							"origin": [-0.11496, 0.88256, 3.26881],
							"size": [0.23865, 0.27082, 0.23768],
							"pivot": [0.00437, 1.01797, 2.82575],
							"rotation": [0, 90, 22.5],
							"uv": {
								"north": {"uv": [141.94395, 158.03538], "uv_size": [0.77111, 0.68462]},
								"east": {"uv": [206.30967, 67.33824], "uv_size": [0.68462, 0.68462]},
								"south": {"uv": [176.60032, 153.64681], "uv_size": [0.77111, 0.68462]},
								"west": {"uv": [68.8011, 206.30967], "uv_size": [0.68462, 0.68462]},
								"up": {"uv": [158.03538, 155.10967], "uv_size": [0.77111, 0.68462]},
								"down": {"uv": [159.49824, 9.50857], "uv_size": [0.77111, -0.68462]}
							}
						},
						{
							"origin": [-0.11496, 0.88256, 3.26881],
							"size": [0.23865, 0.27082, 0.23768],
							"pivot": [0.00437, 1.01797, 2.82575],
							"rotation": [0, 90, 45],
							"uv": {
								"north": {"uv": [159.49824, 10.28681], "uv_size": [0.77111, 0.68462]},
								"east": {"uv": [206.30967, 68.8011], "uv_size": [0.68462, 0.68462]},
								"south": {"uv": [178.06317, 11.74967], "uv_size": [0.77111, 0.68462]},
								"west": {"uv": [70.26395, 206.30967], "uv_size": [0.68462, 0.68462]},
								"up": {"uv": [159.49824, 13.21253], "uv_size": [0.77111, 0.68462]},
								"down": {"uv": [19.06395, 160.18286], "uv_size": [0.77111, -0.68462]}
							}
						},
						{
							"origin": [-0.11496, 0.33723, 2.69034],
							"size": [0.23865, 0.23767, 0.27081],
							"pivot": [0.00437, 1.01797, 2.82575],
							"rotation": [0, 90, -22.5],
							"uv": {
								"north": {"uv": [39.54395, 159.49824], "uv_size": [0.77111, 0.68462]},
								"east": {"uv": [206.30967, 70.26395], "uv_size": [0.68462, 0.68462]},
								"south": {"uv": [78.58889, 159.49824], "uv_size": [0.77111, 0.68462]},
								"west": {"uv": [71.72681, 206.30967], "uv_size": [0.68462, 0.68462]},
								"up": {"uv": [80.50395, 159.49824], "uv_size": [0.77111, 0.68462]},
								"down": {"uv": [159.49824, 87.04], "uv_size": [0.77111, -0.68462]}
							}
						},
						{
							"origin": [-0.11496, 0.33723, 2.69034],
							"size": [0.23865, 0.23767, 0.27081],
							"pivot": [0.00437, 1.01797, 2.82575],
							"rotation": [0, 90, 0],
							"uv": {
								"north": {"uv": [159.49824, 87.81824], "uv_size": [0.77111, 0.68462]},
								"east": {"uv": [206.30967, 71.72681], "uv_size": [0.68462, 0.68462]},
								"south": {"uv": [178.06317, 93.66967], "uv_size": [0.77111, 0.68462]},
								"west": {"uv": [73.18967, 206.30967], "uv_size": [0.68462, 0.68462]},
								"up": {"uv": [159.49824, 95.13253], "uv_size": [0.77111, 0.68462]},
								"down": {"uv": [159.49824, 135.31429], "uv_size": [0.77111, -0.68462]}
							}
						},
						{
							"origin": [-0.11496, 0.33723, 2.69034],
							"size": [0.23865, 0.23767, 0.27081],
							"pivot": [0.00437, 1.01797, 2.82575],
							"rotation": [0, 90, 22.5],
							"uv": {
								"north": {"uv": [159.49824, 136.09253], "uv_size": [0.77111, 0.68462]},
								"east": {"uv": [206.30967, 73.18967], "uv_size": [0.68462, 0.68462]},
								"south": {"uv": [178.06317, 139.01824], "uv_size": [0.77111, 0.68462]},
								"west": {"uv": [74.65253, 206.30967], "uv_size": [0.68462, 0.68462]},
								"up": {"uv": [159.49824, 140.4811], "uv_size": [0.77111, 0.68462]},
								"down": {"uv": [141.94395, 160.18286], "uv_size": [0.77111, -0.68462]}
							}
						},
						{
							"origin": [-0.11496, 0.88256, 2.14501],
							"size": [0.23865, 0.27082, 0.23767],
							"pivot": [0.00437, 1.01797, 2.82575],
							"rotation": [0, 90, -45],
							"uv": {
								"north": {"uv": [156.57253, 17.6011], "uv_size": [0.77111, 0.68462]},
								"east": {"uv": [206.30967, 55.63538], "uv_size": [0.68462, 0.68462]},
								"south": {"uv": [175.13746, 19.06395], "uv_size": [0.77111, 0.68462]},
								"west": {"uv": [57.09824, 206.30967], "uv_size": [0.68462, 0.68462]},
								"up": {"uv": [156.57253, 20.52681], "uv_size": [0.77111, 0.68462]},
								"down": {"uv": [156.57253, 22.67429], "uv_size": [0.77111, -0.68462]}
							}
						},
						{
							"origin": [-0.11496, 0.88256, 2.14501],
							"size": [0.23865, 0.27082, 0.23767],
							"pivot": [0.00437, 1.01797, 2.82575],
							"rotation": [0, 90, -22.5],
							"uv": {
								"north": {"uv": [156.57253, 23.45253], "uv_size": [0.77111, 0.68462]},
								"east": {"uv": [206.30967, 57.09824], "uv_size": [0.68462, 0.68462]},
								"south": {"uv": [175.13746, 24.91538], "uv_size": [0.77111, 0.68462]},
								"west": {"uv": [58.5611, 206.30967], "uv_size": [0.68462, 0.68462]},
								"up": {"uv": [156.57253, 26.37824], "uv_size": [0.77111, 0.68462]},
								"down": {"uv": [156.57253, 28.52571], "uv_size": [0.77111, -0.68462]}
							}
						},
						{
							"origin": [-0.11496, 0.88256, 2.14501],
							"size": [0.23865, 0.27082, 0.23767],
							"pivot": [0.00437, 1.01797, 2.82575],
							"rotation": [0, 90, 0],
							"uv": {
								"north": {"uv": [156.57253, 29.30395], "uv_size": [0.77111, 0.68462]},
								"east": {"uv": [206.30967, 58.5611], "uv_size": [0.68462, 0.68462]},
								"south": {"uv": [175.13746, 30.76681], "uv_size": [0.77111, 0.68462]},
								"west": {"uv": [60.02395, 206.30967], "uv_size": [0.68462, 0.68462]},
								"up": {"uv": [156.57253, 32.22967], "uv_size": [0.77111, 0.68462]},
								"down": {"uv": [156.57253, 34.37714], "uv_size": [0.77111, -0.68462]}
							}
						},
						{
							"origin": [-0.11496, 0.88256, 2.14501],
							"size": [0.23865, 0.27082, 0.23767],
							"pivot": [0.00437, 1.01797, 2.82575],
							"rotation": [0, 90, 22.5],
							"uv": {
								"north": {"uv": [156.57253, 35.15538], "uv_size": [0.77111, 0.68462]},
								"east": {"uv": [206.30967, 60.02395], "uv_size": [0.68462, 0.68462]},
								"south": {"uv": [175.13746, 36.61824], "uv_size": [0.77111, 0.68462]},
								"west": {"uv": [61.48681, 206.30967], "uv_size": [0.68462, 0.68462]},
								"up": {"uv": [156.57253, 38.0811], "uv_size": [0.77111, 0.68462]},
								"down": {"uv": [156.57253, 41.69143], "uv_size": [0.77111, -0.68462]}
							}
						},
						{
							"origin": [-0.11496, 0.88256, 2.14501],
							"size": [0.23865, 0.27082, 0.23767],
							"pivot": [0.00437, 1.01797, 2.82575],
							"rotation": [0, 90, 45],
							"uv": {
								"north": {"uv": [156.57253, 42.46967], "uv_size": [0.77111, 0.68462]},
								"east": {"uv": [206.30967, 61.48681], "uv_size": [0.68462, 0.68462]},
								"south": {"uv": [175.13746, 43.93253], "uv_size": [0.77111, 0.68462]},
								"west": {"uv": [62.94967, 206.30967], "uv_size": [0.68462, 0.68462]},
								"up": {"uv": [156.57253, 46.85824], "uv_size": [0.77111, 0.68462]},
								"down": {"uv": [156.57253, 68.02286], "uv_size": [0.77111, -0.68462]}
							}
						},
						{
							"origin": [-0.11496, 1.46104, 2.69034],
							"size": [0.23865, 0.23767, 0.27081],
							"pivot": [0.00437, 1.01797, 2.82575],
							"rotation": [0, 90, -22.5],
							"uv": {
								"north": {"uv": [160.9611, 0.04681], "uv_size": [0.77111, 0.68462]},
								"east": {"uv": [206.30967, 74.65253], "uv_size": [0.68462, 0.68462]},
								"south": {"uv": [179.52603, 1.50967], "uv_size": [0.77111, 0.68462]},
								"west": {"uv": [76.11538, 206.30967], "uv_size": [0.68462, 0.68462]},
								"up": {"uv": [160.9611, 2.97253], "uv_size": [0.77111, 0.68462]},
								"down": {"uv": [160.9611, 5.12], "uv_size": [0.77111, -0.68462]}
							}
						},
						{
							"origin": [-0.11496, 1.46104, 2.69034],
							"size": [0.23865, 0.23767, 0.27081],
							"pivot": [0.00437, 1.01797, 2.82575],
							"rotation": [0, 90, 0],
							"uv": {
								"north": {"uv": [19.06395, 160.9611], "uv_size": [0.77111, 0.68462]},
								"east": {"uv": [206.30967, 76.11538], "uv_size": [0.68462, 0.68462]},
								"south": {"uv": [58.10889, 160.9611], "uv_size": [0.77111, 0.68462]},
								"west": {"uv": [77.57824, 206.30967], "uv_size": [0.68462, 0.68462]},
								"up": {"uv": [60.02395, 160.9611], "uv_size": [0.77111, 0.68462]},
								"down": {"uv": [80.50395, 161.64571], "uv_size": [0.77111, -0.68462]}
							}
						},
						{
							"origin": [-0.11496, 1.46104, 2.69034],
							"size": [0.23865, 0.23767, 0.27081],
							"pivot": [0.00437, 1.01797, 2.82575],
							"rotation": [0, 90, 22.5],
							"uv": {
								"north": {"uv": [100.98395, 160.9611], "uv_size": [0.77111, 0.68462]},
								"east": {"uv": [206.30967, 120.0011], "uv_size": [0.68462, 0.68462]},
								"south": {"uv": [179.52603, 105.37253], "uv_size": [0.77111, 0.68462]},
								"west": {"uv": [121.46395, 206.30967], "uv_size": [0.68462, 0.68462]},
								"up": {"uv": [160.9611, 106.83538], "uv_size": [0.77111, 0.68462]},
								"down": {"uv": [141.94395, 161.64571], "uv_size": [0.77111, -0.68462]}
							}
						}
					]
				},
				{
					"name": "scope_body",
					"parent": "scoping",
					"pivot": [0.00437, 1.01797, -0.10332],
					"cubes": [
						{
							"origin": [-2.88987, 0.52481, -0.57106],
							"size": [5.7375, 0.9393, 0.9393],
							"pivot": [0.00257, 1.40981, -0.10332],
							"rotation": [0, 90, 0],
							"uv": {
								"north": {"uv": [57.09824, 114.14967], "uv_size": [18.60462, 2.83209]},
								"east": {"uv": [90.74395, 168.27538], "uv_size": [2.83209, 2.83209]},
								"south": {"uv": [76.11538, 114.14967], "uv_size": [18.60462, 2.83209]},
								"west": {"uv": [144.86967, 168.27538], "uv_size": [2.83209, 2.83209]},
								"up": {"uv": [0.04681, 115.61253], "uv_size": [18.60462, 2.83209]},
								"down": {"uv": [24.91538, 118.44462], "uv_size": [18.60462, -2.83209]}
							}
						},
						{
							"origin": [-2.80537, 0.88256, -0.78405],
							"size": [5.74563, 0.27082, 0.23767],
							"pivot": [0.00437, 1.01797, -0.10332],
							"rotation": [0, 90, -45],
							"uv": {
								"north": {"uv": [157.34364, 17.6011], "uv_size": [18.56493, 0.68462]},
								"east": {"uv": [206.30967, 55.63538], "uv_size": [0.68462, 0.68462]},
								"south": {"uv": [156.57253, 19.06395], "uv_size": [18.56493, 0.68462]},
								"west": {"uv": [57.09824, 206.30967], "uv_size": [0.68462, 0.68462]},
								"up": {"uv": [157.34364, 20.52681], "uv_size": [18.56493, 0.68462]},
								"down": {"uv": [157.34364, 22.67429], "uv_size": [18.56493, -0.68462]}
							}
						},
						{
							"origin": [-2.80537, 0.88256, -0.78405],
							"size": [5.74563, 0.27082, 0.23767],
							"pivot": [0.00437, 1.01797, -0.10332],
							"rotation": [0, 90, -22.5],
							"uv": {
								"north": {"uv": [157.34364, 23.45253], "uv_size": [18.56493, 0.68462]},
								"east": {"uv": [206.30967, 57.09824], "uv_size": [0.68462, 0.68462]},
								"south": {"uv": [156.57253, 24.91538], "uv_size": [18.56493, 0.68462]},
								"west": {"uv": [58.5611, 206.30967], "uv_size": [0.68462, 0.68462]},
								"up": {"uv": [157.34364, 26.37824], "uv_size": [18.56493, 0.68462]},
								"down": {"uv": [157.34364, 28.52571], "uv_size": [18.56493, -0.68462]}
							}
						},
						{
							"origin": [-2.80537, 0.88256, -0.78405],
							"size": [5.74563, 0.27082, 0.23767],
							"pivot": [0.00437, 1.01797, -0.10332],
							"rotation": [0, 90, 0],
							"uv": {
								"north": {"uv": [157.34364, 29.30395], "uv_size": [18.56493, 0.68462]},
								"east": {"uv": [206.30967, 58.5611], "uv_size": [0.68462, 0.68462]},
								"south": {"uv": [156.57253, 30.76681], "uv_size": [18.56493, 0.68462]},
								"west": {"uv": [60.02395, 206.30967], "uv_size": [0.68462, 0.68462]},
								"up": {"uv": [157.34364, 32.22967], "uv_size": [18.56493, 0.68462]},
								"down": {"uv": [157.34364, 34.37714], "uv_size": [18.56493, -0.68462]}
							}
						},
						{
							"origin": [-2.80537, 0.88256, -0.78405],
							"size": [5.74563, 0.27082, 0.23767],
							"pivot": [0.00437, 1.01797, -0.10332],
							"rotation": [0, 90, 22.5],
							"uv": {
								"north": {"uv": [157.34364, 35.15538], "uv_size": [18.56493, 0.68462]},
								"east": {"uv": [206.30967, 60.02395], "uv_size": [0.68462, 0.68462]},
								"south": {"uv": [156.57253, 36.61824], "uv_size": [18.56493, 0.68462]},
								"west": {"uv": [61.48681, 206.30967], "uv_size": [0.68462, 0.68462]},
								"up": {"uv": [157.34364, 38.0811], "uv_size": [18.56493, 0.68462]},
								"down": {"uv": [157.34364, 41.69143], "uv_size": [18.56493, -0.68462]}
							}
						},
						{
							"origin": [-2.80537, 0.88256, -0.78405],
							"size": [5.74563, 0.27082, 0.23767],
							"pivot": [0.00437, 1.01797, -0.10332],
							"rotation": [0, 90, 45],
							"uv": {
								"north": {"uv": [157.34364, 42.46967], "uv_size": [18.56493, 0.68462]},
								"east": {"uv": [206.30967, 61.48681], "uv_size": [0.68462, 0.68462]},
								"south": {"uv": [156.57253, 43.93253], "uv_size": [18.56493, 0.68462]},
								"west": {"uv": [62.94967, 206.30967], "uv_size": [0.68462, 0.68462]},
								"up": {"uv": [157.34364, 46.85824], "uv_size": [18.56493, 0.68462]},
								"down": {"uv": [157.34364, 68.02286], "uv_size": [18.56493, -0.68462]}
							}
						},
						{
							"origin": [-2.80537, 0.88256, 0.33975],
							"size": [5.74563, 0.27082, 0.23768],
							"pivot": [0.00437, 1.01797, -0.10332],
							"rotation": [0, 90, -45],
							"uv": {
								"north": {"uv": [157.34364, 68.8011], "uv_size": [18.56493, 0.68462]},
								"east": {"uv": [206.30967, 62.94967], "uv_size": [0.68462, 0.68462]},
								"south": {"uv": [156.57253, 90.74395], "uv_size": [18.56493, 0.68462]},
								"west": {"uv": [64.41253, 206.30967], "uv_size": [0.68462, 0.68462]},
								"up": {"uv": [157.34364, 92.20681], "uv_size": [18.56493, 0.68462]},
								"down": {"uv": [148.56649, 157.25714], "uv_size": [18.56493, -0.68462]}
							}
						},
						{
							"origin": [-2.80537, 0.88256, 0.33975],
							"size": [5.74563, 0.27082, 0.23768],
							"pivot": [0.00437, 1.01797, -0.10332],
							"rotation": [0, 90, -22.5],
							"uv": {
								"north": {"uv": [157.34364, 149.25824], "uv_size": [18.56493, 0.68462]},
								"east": {"uv": [206.30967, 64.41253], "uv_size": [0.68462, 0.68462]},
								"south": {"uv": [156.57253, 150.7211], "uv_size": [18.56493, 0.68462]},
								"west": {"uv": [65.87538, 206.30967], "uv_size": [0.68462, 0.68462]},
								"up": {"uv": [157.34364, 152.18395], "uv_size": [18.56493, 0.68462]},
								"down": {"uv": [19.83507, 158.72], "uv_size": [18.56493, -0.68462]}
							}
						},
						{
							"origin": [-2.80537, 0.88256, 0.33975],
							"size": [5.74563, 0.27082, 0.23768],
							"pivot": [0.00437, 1.01797, -0.10332],
							"rotation": [0, 90, 0],
							"uv": {
								"north": {"uv": [73.96078, 158.03538], "uv_size": [18.56493, 0.68462]},
								"east": {"uv": [206.30967, 65.87538], "uv_size": [0.68462, 0.68462]},
								"south": {"uv": [158.03538, 74.65253], "uv_size": [18.56493, 0.68462]},
								"west": {"uv": [67.33824, 206.30967], "uv_size": [0.68462, 0.68462]},
								"up": {"uv": [158.80649, 76.11538], "uv_size": [18.56493, 0.68462]},
								"down": {"uv": [158.80649, 78.26286], "uv_size": [18.56493, -0.68462]}
							}
						},
						{
							"origin": [-2.80537, 0.88256, 0.33975],
							"size": [5.74563, 0.27082, 0.23768],
							"pivot": [0.00437, 1.01797, -0.10332],
							"rotation": [0, 90, 22.5],
							"uv": {
								"north": {"uv": [142.71507, 158.03538], "uv_size": [18.56493, 0.68462]},
								"east": {"uv": [206.30967, 67.33824], "uv_size": [0.68462, 0.68462]},
								"south": {"uv": [158.03538, 153.64681], "uv_size": [18.56493, 0.68462]},
								"west": {"uv": [68.8011, 206.30967], "uv_size": [0.68462, 0.68462]},
								"up": {"uv": [158.80649, 155.10967], "uv_size": [18.56493, 0.68462]},
								"down": {"uv": [160.26935, 9.50857], "uv_size": [18.56493, -0.68462]}
							}
						},
						{
							"origin": [-2.80537, 0.88256, 0.33975],
							"size": [5.74563, 0.27082, 0.23768],
							"pivot": [0.00437, 1.01797, -0.10332],
							"rotation": [0, 90, 45],
							"uv": {
								"north": {"uv": [160.26935, 10.28681], "uv_size": [18.56493, 0.68462]},
								"east": {"uv": [206.30967, 68.8011], "uv_size": [0.68462, 0.68462]},
								"south": {"uv": [159.49824, 11.74967], "uv_size": [18.56493, 0.68462]},
								"west": {"uv": [70.26395, 206.30967], "uv_size": [0.68462, 0.68462]},
								"up": {"uv": [160.26935, 13.21253], "uv_size": [18.56493, 0.68462]},
								"down": {"uv": [19.83507, 160.18286], "uv_size": [18.56493, -0.68462]}
							}
						},
						{
							"origin": [-2.80537, 0.33723, -0.23873],
							"size": [5.74563, 0.23767, 0.27081],
							"pivot": [0.00437, 1.01797, -0.10332],
							"rotation": [0, 90, -22.5],
							"uv": {
								"north": {"uv": [40.31507, 159.49824], "uv_size": [18.56493, 0.68462]},
								"east": {"uv": [206.30967, 70.26395], "uv_size": [0.68462, 0.68462]},
								"south": {"uv": [60.02395, 159.49824], "uv_size": [18.56493, 0.68462]},
								"west": {"uv": [71.72681, 206.30967], "uv_size": [0.68462, 0.68462]},
								"up": {"uv": [81.27507, 159.49824], "uv_size": [18.56493, 0.68462]},
								"down": {"uv": [160.26935, 87.04], "uv_size": [18.56493, -0.68462]}
							}
						},
						{
							"origin": [-2.80537, 0.33723, -0.23873],
							"size": [5.74563, 0.23767, 0.27081],
							"pivot": [0.00437, 1.01797, -0.10332],
							"rotation": [0, 90, 0],
							"uv": {
								"north": {"uv": [160.26935, 87.81824], "uv_size": [18.56493, 0.68462]},
								"east": {"uv": [206.30967, 71.72681], "uv_size": [0.68462, 0.68462]},
								"south": {"uv": [159.49824, 93.66967], "uv_size": [18.56493, 0.68462]},
								"west": {"uv": [73.18967, 206.30967], "uv_size": [0.68462, 0.68462]},
								"up": {"uv": [160.26935, 95.13253], "uv_size": [18.56493, 0.68462]},
								"down": {"uv": [160.26935, 135.31429], "uv_size": [18.56493, -0.68462]}
							}
						},
						{
							"origin": [-2.80537, 0.33723, -0.23873],
							"size": [5.74563, 0.23767, 0.27081],
							"pivot": [0.00437, 1.01797, -0.10332],
							"rotation": [0, 90, 22.5],
							"uv": {
								"north": {"uv": [160.26935, 136.09253], "uv_size": [18.56493, 0.68462]},
								"east": {"uv": [206.30967, 73.18967], "uv_size": [0.68462, 0.68462]},
								"south": {"uv": [159.49824, 139.01824], "uv_size": [18.56493, 0.68462]},
								"west": {"uv": [74.65253, 206.30967], "uv_size": [0.68462, 0.68462]},
								"up": {"uv": [160.26935, 140.4811], "uv_size": [18.56493, 0.68462]},
								"down": {"uv": [142.71507, 160.18286], "uv_size": [18.56493, -0.68462]}
							}
						},
						{
							"origin": [-2.80537, 1.46104, -0.23873],
							"size": [5.74563, 0.23767, 0.27081],
							"pivot": [0.00437, 1.01797, -0.10332],
							"rotation": [0, 90, -22.5],
							"uv": {
								"north": {"uv": [161.73221, 0.04681], "uv_size": [18.56493, 0.68462]},
								"east": {"uv": [206.30967, 74.65253], "uv_size": [0.68462, 0.68462]},
								"south": {"uv": [160.9611, 1.50967], "uv_size": [18.56493, 0.68462]},
								"west": {"uv": [76.11538, 206.30967], "uv_size": [0.68462, 0.68462]},
								"up": {"uv": [161.73221, 2.97253], "uv_size": [18.56493, 0.68462]},
								"down": {"uv": [161.73221, 5.12], "uv_size": [18.56493, -0.68462]}
							}
						},
						{
							"origin": [-2.80537, 1.46104, -0.23873],
							"size": [5.74563, 0.23767, 0.27081],
							"pivot": [0.00437, 1.01797, -0.10332],
							"rotation": [0, 90, 0],
							"uv": {
								"north": {"uv": [19.83507, 160.9611], "uv_size": [18.56493, 0.68462]},
								"east": {"uv": [206.30967, 76.11538], "uv_size": [0.68462, 0.68462]},
								"south": {"uv": [39.54395, 160.9611], "uv_size": [18.56493, 0.68462]},
								"west": {"uv": [77.57824, 206.30967], "uv_size": [0.68462, 0.68462]},
								"up": {"uv": [60.79507, 160.9611], "uv_size": [18.56493, 0.68462]},
								"down": {"uv": [81.27507, 161.64571], "uv_size": [18.56493, -0.68462]}
							}
						},
						{
							"origin": [0.48931, 2.03679, -0.34258],
							"size": [2.89845, 0.15681, 1.21014],
							"pivot": [0.47207, 1.51286, 0.73217],
							"rotation": [0, 90, 0],
							"uv": {
								"north": {"uv": [74.65253, 187.29253], "uv_size": [9.46176, 0.3189]},
								"east": {"uv": [198.99538, 13.21253], "uv_size": [3.97605, 0.3189]},
								"south": {"uv": [187.29253, 74.65253], "uv_size": [9.46176, 0.3189]},
								"west": {"uv": [198.99538, 26.37824], "uv_size": [3.97605, 0.3189]},
								"up": {"uv": [39.54395, 130.2411], "uv_size": [9.46176, 3.97605]},
								"down": {"uv": [133.16681, 71.31429], "uv_size": [9.46176, -3.97605]}
							}
						},
						{
							"origin": [-0.06194, 2.20554, -2.668],
							"size": [0.12869, 0.12869, 1.32264],
							"pivot": [0.00241, 2.26988, -2.00668],
							"rotation": [-90, 45, -90],
							"uv": {
								"north": {"uv": [209.23538, 76.11538], "uv_size": [0.3189, 0.3189]},
								"east": {"uv": [79.0411, 197.53253], "uv_size": [4.29495, 0.3189]},
								"south": {"uv": [77.57824, 209.23538], "uv_size": [0.3189, 0.3189]},
								"west": {"uv": [197.53253, 86.35538], "uv_size": [4.29495, 0.3189]},
								"up": {"uv": [83.42967, 197.53253], "uv_size": [0.3189, 4.29495]},
								"down": {"uv": [197.53253, 92.11319], "uv_size": [0.3189, -4.29495]}
							}
						},
						{
							"origin": [-0.06194, 1.92429, 0.65074],
							"size": [0.12869, 0.12869, 1.32264],
							"pivot": [0.00241, 1.98863, 1.31207],
							"rotation": [-90, 45, -90],
							"uv": {
								"north": {"uv": [209.23538, 77.57824], "uv_size": [0.3189, 0.3189]},
								"east": {"uv": [197.53253, 92.20681], "uv_size": [4.29495, 0.3189]},
								"south": {"uv": [79.0411, 209.23538], "uv_size": [0.3189, 0.3189]},
								"west": {"uv": [197.53253, 93.66967], "uv_size": [4.29495, 0.3189]},
								"up": {"uv": [197.53253, 95.13253], "uv_size": [0.3189, 4.29495]},
								"down": {"uv": [197.53253, 103.81605], "uv_size": [0.3189, -4.29495]}
							}
						},
						{
							"origin": [0.71375, 1.62283, 0.81552],
							"size": [0.12869, 0.12869, 1.13631],
							"pivot": [0.77809, 1.68718, 1.22371],
							"rotation": [-107.40744, 43.65747, -41.32179],
							"uv": {
								"north": {"uv": [209.23538, 79.0411], "uv_size": [0.3189, 0.3189]},
								"east": {"uv": [90.74395, 198.99538], "uv_size": [3.61033, 0.3189]},
								"south": {"uv": [80.50395, 209.23538], "uv_size": [0.3189, 0.3189]},
								"west": {"uv": [95.13253, 198.99538], "uv_size": [3.61033, 0.3189]},
								"up": {"uv": [198.99538, 95.13253], "uv_size": [0.3189, 3.61033]},
								"down": {"uv": [99.5211, 202.60571], "uv_size": [0.3189, -3.61033]}
							}
						},
						{
							"origin": [0.82444, 0.59558, 0.13024],
							"size": [0.12869, 0.12869, 1.33318],
							"pivot": [0.88878, 0.65993, 0.89528],
							"rotation": [65.96792, -42.406, 42.13694],
							"uv": {
								"north": {"uv": [209.23538, 80.50395], "uv_size": [0.3189, 0.3189]},
								"east": {"uv": [197.53253, 103.90967], "uv_size": [4.29495, 0.3189]},
								"south": {"uv": [81.96681, 209.23538], "uv_size": [0.3189, 0.3189]},
								"west": {"uv": [197.53253, 105.37253], "uv_size": [4.29495, 0.3189]},
								"up": {"uv": [106.83538, 197.53253], "uv_size": [0.3189, 4.29495]},
								"down": {"uv": [197.53253, 115.5189], "uv_size": [0.3189, -4.29495]}
							}
						},
						{
							"origin": [-0.83244, 1.62283, 0.81552],
							"size": [0.12869, 0.12869, 1.13631],
							"pivot": [-0.76809, 1.68718, 1.22371],
							"rotation": [-107.40744, -43.65747, 41.32179],
							"uv": {
								"north": {"uv": [209.23538, 81.96681], "uv_size": [0.3189, 0.3189]},
								"east": {"uv": [198.99538, 99.5211], "uv_size": [3.61033, 0.3189]},
								"south": {"uv": [83.42967, 209.23538], "uv_size": [0.3189, 0.3189]},
								"west": {"uv": [100.98395, 198.99538], "uv_size": [3.61033, 0.3189]},
								"up": {"uv": [105.37253, 198.99538], "uv_size": [0.3189, 3.61033]},
								"down": {"uv": [108.29824, 202.60571], "uv_size": [0.3189, -3.61033]}
							}
						},
						{
							"origin": [-0.05104, -0.01154, 0.00391],
							"size": [0.12869, 0.12869, 1.32264],
							"pivot": [0.0133, 0.0528, 0.66523],
							"rotation": [-90, -45, 90],
							"uv": {
								"north": {"uv": [209.23538, 83.42967], "uv_size": [0.3189, 0.3189]},
								"east": {"uv": [197.53253, 106.83538], "uv_size": [4.29495, 0.3189]},
								"south": {"uv": [84.89253, 209.23538], "uv_size": [0.3189, 0.3189]},
								"west": {"uv": [197.53253, 127.31538], "uv_size": [4.29495, 0.3189]},
								"up": {"uv": [125.85253, 197.53253], "uv_size": [0.3189, 4.29495]},
								"down": {"uv": [128.77824, 201.82747], "uv_size": [0.3189, -4.29495]}
							}
						},
						{
							"origin": [-0.94313, 0.59558, 0.13024],
							"size": [0.12869, 0.12869, 1.33318],
							"pivot": [-0.87878, 0.65993, 0.89528],
							"rotation": [65.96792, 42.406, -42.13694],
							"uv": {
								"north": {"uv": [209.23538, 84.89253], "uv_size": [0.3189, 0.3189]},
								"east": {"uv": [133.16681, 197.53253], "uv_size": [4.29495, 0.3189]},
								"south": {"uv": [86.35538, 209.23538], "uv_size": [0.3189, 0.3189]},
								"west": {"uv": [197.53253, 133.16681], "uv_size": [4.29495, 0.3189]},
								"up": {"uv": [130.2411, 197.53253], "uv_size": [0.3189, 4.29495]},
								"down": {"uv": [197.53253, 138.92462], "uv_size": [0.3189, -4.29495]}
							}
						},
						{
							"origin": [0.04474, 0.01469, -1.23664],
							"size": [0.12869, 0.12869, 1.53358],
							"pivot": [0.10909, 0.07903, -0.36437],
							"rotation": [-90, 45, -90],
							"uv": {
								"north": {"uv": [209.23538, 86.35538], "uv_size": [0.3189, 0.3189]},
								"east": {"uv": [137.55538, 197.53253], "uv_size": [4.29495, 0.3189]},
								"south": {"uv": [87.81824, 209.23538], "uv_size": [0.3189, 0.3189]},
								"west": {"uv": [197.53253, 139.01824], "uv_size": [4.29495, 0.3189]},
								"up": {"uv": [141.94395, 197.53253], "uv_size": [0.3189, 4.29495]},
								"down": {"uv": [146.33253, 201.82747], "uv_size": [0.3189, -4.29495]}
							}
						},
						{
							"origin": [0.9445, 0.63797, -1.72691],
							"size": [0.12869, 0.12869, 1.54764],
							"pivot": [1.00885, 0.70232, -0.84059],
							"rotation": [-122.65497, -5.26817, -151.23178],
							"uv": {
								"north": {"uv": [209.23538, 87.81824], "uv_size": [0.3189, 0.3189]},
								"east": {"uv": [196.06967, 57.09824], "uv_size": [5.07319, 0.3189]},
								"south": {"uv": [89.2811, 209.23538], "uv_size": [0.3189, 0.3189]},
								"west": {"uv": [196.06967, 67.33824], "uv_size": [5.07319, 0.3189]},
								"up": {"uv": [65.87538, 196.06967], "uv_size": [0.3189, 5.07319]},
								"down": {"uv": [67.33824, 201.14286], "uv_size": [0.3189, -5.07319]}
							}
						},
						{
							"origin": [0.79121, 1.76496, -2.49901],
							"size": [0.12869, 0.12869, 1.50896],
							"pivot": [0.85556, 1.82931, -1.65137],
							"rotation": [-132.01738, -36.6102, 179.14002],
							"uv": {
								"north": {"uv": [209.23538, 89.2811], "uv_size": [0.3189, 0.3189]},
								"east": {"uv": [196.06967, 120.0011], "uv_size": [4.70747, 0.3189]},
								"south": {"uv": [90.74395, 209.23538], "uv_size": [0.3189, 0.3189]},
								"west": {"uv": [196.06967, 121.46395], "uv_size": [4.70747, 0.3189]},
								"up": {"uv": [149.25824, 196.06967], "uv_size": [0.3189, 4.70747]},
								"down": {"uv": [150.7211, 200.77714], "uv_size": [0.3189, -4.70747]}
							}
						},
						{
							"origin": [-1.06838, 0.63797, -1.72691],
							"size": [0.12869, 0.12869, 1.54764],
							"pivot": [-1.00403, 0.70232, -0.84059],
							"rotation": [-122.56051, 12.07091, 150.72912],
							"uv": {
								"north": {"uv": [209.23538, 90.74395], "uv_size": [0.3189, 0.3189]},
								"east": {"uv": [196.06967, 77.57824], "uv_size": [5.07319, 0.3189]},
								"south": {"uv": [92.20681, 209.23538], "uv_size": [0.3189, 0.3189]},
								"west": {"uv": [79.0411, 196.06967], "uv_size": [5.07319, 0.3189]},
								"up": {"uv": [71.72681, 196.06967], "uv_size": [0.3189, 5.07319]},
								"down": {"uv": [84.89253, 201.14286], "uv_size": [0.3189, -5.07319]}
							}
						},
						{
							"origin": [-0.91508, 1.76496, -2.49901],
							"size": [0.12868, 0.12869, 1.50896],
							"pivot": [-0.85074, 1.82931, -1.65137],
							"rotation": [-132.01738, 36.6102, -179.14002],
							"uv": {
								"north": {"uv": [209.23538, 92.20681], "uv_size": [0.3189, 0.3189]},
								"east": {"uv": [196.06967, 122.92681], "uv_size": [4.70747, 0.3189]},
								"south": {"uv": [93.66967, 209.23538], "uv_size": [0.3189, 0.3189]},
								"west": {"uv": [196.06967, 128.77824], "uv_size": [4.70747, 0.3189]},
								"up": {"uv": [152.18395, 196.06967], "uv_size": [0.3189, 4.70747]},
								"down": {"uv": [153.64681, 200.77714], "uv_size": [0.3189, -4.70747]}
							}
						},
						{
							"origin": [-1.50155, 1.68171, -1.33937],
							"size": [2.4934, 0.52377, 1.21014],
							"pivot": [0.00241, 2.10113, -0.7343],
							"rotation": [89.99998, 88, 89.99998],
							"uv": {
								"north": {"uv": [87.81824, 155.10967], "uv_size": [7.9989, 1.78176]},
								"east": {"uv": [30.76681, 171.2011], "uv_size": [3.97605, 1.78176]},
								"south": {"uv": [155.10967, 112.68681], "uv_size": [7.9989, 1.78176]},
								"west": {"uv": [35.15538, 171.2011], "uv_size": [3.97605, 1.78176]},
								"up": {"uv": [38.0811, 108.29824], "uv_size": [7.9989, 3.97605]},
								"down": {"uv": [10.28681, 122.51429], "uv_size": [7.9989, -3.97605]}
							}
						},
						{
							"origin": [-0.43745, 1.61664, 0.16531],
							"size": [0.6512, 0.52728, 1.21014],
							"pivot": [0.00241, 2.00509, 0.77038],
							"rotation": [-90, 34.5, -90],
							"uv": {
								"north": {"uv": [185.82967, 8.82395], "uv_size": [2.14747, 1.78176]},
								"east": {"uv": [45.39538, 171.2011], "uv_size": [3.97605, 1.78176]},
								"south": {"uv": [10.28681, 185.82967], "uv_size": [2.14747, 1.78176]},
								"west": {"uv": [49.78395, 171.2011], "uv_size": [3.97605, 1.78176]},
								"up": {"uv": [54.17253, 168.27538], "uv_size": [2.14747, 3.97605]},
								"down": {"uv": [168.27538, 58.14857], "uv_size": [2.14747, -3.97605]}
							}
						},
						{
							"origin": [3.02056, 0.00124, -0.34258],
							"size": [0.3672, 0.16033, 1.21014],
							"pivot": [0.47207, -0.44182, 0.73217],
							"rotation": [0, 90, 0],
							"uv": {
								"north": {"uv": [45.39538, 207.77253], "uv_size": [1.05033, 0.3189]},
								"east": {"uv": [27.8411, 198.99538], "uv_size": [3.97605, 0.3189]},
								"south": {"uv": [207.77253, 45.39538], "uv_size": [1.05033, 0.3189]},
								"west": {"uv": [198.99538, 27.8411], "uv_size": [3.97605, 0.3189]},
								"up": {"uv": [32.22967, 182.90395], "uv_size": [1.05033, 3.97605]},
								"down": {"uv": [49.78395, 186.88], "uv_size": [1.05033, -3.97605]}
							}
						},
						{
							"origin": [-0.4519, 0.05274, -2.27039],
							"size": [0.63791, 0.16033, 1.21014],
							"pivot": [0.00241, 0.13291, -1.66533],
							"rotation": [90, 72.5, 90],
							"uv": {
								"north": {"uv": [203.38395, 7.3611], "uv_size": [2.14747, 0.3189]},
								"east": {"uv": [198.99538, 29.30395], "uv_size": [3.97605, 0.3189]},
								"south": {"uv": [203.38395, 8.82395], "uv_size": [2.14747, 0.3189]},
								"west": {"uv": [198.99538, 30.76681], "uv_size": [3.97605, 0.3189]},
								"up": {"uv": [57.09824, 168.27538], "uv_size": [2.14747, 3.97605]},
								"down": {"uv": [60.02395, 172.25143], "uv_size": [2.14747, -3.97605]}
							}
						},
						{
							"origin": [0.20885, 1.93628, -1.32585],
							"size": [0.95783, 0.11431, 1.15498],
							"pivot": [-0.26849, 1.34656, -0.74837],
							"rotation": [0, 90, -60.89086],
							"uv": {
								"north": {"uv": [200.45824, 39.54395], "uv_size": [3.24462, 0.3189]},
								"east": {"uv": [198.99538, 100.98395], "uv_size": [3.61033, 0.3189]},
								"south": {"uv": [200.45824, 41.00681], "uv_size": [3.24462, 0.3189]},
								"west": {"uv": [198.99538, 102.44681], "uv_size": [3.61033, 0.3189]},
								"up": {"uv": [13.21253, 163.88681], "uv_size": [3.24462, 3.61033]},
								"down": {"uv": [17.6011, 167.49714], "uv_size": [3.24462, -3.61033]}
							}
						},
						{
							"origin": [-1.59467, 1.93628, -0.24304],
							"size": [1.80352, 0.11431, 0.07217],
							"pivot": [-0.26849, 1.34656, -0.74837],
							"rotation": [0, 90, -60.89086],
							"uv": {
								"north": {"uv": [194.60681, 48.3211], "uv_size": [5.75781, 0.3189]},
								"east": {"uv": [209.23538, 93.66967], "uv_size": [0.3189, 0.3189]},
								"south": {"uv": [57.09824, 194.60681], "uv_size": [5.75781, 0.3189]},
								"west": {"uv": [95.13253, 209.23538], "uv_size": [0.3189, 0.3189]},
								"up": {"uv": [62.94967, 194.60681], "uv_size": [5.75781, 0.3189]},
								"down": {"uv": [194.60681, 69.12], "uv_size": [5.75781, -0.3189]}
							}
						},
						{
							"origin": [-1.22201, 1.93628, -0.47507],
							"size": [1.43086, 0.11431, 0.23203],
							"pivot": [-0.26849, 1.34656, -0.74837],
							"rotation": [0, 90, -60.89086],
							"uv": {
								"north": {"uv": [196.06967, 140.4811], "uv_size": [4.70747, 0.3189]},
								"east": {"uv": [130.2411, 207.77253], "uv_size": [0.68462, 0.3189]},
								"south": {"uv": [196.06967, 141.94395], "uv_size": [4.70747, 0.3189]},
								"west": {"uv": [207.77253, 130.2411], "uv_size": [0.68462, 0.3189]},
								"up": {"uv": [187.29253, 76.11538], "uv_size": [4.70747, 0.68462]},
								"down": {"uv": [187.29253, 79.72571], "uv_size": [4.70747, -0.68462]}
							}
						},
						{
							"origin": [-0.5224, 1.9644, -0.88991],
							"size": [0.73125, 0.08619, 0.41484],
							"pivot": [-0.26849, 1.34656, -0.74837],
							"rotation": [0, 90, -60.89086],
							"uv": {
								"north": {"uv": [201.9211, 115.61253], "uv_size": [2.51319, 0.3189]},
								"east": {"uv": [206.30967, 77.57824], "uv_size": [1.36923, 0.3189]},
								"south": {"uv": [201.9211, 117.07538], "uv_size": [2.51319, 0.3189]},
								"west": {"uv": [79.0411, 206.30967], "uv_size": [1.36923, 0.3189]},
								"up": {"uv": [127.31538, 185.82967], "uv_size": [2.51319, 1.36923]},
								"down": {"uv": [130.2411, 187.1989], "uv_size": [2.51319, -1.36923]}
							}
						},
						{
							"origin": [-1.39773, 1.93619, -0.25548],
							"size": [2.25849, 0.11449, 0.07142],
							"inflate": -0.0001,
							"pivot": [-0.26849, 1.34656, -0.25538],
							"rotation": [-180, 59.24061, 119.10914],
							"uv": {
								"north": {"uv": [35.15538, 191.6811], "uv_size": [7.22066, 0.3189]},
								"east": {"uv": [209.23538, 95.13253], "uv_size": [0.3189, 0.3189]},
								"south": {"uv": [191.6811, 35.15538], "uv_size": [7.22066, 0.3189]},
								"west": {"uv": [96.59538, 209.23538], "uv_size": [0.3189, 0.3189]},
								"up": {"uv": [191.6811, 36.61824], "uv_size": [7.22066, 0.3189]},
								"down": {"uv": [191.6811, 39.86286], "uv_size": [7.22066, -0.3189]}
							}
						},
						{
							"origin": [-1.90282, 1.50279, -0.28967],
							"size": [2.00888, 0.24457, 0.07141],
							"inflate": -0.0001,
							"pivot": [-0.77358, 1.62507, -0.25398],
							"rotation": [162.5, 59.24061, 119.10914],
							"uv": {
								"north": {"uv": [181.4411, 67.33824], "uv_size": [6.53605, 0.68462]},
								"east": {"uv": [131.70395, 207.77253], "uv_size": [0.3189, 0.68462]},
								"south": {"uv": [181.4411, 68.8011], "uv_size": [6.53605, 0.68462]},
								"west": {"uv": [207.77253, 131.70395], "uv_size": [0.3189, 0.68462]},
								"up": {"uv": [193.14395, 5.89824], "uv_size": [6.53605, 0.3189]},
								"down": {"uv": [13.21253, 193.46286], "uv_size": [6.53605, -0.3189]}
							}
						},
						{
							"origin": [-1.14109, 1.93619, -0.18424],
							"size": [2.00185, 0.11449, 0.07752],
							"inflate": -0.0001,
							"pivot": [-0.26849, 1.34656, -0.25538],
							"rotation": [-180, 59.24061, 119.10914],
							"uv": {
								"north": {"uv": [20.52681, 193.14395], "uv_size": [6.53605, 0.3189]},
								"east": {"uv": [209.23538, 96.59538], "uv_size": [0.3189, 0.3189]},
								"south": {"uv": [27.8411, 193.14395], "uv_size": [6.53605, 0.3189]},
								"west": {"uv": [98.05824, 209.23538], "uv_size": [0.3189, 0.3189]},
								"up": {"uv": [35.15538, 193.14395], "uv_size": [6.53605, 0.3189]},
								"down": {"uv": [42.46967, 193.46286], "uv_size": [6.53605, -0.3189]}
							}
						},
						{
							"origin": [-1.01102, 1.93619, -0.10689],
							"size": [1.87178, 0.11449, 0.07049],
							"inflate": -0.0001,
							"pivot": [-0.26849, 1.34656, -0.25538],
							"rotation": [-180, 59.24061, 119.10914],
							"uv": {
								"north": {"uv": [193.14395, 144.86967], "uv_size": [6.17033, 0.3189]},
								"east": {"uv": [209.23538, 98.05824], "uv_size": [0.3189, 0.3189]},
								"south": {"uv": [193.14395, 147.79538], "uv_size": [6.17033, 0.3189]},
								"west": {"uv": [99.5211, 209.23538], "uv_size": [0.3189, 0.3189]},
								"up": {"uv": [150.7211, 193.14395], "uv_size": [6.17033, 0.3189]},
								"down": {"uv": [193.14395, 152.50286], "uv_size": [6.17033, -0.3189]}
							}
						},
						{
							"origin": [-0.49773, 1.93619, -0.03658],
							"size": [1.35849, 0.11449, 0.15838],
							"inflate": -0.0001,
							"pivot": [-0.26849, 1.34656, -0.25538],
							"rotation": [-180, 59.24061, 119.10914],
							"uv": {
								"north": {"uv": [197.53253, 146.33253], "uv_size": [4.29495, 0.3189]},
								"east": {"uv": [209.23538, 99.5211], "uv_size": [0.3189, 0.3189]},
								"south": {"uv": [197.53253, 149.25824], "uv_size": [4.29495, 0.3189]},
								"west": {"uv": [100.98395, 209.23538], "uv_size": [0.3189, 0.3189]},
								"up": {"uv": [197.53253, 150.7211], "uv_size": [4.29495, 0.3189]},
								"down": {"uv": [160.9611, 197.85143], "uv_size": [4.29495, -0.3189]}
							}
						},
						{
							"origin": [0.60501, 0.13767, -0.42652],
							"size": [0.36721, 1.30989, 0.14382],
							"pivot": [-0.46295, 0.79262, -0.74837],
							"rotation": [0, 90, 154.5994],
							"uv": {
								"north": {"uv": [46.85824, 181.4411], "uv_size": [1.05033, 4.29495]},
								"east": {"uv": [165.34967, 197.53253], "uv_size": [0.3189, 4.29495]},
								"south": {"uv": [48.3211, 181.4411], "uv_size": [1.05033, 4.29495]},
								"west": {"uv": [197.53253, 165.34967], "uv_size": [0.3189, 4.29495]},
								"up": {"uv": [46.85824, 207.77253], "uv_size": [1.05033, 0.3189]},
								"down": {"uv": [207.77253, 47.17714], "uv_size": [1.05033, -0.3189]}
							}
						},
						{
							"origin": [0.08118, 0.13767, -0.42652],
							"size": [0.52383, 0.13567, 0.14382],
							"pivot": [-0.46295, 0.79262, -0.74837],
							"rotation": [0, 90, 154.5994],
							"uv": {
								"north": {"uv": [203.38395, 99.5211], "uv_size": [1.78176, 0.3189]},
								"east": {"uv": [209.23538, 100.98395], "uv_size": [0.3189, 0.3189]},
								"south": {"uv": [100.98395, 203.38395], "uv_size": [1.78176, 0.3189]},
								"west": {"uv": [102.44681, 209.23538], "uv_size": [0.3189, 0.3189]},
								"up": {"uv": [203.38395, 100.98395], "uv_size": [1.78176, 0.3189]},
								"down": {"uv": [203.38395, 102.76571], "uv_size": [1.78176, -0.3189]}
							}
						},
						{
							"origin": [0.29212, 0.27334, -0.42652],
							"size": [0.31289, 0.44649, 0.14382],
							"pivot": [-0.46295, 0.79262, -0.74837],
							"rotation": [0, 90, 154.5994],
							"uv": {
								"north": {"uv": [197.53253, 162.42395], "uv_size": [1.05033, 1.36923]},
								"east": {"uv": [206.30967, 79.0411], "uv_size": [0.3189, 1.36923]},
								"south": {"uv": [169.73824, 197.53253], "uv_size": [1.05033, 1.36923]},
								"west": {"uv": [80.50395, 206.30967], "uv_size": [0.3189, 1.36923]},
								"up": {"uv": [48.3211, 207.77253], "uv_size": [1.05033, 0.3189]},
								"down": {"uv": [207.77253, 48.64], "uv_size": [1.05033, -0.3189]}
							}
						},
						{
							"origin": [0.49603, 0.71983, -0.42652],
							"size": [0.10898, 0.45, 0.14382],
							"pivot": [-0.46295, 0.79262, -0.74837],
							"rotation": [0, 90, 154.5994],
							"uv": {
								"north": {"uv": [206.30967, 80.50395], "uv_size": [0.3189, 1.36923]},
								"east": {"uv": [81.96681, 206.30967], "uv_size": [0.3189, 1.36923]},
								"south": {"uv": [206.30967, 81.96681], "uv_size": [0.3189, 1.36923]},
								"west": {"uv": [83.42967, 206.30967], "uv_size": [0.3189, 1.36923]},
								"up": {"uv": [209.23538, 102.44681], "uv_size": [0.3189, 0.3189]},
								"down": {"uv": [103.90967, 209.55429], "uv_size": [0.3189, -0.3189]}
							}
						},
						{
							"origin": [-0.46304, 0.07408, -1.19926],
							"size": [0.05643, 1.43707, 0.144],
							"inflate": -0.0001,
							"pivot": [-0.46295, 0.79262, -1.52101],
							"rotation": [90, 65.72961, -115.4006],
							"uv": {
								"north": {"uv": [155.10967, 196.06967], "uv_size": [0.3189, 4.70747]},
								"east": {"uv": [156.57253, 196.06967], "uv_size": [0.3189, 4.70747]},
								"south": {"uv": [158.03538, 196.06967], "uv_size": [0.3189, 4.70747]},
								"west": {"uv": [159.49824, 196.06967], "uv_size": [0.3189, 4.70747]},
								"up": {"uv": [209.23538, 103.90967], "uv_size": [0.3189, 0.3189]},
								"down": {"uv": [105.37253, 209.55429], "uv_size": [0.3189, -0.3189]}
							}
						},
						{
							"origin": [-0.40679, 0.20065, -1.19926],
							"size": [0.16893, 1.3105, 0.144],
							"inflate": -0.0001,
							"pivot": [-0.46295, 0.79262, -1.52101],
							"rotation": [90, 65.72961, -115.4006],
							"uv": {
								"north": {"uv": [184.36681, 188.75538], "uv_size": [0.68462, 4.29495]},
								"east": {"uv": [177.05253, 197.53253], "uv_size": [0.3189, 4.29495]},
								"south": {"uv": [185.82967, 188.75538], "uv_size": [0.68462, 4.29495]},
								"west": {"uv": [178.51538, 197.53253], "uv_size": [0.3189, 4.29495]},
								"up": {"uv": [133.16681, 207.77253], "uv_size": [0.68462, 0.3189]},
								"down": {"uv": [207.77253, 133.48571], "uv_size": [0.68462, -0.3189]}
							}
						},
						{
							"origin": [-0.9674, 0.13767, -0.42652],
							"size": [0.36721, 1.30989, 0.14382],
							"pivot": [0.46776, 0.79262, -0.74837],
							"rotation": [0, -90, -154.5994],
							"uv": {
								"north": {"uv": [74.65253, 181.4411], "uv_size": [1.05033, 4.29495]},
								"east": {"uv": [197.53253, 178.51538], "uv_size": [0.3189, 4.29495]},
								"south": {"uv": [76.11538, 181.4411], "uv_size": [1.05033, 4.29495]},
								"west": {"uv": [179.97824, 197.53253], "uv_size": [0.3189, 4.29495]},
								"up": {"uv": [49.78395, 207.77253], "uv_size": [1.05033, 0.3189]},
								"down": {"uv": [207.77253, 50.10286], "uv_size": [1.05033, -0.3189]}
							}
						},
						{
							"origin": [-1.16186, 1.93628, -1.32585],
							"size": [0.95783, 0.11431, 1.15498],
							"pivot": [0.2733, 1.34656, -0.74837],
							"rotation": [0, -90, 60.89086],
							"uv": {
								"north": {"uv": [200.45824, 48.3211], "uv_size": [3.24462, 0.3189]},
								"east": {"uv": [109.7611, 198.99538], "uv_size": [3.61033, 0.3189]},
								"south": {"uv": [200.45824, 52.70967], "uv_size": [3.24462, 0.3189]},
								"west": {"uv": [198.99538, 111.22395], "uv_size": [3.61033, 0.3189]},
								"up": {"uv": [21.98967, 163.88681], "uv_size": [3.24462, 3.61033]},
								"down": {"uv": [26.37824, 167.49714], "uv_size": [3.24462, -3.61033]}
							}
						},
						{
							"origin": [-1.74173, 0.08149, -0.49156],
							"size": [3.5886, 0.138, 1.06492],
							"pivot": [0.05257, 1.04381, 0.04089],
							"rotation": [89.99996, -87.5, 90.00004],
							"uv": {
								"north": {"uv": [184.36681, 26.37824], "uv_size": [11.60923, 0.3189]},
								"east": {"uv": [200.45824, 62.94967], "uv_size": [3.24462, 0.3189]},
								"south": {"uv": [184.36681, 27.8411], "uv_size": [11.60923, 0.3189]},
								"west": {"uv": [200.45824, 64.41253], "uv_size": [3.24462, 0.3189]},
								"up": {"uv": [133.16681, 27.8411], "uv_size": [11.60923, 3.24462]},
								"down": {"uv": [133.16681, 35.47429], "uv_size": [11.60923, -3.24462]}
							}
						},
						{
							"origin": [-1.74173, 0.0777, -0.53053],
							"size": [3.5886, 0.14728, 1.06492],
							"pivot": [0.05257, 0.15134, 0.00192],
							"rotation": [89.99996, -87.5, 90.00004],
							"uv": {
								"north": {"uv": [184.36681, 29.30395], "uv_size": [11.60923, 0.3189]},
								"east": {"uv": [200.45824, 65.87538], "uv_size": [3.24462, 0.3189]},
								"south": {"uv": [184.36681, 30.76681], "uv_size": [11.60923, 0.3189]},
								"west": {"uv": [200.45824, 68.8011], "uv_size": [3.24462, 0.3189]},
								"up": {"uv": [133.16681, 36.61824], "uv_size": [11.60923, 3.24462]},
								"down": {"uv": [133.16681, 57.41714], "uv_size": [11.60923, -3.24462]}
							}
						},
						{
							"origin": [-1.74173, 1.87656, -0.39374],
							"size": [3.5886, 0.1006, 1.01638],
							"pivot": [0.05257, 1.04381, 0.04089],
							"rotation": [-29.10912, -87.5, 89.99999],
							"uv": {
								"north": {"uv": [184.36681, 32.22967], "uv_size": [11.60923, 0.3189]},
								"east": {"uv": [200.45824, 71.72681], "uv_size": [3.24462, 0.3189]},
								"south": {"uv": [54.17253, 184.36681], "uv_size": [11.60923, 0.3189]},
								"west": {"uv": [73.18967, 200.45824], "uv_size": [3.24462, 0.3189]},
								"up": {"uv": [55.63538, 133.16681], "uv_size": [11.60923, 3.24462]},
								"down": {"uv": [133.16681, 61.80571], "uv_size": [11.60923, -3.24462]}
							}
						},
						{
							"origin": [-1.74173, 0.5362, 0.81009],
							"size": [3.5886, 1.1527, 0.12657],
							"pivot": [0.05257, 1.04381, 0.04089],
							"rotation": [115.4006, -87.5, 90],
							"uv": {
								"north": {"uv": [5.89824, 128.77824], "uv_size": [11.60923, 3.61033]},
								"east": {"uv": [114.14967, 198.99538], "uv_size": [0.3189, 3.61033]},
								"south": {"uv": [128.77824, 8.82395], "uv_size": [11.60923, 3.61033]},
								"west": {"uv": [115.61253, 198.99538], "uv_size": [0.3189, 3.61033]},
								"up": {"uv": [184.36681, 128.77824], "uv_size": [11.60923, 0.3189]},
								"down": {"uv": [184.36681, 134.94857], "uv_size": [11.60923, -0.3189]}
							}
						},
						{
							"origin": [-2.47746, 1.48689, -0.44576],
							"size": [3.58859, 0.10059, 1.01638],
							"pivot": [-0.68317, 1.53719, 0.06244],
							"rotation": [-150.89088, -87.5, 90.00001],
							"uv": {
								"north": {"uv": [184.36681, 136.09253], "uv_size": [11.60923, 0.3189]},
								"east": {"uv": [200.45824, 73.18967], "uv_size": [3.24462, 0.3189]},
								"south": {"uv": [184.36681, 137.55538], "uv_size": [11.60923, 0.3189]},
								"west": {"uv": [200.45824, 74.65253], "uv_size": [3.24462, 0.3189]},
								"up": {"uv": [133.16681, 62.94967], "uv_size": [11.60923, 3.24462]},
								"down": {"uv": [67.33824, 136.41143], "uv_size": [11.60923, -3.24462]}
							}
						},
						{
							"origin": [-2.46424, 0.04868, -0.04068],
							"size": [3.58859, 1.1527, 0.12657],
							"pivot": [-0.66995, 0.62503, 0.0226],
							"rotation": [-115.4006, -87.5, 90],
							"uv": {
								"north": {"uv": [128.77824, 13.21253], "uv_size": [11.60923, 3.61033]},
								"east": {"uv": [117.07538, 198.99538], "uv_size": [0.3189, 3.61033]},
								"south": {"uv": [17.6011, 128.77824], "uv_size": [11.60923, 3.61033]},
								"west": {"uv": [118.53824, 198.99538], "uv_size": [0.3189, 3.61033]},
								"up": {"uv": [184.36681, 139.01824], "uv_size": [11.60923, 0.3189]},
								"down": {"uv": [184.36681, 140.8], "uv_size": [11.60923, -0.3189]}
							}
						},
						{
							"origin": [-0.07854, 0.10189, 1.74994],
							"size": [0.26222, 1.69777, 0.93713],
							"pivot": [0.05257, 0.94873, 2.21851],
							"rotation": [89.99996, -87.5, 90.00004],
							"uv": {
								"north": {"uv": [16.13824, 185.82967], "uv_size": [0.68462, 5.4389]},
								"east": {"uv": [61.48681, 84.89253], "uv_size": [2.83209, 5.4389]},
								"south": {"uv": [17.6011, 185.82967], "uv_size": [0.68462, 5.4389]},
								"west": {"uv": [70.26395, 153.64681], "uv_size": [2.83209, 5.4389]},
								"up": {"uv": [68.8011, 194.60681], "uv_size": [0.68462, 2.83209]},
								"down": {"uv": [70.26395, 197.4389], "uv_size": [0.68462, -2.83209]}
							}
						},
						{
							"origin": [-0.1801, 1.858, 1.63043],
							"size": [0.52924, 0.05774, 0.93714],
							"pivot": [0.08452, 1.858, 2.13095],
							"rotation": [89.99996, -74.89682, 90.00004],
							"uv": {
								"north": {"uv": [203.38395, 108.29824], "uv_size": [1.78176, 0.3189]},
								"east": {"uv": [201.9211, 42.46967], "uv_size": [2.83209, 0.3189]},
								"south": {"uv": [203.38395, 109.7611], "uv_size": [1.78176, 0.3189]},
								"west": {"uv": [201.9211, 43.93253], "uv_size": [2.83209, 0.3189]},
								"up": {"uv": [179.97824, 30.76681], "uv_size": [1.78176, 2.83209]},
								"down": {"uv": [179.97824, 36.52462], "uv_size": [1.78176, -2.83209]}
							}
						},
						{
							"origin": [-0.71458, 1.80117, 2.1227],
							"size": [0.53135, 0.05791, 0.06791],
							"inflate": -0.0001,
							"pivot": [-0.44794, 1.83013, 2.12342],
							"rotation": [113.5339, -73.48918, 65.57024],
							"uv": {
								"north": {"uv": [203.38395, 111.22395], "uv_size": [1.78176, 0.3189]},
								"east": {"uv": [209.23538, 105.37253], "uv_size": [0.3189, 0.3189]},
								"south": {"uv": [203.38395, 112.68681], "uv_size": [1.78176, 0.3189]},
								"west": {"uv": [106.83538, 209.23538], "uv_size": [0.3189, 0.3189]},
								"up": {"uv": [114.14967, 203.38395], "uv_size": [1.78176, 0.3189]},
								"down": {"uv": [203.38395, 114.46857], "uv_size": [1.78176, -0.3189]}
							}
						},
						{
							"origin": [-0.24406, 0.0462, 1.61522],
							"size": [0.52937, 0.05802, 0.93714],
							"pivot": [0.02062, 0.0462, 2.05184],
							"rotation": [89.99996, 79.8386, 90.00004],
							"uv": {
								"north": {"uv": [117.07538, 203.38395], "uv_size": [1.78176, 0.3189]},
								"east": {"uv": [201.9211, 45.39538], "uv_size": [2.83209, 0.3189]},
								"south": {"uv": [120.0011, 203.38395], "uv_size": [1.78176, 0.3189]},
								"west": {"uv": [46.85824, 201.9211], "uv_size": [2.83209, 0.3189]},
								"up": {"uv": [179.97824, 41.00681], "uv_size": [1.78176, 2.83209]},
								"down": {"uv": [179.97824, 54.0789], "uv_size": [1.78176, -2.83209]}
							}
						},
						{
							"origin": [-0.71464, 0.04566, 2.04602],
							"size": [0.53339, 0.05819, 0.07141],
							"inflate": -0.0001,
							"pivot": [-0.44794, 0.07476, 2.04671],
							"rotation": [123.25603, 77.82062, 123.85693],
							"uv": {
								"north": {"uv": [122.92681, 203.38395], "uv_size": [1.78176, 0.3189]},
								"east": {"uv": [209.23538, 106.83538], "uv_size": [0.3189, 0.3189]},
								"south": {"uv": [203.38395, 124.38967], "uv_size": [1.78176, 0.3189]},
								"west": {"uv": [108.29824, 209.23538], "uv_size": [0.3189, 0.3189]},
								"up": {"uv": [125.85253, 203.38395], "uv_size": [1.78176, 0.3189]},
								"down": {"uv": [203.38395, 126.17143], "uv_size": [1.78176, -0.3189]}
							}
						},
						{
							"origin": [-0.07854, 0.38105, 2.65985],
							"size": [0.26222, 1.01438, 0.34693],
							"pivot": [0.05257, 0.94873, 2.21851],
							"rotation": [-115.4006, -87.5, 90],
							"uv": {
								"north": {"uv": [49.78395, 193.14395], "uv_size": [0.68462, 3.24462]},
								"east": {"uv": [4.43538, 187.29253], "uv_size": [1.05033, 3.24462]},
								"south": {"uv": [51.24681, 193.14395], "uv_size": [0.68462, 3.24462]},
								"west": {"uv": [5.89824, 187.29253], "uv_size": [1.05033, 3.24462]},
								"up": {"uv": [203.38395, 10.28681], "uv_size": [0.68462, 1.05033]},
								"down": {"uv": [203.38395, 12.8], "uv_size": [0.68462, -1.05033]}
							}
						},
						{
							"origin": [-0.92928, 0.03544, 2.01808],
							"size": [0.52757, 1.01438, 0.05372],
							"pivot": [-0.6655, 0.50392, 2.07183],
							"rotation": [-12.01546, -79.08944, -13.61733],
							"uv": {
								"north": {"uv": [105.37253, 177.05253], "uv_size": [1.78176, 3.24462]},
								"east": {"uv": [62.94967, 200.45824], "uv_size": [0.3189, 3.24462]},
								"south": {"uv": [108.29824, 177.05253], "uv_size": [1.78176, 3.24462]},
								"west": {"uv": [68.8011, 200.45824], "uv_size": [0.3189, 3.24462]},
								"up": {"uv": [128.77824, 203.38395], "uv_size": [1.78176, 0.3189]},
								"down": {"uv": [203.38395, 130.56], "uv_size": [1.78176, -0.3189]}
							}
						},
						{
							"origin": [-0.69088, 0.05717, 2.01989],
							"size": [0.53056, 0.08855, 0.05396],
							"inflate": -0.0001,
							"pivot": [-0.42419, 0.05771, 2.04687],
							"rotation": [28.8304, -77.80011, -55.23403],
							"uv": {
								"north": {"uv": [131.70395, 203.38395], "uv_size": [1.78176, 0.3189]},
								"east": {"uv": [209.23538, 108.29824], "uv_size": [0.3189, 0.3189]},
								"south": {"uv": [203.38395, 131.70395], "uv_size": [1.78176, 0.3189]},
								"west": {"uv": [109.7611, 209.23538], "uv_size": [0.3189, 0.3189]},
								"up": {"uv": [203.38395, 134.62967], "uv_size": [1.78176, 0.3189]},
								"down": {"uv": [203.38395, 136.41143], "uv_size": [1.78176, -0.3189]}
							}
						},
						{
							"origin": [-1.15456, 0.96988, 2.06261],
							"size": [0.53124, 0.06619, 0.05395],
							"inflate": -0.0001,
							"pivot": [-0.88894, 1.03559, 2.08955],
							"rotation": [-39.07307, -76.20411, 14.04877],
							"uv": {
								"north": {"uv": [203.38395, 137.55538], "uv_size": [1.78176, 0.3189]},
								"east": {"uv": [209.23538, 109.7611], "uv_size": [0.3189, 0.3189]},
								"south": {"uv": [203.38395, 139.01824], "uv_size": [1.78176, 0.3189]},
								"west": {"uv": [111.22395, 209.23538], "uv_size": [0.3189, 0.3189]},
								"up": {"uv": [203.38395, 140.4811], "uv_size": [1.78176, 0.3189]},
								"down": {"uv": [203.38395, 142.26286], "uv_size": [1.78176, -0.3189]}
							}
						},
						{
							"origin": [-0.07854, 1.42843, 1.70657],
							"size": [0.26222, 0.34165, 0.89442],
							"pivot": [0.05257, 0.94873, 2.21851],
							"rotation": [-150.89088, -87.5, 90.00001],
							"uv": {
								"north": {"uv": [13.21253, 203.38395], "uv_size": [0.68462, 1.05033]},
								"east": {"uv": [188.75538, 177.05253], "uv_size": [2.83209, 1.05033]},
								"south": {"uv": [203.38395, 13.21253], "uv_size": [0.68462, 1.05033]},
								"west": {"uv": [187.29253, 188.75538], "uv_size": [2.83209, 1.05033]},
								"up": {"uv": [73.18967, 194.60681], "uv_size": [0.68462, 2.83209]},
								"down": {"uv": [74.65253, 197.4389], "uv_size": [0.68462, -2.83209]}
							}
						},
						{
							"origin": [-0.97377, 1.33266, 1.60766],
							"size": [0.5285, 0.05607, 0.89442],
							"pivot": [-0.70952, 1.38866, 2.11046],
							"rotation": [-99.30047, -76.3605, 38.17491],
							"uv": {
								"north": {"uv": [203.38395, 143.40681], "uv_size": [1.78176, 0.3189]},
								"east": {"uv": [201.9211, 46.85824], "uv_size": [2.83209, 0.3189]},
								"south": {"uv": [203.38395, 144.86967], "uv_size": [1.78176, 0.3189]},
								"west": {"uv": [201.9211, 49.78395], "uv_size": [2.83209, 0.3189]},
								"up": {"uv": [54.17253, 179.97824], "uv_size": [1.78176, 2.83209]},
								"down": {"uv": [57.09824, 182.81033], "uv_size": [1.78176, -2.83209]}
							}
						},
						{
							"origin": [-1.15446, 0.98292, 2.03022],
							"size": [0.52996, 0.05611, 0.05737],
							"inflate": -0.0001,
							"pivot": [-0.88884, 1.01104, 2.08803],
							"rotation": [-75.67071, -76.10256, 13.86663],
							"uv": {
								"north": {"uv": [146.33253, 203.38395], "uv_size": [1.78176, 0.3189]},
								"east": {"uv": [209.23538, 111.22395], "uv_size": [0.3189, 0.3189]},
								"south": {"uv": [203.38395, 146.33253], "uv_size": [1.78176, 0.3189]},
								"west": {"uv": [112.68681, 209.23538], "uv_size": [0.3189, 0.3189]},
								"up": {"uv": [203.38395, 147.79538], "uv_size": [1.78176, 0.3189]},
								"down": {"uv": [149.25824, 203.70286], "uv_size": [1.78176, -0.3189]}
							}
						},
						{
							"origin": [-0.69064, 1.81689, 2.12422],
							"size": [0.53097, 0.05611, 0.0809],
							"inflate": -0.0001,
							"pivot": [-0.42401, 1.84494, 2.12442],
							"rotation": [-125.27698, -73.43771, 65.03895],
							"uv": {
								"north": {"uv": [203.38395, 149.25824], "uv_size": [1.78176, 0.3189]},
								"east": {"uv": [209.23538, 112.68681], "uv_size": [0.3189, 0.3189]},
								"south": {"uv": [203.38395, 150.7211], "uv_size": [1.78176, 0.3189]},
								"west": {"uv": [114.14967, 209.23538], "uv_size": [0.3189, 0.3189]},
								"up": {"uv": [152.18395, 203.38395], "uv_size": [1.78176, 0.3189]},
								"down": {"uv": [203.38395, 152.50286], "uv_size": [1.78176, -0.3189]}
							}
						},
						{
							"origin": [-0.07854, 1.42843, 1.70657],
							"size": [0.26222, 0.34165, 0.89442],
							"pivot": [0.05257, 0.94873, 2.21851],
							"rotation": [-150.89088, 87.5, -90.00001],
							"uv": {
								"north": {"uv": [14.67538, 203.38395], "uv_size": [0.68462, 1.05033]},
								"east": {"uv": [190.21824, 5.89824], "uv_size": [2.83209, 1.05033]},
								"south": {"uv": [203.38395, 14.67538], "uv_size": [0.68462, 1.05033]},
								"west": {"uv": [7.3611, 190.21824], "uv_size": [2.83209, 1.05033]},
								"up": {"uv": [76.11538, 194.60681], "uv_size": [0.68462, 2.83209]},
								"down": {"uv": [77.57824, 197.4389], "uv_size": [0.68462, -2.83209]}
							}
						},
						{
							"origin": [-0.07854, 0.38105, 2.65985],
							"size": [0.26222, 1.01438, 0.34693],
							"pivot": [0.05257, 0.94873, 2.21851],
							"rotation": [-115.4006, 87.5, -90],
							"uv": {
								"north": {"uv": [52.70967, 193.14395], "uv_size": [0.68462, 3.24462]},
								"east": {"uv": [21.98967, 187.29253], "uv_size": [1.05033, 3.24462]},
								"south": {"uv": [55.63538, 193.14395], "uv_size": [0.68462, 3.24462]},
								"west": {"uv": [23.45253, 187.29253], "uv_size": [1.05033, 3.24462]},
								"up": {"uv": [16.13824, 203.38395], "uv_size": [0.68462, 1.05033]},
								"down": {"uv": [17.6011, 204.43429], "uv_size": [0.68462, -1.05033]}
							}
						},
						{
							"origin": [0.55041, 1.33266, 1.60766],
							"size": [0.5285, 0.05607, 0.89442],
							"pivot": [0.81466, 1.38866, 2.11046],
							"rotation": [-99.30047, 76.3605, -38.17491],
							"uv": {
								"north": {"uv": [203.38395, 153.64681], "uv_size": [1.78176, 0.3189]},
								"east": {"uv": [201.9211, 51.24681], "uv_size": [2.83209, 0.3189]},
								"south": {"uv": [155.10967, 203.38395], "uv_size": [1.78176, 0.3189]},
								"west": {"uv": [201.9211, 54.17253], "uv_size": [2.83209, 0.3189]},
								"up": {"uv": [70.26395, 179.97824], "uv_size": [1.78176, 2.83209]},
								"down": {"uv": [86.35538, 182.81033], "uv_size": [1.78176, -2.83209]}
							}
						},
						{
							"origin": [0.50686, 0.03544, 2.01808],
							"size": [0.52756, 1.01438, 0.05372],
							"pivot": [0.77064, 0.50392, 2.07183],
							"rotation": [-12.01546, 79.08944, 13.61733],
							"uv": {
								"north": {"uv": [111.22395, 177.05253], "uv_size": [1.78176, 3.24462]},
								"east": {"uv": [70.26395, 200.45824], "uv_size": [0.3189, 3.24462]},
								"south": {"uv": [114.14967, 177.05253], "uv_size": [1.78176, 3.24462]},
								"west": {"uv": [77.57824, 200.45824], "uv_size": [0.3189, 3.24462]},
								"up": {"uv": [203.38395, 156.57253], "uv_size": [1.78176, 0.3189]},
								"down": {"uv": [158.03538, 203.70286], "uv_size": [1.78176, -0.3189]}
							}
						},
						{
							"origin": [0.28837, 1.80117, 2.1227],
							"size": [0.53135, 0.05791, 0.06791],
							"inflate": -0.0001,
							"pivot": [0.55308, 1.83013, 2.12342],
							"rotation": [113.5339, 73.48918, -65.57024],
							"uv": {
								"north": {"uv": [203.38395, 158.03538], "uv_size": [1.78176, 0.3189]},
								"east": {"uv": [209.23538, 114.14967], "uv_size": [0.3189, 0.3189]},
								"south": {"uv": [203.38395, 159.49824], "uv_size": [1.78176, 0.3189]},
								"west": {"uv": [115.61253, 209.23538], "uv_size": [0.3189, 0.3189]},
								"up": {"uv": [160.9611, 203.38395], "uv_size": [1.78176, 0.3189]},
								"down": {"uv": [203.38395, 161.28], "uv_size": [1.78176, -0.3189]}
							}
						},
						{
							"origin": [0.26481, 1.81689, 2.12422],
							"size": [0.53097, 0.05611, 0.0809],
							"inflate": -0.0001,
							"pivot": [0.52915, 1.84494, 2.12442],
							"rotation": [-125.27698, 73.43771, -65.03895],
							"uv": {
								"north": {"uv": [203.38395, 162.42395], "uv_size": [1.78176, 0.3189]},
								"east": {"uv": [209.23538, 115.61253], "uv_size": [0.3189, 0.3189]},
								"south": {"uv": [163.88681, 203.38395], "uv_size": [1.78176, 0.3189]},
								"west": {"uv": [117.07538, 209.23538], "uv_size": [0.3189, 0.3189]},
								"up": {"uv": [203.38395, 163.88681], "uv_size": [1.78176, 0.3189]},
								"down": {"uv": [203.38395, 165.66857], "uv_size": [1.78176, -0.3189]}
							}
						},
						{
							"origin": [0.72964, 0.98292, 2.03022],
							"size": [0.52997, 0.05611, 0.05737],
							"inflate": -0.0001,
							"pivot": [0.99398, 1.01104, 2.08803],
							"rotation": [-75.67071, 76.10256, -13.86663],
							"uv": {
								"north": {"uv": [166.81253, 203.38395], "uv_size": [1.78176, 0.3189]},
								"east": {"uv": [209.23538, 117.07538], "uv_size": [0.3189, 0.3189]},
								"south": {"uv": [203.38395, 166.81253], "uv_size": [1.78176, 0.3189]},
								"west": {"uv": [118.53824, 209.23538], "uv_size": [0.3189, 0.3189]},
								"up": {"uv": [203.38395, 168.27538], "uv_size": [1.78176, 0.3189]},
								"down": {"uv": [169.73824, 203.70286], "uv_size": [1.78176, -0.3189]}
							}
						},
						{
							"origin": [0.72846, 0.96988, 2.06261],
							"size": [0.53124, 0.06619, 0.05395],
							"inflate": -0.0001,
							"pivot": [0.99408, 1.03559, 2.08955],
							"rotation": [-39.07307, 76.20411, -14.04877],
							"uv": {
								"north": {"uv": [203.38395, 169.73824], "uv_size": [1.78176, 0.3189]},
								"east": {"uv": [209.23538, 118.53824], "uv_size": [0.3189, 0.3189]},
								"south": {"uv": [203.38395, 171.2011], "uv_size": [1.78176, 0.3189]},
								"west": {"uv": [120.0011, 209.23538], "uv_size": [0.3189, 0.3189]},
								"up": {"uv": [172.66395, 203.38395], "uv_size": [1.78176, 0.3189]},
								"down": {"uv": [203.38395, 172.98286], "uv_size": [1.78176, -0.3189]}
							}
						},
						{
							"origin": [0.26546, 0.05717, 2.01989],
							"size": [0.53056, 0.08855, 0.05396],
							"inflate": -0.0001,
							"pivot": [0.52933, 0.05771, 2.04687],
							"rotation": [28.8304, 77.80011, 55.23403],
							"uv": {
								"north": {"uv": [203.38395, 174.12681], "uv_size": [1.78176, 0.3189]},
								"east": {"uv": [209.23538, 120.0011], "uv_size": [0.3189, 0.3189]},
								"south": {"uv": [175.58967, 203.38395], "uv_size": [1.78176, 0.3189]},
								"west": {"uv": [121.46395, 209.23538], "uv_size": [0.3189, 0.3189]},
								"up": {"uv": [203.38395, 177.05253], "uv_size": [1.78176, 0.3189]},
								"down": {"uv": [178.51538, 203.70286], "uv_size": [1.78176, -0.3189]}
							}
						},
						{
							"origin": [0.28639, 0.04566, 2.04602],
							"size": [0.53339, 0.05819, 0.07141],
							"inflate": -0.0001,
							"pivot": [0.55308, 0.07476, 2.04671],
							"rotation": [123.25603, -77.82062, -123.85693],
							"uv": {
								"north": {"uv": [203.38395, 178.51538], "uv_size": [1.78176, 0.3189]},
								"east": {"uv": [209.23538, 121.46395], "uv_size": [0.3189, 0.3189]},
								"south": {"uv": [181.4411, 203.38395], "uv_size": [1.78176, 0.3189]},
								"west": {"uv": [122.92681, 209.23538], "uv_size": [0.3189, 0.3189]},
								"up": {"uv": [203.38395, 181.4411], "uv_size": [1.78176, 0.3189]},
								"down": {"uv": [203.38395, 183.22286], "uv_size": [1.78176, -0.3189]}
							}
						},
						{
							"origin": [2.49619, 0.1949, -1.25111],
							"size": [0.29693, 1.77366, 1.08238],
							"inflate": 0.0001,
							"pivot": [0.43413, 1.41783, -0.2782],
							"rotation": [0, 90, 0],
							"uv": {
								"north": {"uv": [49.78395, 177.05253], "uv_size": [1.05033, 5.75781]},
								"east": {"uv": [149.25824, 74.65253], "uv_size": [3.61033, 5.75781]},
								"south": {"uv": [68.8011, 177.05253], "uv_size": [1.05033, 5.75781]},
								"west": {"uv": [79.0411, 149.25824], "uv_size": [3.61033, 5.75781]},
								"up": {"uv": [19.06395, 185.82967], "uv_size": [1.05033, 3.61033]},
								"down": {"uv": [20.52681, 189.44], "uv_size": [1.05033, -3.61033]}
							}
						},
						{
							"origin": [-0.19244, 0.09812, -2.99831],
							"size": [0.49311, 0.09655, 1.07737],
							"inflate": 0.0001,
							"pivot": [0.05412, 0.09801, -2.41042],
							"rotation": [-90, 66.903, -90],
							"uv": {
								"north": {"uv": [209.23538, 177.05253], "uv_size": [1.36923, 0.3189]},
								"east": {"uv": [174.12681, 209.23538], "uv_size": [3.61033, 0.3189]},
								"south": {"uv": [178.51538, 209.23538], "uv_size": [1.36923, 0.3189]},
								"west": {"uv": [209.23538, 175.58967], "uv_size": [3.61033, 0.3189]},
								"up": {"uv": [209.23538, 171.2011], "uv_size": [1.36923, 3.61033]},
								"down": {"uv": [172.66395, 212.84571], "uv_size": [1.36923, -3.61033]}
							}
						},
						{
							"origin": [0.3268, 0.09405, -2.4656],
							"size": [0.49757, 0.09692, 0.07474],
							"inflate": -0.0001,
							"pivot": [0.57559, 0.14251, -2.39144],
							"rotation": [-106.48413, 65.85145, -107.96745],
							"uv": {
								"north": {"uv": [206.30967, 84.89253], "uv_size": [1.36923, 0.3189]},
								"east": {"uv": [209.23538, 122.92681], "uv_size": [0.3189, 0.3189]},
								"south": {"uv": [86.35538, 206.30967], "uv_size": [1.36923, 0.3189]},
								"west": {"uv": [124.38967, 209.23538], "uv_size": [0.3189, 0.3189]},
								"up": {"uv": [206.30967, 86.35538], "uv_size": [1.36923, 0.3189]},
								"down": {"uv": [87.81824, 206.62857], "uv_size": [1.36923, -0.3189]}
							}
						},
						{
							"origin": [-0.19901, 1.96872, -3.00331],
							"size": [0.50626, 0.11231, 1.08237],
							"inflate": 0.0001,
							"pivot": [0.05413, 2.08111, -2.41042],
							"rotation": [90, 63.62848, 90],
							"uv": {
								"north": {"uv": [184.36681, 203.38395], "uv_size": [1.78176, 0.3189]},
								"east": {"uv": [198.99538, 112.68681], "uv_size": [3.61033, 0.3189]},
								"south": {"uv": [203.38395, 184.36681], "uv_size": [1.78176, 0.3189]},
								"west": {"uv": [198.99538, 114.14967], "uv_size": [3.61033, 0.3189]},
								"up": {"uv": [62.94967, 177.05253], "uv_size": [1.78176, 3.61033]},
								"down": {"uv": [65.87538, 180.66286], "uv_size": [1.78176, -3.61033]}
							}
						},
						{
							"origin": [0.32027, 1.9744, -2.45256],
							"size": [0.51063, 0.11265, 0.06641],
							"inflate": -0.0001,
							"pivot": [0.57559, 2.03072, -2.38544],
							"rotation": [103.81012, 62.77972, 105.45205],
							"uv": {
								"north": {"uv": [203.38395, 185.82967], "uv_size": [1.78176, 0.3189]},
								"east": {"uv": [209.23538, 124.38967], "uv_size": [0.3189, 0.3189]},
								"south": {"uv": [203.38395, 187.29253], "uv_size": [1.78176, 0.3189]},
								"west": {"uv": [125.85253, 209.23538], "uv_size": [0.3189, 0.3189]},
								"up": {"uv": [203.38395, 188.75538], "uv_size": [1.78176, 0.3189]},
								"down": {"uv": [190.21824, 203.70286], "uv_size": [1.78176, -0.3189]}
							}
						},
						{
							"origin": [0.69903, 0.99401, -1.99364],
							"size": [0.2971, 0.94928, 0.9345],
							"pivot": [-0.16506, 1.28328, -1.4761],
							"rotation": [0, 90, -60.89086],
							"uv": {
								"north": {"uv": [13.21253, 190.21824], "uv_size": [1.05033, 2.83209]},
								"east": {"uv": [147.79538, 168.27538], "uv_size": [2.83209, 2.83209]},
								"south": {"uv": [19.06395, 190.21824], "uv_size": [1.05033, 2.83209]},
								"west": {"uv": [150.7211, 168.27538], "uv_size": [2.83209, 2.83209]},
								"up": {"uv": [20.52681, 190.21824], "uv_size": [1.05033, 2.83209]},
								"down": {"uv": [29.30395, 193.05033], "uv_size": [1.05033, -2.83209]}
							}
						},
						{
							"origin": [0.54169, 0.26078, -1.8239],
							"size": [0.2971, 1.05984, 0.818],
							"pivot": [-0.3224, 0.83508, -1.4761],
							"rotation": [0, 90, 154.5994],
							"uv": {
								"north": {"uv": [24.91538, 187.29253], "uv_size": [1.05033, 3.24462]},
								"east": {"uv": [70.26395, 169.73824], "uv_size": [2.51319, 3.24462]},
								"south": {"uv": [26.37824, 187.29253], "uv_size": [1.05033, 3.24462]},
								"west": {"uv": [106.83538, 169.73824], "uv_size": [2.51319, 3.24462]},
								"up": {"uv": [111.22395, 190.21824], "uv_size": [1.05033, 2.51319]},
								"down": {"uv": [112.68681, 192.73143], "uv_size": [1.05033, -2.51319]}
							}
						},
						{
							"origin": [-0.73055, 0.30517, -2.0911],
							"size": [0.29711, 1.05983, 0.99176],
							"pivot": [0.43064, 0.83508, -1.4761],
							"rotation": [0, -90, -154.5994],
							"uv": {
								"north": {"uv": [32.22967, 187.29253], "uv_size": [1.05033, 3.24462]},
								"east": {"uv": [155.10967, 163.88681], "uv_size": [3.24462, 3.24462]},
								"south": {"uv": [187.29253, 39.54395], "uv_size": [1.05033, 3.24462]},
								"west": {"uv": [159.49824, 163.88681], "uv_size": [3.24462, 3.24462]},
								"up": {"uv": [49.78395, 187.29253], "uv_size": [1.05033, 3.24462]},
								"down": {"uv": [51.24681, 190.53714], "uv_size": [1.05033, -3.24462]}
							}
						},
						{
							"origin": [0.59698, 0.11339, -2.48073],
							"size": [0.47506, 1.05983, 0.07032],
							"pivot": [0.83451, 0.64331, -2.41042],
							"rotation": [-180, -72.77856, 25.4006],
							"uv": {
								"north": {"uv": [80.50395, 181.4411], "uv_size": [1.36923, 3.24462]},
								"east": {"uv": [79.0411, 200.45824], "uv_size": [0.3189, 3.24462]},
								"south": {"uv": [81.96681, 181.4411], "uv_size": [1.36923, 3.24462]},
								"west": {"uv": [80.50395, 200.45824], "uv_size": [0.3189, 3.24462]},
								"up": {"uv": [206.30967, 87.81824], "uv_size": [1.36923, 0.3189]},
								"down": {"uv": [89.2811, 206.62857], "uv_size": [1.36923, -0.3189]}
							}
						},
						{
							"origin": [0.30762, -0.03523, -2.43525],
							"size": [0.48642, 0.14772, 0.0705],
							"inflate": -0.0001,
							"pivot": [0.54524, 0.11242, -2.40001],
							"rotation": [136.26759, -65.81175, 71.76457],
							"uv": {
								"north": {"uv": [206.30967, 89.2811], "uv_size": [1.36923, 0.3189]},
								"east": {"uv": [209.23538, 125.85253], "uv_size": [0.3189, 0.3189]},
								"south": {"uv": [90.74395, 206.30967], "uv_size": [1.36923, 0.3189]},
								"west": {"uv": [127.31538, 209.23538], "uv_size": [0.3189, 0.3189]},
								"up": {"uv": [206.30967, 90.74395], "uv_size": [1.36923, 0.3189]},
								"down": {"uv": [92.20681, 206.62857], "uv_size": [1.36923, -0.3189]}
							}
						},
						{
							"origin": [0.81039, 1.18292, -2.43525],
							"size": [0.48618, 0.10745, 0.0705],
							"inflate": -0.0001,
							"pivot": [1.05348, 1.18274, -2.40001],
							"rotation": [-145.60725, -68.97429, -10.85407],
							"uv": {
								"north": {"uv": [206.30967, 92.20681], "uv_size": [1.36923, 0.3189]},
								"east": {"uv": [209.23538, 127.31538], "uv_size": [0.3189, 0.3189]},
								"south": {"uv": [93.66967, 206.30967], "uv_size": [1.36923, 0.3189]},
								"west": {"uv": [128.77824, 209.23538], "uv_size": [0.3189, 0.3189]},
								"up": {"uv": [206.30967, 93.66967], "uv_size": [1.36923, 0.3189]},
								"down": {"uv": [95.13253, 206.62857], "uv_size": [1.36923, -0.3189]}
							}
						},
						{
							"origin": [-0.88789, 0.88151, -1.94334],
							"size": [0.29711, 0.9714, 0.93449],
							"pivot": [0.2733, 1.28328, -1.4761],
							"rotation": [0, -90, 60.89086],
							"uv": {
								"north": {"uv": [52.70967, 187.29253], "uv_size": [1.05033, 3.24462]},
								"east": {"uv": [100.98395, 166.81253], "uv_size": [2.83209, 3.24462]},
								"south": {"uv": [54.17253, 187.29253], "uv_size": [1.05033, 3.24462]},
								"west": {"uv": [103.90967, 166.81253], "uv_size": [2.83209, 3.24462]},
								"up": {"uv": [30.76681, 190.21824], "uv_size": [1.05033, 2.83209]},
								"down": {"uv": [70.26395, 193.05033], "uv_size": [1.05033, -2.83209]}
							}
						},
						{
							"origin": [0.6017, 1.51798, -2.87767],
							"size": [0.48289, 0.08259, 0.9345],
							"pivot": [0.84315, 1.60057, -2.41042],
							"rotation": [90, -69.99671, -29.10913],
							"uv": {
								"north": {"uv": [206.30967, 95.13253], "uv_size": [1.36923, 0.3189]},
								"east": {"uv": [201.9211, 55.63538], "uv_size": [2.83209, 0.3189]},
								"south": {"uv": [96.59538, 206.30967], "uv_size": [1.36923, 0.3189]},
								"west": {"uv": [201.9211, 57.09824], "uv_size": [2.83209, 0.3189]},
								"up": {"uv": [21.98967, 184.36681], "uv_size": [1.36923, 2.83209]},
								"down": {"uv": [23.45253, 187.1989], "uv_size": [1.36923, -2.83209]}
							}
						},
						{
							"origin": [0.80838, 1.10807, -2.39635],
							"size": [0.48463, 0.08277, 0.06278],
							"inflate": -0.0001,
							"pivot": [1.04992, 1.14945, -2.39628],
							"rotation": [72.72599, -69.00834, -10.68762],
							"uv": {
								"north": {"uv": [206.30967, 96.59538], "uv_size": [1.36923, 0.3189]},
								"east": {"uv": [209.23538, 128.77824], "uv_size": [0.3189, 0.3189]},
								"south": {"uv": [98.05824, 206.30967], "uv_size": [1.36923, 0.3189]},
								"west": {"uv": [130.2411, 209.23538], "uv_size": [0.3189, 0.3189]},
								"up": {"uv": [206.30967, 98.05824], "uv_size": [1.36923, 0.3189]},
								"down": {"uv": [99.5211, 206.62857], "uv_size": [1.36923, -0.3189]}
							}
						},
						{
							"origin": [0.28635, 2.02085, -2.58812],
							"size": [0.51065, 0.08277, 0.19157],
							"inflate": -0.0001,
							"pivot": [0.54168, 2.06224, -2.39628],
							"rotation": [131.80726, -62.68264, -74.29724],
							"uv": {
								"north": {"uv": [203.38395, 190.21824], "uv_size": [1.78176, 0.3189]},
								"east": {"uv": [134.62967, 207.77253], "uv_size": [0.68462, 0.3189]},
								"south": {"uv": [193.14395, 203.38395], "uv_size": [1.78176, 0.3189]},
								"west": {"uv": [207.77253, 134.62967], "uv_size": [0.68462, 0.3189]},
								"up": {"uv": [120.0011, 198.99538], "uv_size": [1.78176, 0.68462]},
								"down": {"uv": [122.92681, 199.68], "uv_size": [1.78176, -0.68462]}
							}
						},
						{
							"origin": [-1.2882, 1.10809, -2.39635],
							"size": [0.48463, 0.08277, 0.06278],
							"inflate": -0.0001,
							"pivot": [-1.0451, 1.14947, -2.39628],
							"rotation": [72.72599, 69.00834, 10.68762],
							"uv": {
								"north": {"uv": [206.30967, 99.5211], "uv_size": [1.36923, 0.3189]},
								"east": {"uv": [209.23538, 130.2411], "uv_size": [0.3189, 0.3189]},
								"south": {"uv": [100.98395, 206.30967], "uv_size": [1.36923, 0.3189]},
								"west": {"uv": [131.70395, 209.23538], "uv_size": [0.3189, 0.3189]},
								"up": {"uv": [206.30967, 100.98395], "uv_size": [1.36923, 0.3189]},
								"down": {"uv": [102.44681, 206.62857], "uv_size": [1.36923, -0.3189]}
							}
						},
						{
							"origin": [-1.29176, 1.18294, -2.43524],
							"size": [0.48619, 0.10745, 0.07049],
							"inflate": -0.0001,
							"pivot": [-1.04867, 1.18276, -2.40001],
							"rotation": [-145.60725, 68.97429, 10.85407],
							"uv": {
								"north": {"uv": [206.30967, 102.44681], "uv_size": [1.36923, 0.3189]},
								"east": {"uv": [209.23538, 131.70395], "uv_size": [0.3189, 0.3189]},
								"south": {"uv": [103.90967, 206.30967], "uv_size": [1.36923, 0.3189]},
								"west": {"uv": [133.16681, 209.23538], "uv_size": [0.3189, 0.3189]},
								"up": {"uv": [206.30967, 103.90967], "uv_size": [1.36923, 0.3189]},
								"down": {"uv": [105.37253, 206.62857], "uv_size": [1.36923, -0.3189]}
							}
						},
						{
							"origin": [-0.78923, -0.03521, -2.43524],
							"size": [0.48642, 0.14771, 0.07049],
							"inflate": -0.0001,
							"pivot": [-0.54043, 0.11244, -2.40001],
							"rotation": [136.26759, 65.81175, -71.76457],
							"uv": {
								"north": {"uv": [206.30967, 105.37253], "uv_size": [1.36923, 0.3189]},
								"east": {"uv": [209.23538, 133.16681], "uv_size": [0.3189, 0.3189]},
								"south": {"uv": [106.83538, 206.30967], "uv_size": [1.36923, 0.3189]},
								"west": {"uv": [134.62967, 209.23538], "uv_size": [0.3189, 0.3189]},
								"up": {"uv": [206.30967, 106.83538], "uv_size": [1.36923, 0.3189]},
								"down": {"uv": [108.29824, 206.62857], "uv_size": [1.36923, -0.3189]}
							}
						},
						{
							"origin": [-0.81956, 0.09407, -2.4656],
							"size": [0.49757, 0.09692, 0.07475],
							"inflate": -0.0001,
							"pivot": [-0.57077, 0.14253, -2.39144],
							"rotation": [-106.48413, -65.85145, 107.96745],
							"uv": {
								"north": {"uv": [206.30967, 108.29824], "uv_size": [1.36923, 0.3189]},
								"east": {"uv": [209.23538, 134.62967], "uv_size": [0.3189, 0.3189]},
								"south": {"uv": [109.7611, 206.30967], "uv_size": [1.36923, 0.3189]},
								"west": {"uv": [136.09253, 209.23538], "uv_size": [0.3189, 0.3189]},
								"up": {"uv": [206.30967, 109.7611], "uv_size": [1.36923, 0.3189]},
								"down": {"uv": [111.22395, 206.62857], "uv_size": [1.36923, -0.3189]}
							}
						},
						{
							"origin": [-0.79219, 2.02087, -2.58812],
							"size": [0.51065, 0.08277, 0.19158],
							"inflate": -0.0001,
							"pivot": [-0.53686, 2.06226, -2.39628],
							"rotation": [131.80726, 62.68264, 74.29724],
							"uv": {
								"north": {"uv": [196.06967, 203.38395], "uv_size": [1.78176, 0.3189]},
								"east": {"uv": [136.09253, 207.77253], "uv_size": [0.68462, 0.3189]},
								"south": {"uv": [203.38395, 196.06967], "uv_size": [1.78176, 0.3189]},
								"west": {"uv": [207.77253, 136.09253], "uv_size": [0.68462, 0.3189]},
								"up": {"uv": [133.16681, 198.99538], "uv_size": [1.78176, 0.68462]},
								"down": {"uv": [198.99538, 135.31429], "uv_size": [1.78176, -0.68462]}
							}
						},
						{
							"origin": [-0.82609, 1.97442, -2.45256],
							"size": [0.51063, 0.11265, 0.06641],
							"inflate": -0.0001,
							"pivot": [-0.57077, 2.03074, -2.38544],
							"rotation": [103.81012, -62.77972, -105.45205],
							"uv": {
								"north": {"uv": [203.38395, 198.99538], "uv_size": [1.78176, 0.3189]},
								"east": {"uv": [209.23538, 136.09253], "uv_size": [0.3189, 0.3189]},
								"south": {"uv": [203.38395, 200.45824], "uv_size": [1.78176, 0.3189]},
								"west": {"uv": [137.55538, 209.23538], "uv_size": [0.3189, 0.3189]},
								"up": {"uv": [201.9211, 203.38395], "uv_size": [1.78176, 0.3189]},
								"down": {"uv": [0.04681, 205.16571], "uv_size": [1.78176, -0.3189]}
							}
						},
						{
							"origin": [-1.06723, 0.11341, -2.48073],
							"size": [0.47506, 1.05983, 0.07033],
							"pivot": [-0.8297, 0.64332, -2.41042],
							"rotation": [-180, 72.77856, -25.4006],
							"uv": {
								"north": {"uv": [83.42967, 181.4411], "uv_size": [1.36923, 3.24462]},
								"east": {"uv": [200.45824, 80.50395], "uv_size": [0.3189, 3.24462]},
								"south": {"uv": [84.89253, 181.4411], "uv_size": [1.36923, 3.24462]},
								"west": {"uv": [86.35538, 200.45824], "uv_size": [0.3189, 3.24462]},
								"up": {"uv": [206.30967, 111.22395], "uv_size": [1.36923, 0.3189]},
								"down": {"uv": [112.68681, 206.62857], "uv_size": [1.36923, -0.3189]}
							}
						},
						{
							"origin": [-1.07978, 1.518, -2.87765],
							"size": [0.48289, 0.08259, 0.9345],
							"pivot": [-0.83834, 1.60059, -2.41042],
							"rotation": [90, 69.99671, 29.10913],
							"uv": {
								"north": {"uv": [206.30967, 112.68681], "uv_size": [1.36923, 0.3189]},
								"east": {"uv": [201.9211, 58.5611], "uv_size": [2.83209, 0.3189]},
								"south": {"uv": [114.14967, 206.30967], "uv_size": [1.36923, 0.3189]},
								"west": {"uv": [201.9211, 60.02395], "uv_size": [2.83209, 0.3189]},
								"up": {"uv": [24.91538, 184.36681], "uv_size": [1.36923, 2.83209]},
								"down": {"uv": [26.37824, 187.1989], "uv_size": [1.36923, -2.83209]}
							}
						},
						{
							"origin": [-0.85595, 1.93619, -0.25548],
							"size": [2.2585, 0.11449, 0.07142],
							"inflate": -0.0001,
							"pivot": [0.2733, 1.34656, -0.25538],
							"rotation": [-180, -59.24061, -119.10914],
							"uv": {
								"north": {"uv": [191.6811, 41.00681], "uv_size": [7.22066, 0.3189]},
								"east": {"uv": [209.23538, 137.55538], "uv_size": [0.3189, 0.3189]},
								"south": {"uv": [191.6811, 42.46967], "uv_size": [7.22066, 0.3189]},
								"west": {"uv": [139.01824, 209.23538], "uv_size": [0.3189, 0.3189]},
								"up": {"uv": [46.85824, 191.6811], "uv_size": [7.22066, 0.3189]},
								"down": {"uv": [191.6811, 54.49143], "uv_size": [7.22066, -0.3189]}
							}
						},
						{
							"origin": [-0.20403, 1.93628, -0.24304],
							"size": [1.80351, 0.11431, 0.07217],
							"pivot": [0.2733, 1.34656, -0.74837],
							"rotation": [0, -90, 60.89086],
							"uv": {
								"north": {"uv": [194.60681, 80.50395], "uv_size": [5.75781, 0.3189]},
								"east": {"uv": [209.23538, 139.01824], "uv_size": [0.3189, 0.3189]},
								"south": {"uv": [194.60681, 81.96681], "uv_size": [5.75781, 0.3189]},
								"west": {"uv": [140.4811, 209.23538], "uv_size": [0.3189, 0.3189]},
								"up": {"uv": [194.60681, 83.42967], "uv_size": [5.75781, 0.3189]},
								"down": {"uv": [86.35538, 194.92571], "uv_size": [5.75781, -0.3189]}
							}
						},
						{
							"origin": [-0.20403, 1.93628, -0.47507],
							"size": [1.43086, 0.11431, 0.23203],
							"pivot": [0.2733, 1.34656, -0.74837],
							"rotation": [0, -90, 60.89086],
							"uv": {
								"north": {"uv": [196.06967, 143.40681], "uv_size": [4.70747, 0.3189]},
								"east": {"uv": [137.55538, 207.77253], "uv_size": [0.68462, 0.3189]},
								"south": {"uv": [160.9611, 196.06967], "uv_size": [4.70747, 0.3189]},
								"west": {"uv": [207.77253, 137.55538], "uv_size": [0.68462, 0.3189]},
								"up": {"uv": [187.29253, 86.35538], "uv_size": [4.70747, 0.68462]},
								"down": {"uv": [87.81824, 187.97714], "uv_size": [4.70747, -0.68462]}
							}
						},
						{
							"origin": [-0.20403, 1.9644, -0.88991],
							"size": [0.73125, 0.08619, 0.41484],
							"pivot": [0.2733, 1.34656, -0.74837],
							"rotation": [0, -90, 60.89086],
							"uv": {
								"north": {"uv": [201.9211, 118.53824], "uv_size": [2.51319, 0.3189]},
								"east": {"uv": [206.30967, 114.14967], "uv_size": [1.36923, 0.3189]},
								"south": {"uv": [120.0011, 201.9211], "uv_size": [2.51319, 0.3189]},
								"west": {"uv": [115.61253, 206.30967], "uv_size": [1.36923, 0.3189]},
								"up": {"uv": [133.16681, 185.82967], "uv_size": [2.51319, 1.36923]},
								"down": {"uv": [136.09253, 187.1989], "uv_size": [2.51319, -1.36923]}
							}
						},
						{
							"origin": [-0.85595, 1.93619, -0.18424],
							"size": [2.00186, 0.11449, 0.07752],
							"inflate": -0.0001,
							"pivot": [0.2733, 1.34656, -0.25538],
							"rotation": [-180, -59.24061, -119.10914],
							"uv": {
								"north": {"uv": [57.09824, 193.14395], "uv_size": [6.53605, 0.3189]},
								"east": {"uv": [209.23538, 140.4811], "uv_size": [0.3189, 0.3189]},
								"south": {"uv": [64.41253, 193.14395], "uv_size": [6.53605, 0.3189]},
								"west": {"uv": [141.94395, 209.23538], "uv_size": [0.3189, 0.3189]},
								"up": {"uv": [193.14395, 76.11538], "uv_size": [6.53605, 0.3189]},
								"down": {"uv": [193.14395, 79.36], "uv_size": [6.53605, -0.3189]}
							}
						},
						{
							"origin": [-0.85595, 1.93619, -0.10689],
							"size": [1.87178, 0.11449, 0.07049],
							"inflate": -0.0001,
							"pivot": [0.2733, 1.34656, -0.25538],
							"rotation": [-180, -59.24061, -119.10914],
							"uv": {
								"north": {"uv": [193.14395, 153.64681], "uv_size": [6.17033, 0.3189]},
								"east": {"uv": [209.23538, 141.94395], "uv_size": [0.3189, 0.3189]},
								"south": {"uv": [193.14395, 155.10967], "uv_size": [6.17033, 0.3189]},
								"west": {"uv": [143.40681, 209.23538], "uv_size": [0.3189, 0.3189]},
								"up": {"uv": [193.14395, 156.57253], "uv_size": [6.17033, 0.3189]},
								"down": {"uv": [158.03538, 193.46286], "uv_size": [6.17033, -0.3189]}
							}
						},
						{
							"origin": [-0.85595, 1.93619, -0.03658],
							"size": [1.3585, 0.11449, 0.15838],
							"inflate": -0.0001,
							"pivot": [0.2733, 1.34656, -0.25538],
							"rotation": [-180, -59.24061, -119.10914],
							"uv": {
								"north": {"uv": [197.53253, 169.73824], "uv_size": [4.29495, 0.3189]},
								"east": {"uv": [209.23538, 143.40681], "uv_size": [0.3189, 0.3189]},
								"south": {"uv": [197.53253, 171.2011], "uv_size": [4.29495, 0.3189]},
								"west": {"uv": [144.86967, 209.23538], "uv_size": [0.3189, 0.3189]},
								"up": {"uv": [197.53253, 174.12681], "uv_size": [4.29495, 0.3189]},
								"down": {"uv": [197.53253, 175.90857], "uv_size": [4.29495, -0.3189]}
							}
						},
						{
							"origin": [0.41142, 0.07408, -1.19926],
							"size": [0.05643, 1.43707, 0.144],
							"inflate": -0.0001,
							"pivot": [0.46776, 0.79262, -1.52101],
							"rotation": [90, -65.72961, 115.4006],
							"uv": {
								"north": {"uv": [166.81253, 196.06967], "uv_size": [0.3189, 4.70747]},
								"east": {"uv": [168.27538, 196.06967], "uv_size": [0.3189, 4.70747]},
								"south": {"uv": [171.2011, 196.06967], "uv_size": [0.3189, 4.70747]},
								"west": {"uv": [175.58967, 196.06967], "uv_size": [0.3189, 4.70747]},
								"up": {"uv": [209.23538, 144.86967], "uv_size": [0.3189, 0.3189]},
								"down": {"uv": [146.33253, 209.55429], "uv_size": [0.3189, -0.3189]}
							}
						},
						{
							"origin": [-0.60019, 0.13767, -0.42652],
							"size": [0.52382, 0.13567, 0.14382],
							"pivot": [0.46776, 0.79262, -0.74837],
							"rotation": [0, -90, -154.5994],
							"uv": {
								"north": {"uv": [204.84681, 0.04681], "uv_size": [1.78176, 0.3189]},
								"east": {"uv": [209.23538, 146.33253], "uv_size": [0.3189, 0.3189]},
								"south": {"uv": [204.84681, 1.50967], "uv_size": [1.78176, 0.3189]},
								"west": {"uv": [147.79538, 209.23538], "uv_size": [0.3189, 0.3189]},
								"up": {"uv": [204.84681, 2.97253], "uv_size": [1.78176, 0.3189]},
								"down": {"uv": [4.43538, 205.16571], "uv_size": [1.78176, -0.3189]}
							}
						},
						{
							"origin": [-0.60019, 0.27334, -0.42652],
							"size": [0.31289, 0.44649, 0.14382],
							"pivot": [0.46776, 0.79262, -0.74837],
							"rotation": [0, -90, -154.5994],
							"uv": {
								"north": {"uv": [197.53253, 182.90395], "uv_size": [1.05033, 1.36923]},
								"east": {"uv": [206.30967, 115.61253], "uv_size": [0.3189, 1.36923]},
								"south": {"uv": [197.53253, 184.36681], "uv_size": [1.05033, 1.36923]},
								"west": {"uv": [117.07538, 206.30967], "uv_size": [0.3189, 1.36923]},
								"up": {"uv": [51.24681, 207.77253], "uv_size": [1.05033, 0.3189]},
								"down": {"uv": [207.77253, 51.56571], "uv_size": [1.05033, -0.3189]}
							}
						},
						{
							"origin": [-0.60019, 0.71983, -0.42652],
							"size": [0.10898, 0.45, 0.14382],
							"pivot": [0.46776, 0.79262, -0.74837],
							"rotation": [0, -90, -154.5994],
							"uv": {
								"north": {"uv": [206.30967, 117.07538], "uv_size": [0.3189, 1.36923]},
								"east": {"uv": [118.53824, 206.30967], "uv_size": [0.3189, 1.36923]},
								"south": {"uv": [206.30967, 118.53824], "uv_size": [0.3189, 1.36923]},
								"west": {"uv": [120.0011, 206.30967], "uv_size": [0.3189, 1.36923]},
								"up": {"uv": [209.23538, 147.79538], "uv_size": [0.3189, 0.3189]},
								"down": {"uv": [149.25824, 209.55429], "uv_size": [0.3189, -0.3189]}
							}
						},
						{
							"origin": [0.24267, 0.20065, -1.19926],
							"size": [0.16893, 1.3105, 0.144],
							"inflate": -0.0001,
							"pivot": [0.46776, 0.79262, -1.52101],
							"rotation": [90, -65.72961, 115.4006],
							"uv": {
								"north": {"uv": [73.18967, 190.21824], "uv_size": [0.68462, 4.29495]},
								"east": {"uv": [185.82967, 197.53253], "uv_size": [0.3189, 4.29495]},
								"south": {"uv": [74.65253, 190.21824], "uv_size": [0.68462, 4.29495]},
								"west": {"uv": [197.53253, 185.82967], "uv_size": [0.3189, 4.29495]},
								"up": {"uv": [139.01824, 207.77253], "uv_size": [0.68462, 0.3189]},
								"down": {"uv": [207.77253, 139.33714], "uv_size": [0.68462, -0.3189]}
							}
						},
						{
							"origin": [-2.80537, 1.46104, -0.23873],
							"size": [5.74563, 0.23767, 0.27081],
							"pivot": [0.00437, 1.01797, -0.10332],
							"rotation": [0, 90, 22.5],
							"uv": {
								"north": {"uv": [101.75507, 160.9611], "uv_size": [18.56493, 0.68462]},
								"east": {"uv": [206.30967, 120.0011], "uv_size": [0.68462, 0.68462]},
								"south": {"uv": [160.9611, 105.37253], "uv_size": [18.56493, 0.68462]},
								"west": {"uv": [121.46395, 206.30967], "uv_size": [0.68462, 0.68462]},
								"up": {"uv": [161.73221, 106.83538], "uv_size": [18.56493, 0.68462]},
								"down": {"uv": [142.71507, 161.64571], "uv_size": [18.56493, -0.68462]}
							}
						},
						{
							"origin": [-0.73581, 1.24241, -1.31931],
							"size": [0.1935, 1.548, 1.548],
							"pivot": [-0.63906, 2.01641, -0.54531],
							"rotation": [5, 0, 35],
							"uv": {
								"east": {"uv": [97.28, 231.86286], "uv_size": [19.01714, 19.01714]}
							}
						},
						{
							"origin": [0.52981, 1.53772, -2.86618],
							"size": [0.1935, 1.548, 1.548],
							"pivot": [0.62656, 2.31172, -2.09219],
							"rotation": [81.23992, 12.42179, 134.9118],
							"uv": {
								"east": {"uv": [135.68, 231.86286], "uv_size": [19.01714, 19.01714]}
							}
						}
					]
				},
				{
					"name": "division",
					"parent": "scoping",
					"pivot": [0.00022, 0.1819, -16.10268]
				},
				{
					"name": "cube_illuminated",
					"parent": "division",
					"pivot": [0.00022, 1.43346, -7.59174],
					"cubes": [
						{
							"origin": [-4.94978, -3.8382, -8.04174],
							"size": [9.9, 9.9, 0.9],
							"uv": {
								"south": {"uv": [0, 0], "uv_size": [105.73143, 105]}
							}
						}
					]
				},
				{
					"name": "scope_view",
					"parent": "scoping",
					"pivot": [0.0044, 1.018, 4.5133]
				}
			]
		}
	]
}