{
  "materials": [
    {
      "item": {
        "tag": "forge:gems/diamond"
      },
      "count": 1
    },
    {
      "item": {
        "tag": "forge:ingots/gold"
      },
      "count": 64
    },
    {
      "item": {
        "tag": "forge:ingots/iron"
      },
      "count": 96
    },
    {
      "item": {
        "tag": "forge:rods/blaze"
      }
    }
  ],
  "result": {
    "type": "gun",
    "id": "sfms:af_57"
  },
  "type": "tacz:gun_smith_table_crafting"
}