{
  "materials": [
    {
      "item": {
        "tag": "forge:ingots/gold"
      },
      "count": 180
    },
    {
      "item": {
        "tag": "forge:ingots/iron"
      },
      "count": 280
    },
    {
      "item": {
        "item": "minecraft:netherite_ingot"
      },
      "count": 4
    },
    {
      "item": {
        "tag": "forge:glass"
      },
      "count": 16
    },
    {
      "item": {
        "item": "blue_archivescraft:exskill_shanhaijing_1"
      },
      "count": 6
    },
    {
      "item": {
        "item": "blue_archivescraft:kikuko_1"
      },
      "count": 5
    }
  ],
  "result": {
    "type": "gun",
    "id": "sfms:ar50"
  },
  "type": "tacz:gun_smith_table_crafting"
}