{
  "materials": [
    {
      "item": {
        "type": "forge:partial_nbt",
        "item": "tacz:modern_kinetic_gun",
        "nbt": {
          "GunId": "sfms:ats15"
        }
      },
      "count": 1
    },
    {
      "item": {
        "type": "forge:partial_nbt",
        "item": "tacz:modern_kinetic_gun",
        "nbt": {
          "GunId": "sfms:sbr15"
        }
      },
      "count": 1
    },
    {
      "item": {
        "type": "forge:partial_nbt",
        "item": "tacz:attachment",
        "nbt": {
          "AttachmentId": "sfms:grip_ats15only"
        }
      },
      "count": 1
    },
    {
      "item": {
        "item": "minecraft:nether_star"
      },
      "count": 2
    },
    {
      "item": {
        "item": "blue_archivescraft:exskill_millennium_3"
      },
      "count": 6
    },
    {
      "item": {
        "item": "blue_archivescraft:wolfsegg_3"
      },
      "count": 5
    },
    {
      "item": {
        "item": "twilightforest:violet_castle_door"
      },
      "count": 4
    },
    {
      "item": {
        "item": "twilightforest:blue_castle_door"
      },
      "count": 4
    }
  ],
  "result": {
    "type": "gun",
    "id": "sfms:ats15mod"
  },
  "type": "tacz:gun_smith_table_crafting"
}