{
  "materials": [
    {
      "item": {
        "tag": "forge:ingots/gold"
      },
      "count": 24
    },
    {
      "item": {
        "tag": "forge:ingots/iron"
      },
      "count": 108
    },
    {
      "item": {
        "tag": "forge:gems/diamond"
      },
      "count": 16
    },
    {
      "item": {
        "tag": "forge:rods/blaze"
      },
      "count": 16
    },
    {
      "item": {
        "item": "minecraft:netherite_ingot"
      },
      "count": 2
    },
    {
      "item": {
        "item": "blue_archivescraft:exskill_millennium_1"
      },
      "count": 6
    },
    {
      "item": {
        "item": "blue_archivescraft:wolfsegg_1"
      },
      "count": 5
    }
  ],
  "result": {
    "type": "gun",
    "id": "sfms:ats15"
  },
  "type": "tacz:gun_smith_table_crafting"
}