{
  "materials": [
    {
      "item": {
        "tag": "forge:ingots/gold"
      },
      "count": 20
    },
    {
      "item": {
        "tag": "forge:ingots/iron"
      },
      "count": 195
    },
    {
      "item": {
        "tag": "forge:gems/diamond"
      },
      "count": 30
    },
    {
      "item": {
        "tag": "forge:rods/blaze"
      },
      "count": 2
    },
    {
      "item": {
        "item": "blue_archivescraft:exskill_millennium_0"
      },
      "count": 6
    },
    {
      "item": {
        "item": "blue_archivescraft:voynich_0"
      },
      "count": 5
    }
  ],
  "result": {
    "type": "gun",
    "id": "sfms:felix_12"
  },
  "type": "tacz:gun_smith_table_crafting"
}