{
  "materials": [
    {
      "item": {
        "tag": "forge:ingots/gold"
      },
      "count": 16
    },
    {
      "item": {
        "tag": "forge:ingots/iron"
      },
      "count": 15
    },
    {
      "item": {
        "item": "minecraft:magma_cream"
      },
      "count": 51
    },
    {
      "item": {
        "tag": "forge:rods/blaze"
      },
      "count": 68
    },
    {
      "item": {
        "type": "forge:partial_nbt",
        "item": "tacz:modern_kinetic_gun",
        "nbt": {
          "GunId": "sfms:felix_12"
        }
      },
      "count": 1
    },
    {
      "item": {
        "item": "blue_archivescraft:exskill_millennium_1"
      },
      "count": 6
    },
    {
      "item": {
        "item": "blue_archivescraft:romandice_1"
      },
      "count": 5
    }
  ],
  "result": {
    "type": "gun",
    "id": "sfms:felix_12dg"
  },
  "type": "tacz:gun_smith_table_crafting"
}