{
  "materials": [
    {
      "item": {
        "type": "forge:partial_nbt",
        "item": "tacz:modern_kinetic_gun",
        "nbt": {
          "GunId": "tacz:m249"
        }
      },
      "count": 1
    },
    {
      "item": {
        "item": "minecraft:netherite_ingot"
      },
      "count": 20
    },
    {
      "item": {
        "item": "minecraft:nether_star"
      },
      "count": 2
    },
    {
      "item": {
        "tag": "forge:ingots/iron"
      },
      "count": 520
    },
    {
      "item": {
        "item": "blue_archivescraft:exskill_redwinter_3"
      },
      "count": 6
    },
    {
      "item": {
        "item": "blue_archivescraft:ether_3"
      },
      "count": 5
    },
    {
      "item": {
        "item": "minecraft:dragon_head"
      },
      "count": 1
    }
  ],
  "result": {
    "type": "gun",
    "id": "sfms:har50",
    "attachments": {
      "scope": "sfms:scope_har50"
    }
  },
  "type": "tacz:gun_smith_table_crafting"
}