{
  "materials": [
    {
      "item": {
        "tag": "forge:ingots/gold"
      },
      "count": 8
    },
    {
      "item": {
        "tag": "forge:ingots/iron"
      },
      "count": 24
    },
    {
      "item": {
        "item": "blue_archivescraft:exskill_gehenna_0"
      },
      "count": 6
    },
    {
      "item": {
        "item": "blue_archivescraft:discocolgante_0"
      },
      "count": 5
    }
  ],
  "result": {
    "type": "gun",
    "id": "sfms:inf"
  },
  "type": "tacz:gun_smith_table_crafting"
}