{
  "materials": [
    {
      "item": {
        "type": "forge:partial_nbt",
        "item": "tacz:modern_kinetic_gun",
        "nbt": {
          "GunId": "sfms:inf"
        }
      },
      "count": 2
    },
    {
      "item": {
        "tag": "forge:ingots/iron"
      },
      "count": 100
    },
    {
      "item": {
        "tag": "forge:gems/diamond"
      },
      "count": 20
    },
    {
      "item": {
        "item": "minecraft:netherite_ingot"
      },
      "count": 2
    },
    {
      "item": {
        "item": "minecraft:nether_star"
      },
      "count": 2
    },
    {
      "item": {
        "item": "blue_archivescraft:exskill_gehenna_2"
      },
      "count": 6
    },
    {
      "item": {
        "item": "blue_archivescraft:discocolgante_2"
      },
      "count": 5
    }
  ],
  "result": {
    "type": "gun",
    "id": "sfms:inf_x"
  },
  "type": "tacz:gun_smith_table_crafting"
}