{
  "materials": [
    {
      "item": {
        "tag": "forge:ingots/gold"
      },
      "count": 16
    },
    {
      "item": {
        "tag": "forge:ingots/iron"
      },
      "count": 85
    },
    {
      "item": {
        "tag": "forge:gems/diamond"
      },
      "count": 3
    },
    {
      "item": {
        "tag": "forge:rods/blaze"
      },
      "count": 2
    },
    {
      "item": {
        "item": "blue_archivescraft:exskill_shanhaijing_0"
      },
      "count": 6
    },
    {
      "item": {
        "item": "blue_archivescraft:phaistos_0"
      },
      "count": 5
    }
  ],
  "result": {
    "type": "gun",
    "id": "sfms:lvsa_hs"
  },
  "type": "tacz:gun_smith_table_crafting"
}