{
  "materials": [
    {
      "item": {
        "tag": "forge:ingots/gold"
      },
      "count": 50
    },
    {
      "item": {
        "tag": "forge:ingots/iron"
      },
      "count": 320
    },
    {
      "item": {
        "tag": "forge:gems/diamond"
      },
      "count": 16
    },
    {
      "item": {
        "item": "minecraft:netherite_ingot"
      },
      "count": 4
    },
    {
      "item": {
        "tag": "forge:glass"
      },
      "count": 40
    },
    {
      "item": {
        "item": "blue_archivescraft:exskill_redwinter_0"
      },
      "count": 6
    },
    {
      "item": {
        "item": "blue_archivescraft:ether_0"
      },
      "count": 5
    }
  ],
  "result": {
    "type": "gun",
    "id": "sfms:lvsa_c_erode_lmg"
  },
  "type": "tacz:gun_smith_table_crafting"
}