{
  "materials": [
    {
      "item": {
        "tag": "forge:ingots/gold"
      },
      "count": 120
    },
    {
      "item": {
        "item": "minecraft:netherite_ingot"
      },
      "count": 4
    },
    {
      "item": {
        "tag": "forge:ingots/iron"
      },
      "count": 325
    },
    {
      "item": {
        "tag": "forge:gems/diamond"
      },
      "count": 64
    },
    {
      "item": {
        "item": "blue_archivescraft:exskill_shanhaijing_2"
      },
      "count": 6
    },
    {
      "item": {
        "item": "blue_archivescraft:atlantismedal_2"
      },
      "count": 5
    }
  ],
  "result": {
    "type": "gun",
    "id": "sfms:m109",
    "attachments": {
      "scope": "sfms:scope_mk5hd"
    }
  },
  "type": "tacz:gun_smith_table_crafting"
}