{
  "materials": [
    {
      "item": {
        "tag": "forge:ingots/gold"
      },
      "count": 24
    },
    {
      "item": {
        "tag": "forge:ingots/iron"
      },
      "count": 80
    },
    {
      "item": {
        "tag": "forge:gems/diamond"
      },
      "count": 2
    },
    {
      "item": {
        "item": "blue_archivescraft:exskill_hyakkiyako_0"
      },
      "count": 6  
    },
    {
      "item": {
        "item": "blue_archivescraft:kikuko_0"
      },
      "count": 5
    }
  ],
  "result": {
    "type": "gun",
    "id": "sfms:mgl320"
  },
  "type": "tacz:gun_smith_table_crafting"
}