{
  "materials": [
    {
      "item": {
        "tag": "forge:ingots/gold"
      },
      "count": 12
    },
    {
      "item": {
        "tag": "forge:ingots/iron"
      },
      "count": 96
    },
    {
      "item": {
        "item": "minecraft:netherite_ingot"
      },
      "count": 2
    },
    {
      "item": {
        "item": "cataclysm:abyssal_egg"
      },
      "count": 1
    },
    {
      "item": {
        "item": "blue_archivescraft:exskill_hyakkiyako_3"
      },
      "count": 6  
    },
    {
      "item": {
        "item": "blue_archivescraft:kikuko_3"
      },
      "count": 5
    },
    {
      "item": {
        "type": "forge:partial_nbt",
        "item": "tacz:modern_kinetic_gun",
        "nbt": {
          "GunId": "sfms:mgl320"
        }
      },
      "count": 1
    }
  ],
  "result": {
    "type": "gun",
    "id": "sfms:mgl40",
    "attachments": {
      "scope": "sfms:scope_oeg"
    }
  },
  "type": "tacz:gun_smith_table_crafting"
}