{
  "materials": [
    {
      "item": {
        "tag": "forge:ingots/gold"
      },
      "count": 50
    },
    {
      "item": {
        "tag": "forge:ingots/iron"
      },
      "count": 168
    },
    {
      "item": {
        "tag": "forge:gems/diamond"
      },
      "count": 16
    },
    {
      "item": {
        "tag": "forge:rods/blaze"
      },
      "count": 30
    },
    {
      "item": {
        "item": "blue_archivescraft:exskill_millennium_0"
      },
      "count": 6
    },
    {
      "item": {
        "item": "blue_archivescraft:wolfsegg_0"
      },
      "count": 5
    }
  ],
  "result": {
    "type": "gun",
    "id": "sfms:sbr15"
  },
  "type": "tacz:gun_smith_table_crafting"
}