{
  "materials": [
    {
      "item": {
        "tag": "forge:ingots/gold"
      },
      "count": 12
    },
    {
      "item": {
        "tag": "forge:ingots/iron"
      },
      "count": 40
    },
    {
      "item": {
        "tag": "forge:glass"
      },
      "count": 16
    },
    {
      "item": {
        "item": "blue_archivescraft:exskill_arius_0"
      },
      "count": 6
    },
    {
      "item": {
        "item": "blue_archivescraft:wolfegg_0"
      },
      "count": 5
    }
  ],
  "result": {
    "type": "gun",
    "id": "sfms:tech635"
  },
  "type": "tacz:gun_smith_table_crafting"
}