{
  "materials": [
    {
      "item": {
        "type": "forge:partial_nbt",
        "item": "tacz:ammo",
        "nbt": {
          "AmmoId": "trisdyna:tris_core"
        }
      },
      "count": 5
    },
    {
      "item": {
        "type": "forge:partial_nbt",
        "item": "tacz:ammo",
        "nbt": {
          "AmmoId": "trisdyna:emx_b3"
        }
      },
      "count": 12
    },
    {
      "item": {
        "item": "minecraft:redstone"
      },
      "count": 128
    },
    {
      "item": {
        "item": "minecraft:end_crystal"
      },
      "count": 4
    },
    {
      "item": {
        "item": "minecraft:netherite_scrap"
      },
      "count": 12
    },
    {
      "item": {
        "item": "minecraft:iron_ingot"
      },
      "count": 160
    }
  ],
  "result": {
    "type": "attachment",
    "id": "trisdyna:stock_sf7e_he"
  },
  "type": "tacz:gun_smith_table_crafting"
}