{
  "weight": 1.9,
  "movement_speed": {
    "base": 0.0,
    "aim": -0.04,
    "reload": -0.04
  },
  "ammo": "tacz:46x30",
  "ammo_amount": 22,
  "extended_mag_ammo_amount": [
    26,
    30,
    36
  ],
  "bolt": "open_bolt",
  "rpm": 850,
  "bullet": {
    // 寿命，单位秒
    "life": 0.5,
    // 用于霰弹，默认为 1，每发的伤害 / bullet_amount，每次射击扣除一发子弹
    "bullet_amount": 1,
    // 伤害
    "damage": 6.7,
    // 曳光弹间隔数量，没有此字段则不发射曳光弹
    // 设置为 0 则是每发都是曳光弹
    "tracer_count_interval": 0,
    // 额外伤害的内容，为空则表示没有任何额外伤害计算内容
    "extra_damage": {
      // 护甲穿透率，默认为 0，也就是没有穿甲伤害
      "armor_ignore": 0.33,
      // 爆头伤害 x1.5
      "head_shot_multiplier": 1.4,
      // 距离-伤害分段常函数
      "damage_adjust": [
        {"distance": 25, "damage": 6.7},
        {"distance": 35, "damage": 5.6},
        {"distance": 46, "damage": 4.5},
        {"distance": "infinite", "damage": 4.0}
      ]
    },
    // 速度 m/s
    "speed": 300,
    // 重力
    "gravity": 0.0245,
    // 击退效果
    "knockback": 0,
    // 阻力
    "friction": 0.01,
    // 点燃目标
    "ignite": false,
    // 穿透数
    "pierce": 1
    // 是否爆炸，没有此字段时为 false
    //"explosion": {
    //  "radius": 5
    //}
  },
  "reload": {
    "type": "magazine",
    "feed": {
      "empty": 2,
      "tactical": 1.13
    },
    "cooldown": {
      "empty": 2.54,
      "tactical": 1.75
    }
  },
  "draw_time": 0.3,
  "put_away_time": 0.3,
  "aim_time": 0.1,
  "sprint_time": 0.15,
  "fire_mode": [
    "auto",
	"semi"
  ],
  "fire_mode_adjust": {
    "semi": {
	  "damage": 0.2,
      "rpm": 100,
      "speed": 30,
      "head_shot_multiplier": 0.05,
      "aim_inaccuracy": -0.06,
      "other_inaccuracy": -0.25
    },
    "auto": {
      "damage": -0.4,
      "aim_inaccuracy": 0.06,
      "other_inaccuracy": 0.25
    }
  },
  "recoil": {
    "pitch": [
      {"time": 0, "value": [0.85, 0.85]},
      {"time": 0.3, "value": [0.85, 0.85]},
      {"time": 0.55, "value": [0.2, 0.2]},
      {"time": 0.85, "value": [0.35, 0.35]},
      {"time": 1.0, "value": [0.35, 0.35]}
    ],
    "yaw": [
      {"time": 0, "value": [-0.25, 0.25]},
      {"time": 0.4, "value": [0, 0]}
    ]
  },
  // 近战相关
  "melee": {
    // 枪械距离参数，用来延升近战攻击范围
    // 会与刺刀等配件的距离做加和
    "distance": 1,
    // 使用时的冷却时间
    "cooldown": 0.6,
    // 默认近战数据，会被配件的数据替换掉
    "default": {
      // 动画类型：没有枪托的为 melee_push，有枪托的为 melee_stock
      "animation_type": "melee_push",
      // 刺刀距离参数，枪械里还有个刺刀攻击距离参数，两者做加和
      "distance": 1,
      // 刺刀范围角度
      "range_angle": 30,
      // 伤害值
      "damage": 4.3,
      // 击退效果
      "knockback": 0.5,
      // 前摇时长，单位：秒
      "prep": 0.1
    }
  },
  "inaccuracy": {
    "stand": 0.25,
    "move": 0.55,
    "sneak": 0.25,
    "lie": 0.25,
    "aim": 0.15
  },
  // 开放的配件槽。未指定的槽位默认关闭。全部配件槽类型有:
  // scope, stock, muzzle, grip, laser, extended_mag
  "allow_attachment_types": [
    "muzzle",
    "scope",
	"laser",
    "extended_mag"
  ]
}