{
  "ammo": "tacz:12g",
  "ammo_amount": 5,
  "extended_mag_ammo_amount": [
    10,
    15,
    17
  ],
  "bolt": "closed_bolt",
  "rpm": 340,
  "bullet": {
    "life": 0.8,
    "bullet_amount": 8,
    "damage": 42.7,
    "tracer_count_interval": 0,
    "extra_damage": {
      "armor_ignore": 0.1,
      "head_shot_multiplier": 1.5,
      "damage_adjust": [
        {"distance": 10, "damage": 67.7},
        {"distance": 15, "damage": 51.2},
        {"distance": 20, "damage": 48},
        {"distance": "infinite", "damage": 30}
      ]
    },
    "speed": 70,
    "gravity": 0.15,
    "knockback": 0.1,
    "friction": 0.015,
    // 点燃目标
    // "ignite": false,
    "ignite": {
      // 点燃实体
      "entity": true,
      // 点燃方块
      "block": false
    },
    // 点燃时间，默认为 2 秒，仅用于实体
    "ignite_entity_time": 30,
    "pierce": 2
  },
  "reload": {
    "type": "magazine",
    "feed": {
      "empty": 2.43,
      "tactical": 1.63
    },
    "cooldown": {
      "empty": 2.97,
      "tactical": 2.47
    }
  },
  "draw_time": 0.43,
  "put_away_time": 0.43,
  "aim_time": 0.35,
  "sprint_time": 0.16,
  "weight": 3.6,
  "movement_speed": {
    "base": 0.0,
    "aim": -0.15,
    "reload": -0.1
  },
  "crawl_recoil_multiplier": 0.5,
  "fire_mode": [
    "semi",
    "auto"
  ],
  "burst_data": {
    "continuous_shoot": true,
    "count": 3,
    "bpm": 800,
    "min_interval": 0.45
  },
  "recoil": {
    "pitch": [
      {"time": 0, "value": [0.5, 0.5]},
      {"time": 0.25, "value": [0.5, 0.5]},
      {"time": 0.45, "value": [-0.2, -0.2]},
      {"time": 0.6, "value": [0, 0]},
      {"time": 0.7, "value": [0, 0]}
    ],
    "yaw": [
      {"time": 0, "value": [-0.2, 0.15]},
      {"time": 0.35, "value": [-0.2, 0.15]},
      {"time": 0.5, "value": [0, 0]}
    ]
  },
  "inaccuracy": {
    "stand": 3.8,
    "move": 3.9,
    "sneak": 3.6,
    "lie": 3.6,
    "aim": 3.15
  },
  // 近战相关
  "melee": {
    // 枪械距离参数，用来延升近战攻击范围
    // 会与刺刀等配件的距离做加和
    "distance": 1,
    // 使用时的冷却时间
    "cooldown": 0.6,
    // 默认近战数据，会被配件的数据替换掉
    "default": {
      // 动画类型：没有枪托的为 melee_push，有枪托的为 melee_stock
      "animation_type": "melee_stock",
      // 刺刀距离参数，枪械里还有个刺刀攻击距离参数，两者做加和
      "distance": 1,
      // 刺刀范围角度
      "range_angle": 30,
      // 伤害值
      "damage": 2,
      // 击退效果
      "knockback": 0.6,
      // 前摇时长，单位：秒
      "prep": 0.1
    }
  },
  "allow_attachment_types": [
    "scope",
    "stock",
    "grip",
    "extended_mag",
    "laser"
  ],
  // 配件槽的默认配件，当未安装配件时使用
  // 默认配件的data将不会被应用，仅仅有外观效果
  // 用于默认瞄具等特殊场合
   "builtin_attachments": {
     "scope": "sfms:sight_exp3",
	 "stock": "tacz:stock_sba3"
   },
  "exclusive_attachments": {
  }
}