{
  "model": "sfms:gun/ar50_geo",
  "texture": "sfms:gun/uv/ar50",
//  "lod": {
//    "model": "tacz:gun/lod/spr15hb",
//    "texture": "tacz:gun/lod/spr15hb"
//  },
  "hud": "sfms:gun/hud/ar50",
  "slot": "sfms:gun/slot/ar50",
  "animation": "sfms:ar50",
  "use_default_animation": "rifle",
  "third_person_animation": "default",
  "transform": {
    "scale": {
      "thirdperson": [0.6, 0.6, 0.6],
      "ground": [0.6, 0.6, 0.6],
      "fixed": [1.2, 1.2, 1.2]
    }
  },
  "muzzle_flash": {
    "texture": "tacz:flash/common_muzzle_flash",
    "scale": 1.25
  },
  "iron_zoom": 1.5,
  "zoom_model_fov": 50,
  "shell": {
    "initial_velocity": [5, 2, 1],
    "random_velocity": [1, 1, 0.25],
    "acceleration": [0.0, -10, 0.0],
    "angular_velocity": [360, -1200, 90],
    "living_time": 1.0
  },
  "sounds": {
    "shoot": "sfms:sfms_guns/ar50_shoot2",
    "shoot_3p": "sfms:sfms_guns/ar50_shoot2",
    "silence": "tacz:spr15hb/spr15hb_silence",
    "silence_3p": "tacz:spr15hb/spr15hb_silence_3p",
    "draw": "tacz:spr15hb/spr15hb_draw",
    "put_away": "tacz:spr15hb/spr15hb_put_away"
  },
  "offhand_show": {
    "pos": [1, 19, 4],
    "rotate": [0, 0, 50],
    "scale": [0.5, 0.5, 0.5]
  },
  "hotbar_show": {
    "0": {
      "pos": [-1, 19, 3],
      "rotate": [-180, 0, 130],
      "scale": [0.5, 0.5, 0.5]
    }
  }
}