{
  "model": "sfms:gun/ats15_geo",
  "texture": "sfms:gun/uv/ats15",
//  "lod": {
//    "model": "tacz:gun/lod/m4a1",
//    "texture": "tacz:gun/lod/m4a1"
//  },
  "hud": "sfms:gun/hud/ats15",
  "slot": "sfms:gun/slot/ats15",
  "animation": "sfms:ats15",
  "use_default_animation": "rifle",
  "third_person_animation": "default",
  "transform": {
    "scale": {
      "thirdperson": [0.6, 0.6, 0.6],
      "ground": [0.6, 0.6, 0.6],
      "fixed": [1.2, 1.2, 1.2]
    }
  },
  "muzzle_flash": {
    "texture": "sfms:flash/common_muzzle_flash",
    "scale": 0.75
  },
  "iron_zoom": 1.33,
  "zoom_model_fov": 55,
  "shell": {
    "initial_velocity": [5, 2, 1],
    "random_velocity": [1, 1, 0.25],
    "acceleration": [0.0, -10, 0.0],
    "angular_velocity": [360, -1200, 90],
    "living_time": 1.0
  },
  "sounds": {
    "shoot": "sfms:sfms_guns/ats15_shoot1",
    "shoot_3p": "sfms:sfms_guns/ats15_shoot1",
    "silence": "sfms:sfms_guns/ats15_shoot2",
    "silence_3p": "sfms:sfms_guns/ats15_shoot2",
    "reload_empty": "tacz:m16a4/m16a4_reload_empty",
    "reload_tactical": "tacz:m16a4/m16a4_reload_tactical",
    "inspect": "tacz:m16a4/m16a4_inspect",
    "inspect_empty": "tacz:m16a4/m16a4_inspect_empty",
	"dry_fire": "sfms:ms_dw2",
    "draw": "tacz:m16a4/m16a4_draw",
    "put_away": "tacz:m16a4/m16a4_put_away"
  },
  "offhand_show": {
    "pos": [1, 19, 4],
    "rotate": [0, 0, 50],
    "scale": [0.5, 0.5, 0.5]
  },
  "hotbar_show": {
    "0": {
      "pos": [-1, 19, 3],
      "rotate": [-180, 0, 130],
      "scale": [0.5, 0.5, 0.5]
    }
  },
  "laser": {
    // 默认的镭射颜色
    "default_color": "0x60FF60",
    // 是否允许在改装界面自定义该镭射的颜色
    "can_edit": true,
    // 激光的长度（因为是渐变，末端可能实际完全看不见）
    "length": 5
  }
}