{
  "model": "sfms:gun/felix_12_geo",
  "texture": "sfms:gun/uv/felix_12",
//  "lod": {
//    "model": "tacz:gun/lod/scar_l",
//    "texture": "tacz:gun/lod/scar_l"
//  },
  "hud": "sfms:gun/hud/felix_12",
  "slot": "sfms:gun/slot/felix_12",
  "animation": "sfms:felix_12",
  "use_default_animation": "rifle",
  //"state_machine": "tacz:scar_l_state_machine",
  "third_person_animation": "default",
  "transform": {
    "scale": {
      "thirdperson": [0.6, 0.6, 0.6],
      "ground": [0.6, 0.6, 0.6],
      "fixed": [1.2, 1.2, 1.2]
    }
  },
  "muzzle_flash": {
    "texture": "tacz:flash/common_muzzle_flash",
    "scale": 1.125
  },
  "iron_zoom": 1.33,
  "zoom_model_fov": 60,
  "shell": {
    // 抛壳的初速度
    "initial_velocity": [6, 2, -4.5],
    // 抛壳随机变化的运动速度
    "random_velocity": [2, 1.5, 0.5],
    // 抛壳的加速度
    "acceleration": [0.0, -12.5, 0.0],
    // 抛壳的三轴角速度
    "angular_velocity": [360, -1200, 90],
    // 抛壳渲染存活时间，单位为秒
    "living_time": 1.0
  },
  "sounds": {
    "shoot": "sfms:sfms_guns/gen12_shoot2",
    "shoot_3p": "sfms:sfms_guns/gen12_shoot",
    "silence": "tacz:scar_l/scar_l_silence",
    "silence_3p": "tacz:scar_l/scar_l_silence_3p",
    "dry_fire": "tacz:dry_fire",
    "fire_select": "tacz:fire_select",
    "head_hit": "tacz:head_hit",
    "flesh_hit": "tacz:flesh_hit",
    "kill": "tacz:kill",
    "melee_push": "tacz:melee_stock/melee_stock_01",
    "melee_stock": "tacz:melee_stock/melee_stock_03"
  },
  "offhand_show": {
    "pos": [0, 19, 4],
    "rotate": [0, 0, 60],
    "scale": [0.5, 0.5, 0.5]
  },
  "hotbar_show": {
    "0": {
      "pos": [0, 19, 3],
      "rotate": [-180, 0, 120],
      "scale": [0.5, 0.5, 0.5]
    }
  }
}