{
  "model": "sfms:gun/felix_12dg_geo",
  "texture": "sfms:gun/uv/felix_12dg",
//  "lod": {
//    "model": "tacz:gun/lod/scar_l",
//    "texture": "tacz:gun/lod/scar_l"
//  },
  "hud": "sfms:gun/hud/felix_12dg",
  "slot": "sfms:gun/slot/felix_12dg",
  "animation": "sfms:felix_12dg",
  "use_default_animation": "rifle",
  //"state_machine": "tacz:scar_l_state_machine",
  "third_person_animation": "default",
  "transform": {
    "scale": {
      "thirdperson": [0.6, 0.6, 0.6],
      "ground": [0.6, 0.6, 0.6],
      "fixed": [1.2, 1.2, 1.2]
    }
  },
  "muzzle_flash": {
    "texture": "sfms:flash/emx_muzzle_flash_r",
    "scale": 1.125
  },
  "iron_zoom": 1.33,
  "zoom_model_fov": 60,
  "shell": {
    // 抛壳的初速度
    "initial_velocity": [6, 2, -4.5],
    // 抛壳随机变化的运动速度
    "random_velocity": [2, 1.5, 0.5],
    // 抛壳的加速度
    "acceleration": [0.0, -12.5, 0.0],
    // 抛壳的三轴角速度
    "angular_velocity": [360, -1200, 90],
    // 抛壳渲染存活时间，单位为秒
    "living_time": 1.0
  },
  // 子弹相关渲染参数。ammo display 里也有，但是会被这里的参数覆盖掉
  "ammo": {
    // 曳光弹颜色，没有则为 #FFFFFF，没有此字段时，会调用 ammo 的相关字段
    // 严格遵循 RGB 颜色代码
    "tracer_color": "#FF7900",
    // 粒子效果，部分参数和原版指令完全一致，具体可参考 wiki：https://minecraft.fandom.com/zh/wiki/%E5%91%BD%E4%BB%A4/particle
    // 没有此字段时，会调用 ammo 的相关字段
        "particle": {
    //      // 名称，具体可选粒子可参考 wiki：https://minecraft.fandom.com/zh/wiki/%E7%B2%92%E5%AD%90
          "name": "lava",
    //      // 生成的区域，默认为 0 0 0
          "delta": [
            0,
            0,
            0
          ],
    //      // 速度，默认为0，必须至少为 0
          "speed": 0,
    //      // 粒子存在时间，单位 tick，默认为 20 tick
          "life_time": 40,
    //      // 粒子数量，当子弹速度过快时，可以增大此数量，能够填满子弹路径的空隙
          "count": 2
        }
  },
  "sounds": {
    "shoot": "sfms:sfms_guns/gen12_shootx3",
    "shoot_3p": "sfms:sfms_guns/gen12_shoot",
    "silence": "tacz:scar_l/scar_l_silence",
    "silence_3p": "tacz:scar_l/scar_l_silence_3p",
    "dry_fire": "tacz:dry_fire",
    "fire_select": "tacz:fire_select",
    "head_hit": "tacz:head_hit",
    "flesh_hit": "tacz:flesh_hit",
    "kill": "tacz:kill",
    "melee_push": "tacz:melee_stock/melee_stock_01",
    "melee_stock": "tacz:melee_stock/melee_stock_03"
  },
  "offhand_show": {
    "pos": [0, 19, 4],
    "rotate": [0, 0, 60],
    "scale": [0.5, 0.5, 0.5]
  },
  "hotbar_show": {
    "0": {
      "pos": [0, 19, 3],
      "rotate": [-180, 0, 120],
      "scale": [0.5, 0.5, 0.5]
    }
  }
}