{
  "model": "sfms:gun/g18_geo",
  "texture": "sfms:gun/uv/g18",
//  "lod": {
//    "model": "tacz:gun/lod/b93r",
//    "texture": "tacz:gun/lod/b93r"
//  },
  "hud": "sfms:gun/hud/g18",
  "slot": "sfms:gun/slot/g18",
  "animation": "sfms:g18",
  "use_default_animation": "pistol",
  "player_animator_3rd": "tacz:pistol_default.player_animation",
  "transform": {
    "scale": {
      "thirdperson": [0.6, 0.6, 0.6],
      "ground": [0.6, 0.6, 0.6],
      "fixed": [1.2, 1.2, 1.2]
    }
  },
  "shell": {
    "initial_velocity": [3.5, 4.0, -6],
    "random_velocity": [1, 2, 4],
    "acceleration": [0.0, -20, 0.0],
    "angular_velocity": [360, -1200, 360],
    "living_time": 1.0
  },
  "muzzle_flash": {
    "texture": "tacz:flash/common_muzzle_flash",
    "scale": 0.4
  },
  "sounds": {
    "draw": "tacz:b93r/b93r_draw",
    "put_away": "tacz:b93r/b93r_put_away",
    "shoot": "tacz:b93r/b93r_shoot",
    "shoot_3p": "tacz:b93r/b93r_shoot_3p",
    "silence": "sfms:sfms_guns/hg_s_shoot1",
    "silence_3p": "sfms:sfms_guns/hg_s_shoot1",
	"melee_push": "sfms:emx_melee/emx_melee_01"
  },
  // 枪械模型上的文本显示
  "text_show": {
    // 作用的组名，该组的旋转点决定文本的位置和朝向
    "ammo_text": {
      "scale": 0.22,
      // 对齐方式：right，center，left
      "align": "center",
      // 阴影
      "shadow": false,
      // 文本颜色
      "color": "#a2fd5d",
      // 亮度：1-15
      "light": 15,
      // 本地化，且支持PlaceholderAPI 风格的占位符
      // 目前仅支持两个：%player_name% %ammo_count%
      "text": "%ammo_count%"
    }
  },
  "offhand_show": {
    "pos": [4, 13, -1],
    "rotate": [-90, -35, 90],
    "scale": [0.5, 0.5, 0.5]
  },
  "hotbar_show": {
    "0": {
      "pos": [-5, 13, -1],
      "rotate": [-90, -35, 90],
      "scale": [0.5, 0.5, 0.5]
    }
  }
}