{
  "model": "sfms:gun/tech635_geo",
  "texture": "sfms:gun/uv/tech635",
//  "lod": {
//    "model": "tacz:gun/lod/hk416d",
//    "texture": "tacz:gun/lod/hk416d"
//  },
  "hud": "sfms:gun/hud/tech635",
  "slot": "sfms:gun/slot/tech635",
  "animation": "sfms:tech635",
//  "state_machine": "tacz:hk416d_state_machine",
  "use_default_animation": "rifle",
  "third_person_animation": "default",
  "transform": {
    "scale": {
      "thirdperson": [0.6, 0.6, 0.6],
      "ground": [0.6, 0.6, 0.6],
      "fixed": [1.2, 1.2, 1.2]
    }
  },
  "muzzle_flash": {
    "texture": "tacz:flash/common_muzzle_flash",
    "scale": 0.5
  },
  "iron_zoom": 1.33,
  "zoom_model_fov": 60,
  "shell": {
    "initial_velocity": [5, 2, 1],
    "random_velocity": [1, 1, 0.25],
    "acceleration": [0.0, -10, 0.0],
    "angular_velocity": [360, -1200, 90],
    "living_time": 1.0
  },
  "sounds": {
    "shoot": "sfms:sfms_guns/smg_shoot4",
    "shoot_3p": "sfms:sfms_guns/smg_shoot3",
    "draw": "tacz:hk416d/hk416d_draw",
    "put_away": "tacz:hk416d/hk416d_put_away",
    "silence": "sfms:sfms_guns/tech635_s_shoot",
    "silence_3p": "sfms:sfms_guns/tech635_s_shoot",
	"dry_fire": "sfms:ms_dw2",
    "melee_push": "tacz:melee_stock/melee_stock_01",
    "melee_stock": "tacz:melee_stock/melee_stock_02"
  },
  "offhand_show": {
    "pos": [1, 19, 4],
    "rotate": [0, 0, 50],
    "scale": [0.5, 0.5, 0.5]
  },
  "hotbar_show": {
    "0": {
      "pos": [-1, 19, 3],
      "rotate": [-180, 0, 130],
      "scale": [0.5, 0.5, 0.5]
    }
  }
}