{
  "materials": [
    {
      "item": {
        "type": "forge:partial_nbt",
        "item": "tacz:ammo",
        "nbt": {
          "AmmoId": "emxcust:emx_cus_tool"
        }
      },
      "count": 10
    },
    {
      "item": {
        "type": "forge:partial_nbt",
        "item": "tacz:modern_kinetic_gun",
        "nbt": {
          "GunId": "trisdyna:rc"
        }
      },
      "count": 1
    },
    {
      "item": {
        "item": "minecraft:yellow_dye"
      },
      "count": 10
    },
    {
      "item": {
        "item": "minecraft:lime_dye"
      },
      "count": 10
    },
    {
      "item": {
        "item": "cataclysm:cursium_chestplate"
      },
      "count": 1
    },
    {
      "item": {
        "item": "blue_archivescraft:copia_3"
      },
      "count": 5
    },
    {
      "item": {
        "item": "blue_archivescraft:exskill_redwinter_3"
      },
      "count": 6
    }
  ],
  "result": {
    "type": "gun",
    "id": "trisdyna:rc_ar"
  },
  "type": "tacz:gun_smith_table_crafting"
}