{
  "materials": [
    {
      "item": {
        "type": "forge:partial_nbt",
        "item": "tacz:ammo",
        "nbt": {
          "AmmoId": "emxcust:emx_cus_tool"
        }
      },
      "count": 10
    },
    {
      "item": {
        "type": "forge:partial_nbt",
        "item": "tacz:modern_kinetic_gun",
        "nbt": {
          "GunId": "trisdyna:tris_sf7e"
        }
      },
      "count": 1
    },
    {
      "item": {
        "item": "minecraft:red_dye"
      },
      "count": 12
    },
    {
      "item": {
        "item": "minecraft:redstone"
      },
      "count": 10
    },
    {
      "item": {
        "item": "cataclysm:gauntlet_of_guard"
      },
      "count": 1
    },
    {
      "item": {
        "item": "blue_archivescraft:exskill_shanhaijing_3"
      },
      "count": 6
    },
    {
      "item": {
        "item": "blue_archivescraft:baghdad_3"
      },
      "count": 5
    }
  ],
  "result": {
    "type": "gun",
    "id": "trisdyna:tris_sf7e_wa"
  },
  "type": "tacz:gun_smith_table_crafting"
}