{
	"format_version": "1.12.0",
	"minecraft:geometry": [
		{
			"description": {
				"identifier": "geometry.unknown",
				"texture_width": 512,
				"texture_height": 512,
				"visible_bounds_width": 24,
				"visible_bounds_height": 6,
				"visible_bounds_offset": [0, 2, 0]
			},
			"bones": [
				{
					"name": "camera",
					"pivot": [2.5, 12, 13.75]
				},
				{
					"name": "positioning2",
					"pivot": [0, 0, 0]
				},
				{
					"name": "shell",
					"parent": "positioning2",
					"pivot": [-0.5, 9.15, 0.225]
				},
				{
					"name": "scope_pos",
					"parent": "positioning2",
					"pivot": [0, 10.68744, 5.7125]
				},
				{
					"name": "muzzle_flash",
					"parent": "positioning2",
					"pivot": [0, 8.55, -27.3875]
				},
				{
					"name": "grip_pos",
					"parent": "positioning2",
					"pivot": [0, 7.19841, -7.25]
				},
				{
					"name": "views",
					"pivot": [2, 12, 12]
				},
				{
					"name": "idle_view",
					"parent": "views",
					"pivot": [2.5, 12, 13.75]
				},
				{
					"name": "iron_view",
					"parent": "views",
					"pivot": [0, 11.34375, 12.1563]
				},
				{
					"name": "refit_view",
					"parent": "views",
					"pivot": [20, 9, -2],
					"rotation": [0, 90, 0]
				},
				{
					"name": "refit_muzzle_view",
					"parent": "views",
					"pivot": [12, 9, -26],
					"rotation": [0, 120, 0]
				},
				{
					"name": "refit_stock_view",
					"parent": "views",
					"pivot": [12, 9, 12],
					"rotation": [0, 90, 0]
				},
				{
					"name": "refit_scope_view",
					"parent": "views",
					"pivot": [10, 12, 9],
					"rotation": [0, 50, 0]
				},
				{
					"name": "refit_extended_mag_view",
					"parent": "views",
					"pivot": [8.525, 1.275, 4.35],
					"rotation": [-15, 63.76338, 0]
				},
				{
					"name": "refit_grip_view",
					"parent": "views",
					"pivot": [11, 7, -9.125],
					"rotation": [0, 100, 0]
				},
				{
					"name": "positioning",
					"pivot": [0, 0, 0]
				},
				{
					"name": "fixed",
					"parent": "positioning",
					"pivot": [1.35, 8.275, -0.05],
					"rotation": [0, 90, 0]
				},
				{
					"name": "ground",
					"parent": "positioning",
					"pivot": [0, -4, 2]
				},
				{
					"name": "thirdperson_hand",
					"parent": "positioning",
					"pivot": [0, 5.825, 7.425]
				},
				{
					"name": "ak200lod",
					"pivot": [0.22374, 4.5, -3],
					"cubes": [
						{
							"origin": [-0.12844, 8.30293, -9.86109],
							"size": [0.70435, 0.70435, 0.53749],
							"pivot": [0.22374, 8.6551, -11.44747],
							"rotation": [0, 0, -45],
							"uv": {
								"north": {"uv": [64, 50], "uv_size": [0.5, 0.5]},
								"east": {"uv": [64, 51], "uv_size": [0.5, 0.5]},
								"south": {"uv": [64, 52], "uv_size": [0.5, 0.5]},
								"west": {"uv": [64, 53], "uv_size": [0.5, 0.5]},
								"up": {"uv": [54, 64], "uv_size": [0.5, 0.5]},
								"down": {"uv": [64, 54.5], "uv_size": [0.5, -0.5]}
							}
						},
						{
							"origin": [0.14524, 7.90823, -15.655],
							"size": [0.157, 0.20223, 6.28855],
							"uv": {
								"north": {"uv": [64, 47], "uv_size": [0.5, 0.5]},
								"east": {"uv": [29, 58], "uv_size": [9.5, 0.5]},
								"south": {"uv": [64, 49], "uv_size": [0.5, 0.5]},
								"west": {"uv": [40, 59], "uv_size": [9.5, 0.5]},
								"up": {"uv": [58, 17], "uv_size": [0.5, 9.5]},
								"down": {"uv": [58, 57.5], "uv_size": [0.5, -9.5]}
							}
						},
						{
							"origin": [-0.00476, 7.80823, -14.905],
							"size": [0.457, 0.90223, 0.88855],
							"uv": {
								"north": {"uv": [63, 14], "uv_size": [0.5, 1]},
								"east": {"uv": [54, 53], "uv_size": [1, 1]},
								"south": {"uv": [15, 63], "uv_size": [0.5, 1]},
								"west": {"uv": [55, 7], "uv_size": [1, 1]},
								"up": {"uv": [63, 15], "uv_size": [0.5, 1]},
								"down": {"uv": [16, 64], "uv_size": [0.5, -1]}
							}
						},
						{
							"origin": [-0.00476, 7.80823, -13.33574],
							"size": [0.457, 0.90223, 0.53749],
							"uv": {
								"north": {"uv": [63, 6], "uv_size": [0.5, 1]},
								"east": {"uv": [7, 63], "uv_size": [0.5, 1]},
								"south": {"uv": [63, 7], "uv_size": [0.5, 1]},
								"west": {"uv": [63, 10], "uv_size": [0.5, 1]},
								"up": {"uv": [64, 45], "uv_size": [0.5, 0.5]},
								"down": {"uv": [64, 46.5], "uv_size": [0.5, -0.5]}
							}
						},
						{
							"origin": [-0.12844, 8.30293, -16.31074],
							"size": [0.70435, 0.70435, 1.77424],
							"pivot": [0.22374, 8.6551, -16.26461],
							"rotation": [0, 0, -45],
							"uv": {
								"north": {"uv": [64, 43], "uv_size": [0.5, 0.5]},
								"east": {"uv": [55, 58], "uv_size": [2, 0.5]},
								"south": {"uv": [64, 44], "uv_size": [0.5, 0.5]},
								"west": {"uv": [58, 58], "uv_size": [2, 0.5]},
								"up": {"uv": [21, 57], "uv_size": [0.5, 2]},
								"down": {"uv": [57, 37], "uv_size": [0.5, -2]}
							}
						},
						{
							"origin": [-0.12844, 8.30293, -19.54069],
							"size": [0.70435, 0.70435, 1.37424],
							"pivot": [0.22374, 8.6551, -15.14226],
							"rotation": [0, 0, -45],
							"uv": {
								"north": {"uv": [64, 41], "uv_size": [0.5, 0.5]},
								"east": {"uv": [58, 59], "uv_size": [1.5, 0.5]},
								"south": {"uv": [64, 42], "uv_size": [0.5, 0.5]},
								"west": {"uv": [60, 7], "uv_size": [1.5, 0.5]},
								"up": {"uv": [60, 44], "uv_size": [0.5, 1.5]},
								"down": {"uv": [61, 11.5], "uv_size": [0.5, -1.5]}
							}
						},
						{
							"origin": [-0.37844, 7.80293, -27.13433],
							"size": [1.20435, 1.70435, 8.5734],
							"uv": {
								"north": {"uv": [64, 39], "uv_size": [0.5, 0.5]},
								"east": {"uv": [58, 62], "uv_size": [6.5, 0.5]},
								"south": {"uv": [64, 40], "uv_size": [0.5, 0.5]},
								"west": {"uv": [62, 60], "uv_size": [6.5, 0.5]},
								"up": {"uv": [55, 47], "uv_size": [0.5, 6.5]},
								"down": {"uv": [56, 11.5], "uv_size": [0.5, -6.5]}
							}
						},
						{
							"origin": [-0.0295, 8.69869, -15.44608],
							"size": [0.50647, 1.19905, 0.9117],
							"uv": {
								"north": {"uv": [63, 1], "uv_size": [0.5, 1]},
								"east": {"uv": [54, 2], "uv_size": [1, 1]},
								"south": {"uv": [63, 4], "uv_size": [0.5, 1]},
								"west": {"uv": [10, 54], "uv_size": [1, 1]},
								"up": {"uv": [63, 5], "uv_size": [0.5, 1]},
								"down": {"uv": [6, 64], "uv_size": [0.5, -1]}
							}
						},
						{
							"origin": [0.16838, 10.38067, -20.1694],
							"size": [0.11071, 0.40753, 0.1912],
							"uv": {
								"north": {"uv": [64, 34], "uv_size": [0.5, 0.5]},
								"east": {"uv": [35, 64], "uv_size": [0.5, 0.5]},
								"south": {"uv": [64, 35], "uv_size": [0.5, 0.5]},
								"west": {"uv": [64, 36], "uv_size": [0.5, 0.5]},
								"up": {"uv": [64, 37], "uv_size": [0.5, 0.5]},
								"down": {"uv": [64, 38.5], "uv_size": [0.5, -0.5]}
							}
						},
						{
							"origin": [-0.0295, 9.35867, -13.90298],
							"size": [0.50647, 1.10661, 0.24735],
							"pivot": [-0.0295, 9.40814, -13.77371],
							"rotation": [20, 0, 0],
							"uv": {
								"north": {"uv": [46, 60], "uv_size": [0.5, 1]},
								"east": {"uv": [51, 60], "uv_size": [0.5, 1]},
								"south": {"uv": [50, 61], "uv_size": [0.5, 1]},
								"west": {"uv": [50, 62], "uv_size": [0.5, 1]},
								"up": {"uv": [64, 32], "uv_size": [0.5, 0.5]},
								"down": {"uv": [34, 64.5], "uv_size": [0.5, -0.5]}
							}
						},
						{
							"origin": [-0.0295, 8.71046, -14.77232],
							"size": [0.50647, 0.69158, 1.12649],
							"uv": {
								"north": {"uv": [64, 31], "uv_size": [0.5, 0.5]},
								"east": {"uv": [37, 59], "uv_size": [1, 0.5]},
								"south": {"uv": [32, 64], "uv_size": [0.5, 0.5]},
								"west": {"uv": [59, 47], "uv_size": [1, 0.5]},
								"up": {"uv": [60, 27], "uv_size": [0.5, 1]},
								"down": {"uv": [60, 33], "uv_size": [0.5, -1]}
							}
						},
						{
							"origin": [-0.02948, 8.66101, -14.76832],
							"size": [0.50643, 1.73088, 0.24399],
							"inflate": 0.002,
							"uv": {
								"north": {"uv": [60, 24], "uv_size": [0.5, 1.5]},
								"east": {"uv": [60, 30], "uv_size": [0.5, 1.5]},
								"south": {"uv": [60, 40], "uv_size": [0.5, 1.5]},
								"west": {"uv": [60, 42], "uv_size": [0.5, 1.5]},
								"up": {"uv": [29, 64], "uv_size": [0.5, 0.5]},
								"down": {"uv": [64, 29.5], "uv_size": [0.5, -0.5]}
							}
						},
						{
							"origin": [-0.20291, 10.38067, -14.76834],
							"size": [0.85329, 0.80329, 0.76011],
							"uv": {
								"north": {"uv": [37, 2], "uv_size": [1, 1]},
								"east": {"uv": [41, 30], "uv_size": [1, 1]},
								"south": {"uv": [48, 10], "uv_size": [1, 1]},
								"west": {"uv": [49, 4], "uv_size": [1, 1]},
								"up": {"uv": [17, 51], "uv_size": [1, 1]},
								"down": {"uv": [53, 29], "uv_size": [1, -1]}
							}
						},
						{
							"origin": [-0.02905, 8.67395, -13.2982],
							"size": [0.50558, 1.47591, 1.08166],
							"pivot": [-0.02994, 9.89774, -13.49608],
							"rotation": [-42.5, 0, 0],
							"uv": {
								"north": {"uv": [59, 56], "uv_size": [0.5, 1.5]},
								"east": {"uv": [25, 42], "uv_size": [1, 1.5]},
								"south": {"uv": [60, 10], "uv_size": [0.5, 1.5]},
								"west": {"uv": [53, 37], "uv_size": [1, 1.5]},
								"up": {"uv": [21, 59], "uv_size": [0.5, 1]},
								"down": {"uv": [26, 60], "uv_size": [0.5, -1]}
							}
						},
						{
							"origin": [-0.0295, 9.61388, -15.44608],
							"size": [0.60541, 0.60541, 13.04828],
							"pivot": [0.22374, 9.96606, 0.58379],
							"rotation": [0, 0, 45],
							"uv": {
								"north": {"uv": [64, 27], "uv_size": [0.5, 0.5]},
								"east": {"uv": [18, 64], "uv_size": [11, 0.5]},
								"south": {"uv": [64, 28], "uv_size": [0.5, 0.5]},
								"west": {"uv": [0, 65], "uv_size": [11, 0.5]},
								"up": {"uv": [56, 43], "uv_size": [0.5, 11]},
								"down": {"uv": [58, 14], "uv_size": [0.5, -11]}
							}
						},
						{
							"origin": [-0.0295, 8.40187, -18.6747],
							"size": [0.50647, 0.50647, 16.2769],
							"pivot": [0.22374, 8.6551, 0.58379],
							"rotation": [0, 0, 45],
							"uv": {
								"north": {"uv": [64, 25], "uv_size": [0.5, 0.5]},
								"east": {"uv": [0, 64], "uv_size": [17, 0.5]},
								"south": {"uv": [64, 26], "uv_size": [0.5, 0.5]},
								"west": {"uv": [37, 64], "uv_size": [17, 0.5]},
								"up": {"uv": [57, 43], "uv_size": [0.5, 17]},
								"down": {"uv": [58, 48], "uv_size": [0.5, -17]}
							}
						},
						{
							"origin": [-0.42212, 9.37828, -2.77434],
							"size": [1.29172, 1.05455, 1.82315],
							"uv": {
								"north": {"uv": [64, 16], "uv_size": [1, 0.5]},
								"east": {"uv": [46, 56], "uv_size": [4, 0.5]},
								"south": {"uv": [64, 18], "uv_size": [1, 0.5]},
								"west": {"uv": [46, 57], "uv_size": [4, 0.5]},
								"up": {"uv": [44, 19], "uv_size": [1, 4]},
								"down": {"uv": [25, 54], "uv_size": [1, -4]}
							}
						},
						{
							"origin": [-1.41947, 9.22057, -2.27169],
							"size": [2.28642, 0.4894, 0.25],
							"inflate": -0.002,
							"uv": {
								"north": {"uv": [24, 58], "uv_size": [2.5, 0.5]},
								"east": {"uv": [65, 12], "uv_size": [0.5, 0.5]},
								"south": {"uv": [58, 28], "uv_size": [2.5, 0.5]},
								"west": {"uv": [65, 13], "uv_size": [0.5, 0.5]},
								"up": {"uv": [58, 29], "uv_size": [2.5, 0.5]},
								"down": {"uv": [52, 58.5], "uv_size": [2.5, -0.5]}
							}
						},
						{
							"origin": [-0.41947, 8.72057, -3.02169],
							"size": [1.28642, 0.9894, 4.31785],
							"uv": {
								"north": {"uv": [58, 0], "uv_size": [1.5, 1]},
								"east": {"uv": [12, 49], "uv_size": [4.5, 1]},
								"south": {"uv": [58, 1], "uv_size": [1.5, 1]},
								"west": {"uv": [50, 18], "uv_size": [4.5, 1]},
								"up": {"uv": [53, 10], "uv_size": [1.5, 4.5]},
								"down": {"uv": [15, 58.5], "uv_size": [1.5, -4.5]}
							}
						},
						{
							"origin": [-0.85564, 9.24748, -9.60932],
							"size": [2.125, 0.875, 2],
							"uv": {
								"north": {"uv": [4, 56], "uv_size": [2, 1]},
								"east": {"uv": [12, 56], "uv_size": [2, 1]},
								"south": {"uv": [56, 13], "uv_size": [2, 1]},
								"west": {"uv": [24, 56], "uv_size": [2, 1]},
								"up": {"uv": [2, 31], "uv_size": [2, 2]},
								"down": {"uv": [8, 36], "uv_size": [2, -2]}
							}
						},
						{
							"origin": [-0.35564, 7.37248, -9.92182],
							"size": [1.125, 0.25, 6.5],
							"uv": {
								"north": {"uv": [64, 14], "uv_size": [1, 0.5]},
								"east": {"uv": [59, 48], "uv_size": [6, 0.5]},
								"south": {"uv": [64, 15], "uv_size": [1, 0.5]},
								"west": {"uv": [0, 63], "uv_size": [6, 0.5]},
								"up": {"uv": [11, 49], "uv_size": [1, 6]},
								"down": {"uv": [49, 53], "uv_size": [1, -6]}
							}
						},
						{
							"origin": [-0.35564, 10.49748, -9.17182],
							"size": [1.125, 0.25, 6.8125],
							"uv": {
								"north": {"uv": [2, 15], "uv_size": [1, 0.5]},
								"east": {"uv": [2, 16], "uv_size": [7, 0.5]},
								"south": {"uv": [3, 15], "uv_size": [1, 0.5]},
								"west": {"uv": [2, 17], "uv_size": [7, 0.5]},
								"up": {"uv": [15, 13], "uv_size": [1, 7]},
								"down": {"uv": [16, 11], "uv_size": [1, -7]}
							}
						},
						{
							"origin": [-0.35564, 10.49748, -1.17182],
							"size": [1.125, 0.25, 7.8125],
							"uv": {
								"north": {"uv": [64, 12], "uv_size": [1, 0.5]},
								"east": {"uv": [15, 60], "uv_size": [18, 0.5]},
								"south": {"uv": [64, 13], "uv_size": [1, 0.5]},
								"west": {"uv": [45, 63], "uv_size": [18, 0.5]},
								"up": {"uv": [39, 41], "uv_size": [1, 18]},
								"down": {"uv": [45, 59], "uv_size": [1, -18]}
							}
						},
						{
							"origin": [0.02059, 8.75278, 7.89684],
							"size": [0.4063, 0.84316, 0.69273],
							"pivot": [-0.46377, 9.24748, 8.64068],
							"rotation": [-37.5, 0, 0],
							"uv": {
								"north": {"uv": [64, 7], "uv_size": [0.5, 1]},
								"east": {"uv": [64, 8], "uv_size": [0.5, 1]},
								"south": {"uv": [64, 9], "uv_size": [0.5, 1]},
								"west": {"uv": [64, 10], "uv_size": [0.5, 1]},
								"up": {"uv": [65, 9], "uv_size": [0.5, 0.5]},
								"down": {"uv": [65, 10.5], "uv_size": [0.5, -0.5]}
							}
						},
						{
							"origin": [-0.34511, 8.75278, 6.8085],
							"size": [1.1377, 0.64528, 1.18743],
							"pivot": [-0.39383, 9.24748, 8.64068],
							"rotation": [-37.5, 0, 0],
							"uv": {
								"north": {"uv": [64, 1], "uv_size": [1, 0.5]},
								"east": {"uv": [64, 4], "uv_size": [1, 0.5]},
								"south": {"uv": [64, 5], "uv_size": [1, 0.5]},
								"west": {"uv": [64, 6], "uv_size": [1, 0.5]},
								"up": {"uv": [6, 59], "uv_size": [1, 1]},
								"down": {"uv": [12, 60], "uv_size": [1, -1]}
							}
						},
						{
							"origin": [-0.70646, 8.75278, 8.04704],
							"size": [1.8604, 0.4947, 0.84099],
							"pivot": [-0.47877, 9.24748, 8.88803],
							"rotation": [-37.5, 0, 0],
							"uv": {
								"north": {"uv": [59, 53], "uv_size": [2, 0.5]},
								"east": {"uv": [63, 59], "uv_size": [1, 0.5]},
								"south": {"uv": [55, 59], "uv_size": [2, 0.5]},
								"west": {"uv": [63, 63], "uv_size": [1, 0.5]},
								"up": {"uv": [52, 55], "uv_size": [2, 1]},
								"down": {"uv": [0, 57], "uv_size": [2, -1]}
							}
						},
						{
							"origin": [-0.70646, 8.85172, 8.17072],
							"size": [1.8604, 0.39576, 0.71731],
							"uv": {
								"north": {"uv": [59, 50], "uv_size": [2, 0.5]},
								"east": {"uv": [65, 7], "uv_size": [0.5, 0.5]},
								"south": {"uv": [59, 51], "uv_size": [2, 0.5]},
								"west": {"uv": [65, 8], "uv_size": [0.5, 0.5]},
								"up": {"uv": [59, 52], "uv_size": [2, 0.5]},
								"down": {"uv": [53, 59.5], "uv_size": [2, -0.5]}
							}
						},
						{
							"origin": [-0.70646, 8.86898, -1.76692],
							"size": [1.8604, 0.89046, 9.98775],
							"uv": {
								"north": {"uv": [46, 55], "uv_size": [2, 1]},
								"east": {"uv": [41, 27], "uv_size": [12, 1]},
								"south": {"uv": [48, 55], "uv_size": [2, 1]},
								"west": {"uv": [41, 28], "uv_size": [12, 1]},
								"up": {"uv": [9, 42], "uv_size": [2, 12]},
								"down": {"uv": [22, 54], "uv_size": [2, -12]}
							}
						},
						{
							"origin": [-0.34511, 9.61658, -1.0148],
							"size": [1.1377, 0.86572, 8.29358],
							"uv": {
								"north": {"uv": [59, 4], "uv_size": [1, 1]},
								"east": {"uv": [42, 13], "uv_size": [10.5, 1]},
								"south": {"uv": [59, 5], "uv_size": [1, 1]},
								"west": {"uv": [43, 25], "uv_size": [10.5, 1]},
								"up": {"uv": [35, 41], "uv_size": [1, 10.5]},
								"down": {"uv": [40, 55.5], "uv_size": [1, -10.5]}
							}
						},
						{
							"origin": [-0.71831, 7.79822, 0.70644],
							"size": [0.1, 1.45936, 5.66431],
							"pivot": [0.28169, 8.3279, 5.76474],
							"rotation": [22.5, 0, 0],
							"uv": {
								"north": {"uv": [61, 18], "uv_size": [0.5, 1.5]},
								"east": {"uv": [46, 44], "uv_size": [5.5, 1.5]},
								"south": {"uv": [39, 61], "uv_size": [0.5, 1.5]},
								"west": {"uv": [47, 37], "uv_size": [5.5, 1.5]},
								"up": {"uv": [60, 0], "uv_size": [0.5, 5.5]},
								"down": {"uv": [60, 23.5], "uv_size": [0.5, -5.5]}
							}
						},
						{
							"origin": [-0.66626, 7.36958, -1.82896],
							"size": [1.78, 0.5233, 10.65669],
							"pivot": [-0.51897, 7.36958, -3.37896],
							"rotation": [-2, 0, 0],
							"uv": {
								"north": {"uv": [59, 46], "uv_size": [2, 0.5]},
								"east": {"uv": [0, 60], "uv_size": [12.5, 0.5]},
								"south": {"uv": [59, 49], "uv_size": [2, 0.5]},
								"west": {"uv": [33, 60], "uv_size": [12.5, 0.5]},
								"up": {"uv": [37, 41], "uv_size": [2, 12.5]},
								"down": {"uv": [7, 54.5], "uv_size": [2, -12.5]}
							}
						},
						{
							"origin": [-0.43836, 8.75278, -5.78141],
							"size": [1.3242, 1.78092, 3.18869],
							"uv": {
								"north": {"uv": [7, 55], "uv_size": [1.5, 2]},
								"east": {"uv": [50, 33], "uv_size": [3, 2]},
								"south": {"uv": [55, 21], "uv_size": [1.5, 2]},
								"west": {"uv": [50, 41], "uv_size": [3, 2]},
								"up": {"uv": [51, 0], "uv_size": [1.5, 3]},
								"down": {"uv": [2, 54], "uv_size": [1.5, -3]}
							}
						},
						{
							"origin": [-0.65126, 7.57339, 9.06298],
							"size": [1.75, 0.8125, 9.75],
							"uv": {
								"north": {"uv": [55, 24], "uv_size": [2, 1]},
								"east": {"uv": [47, 15], "uv_size": [10, 1]},
								"south": {"uv": [55, 30], "uv_size": [2, 1]},
								"west": {"uv": [47, 16], "uv_size": [10, 1]},
								"up": {"uv": [27, 44], "uv_size": [2, 10]},
								"down": {"uv": [29, 54], "uv_size": [2, -10]}
							}
						},
						{
							"origin": [-1.20824, 7.218, 9.06298],
							"size": [1.23744, 1.23744, 9.75],
							"pivot": [-0.8458, 9.093, 13.93798],
							"rotation": [0, 0, -45],
							"uv": {
								"north": {"uv": [6, 58], "uv_size": [1, 1]},
								"east": {"uv": [45, 30], "uv_size": [10, 1]},
								"south": {"uv": [59, 3], "uv_size": [1, 1]},
								"west": {"uv": [46, 46], "uv_size": [10, 1]},
								"up": {"uv": [36, 47], "uv_size": [1, 10]},
								"down": {"uv": [42, 57], "uv_size": [1, -10]}
							}
						},
						{
							"origin": [-1.20824, 6.4055, 9.06298],
							"size": [1.23744, 1.23744, 8.375],
							"pivot": [-0.8458, 8.2805, 13.93798],
							"rotation": [0, 0, -45],
							"uv": {
								"north": {"uv": [42, 57], "uv_size": [1, 1]},
								"east": {"uv": [45, 7], "uv_size": [10, 1]},
								"south": {"uv": [56, 57], "uv_size": [1, 1]},
								"west": {"uv": [45, 24], "uv_size": [10, 1]},
								"up": {"uv": [41, 45], "uv_size": [1, 10]},
								"down": {"uv": [21, 57], "uv_size": [1, -10]}
							}
						},
						{
							"origin": [-0.77626, 10.45366, 13.87067],
							"size": [2, 0.875, 2.9375],
							"inflate": 0.002,
							"pivot": [0.22374, 12.1437, 11.60012],
							"rotation": [-44, 0, 0],
							"uv": {
								"north": {"uv": [6, 15], "uv_size": [2, 1]},
								"east": {"uv": [17, 6], "uv_size": [3, 1]},
								"south": {"uv": [18, 17], "uv_size": [2, 1]},
								"west": {"uv": [9, 19], "uv_size": [3, 1]},
								"up": {"uv": [9, 16], "uv_size": [2, 3]},
								"down": {"uv": [11, 19], "uv_size": [2, -3]}
							}
						},
						{
							"origin": [-0.77626, 7.83517, 14.67645],
							"size": [2, 1.5998, 1.34411],
							"inflate": 0.002,
							"pivot": [0.22374, 10.0625, 11.8125],
							"rotation": [-11.5, 0, 0],
							"uv": {
								"north": {"uv": [13, 16], "uv_size": [2, 1.5]},
								"east": {"uv": [13, 18], "uv_size": [1.5, 1.5]},
								"south": {"uv": [16, 15], "uv_size": [2, 1.5]},
								"west": {"uv": [18, 15], "uv_size": [1.5, 1.5]},
								"up": {"uv": [17, 2], "uv_size": [2, 1.5]},
								"down": {"uv": [17, 5.5], "uv_size": [2, -1.5]}
							}
						},
						{
							"origin": [-0.77626, 9.37247, 9.33305],
							"size": [2, 0.8125, 6.6875],
							"inflate": 0.002,
							"pivot": [0.22374, 10.0625, 11.8125],
							"rotation": [-11.5, 0, 0],
							"uv": {
								"north": {"uv": [18, 18], "uv_size": [2, 1]},
								"east": {"uv": [2, 18], "uv_size": [6.5, 1]},
								"south": {"uv": [19, 2], "uv_size": [2, 1]},
								"west": {"uv": [2, 19], "uv_size": [6.5, 1]},
								"up": {"uv": [17, 8], "uv_size": [2, 6.5]},
								"down": {"uv": [20, 36.5], "uv_size": [2, -6.5]}
							}
						},
						{
							"origin": [-0.21376, 6.28969, 9.29267],
							"size": [0.875, 0.8125, 8.25],
							"inflate": 0.002,
							"uv": {
								"north": {"uv": [52, 56], "uv_size": [1, 1]},
								"east": {"uv": [47, 34], "uv_size": [3, 1]},
								"south": {"uv": [12, 57], "uv_size": [1, 1]},
								"west": {"uv": [53, 27], "uv_size": [3, 1]},
								"up": {"uv": [53, 0], "uv_size": [1, 3]},
								"down": {"uv": [9, 57], "uv_size": [1, -3]}
							}
						},
						{
							"origin": [-0.21376, 5.91469, 14.79267],
							"size": [0.875, 0.625, 5.375],
							"inflate": 0.002,
							"pivot": [0.22374, 6.32094, 15.91767],
							"rotation": [-70, 0, 0],
							"uv": {
								"north": {"uv": [63, 32], "uv_size": [1, 0.5]},
								"east": {"uv": [52, 57], "uv_size": [3.5, 0.5]},
								"south": {"uv": [63, 58], "uv_size": [1, 0.5]},
								"west": {"uv": [9, 58], "uv_size": [3.5, 0.5]},
								"up": {"uv": [35, 52], "uv_size": [1, 3.5]},
								"down": {"uv": [53, 34.5], "uv_size": [1, -3.5]}
							}
						},
						{
							"origin": [-0.71376, 0.07339, 15.00048],
							"size": [1.875, 1.75, 5.4375],
							"pivot": [0.22374, 3.01089, 15.87548],
							"rotation": [90, 0, 0],
							"uv": {
								"north": {"uv": [41, 25], "uv_size": [1, 2]},
								"east": {"uv": [41, 33], "uv_size": [5.5, 2]},
								"south": {"uv": [42, 17], "uv_size": [1, 2]},
								"west": {"uv": [41, 37], "uv_size": [5.5, 2]},
								"up": {"uv": [20, 54], "uv_size": [1, 5.5]},
								"down": {"uv": [54, 52.5], "uv_size": [1, -5.5]}
							}
						},
						{
							"origin": [-0.28094, 7.23448, 8.6409],
							"size": [0.98888, 0.98888, 9.23576],
							"pivot": [-0.08888, 7.86865, 6.71093],
							"rotation": [0, 0, -45],
							"uv": {
								"north": {"uv": [56, 12], "uv_size": [1, 1]},
								"east": {"uv": [45, 29], "uv_size": [9, 1]},
								"south": {"uv": [26, 56], "uv_size": [1, 1]},
								"west": {"uv": [48, 26], "uv_size": [9, 1]},
								"up": {"uv": [26, 45], "uv_size": [1, 9]},
								"down": {"uv": [50, 61], "uv_size": [1, -9]}
							}
						},
						{
							"origin": [-0.33876, 8, 2.59047],
							"size": [1.5, 0.6855, 6.0428],
							"inflate": 0.0035,
							"uv": {
								"west": {"uv": [18.8742, 123.65217], "uv_size": [37.6258, 3.34783]}
							}
						},
						{
							"origin": [-0.33876, 7.5, -2.40953],
							"size": [1.5, 2.8105, 6.0428],
							"inflate": 0.003,
							"uv": {
								"west": {"uv": [75.3742, 104.15217], "uv_size": [32.6258, 17.84783]}
							}
						},
						{
							"origin": [-0.66806, 7.46656, -2.49329],
							"size": [1.7836, 1.4841, 11.33186],
							"uv": {
								"north": {"uv": [55, 0], "uv_size": [2, 1.5]},
								"east": {"uv": [41, 35], "uv_size": [13.5, 1.5]},
								"south": {"uv": [2, 55], "uv_size": [2, 1.5]},
								"west": {"uv": [42, 8], "uv_size": [13.5, 1.5]},
								"up": {"uv": [31, 41], "uv_size": [2, 13.5]},
								"down": {"uv": [33, 54.5], "uv_size": [2, -13.5]}
							}
						},
						{
							"origin": [0.22374, 4.95459, 2.06616],
							"size": [0, 2.4735, 3.95866],
							"uv": {
								"north": {"uv": [0, 0], "uv_size": [0, 2.5]},
								"east": {"uv": [50, 41], "uv_size": [-4, 2.5]},
								"south": {"uv": [0, 0], "uv_size": [0, 2.5]},
								"west": {"uv": [46, 41], "uv_size": [4, 2.5]},
								"up": {"uv": [0, 0], "uv_size": [0, 4]},
								"down": {"uv": [0, 4], "uv_size": [0, -4]}
							}
						},
						{
							"origin": [-0.44511, 1.65592, 6.59944],
							"size": [1.3377, 0.72792, 1.46095],
							"pivot": [0.31132, 3.86794, 6.05527],
							"rotation": [17.5, 0, 0],
							"uv": {
								"north": {"uv": [62, 52], "uv_size": [1.5, 0.5]},
								"east": {"uv": [62, 53], "uv_size": [1.5, 0.5]},
								"south": {"uv": [62, 54], "uv_size": [1.5, 0.5]},
								"west": {"uv": [62, 55], "uv_size": [1.5, 0.5]},
								"up": {"uv": [33, 55], "uv_size": [1.5, 1.5]},
								"down": {"uv": [55, 36.5], "uv_size": [1.5, -1.5]}
							}
						},
						{
							"origin": [-0.44511, 2.00084, 6.56988],
							"size": [1.3377, 4.42757, 1.87986],
							"pivot": [0.31132, 3.9549, 6.02571],
							"rotation": [17.5, 0, 0],
							"uv": {
								"north": {"uv": [0, 51], "uv_size": [1.5, 4.5]},
								"east": {"uv": [43, 45], "uv_size": [2, 4.5]},
								"south": {"uv": [4, 51], "uv_size": [1.5, 4.5]},
								"west": {"uv": [2, 46], "uv_size": [2, 4.5]},
								"up": {"uv": [54, 43], "uv_size": [1.5, 2]},
								"down": {"uv": [54, 56], "uv_size": [1.5, -2]}
							}
						},
						{
							"origin": [-0.55781, 6.0228, 7.71369],
							"size": [1.5628, 0.69311, 0.4947],
							"pivot": [-0.25709, 6.71591, 8.20839],
							"rotation": [-22.5, 0, 0],
							"uv": {
								"north": {"uv": [62, 47], "uv_size": [1.5, 0.5]},
								"east": {"uv": [65, 5], "uv_size": [0.5, 0.5]},
								"south": {"uv": [62, 49], "uv_size": [1.5, 0.5]},
								"west": {"uv": [65, 6], "uv_size": [0.5, 0.5]},
								"up": {"uv": [62, 50], "uv_size": [1.5, 0.5]},
								"down": {"uv": [62, 51.5], "uv_size": [1.5, -0.5]}
							}
						},
						{
							"origin": [-0.44511, 2.37675, 8.13437],
							"size": [1.3377, 0.54417, 0.44523],
							"pivot": [-0.36949, 2.27781, 8.5796],
							"rotation": [-32.5, 0, 0],
							"uv": {
								"north": {"uv": [62, 43], "uv_size": [1.5, 0.5]},
								"east": {"uv": [65, 1], "uv_size": [0.5, 0.5]},
								"south": {"uv": [62, 44], "uv_size": [1.5, 0.5]},
								"west": {"uv": [65, 4], "uv_size": [0.5, 0.5]},
								"up": {"uv": [62, 45], "uv_size": [1.5, 0.5]},
								"down": {"uv": [62, 46.5], "uv_size": [1.5, -0.5]}
							}
						},
						{
							"origin": [-0.44511, 1.95474, 6.76144],
							"size": [1.3377, 0.70738, 0.52502],
							"pivot": [-0.36949, 2.01901, 7.20667],
							"rotation": [-32.5, 0, 0],
							"uv": {
								"north": {"uv": [17, 61], "uv_size": [1.5, 0.5]},
								"east": {"uv": [64, 63], "uv_size": [0.5, 0.5]},
								"south": {"uv": [62, 40], "uv_size": [1.5, 0.5]},
								"west": {"uv": [65, 0], "uv_size": [0.5, 0.5]},
								"up": {"uv": [62, 41], "uv_size": [1.5, 0.5]},
								"down": {"uv": [62, 42.5], "uv_size": [1.5, -0.5]}
							}
						},
						{
							"origin": [-0.55781, 6.71591, 7.93631],
							"size": [1.5628, 0.34311, 0.27209],
							"uv": {
								"north": {"uv": [60, 16], "uv_size": [1.5, 0.5]},
								"east": {"uv": [64, 59], "uv_size": [0.5, 0.5]},
								"south": {"uv": [48, 60], "uv_size": [1.5, 0.5]},
								"west": {"uv": [64, 61], "uv_size": [0.5, 0.5]},
								"up": {"uv": [53, 60], "uv_size": [1.5, 0.5]},
								"down": {"uv": [7, 61.5], "uv_size": [1.5, -0.5]}
							}
						},
						{
							"origin": [-0.28362, 5.87174, 2.04938],
							"size": [1.01473, 1.38516, 0.96467],
							"uv": {
								"north": {"uv": [14, 55], "uv_size": [1, 1.5]},
								"east": {"uv": [40, 56], "uv_size": [1, 1.5]},
								"south": {"uv": [56, 54], "uv_size": [1, 1.5]},
								"west": {"uv": [57, 0], "uv_size": [1, 1.5]},
								"up": {"uv": [55, 10], "uv_size": [1, 1]},
								"down": {"uv": [55, 46], "uv_size": [1, -1]}
							}
						},
						{
							"origin": [-0.55766, 5.87174, 5.48754],
							"size": [1.5628, 1.28622, 2.4735],
							"uv": {
								"north": {"uv": [27, 55], "uv_size": [1.5, 1.5]},
								"east": {"uv": [52, 21], "uv_size": [2.5, 1.5]},
								"south": {"uv": [31, 55], "uv_size": [1.5, 1.5]},
								"west": {"uv": [54, 19], "uv_size": [2.5, 1.5]},
								"up": {"uv": [17, 54], "uv_size": [1.5, 2.5]},
								"down": {"uv": [22, 56.5], "uv_size": [1.5, -2.5]}
							}
						},
						{
							"origin": [-0.71126, 6.59719, -4.9506],
							"size": [1.87, 0.94245, 0.4018],
							"pivot": [0.36712, 9.66686, -4.40333],
							"rotation": [45, 0, 0],
							"uv": {
								"north": {"uv": [51, 14], "uv_size": [2, 1]},
								"east": {"uv": [31, 63], "uv_size": [0.5, 1]},
								"south": {"uv": [55, 18], "uv_size": [2, 1]},
								"west": {"uv": [32, 63], "uv_size": [0.5, 1]},
								"up": {"uv": [59, 37], "uv_size": [2, 0.5]},
								"down": {"uv": [59, 38.5], "uv_size": [2, -0.5]}
							}
						},
						{
							"origin": [-0.71126, 7.1093, -3.09511],
							"size": [1.87, 0.94149, 0.47538],
							"uv": {
								"north": {"uv": [50, 43], "uv_size": [2, 1]},
								"east": {"uv": [29, 63], "uv_size": [0.5, 1]},
								"south": {"uv": [50, 47], "uv_size": [2, 1]},
								"west": {"uv": [30, 63], "uv_size": [0.5, 1]},
								"up": {"uv": [33, 59], "uv_size": [2, 0.5]},
								"down": {"uv": [35, 59.5], "uv_size": [2, -0.5]}
							}
						},
						{
							"origin": [-0.71771, 7.39341, -2.83561],
							"size": [1.8829, 0.24629, 0.5],
							"uv": {
								"north": {"uv": [15, 59], "uv_size": [2, 0.5]},
								"east": {"uv": [64, 57], "uv_size": [0.5, 0.5]},
								"south": {"uv": [24, 59], "uv_size": [2, 0.5]},
								"west": {"uv": [64, 58], "uv_size": [0.5, 0.5]},
								"up": {"uv": [59, 26], "uv_size": [2, 0.5]},
								"down": {"uv": [29, 59.5], "uv_size": [2, -0.5]}
							}
						},
						{
							"origin": [0.2355, 9.48374, -9.96061],
							"size": [0.66763, 0.73777, 7.25],
							"pivot": [1.05143, 9.91232, -7.15195],
							"rotation": [0, 0, 45],
							"uv": {
								"north": {"uv": [56, 64], "uv_size": [0.5, 0.5]},
								"east": {"uv": [0, 67], "uv_size": [5.5, 0.5]},
								"south": {"uv": [64, 56], "uv_size": [0.5, 0.5]},
								"west": {"uv": [60, 67], "uv_size": [5.5, 0.5]},
								"up": {"uv": [59, 20], "uv_size": [0.5, 5.5]},
								"down": {"uv": [59, 45.5], "uv_size": [0.5, -5.5]}
							}
						},
						{
							"origin": [-0.45564, 9.48374, -9.96061],
							"size": [0.66763, 0.73777, 7.25],
							"pivot": [-0.60395, 9.91232, -7.15195],
							"rotation": [0, 0, -45],
							"uv": {
								"north": {"uv": [55, 64], "uv_size": [0.5, 0.5]},
								"east": {"uv": [11, 65], "uv_size": [5.5, 0.5]},
								"south": {"uv": [64, 55], "uv_size": [0.5, 0.5]},
								"west": {"uv": [60, 66], "uv_size": [5.5, 0.5]},
								"up": {"uv": [57, 5], "uv_size": [0.5, 5.5]},
								"down": {"uv": [57, 23.5], "uv_size": [0.5, -5.5]}
							}
						},
						{
							"origin": [-0.71126, 7.13346, -4.15561],
							"size": [1.87, 0.91733, 2.27651],
							"pivot": [0.36712, 10.178, -2.54784],
							"rotation": [-22.5, 0, 0],
							"uv": {
								"north": {"uv": [15, 48], "uv_size": [2, 1]},
								"east": {"uv": [54, 25], "uv_size": [2.5, 1]},
								"south": {"uv": [49, 5], "uv_size": [2, 1]},
								"west": {"uv": [24, 55], "uv_size": [2.5, 1]},
								"up": {"uv": [43, 50], "uv_size": [2, 2.5]},
								"down": {"uv": [46, 52.5], "uv_size": [2, -2.5]}
							}
						},
						{
							"origin": [-0.71126, 7.1397, -7.91061],
							"size": [1.87, 0.63251, 4.45],
							"pivot": [0.31775, 7.77575, 3.65812],
							"rotation": [-2.5, 0, 0],
							"uv": {
								"north": {"uv": [59, 12], "uv_size": [2, 0.5]},
								"east": {"uv": [23, 63], "uv_size": [5.5, 0.5]},
								"south": {"uv": [59, 13], "uv_size": [2, 0.5]},
								"west": {"uv": [59, 64], "uv_size": [5.5, 0.5]},
								"up": {"uv": [4, 45], "uv_size": [2, 5.5]},
								"down": {"uv": [45, 20.5], "uv_size": [2, -5.5]}
							}
						},
						{
							"origin": [-0.71771, 7.6397, -9.96061],
							"size": [1.8829, 1.53251, 7.5],
							"uv": {
								"north": {"uv": [40, 41], "uv_size": [2, 1.5]},
								"east": {"uv": [42, 4], "uv_size": [7, 1.5]},
								"south": {"uv": [18, 50], "uv_size": [2, 1.5]},
								"west": {"uv": [42, 11], "uv_size": [7, 1.5]},
								"up": {"uv": [11, 42], "uv_size": [2, 7]},
								"down": {"uv": [13, 49], "uv_size": [2, -7]}
							}
						},
						{
							"origin": [-0.24563, 10.22481, -9.96061],
							"size": [0.93874, 0.48309, 4.25],
							"uv": {
								"north": {"uv": [63, 22], "uv_size": [1, 0.5]},
								"east": {"uv": [9, 63], "uv_size": [5.5, 0.5]},
								"south": {"uv": [63, 23], "uv_size": [1, 0.5]},
								"west": {"uv": [63, 11], "uv_size": [5.5, 0.5]},
								"up": {"uv": [52, 47], "uv_size": [1, 5.5]},
								"down": {"uv": [19, 59.5], "uv_size": [1, -5.5]}
							}
						},
						{
							"origin": [-0.71771, 9.18286, -9.96061],
							"size": [1.8829, 0.27796, 7.2],
							"uv": {
								"north": {"uv": [3, 59], "uv_size": [2, 0.5]},
								"east": {"uv": [63, 2], "uv_size": [5.5, 0.5]},
								"south": {"uv": [59, 6], "uv_size": [2, 0.5]},
								"west": {"uv": [63, 3], "uv_size": [5.5, 0.5]},
								"up": {"uv": [24, 44], "uv_size": [2, 5.5]},
								"down": {"uv": [0, 50.5], "uv_size": [2, -5.5]}
							}
						},
						{
							"origin": [-0.71771, 9.44536, -9.96061],
							"size": [1.8829, 0.79046, 7.25],
							"uv": {
								"north": {"uv": [2, 43], "uv_size": [2, 1]},
								"east": {"uv": [25, 41], "uv_size": [5.5, 1]},
								"south": {"uv": [47, 20], "uv_size": [2, 1]},
								"west": {"uv": [45, 6], "uv_size": [5.5, 1]},
								"up": {"uv": [15, 42], "uv_size": [2, 5.5]},
								"down": {"uv": [18, 49.5], "uv_size": [2, -5.5]}
							}
						},
						{
							"origin": [-0.27526, 5.8388, -1.23358],
							"size": [0.998, 2.15, 2.9375],
							"pivot": [0.22274, 5.83884, -0.29608],
							"rotation": [-10, 0, 0],
							"uv": {
								"north": {"uv": [11, 31], "uv_size": [1, 2]},
								"east": {"uv": [42, 15], "uv_size": [3, 2]},
								"south": {"uv": [36, 2], "uv_size": [1, 2]},
								"west": {"uv": [50, 31], "uv_size": [3, 2]},
								"up": {"uv": [52, 43], "uv_size": [1, 3]}
							}
						},
						{
							"origin": [-0.27626, 3.31877, -1.76416],
							"size": [1, 2.9, 2.9375],
							"pivot": [0.22374, 4.27607, -0.87246],
							"rotation": [-18, 0, 0],
							"uv": {
								"north": {"uv": [48, 50], "uv_size": [1, 3]},
								"east": {"uv": [46, 47], "uv_size": [3, 3]},
								"south": {"uv": [6, 51], "uv_size": [1, 3]},
								"west": {"uv": [49, 10], "uv_size": [3, 3]},
								"up": {"uv": [52, 10], "uv_size": [1, 3]}
							}
						},
						{
							"origin": [-0.27626, 0.96969, -1.8074],
							"size": [1, 2.8125, 2.9375],
							"pivot": [0.22374, 4.02169, -1.31757],
							"rotation": [-26, 0, 0],
							"uv": {
								"north": {"uv": [18, 41], "uv_size": [1, 3]},
								"east": {"uv": [47, 17], "uv_size": [3, 3]},
								"south": {"uv": [49, 20], "uv_size": [1, 3]},
								"west": {"uv": [47, 31], "uv_size": [3, 3]}
							}
						}
					]
				},
				{
					"name": "rear_sight",
					"parent": "ak200lod",
					"pivot": [0.57003, 11.0341, -5.47271]
				},
				{
					"name": "Stock",
					"parent": "ak200lod",
					"pivot": [0.25095, 7.27575, 10.72372]
				}
			]
		}
	]
}