{
	"format_version": "1.12.0",
	"minecraft:geometry": [
		{
			"description": {
				"identifier": "geometry.unknown",
				"texture_width": 128,
				"texture_height": 128,
				"visible_bounds_width": 4,
				"visible_bounds_height": 2.5,
				"visible_bounds_offset": [0, 0.75, 0]
			},
			"bones": [
				{
					"name": "bone4",
					"pivot": [0, 4.775, 1.675]
				},
				{
					"name": "bone7",
					"parent": "bone4",
					"pivot": [0, 9.3026, 6.085],
					"cubes": [
						{
							"origin": [-0.00025, 3.38585, 3.28097],
							"size": [0, 2.5725, 3.03555],
							"uv": {
								"north": {"uv": [14, 44], "uv_size": [0, 2.5]},
								"east": {"uv": [45, 39], "uv_size": [3, 2.5]},
								"south": {"uv": [7, 46], "uv_size": [0, 2.5]},
								"west": {"uv": [3, 46], "uv_size": [3, 2.5]},
								"up": {"uv": [38, 47], "uv_size": [0, 3]},
								"down": {"uv": [47, 52], "uv_size": [0, -3]}
							}
						},
						{
							"origin": [-0.6691, 6.1655, -11.33568],
							"size": [1.3377, 1.38915, 22.89525],
							"uv": {
								"north": {"uv": [57, 58], "uv_size": [1.5, 1.5]},
								"east": {"uv": [19, 0], "uv_size": [23, 1.5]},
								"south": {"uv": [59, 0], "uv_size": [1.5, 1.5]},
								"west": {"uv": [19, 3], "uv_size": [23, 1.5]},
								"up": {"uv": [3, 18], "uv_size": [1.5, 23]},
								"down": {"uv": [6, 41], "uv_size": [1.5, -23]}
							}
						},
						{
							"origin": [-0.772, 5.1365, -9.89508],
							"size": [1.5435, 1.38915, 1.38915],
							"uv": {
								"north": {"uv": [59, 5], "uv_size": [1.5, 1.5]},
								"east": {"uv": [16, 59], "uv_size": [1.5, 1.5]},
								"south": {"uv": [19, 59], "uv_size": [1.5, 1.5]},
								"west": {"uv": [22, 59], "uv_size": [1.5, 1.5]},
								"up": {"uv": [25, 59], "uv_size": [1.5, 1.5]},
								"down": {"uv": [28, 60.5], "uv_size": [1.5, -1.5]}
							}
						},
						{
							"origin": [-0.51475, 5.39375, -9.63783],
							"size": [1.029, 0.87465, 0.87465],
							"uv": {
								"north": {"uv": [68, 50], "uv_size": [1, 1]},
								"east": {"uv": [68, 52], "uv_size": [1, 1]},
								"south": {"uv": [68, 54], "uv_size": [1, 1]},
								"west": {"uv": [55, 68], "uv_size": [1, 1]},
								"up": {"uv": [62, 68], "uv_size": [1, 1]},
								"down": {"uv": [64, 69], "uv_size": [1, -1]}
							}
						},
						{
							"origin": [-0.6691, 7.45175, 2.55582],
							"size": [1.3377, 1.38915, 7.94902],
							"uv": {
								"north": {"uv": [31, 59], "uv_size": [1.5, 1.5]},
								"east": {"uv": [39, 18], "uv_size": [8, 1.5]},
								"south": {"uv": [59, 32], "uv_size": [1.5, 1.5]},
								"west": {"uv": [39, 21], "uv_size": [8, 1.5]},
								"up": {"uv": [9, 35], "uv_size": [1.5, 8]},
								"down": {"uv": [12, 43], "uv_size": [1.5, -8]}
							}
						},
						{
							"origin": [-0.6691, 8.3264, 10.47912],
							"size": [1.3377, 1.05472, 1.80075],
							"uv": {
								"north": {"uv": [35, 62], "uv_size": [1.5, 1]},
								"east": {"uv": [60, 28], "uv_size": [2, 1]},
								"south": {"uv": [62, 44], "uv_size": [1.5, 1]},
								"west": {"uv": [4, 61], "uv_size": [2, 1]},
								"up": {"uv": [55, 26], "uv_size": [1.5, 2]},
								"down": {"uv": [56, 34], "uv_size": [1.5, -2]}
							}
						},
						{
							"origin": [-0.66838, 9.2275, 11.20014],
							"size": [1.33625, 0.3587, 0.92465],
							"inflate": -0.025,
							"pivot": [-0.00025, 8.41644, 11.4438],
							"rotation": [-15, 0, 0],
							"uv": {
								"north": {"uv": [70, 15], "uv_size": [1.5, 0.5]},
								"east": {"uv": [34, 71], "uv_size": [1, 0.5]},
								"south": {"uv": [70, 19], "uv_size": [1.5, 0.5]},
								"west": {"uv": [71, 35], "uv_size": [1, 0.5]},
								"up": {"uv": [62, 46], "uv_size": [1.5, 1]},
								"down": {"uv": [48, 63], "uv_size": [1.5, -1]}
							}
						},
						{
							"origin": [-0.6691, 7.45175, -1.81743],
							"size": [1.3377, 1.38915, 2.10945],
							"uv": {
								"north": {"uv": [34, 59], "uv_size": [1.5, 1.5]},
								"east": {"uv": [56, 45], "uv_size": [2, 1.5]},
								"south": {"uv": [59, 35], "uv_size": [1.5, 1.5]},
								"west": {"uv": [56, 48], "uv_size": [2, 1.5]},
								"up": {"uv": [56, 51], "uv_size": [1.5, 2]},
								"down": {"uv": [54, 58], "uv_size": [1.5, -2]}
							}
						},
						{
							"origin": [-0.6691, 7.45175, 0.24057],
							"size": [1.08045, 1.38915, 2.34097],
							"uv": {
								"north": {"uv": [62, 48], "uv_size": [1, 1.5]},
								"east": {"uv": [14, 51], "uv_size": [2.5, 1.5]},
								"south": {"uv": [62, 51], "uv_size": [1, 1.5]},
								"west": {"uv": [51, 26], "uv_size": [2.5, 1.5]},
								"up": {"uv": [58, 26], "uv_size": [1, 2.5]},
								"down": {"uv": [58, 43.5], "uv_size": [1, -2.5]}
							}
						},
						{
							"origin": [0.3599, 8.14632, -0.01668],
							"size": [0.8232, 0.69457, 3.3957],
							"uv": {
								"north": {"uv": [36, 71], "uv_size": [1, 0.5]},
								"east": {"uv": [61, 38], "uv_size": [3.5, 0.5]},
								"south": {"uv": [71, 37], "uv_size": [1, 0.5]},
								"west": {"uv": [62, 0], "uv_size": [3.5, 0.5]},
								"up": {"uv": [16, 54], "uv_size": [1, 3.5]},
								"down": {"uv": [30, 57.5], "uv_size": [1, -3.5]}
							}
						},
						{
							"origin": [0.85986, 8.06054, -0.01668],
							"size": [0.87465, 0, 3.3957],
							"pivot": [1.52871, 7.88047, 1.68117],
							"rotation": [0, 0, 45],
							"uv": {
								"north": {"uv": [17, 27], "uv_size": [1, 0]},
								"east": {"uv": [31, 26], "uv_size": [3.5, 0]},
								"south": {"uv": [27, 18], "uv_size": [1, 0]},
								"west": {"uv": [35, 13], "uv_size": [3.5, 0]},
								"up": {"uv": [32, 54], "uv_size": [1, 3.5]},
								"down": {"uv": [54, 44.5], "uv_size": [1, -3.5]}
							}
						},
						{
							"origin": [-0.21337, 8.40357, 0.00766],
							"size": [0.33442, 0.43732, 0],
							"pivot": [0.45548, 8.66082, -1.69019],
							"rotation": [0, 45, 0],
							"uv": {
								"north": {"uv": [10, 74], "uv_size": [0.5, 0.5]},
								"east": {"uv": [8, 42], "uv_size": [0, 0.5]},
								"south": {"uv": [74, 17], "uv_size": [0.5, 0.5]},
								"west": {"uv": [14, 48], "uv_size": [0, 0.5]},
								"up": {"uv": [29, 18], "uv_size": [0.5, 0]},
								"down": {"uv": [36, 26], "uv_size": [0.5, 0]}
							}
						},
						{
							"origin": [1.13485, 8.40357, 3.49653],
							"size": [0.33443, 0.43732, 0],
							"pivot": [1.30206, 8.66082, 3.49653],
							"rotation": [0, -45, 0],
							"uv": {
								"north": {"uv": [74, 27], "uv_size": [0.5, 0.5]},
								"east": {"uv": [7, 50], "uv_size": [0, 0.5]},
								"south": {"uv": [74, 29], "uv_size": [0.5, 0.5]},
								"west": {"uv": [2, 51], "uv_size": [0, 0.5]},
								"up": {"uv": [15, 40], "uv_size": [0.5, 0]},
								"down": {"uv": [31, 40], "uv_size": [0.5, 0]}
							}
						},
						{
							"origin": [-0.66907, 6.28996, 10.87562],
							"size": [1.33764, 1.74924, 0.95177],
							"inflate": -0.001,
							"pivot": [-0.00025, 7.17744, 11.27433],
							"rotation": [-15, 0, 0],
							"uv": {
								"north": {"uv": [59, 45], "uv_size": [1.5, 1.5]},
								"east": {"uv": [53, 62], "uv_size": [1, 1.5]},
								"south": {"uv": [59, 48], "uv_size": [1.5, 1.5]},
								"west": {"uv": [62, 54], "uv_size": [1, 1.5]},
								"up": {"uv": [62, 60], "uv_size": [1.5, 1]},
								"down": {"uv": [62, 63], "uv_size": [1.5, -1]}
							}
						},
						{
							"origin": [-0.41185, 8.73665, -1.81258],
							"size": [0.8232, 1.05472, 1.51778],
							"uv": {
								"north": {"uv": [68, 67], "uv_size": [1, 1]},
								"east": {"uv": [4, 63], "uv_size": [1.5, 1]},
								"south": {"uv": [2, 69], "uv_size": [1, 1]},
								"west": {"uv": [7, 63], "uv_size": [1.5, 1]},
								"up": {"uv": [0, 63], "uv_size": [1, 1.5]},
								"down": {"uv": [63, 8.5], "uv_size": [1, -1.5]}
							}
						},
						{
							"origin": [-0.12888, 7.70765, 6.00783],
							"size": [0.28297, 0.07717, 0.28298],
							"uv": {
								"north": {"uv": [61, 74], "uv_size": [0.5, 0.5]},
								"east": {"uv": [63, 74], "uv_size": [0.5, 0.5]},
								"south": {"uv": [74, 66], "uv_size": [0.5, 0.5]},
								"west": {"uv": [73, 74], "uv_size": [0.5, 0.5]},
								"up": {"uv": [0, 75], "uv_size": [0.5, 0.5]},
								"down": {"uv": [75, 0.5], "uv_size": [0.5, -0.5]}
							}
						}
					]
				},
				{
					"name": "bone20",
					"parent": "bone7",
					"pivot": [0, 10.55161, 2.04132],
					"cubes": [
						{
							"origin": [-0.92563, 7.45247, -11.41213],
							"size": [1.85075, 0.95037, 23.58837],
							"inflate": -0.025,
							"uv": {
								"north": {"uv": [16, 25], "uv_size": [2, 1]},
								"east": {"uv": [19, 6], "uv_size": [23.5, 1]},
								"south": {"uv": [28, 39], "uv_size": [2, 1]},
								"west": {"uv": [19, 8], "uv_size": [23.5, 1]},
								"up": {"uv": [16, 0], "uv_size": [2, 23.5]},
								"down": {"uv": [0, 41.5], "uv_size": [2, -23.5]}
							}
						},
						{
							"origin": [-1.02853, 7.65827, -1.00613],
							"size": [0.92465, 0.53877, 4.24317],
							"inflate": -0.025,
							"uv": {
								"north": {"uv": [26, 71], "uv_size": [1, 0.5]},
								"east": {"uv": [60, 3], "uv_size": [4, 0.5]},
								"south": {"uv": [28, 71], "uv_size": [1, 0.5]},
								"west": {"uv": [60, 11], "uv_size": [4, 0.5]},
								"up": {"uv": [15, 35], "uv_size": [1, 4]},
								"down": {"uv": [18, 54], "uv_size": [1, -4]}
							}
						},
						{
							"origin": [-2.69738, 7.70972, -0.49163],
							"size": [2.5935, 0.43587, 0.69312],
							"inflate": -0.025,
							"uv": {
								"north": {"uv": [64, 48], "uv_size": [2.5, 0.5]},
								"east": {"uv": [73, 33], "uv_size": [0.5, 0.5]},
								"south": {"uv": [64, 50], "uv_size": [2.5, 0.5]},
								"west": {"uv": [35, 73], "uv_size": [0.5, 0.5]},
								"up": {"uv": [64, 52], "uv_size": [2.5, 0.5]},
								"down": {"uv": [64, 54.5], "uv_size": [2.5, -0.5]}
							}
						},
						{
							"origin": [-0.92563, 7.4639, 12.03597],
							"size": [1.85075, 0.93494, 0.23007],
							"inflate": -0.025,
							"pivot": [-0.00025, 7.93908, 12.11242],
							"rotation": [-11.25, 0, 0],
							"uv": {
								"north": {"uv": [49, 42], "uv_size": [2, 1]},
								"east": {"uv": [30, 71], "uv_size": [0.5, 1]},
								"south": {"uv": [60, 18], "uv_size": [2, 1]},
								"west": {"uv": [71, 31], "uv_size": [0.5, 1]},
								"up": {"uv": [24, 66], "uv_size": [2, 0.5]},
								"down": {"uv": [66, 24.5], "uv_size": [2, -0.5]}
							}
						},
						{
							"origin": [-0.6941, 7.40864, 12.11732],
							"size": [1.3877, 2.01539, 0.33297],
							"inflate": -0.025,
							"pivot": [-0.23178, 8.96428, 12.21949],
							"rotation": [-11.25, 0, 0],
							"uv": {
								"north": {"uv": [54, 29], "uv_size": [1.5, 2]},
								"east": {"uv": [66, 26], "uv_size": [0.5, 2]},
								"south": {"uv": [54, 35], "uv_size": [1.5, 2]},
								"west": {"uv": [30, 66], "uv_size": [0.5, 2]},
								"up": {"uv": [68, 69], "uv_size": [1.5, 0.5]},
								"down": {"uv": [70, 0.5], "uv_size": [1.5, -0.5]}
							}
						},
						{
							"origin": [-0.92548, 7.45262, -11.72069],
							"size": [1.85046, 0.64138, 0.39428],
							"inflate": -0.03,
							"uv": {
								"north": {"uv": [32, 66], "uv_size": [2, 0.5]},
								"east": {"uv": [73, 35], "uv_size": [0.5, 0.5]},
								"south": {"uv": [66, 33], "uv_size": [2, 0.5]},
								"west": {"uv": [37, 73], "uv_size": [0.5, 0.5]},
								"up": {"uv": [35, 66], "uv_size": [2, 0.5]},
								"down": {"uv": [66, 35.5], "uv_size": [2, -0.5]}
							}
						},
						{
							"origin": [-0.92563, 7.72646, -11.65028],
							"size": [1.85075, 0.48732, 0.28152],
							"inflate": -0.025,
							"pivot": [-0.00025, 7.99585, -11.27799],
							"rotation": [-45, 0, 0],
							"uv": {
								"north": {"uv": [66, 37], "uv_size": [2, 0.5]},
								"east": {"uv": [73, 37], "uv_size": [0.5, 0.5]},
								"south": {"uv": [66, 39], "uv_size": [2, 0.5]},
								"west": {"uv": [39, 73], "uv_size": [0.5, 0.5]},
								"up": {"uv": [66, 41], "uv_size": [2, 0.5]},
								"down": {"uv": [46, 66.5], "uv_size": [2, -0.5]}
							}
						}
					]
				},
				{
					"name": "bone11",
					"parent": "bone7",
					"pivot": [0, 7.69148, 17.04951],
					"cubes": [
						{
							"origin": [-0.56403, 5.65141, 10.93181],
							"size": [1.12755, 1.46197, 3.7515],
							"inflate": -0.075,
							"pivot": [-0.00025, 7.29563, 12.12585],
							"rotation": [2.5, 0, 0],
							"uv": {
								"north": {"uv": [2, 62], "uv_size": [1, 1.5]},
								"east": {"uv": [46, 31], "uv_size": [4, 1.5]},
								"south": {"uv": [28, 62], "uv_size": [1, 1.5]},
								"west": {"uv": [43, 46], "uv_size": [4, 1.5]},
								"up": {"uv": [50, 18], "uv_size": [1, 4]},
								"down": {"uv": [20, 54], "uv_size": [1, -4]}
							}
						},
						{
							"origin": [-0.56475, 4.6043, 11.60747],
							"size": [1.129, 2.2609, 6.01675],
							"inflate": -0.05,
							"pivot": [-0.00025, 5.97913, 19.34925],
							"rotation": [-13, 0, 0],
							"uv": {
								"north": {"uv": [57, 35], "uv_size": [1, 2.5]},
								"east": {"uv": [34, 14], "uv_size": [6, 2.5]},
								"south": {"uv": [51, 57], "uv_size": [1, 2.5]},
								"west": {"uv": [34, 31], "uv_size": [6, 2.5]},
								"up": {"uv": [30, 47], "uv_size": [1, 6]},
								"down": {"uv": [32, 53], "uv_size": [1, -6]}
							}
						},
						{
							"origin": [-0.56617, 4.60731, 16.65876],
							"size": [1.13184, 2.13512, 2.90687],
							"inflate": -0.001,
							"pivot": [-0.00025, 6.76818, 14.84511],
							"rotation": [14.5, 0, 0],
							"uv": {
								"north": {"uv": [37, 59], "uv_size": [1, 2]},
								"east": {"uv": [47, 26], "uv_size": [3, 2]},
								"south": {"uv": [49, 59], "uv_size": [1, 2]},
								"west": {"uv": [34, 47], "uv_size": [3, 2]},
								"up": {"uv": [55, 5], "uv_size": [1, 3]},
								"down": {"uv": [55, 12], "uv_size": [1, -3]}
							}
						},
						{
							"origin": [-0.56548, 3.22276, 17.21501],
							"size": [1.13045, 2.85402, 5.8124],
							"inflate": -0.025,
							"pivot": [-0.00025, 6.5277, 18.28187],
							"rotation": [-2.5, 0, 0],
							"uv": {
								"north": {"uv": [55, 17], "uv_size": [1, 3]},
								"east": {"uv": [27, 14], "uv_size": [6, 3]},
								"south": {"uv": [18, 55], "uv_size": [1, 3]},
								"west": {"uv": [23, 27], "uv_size": [6, 3]},
								"up": {"uv": [48, 15], "uv_size": [1, 6]},
								"down": {"uv": [48, 52], "uv_size": [1, -6]}
							}
						},
						{
							"origin": [-0.66838, 2.88707, 22.27634],
							"size": [1.33625, 5.94102, 0.7703],
							"inflate": -0.025,
							"uv": {
								"north": {"uv": [18, 43], "uv_size": [1.5, 6]},
								"east": {"uv": [43, 49], "uv_size": [1, 6]},
								"south": {"uv": [21, 43], "uv_size": [1.5, 6]},
								"west": {"uv": [45, 49], "uv_size": [1, 6]},
								"up": {"uv": [30, 62], "uv_size": [1.5, 1]},
								"down": {"uv": [62, 33], "uv_size": [1.5, -1]}
							}
						},
						{
							"origin": [-0.56533, 4.35777, 17.49821],
							"size": [1.13016, 2.85373, 0.48703],
							"inflate": -0.03,
							"pivot": [-0.00025, 5.78463, 15.07919],
							"rotation": [-25, 0, 0],
							"uv": {
								"north": {"uv": [20, 55], "uv_size": [1, 3]},
								"east": {"uv": [33, 62], "uv_size": [0.5, 3]},
								"south": {"uv": [49, 55], "uv_size": [1, 3]},
								"west": {"uv": [62, 34], "uv_size": [0.5, 3]},
								"up": {"uv": [32, 71], "uv_size": [1, 0.5]},
								"down": {"uv": [71, 33.5], "uv_size": [1, -0.5]}
							}
						},
						{
							"origin": [-0.56403, 6.6833, 11.64808],
							"size": [1.12755, 2.0022, 2.33663],
							"inflate": -0.075,
							"pivot": [-0.00025, 7.74871, 12.81639],
							"rotation": [-36, 0, 0],
							"uv": {
								"north": {"uv": [0, 60], "uv_size": [1, 2]},
								"east": {"uv": [49, 39], "uv_size": [2.5, 2]},
								"south": {"uv": [60, 60], "uv_size": [1, 2]},
								"west": {"uv": [50, 0], "uv_size": [2.5, 2]},
								"up": {"uv": [57, 54], "uv_size": [1, 2.5]},
								"down": {"uv": [2, 60.5], "uv_size": [1, -2.5]}
							}
						},
						{
							"origin": [-0.5662, 5.82752, 19.07874],
							"size": [1.1319, 3.00982, 3.70875],
							"pivot": [-0.00025, 6.6893, 23.11756],
							"rotation": [5, 0, 0],
							"uv": {
								"north": {"uv": [56, 41], "uv_size": [1, 3]},
								"east": {"uv": [41, 31], "uv_size": [3.5, 3]},
								"south": {"uv": [43, 56], "uv_size": [1, 3]},
								"west": {"uv": [3, 42], "uv_size": [3.5, 3]},
								"up": {"uv": [52, 42], "uv_size": [1, 3.5]},
								"down": {"uv": [52, 50.5], "uv_size": [1, -3.5]}
							}
						},
						{
							"origin": [-0.56548, 8.74822, 16.64865],
							"size": [1.13045, 0.9761, 3.4457],
							"inflate": -0.025,
							"pivot": [-0.00025, 7.83426, 20.82824],
							"rotation": [50, 0, 0],
							"uv": {
								"north": {"uv": [48, 22], "uv_size": [1, 1]},
								"east": {"uv": [23, 39], "uv_size": [3.5, 1]},
								"south": {"uv": [49, 66], "uv_size": [1, 1]},
								"west": {"uv": [51, 33], "uv_size": [3.5, 1]},
								"up": {"uv": [52, 52], "uv_size": [1, 3.5]},
								"down": {"uv": [2, 56.5], "uv_size": [1, -3.5]}
							}
						}
					]
				},
				{
					"name": "bone29",
					"parent": "bone7",
					"pivot": [-0.00025, 7.46461, 2.04132],
					"cubes": [
						{
							"origin": [0.02462, 9.17958, 0.60072],
							"size": [0.5145, 0.5145, 2.058],
							"pivot": [0.82209, 8.94806, 1.57827],
							"rotation": [0, 0, -55],
							"uv": {
								"north": {"uv": [73, 39], "uv_size": [0.5, 0.5]},
								"east": {"uv": [55, 66], "uv_size": [2, 0.5]},
								"south": {"uv": [41, 73], "uv_size": [0.5, 0.5]},
								"west": {"uv": [66, 56], "uv_size": [2, 0.5]},
								"up": {"uv": [51, 66], "uv_size": [0.5, 2]},
								"down": {"uv": [58, 68], "uv_size": [0.5, -2]}
							}
						},
						{
							"origin": [0.56484, 8.69081, 0.60072],
							"size": [0.5145, 0.5145, 2.058],
							"pivot": [0.82209, 8.94806, 1.57827],
							"rotation": [0, 0, -55],
							"uv": {
								"north": {"uv": [73, 41], "uv_size": [0.5, 0.5]},
								"east": {"uv": [66, 63], "uv_size": [2, 0.5]},
								"south": {"uv": [43, 73], "uv_size": [0.5, 0.5]},
								"west": {"uv": [66, 65], "uv_size": [2, 0.5]},
								"up": {"uv": [60, 66], "uv_size": [0.5, 2]},
								"down": {"uv": [67, 6], "uv_size": [0.5, -2]}
							}
						},
						{
							"origin": [1.16995, 8.62971, 0.60072],
							"size": [0.5145, 0.5145, 2.058],
							"pivot": [2.0446, 8.57826, 1.57827],
							"rotation": [0, 0, -10],
							"uv": {
								"north": {"uv": [73, 43], "uv_size": [0.5, 0.5]},
								"east": {"uv": [67, 0], "uv_size": [2, 0.5]},
								"south": {"uv": [45, 73], "uv_size": [0.5, 0.5]},
								"west": {"uv": [67, 7], "uv_size": [2, 0.5]},
								"up": {"uv": [67, 9], "uv_size": [0.5, 2]},
								"down": {"uv": [67, 14], "uv_size": [0.5, -2]}
							}
						},
						{
							"origin": [1.71046, 8.14443, 0.60072],
							"size": [0.5145, 0.5145, 2.058],
							"pivot": [1.96771, 8.40168, 1.62972],
							"rotation": [0, 0, -15],
							"uv": {
								"north": {"uv": [47, 73], "uv_size": [0.5, 0.5]},
								"east": {"uv": [67, 19], "uv_size": [2, 0.5]},
								"south": {"uv": [73, 47], "uv_size": [0.5, 0.5]},
								"west": {"uv": [67, 29], "uv_size": [2, 0.5]},
								"up": {"uv": [67, 43], "uv_size": [0.5, 2]},
								"down": {"uv": [67, 60], "uv_size": [0.5, -2]}
							}
						},
						{
							"origin": [2.12606, 7.69311, 0.60072],
							"size": [0.5145, 0.5145, 2.058],
							"pivot": [2.38331, 7.95036, 1.62972],
							"rotation": [0, 0, 20],
							"uv": {
								"north": {"uv": [49, 73], "uv_size": [0.5, 0.5]},
								"east": {"uv": [67, 46], "uv_size": [2, 0.5]},
								"south": {"uv": [51, 73], "uv_size": [0.5, 0.5]},
								"west": {"uv": [67, 61], "uv_size": [2, 0.5]},
								"up": {"uv": [66, 67], "uv_size": [0.5, 2]},
								"down": {"uv": [12, 70], "uv_size": [0.5, -2]}
							}
						},
						{
							"origin": [2.43162, 7.30209, 0.60072],
							"size": [0.5145, 0.5145, 2.058],
							"pivot": [2.68887, 7.55934, 1.57827],
							"rotation": [0, 0, 20],
							"uv": {
								"north": {"uv": [53, 73], "uv_size": [0.5, 0.5]},
								"east": {"uv": [14, 68], "uv_size": [2, 0.5]},
								"south": {"uv": [55, 73], "uv_size": [0.5, 0.5]},
								"west": {"uv": [17, 68], "uv_size": [2, 0.5]},
								"up": {"uv": [20, 68], "uv_size": [0.5, 2]},
								"down": {"uv": [22, 70], "uv_size": [0.5, -2]}
							}
						},
						{
							"origin": [2.48312, 6.52543, 0.60072],
							"size": [0.5145, 0.5145, 2.058],
							"pivot": [2.81755, 6.9113, 1.57827],
							"rotation": [0, 0, 65],
							"uv": {
								"north": {"uv": [73, 56], "uv_size": [0.5, 0.5]},
								"east": {"uv": [24, 68], "uv_size": [2, 0.5]},
								"south": {"uv": [57, 73], "uv_size": [0.5, 0.5]},
								"west": {"uv": [68, 26], "uv_size": [2, 0.5]},
								"up": {"uv": [32, 68], "uv_size": [0.5, 2]},
								"down": {"uv": [34, 70], "uv_size": [0.5, -2]}
							}
						},
						{
							"origin": [2.2121, 5.83107, 0.60072],
							"size": [0.5145, 0.5145, 2.058],
							"pivot": [2.7266, 6.1655, 1.57827],
							"rotation": [0, 0, 45],
							"uv": {
								"north": {"uv": [73, 60], "uv_size": [0.5, 0.5]},
								"east": {"uv": [46, 68], "uv_size": [2, 0.5]},
								"south": {"uv": [73, 62], "uv_size": [0.5, 0.5]},
								"west": {"uv": [68, 48], "uv_size": [2, 0.5]},
								"up": {"uv": [36, 68], "uv_size": [0.5, 2]},
								"down": {"uv": [49, 70], "uv_size": [0.5, -2]}
							}
						},
						{
							"origin": [-3.61272, -1.4795, 0.08622],
							"size": [7.22545, 7.49065, 3.03555],
							"uv": {
								"north": {"uv": [0, 0], "uv_size": [7, 7.5]},
								"east": {"uv": [9, 18], "uv_size": [3, 7.5]},
								"south": {"uv": [8, 0], "uv_size": [7, 7.5]},
								"west": {"uv": [19, 10], "uv_size": [3, 7.5]},
								"up": {"uv": [23, 19], "uv_size": [7, 3]},
								"down": {"uv": [23, 26], "uv_size": [7, -3]}
							}
						}
					]
				},
				{
					"name": "bone",
					"parent": "bone7",
					"pivot": [0.92585, 6.08832, -4.62146],
					"cubes": [
						{
							"origin": [0.91572, 4.9906, -8.24765],
							"size": [0.5145, 0.48877, 6.75445],
							"pivot": [1.17297, 5.23499, -4.87043],
							"rotation": [0, 0, 45],
							"uv": {
								"north": {"uv": [73, 64], "uv_size": [0.5, 0.5]},
								"east": {"uv": [52, 3], "uv_size": [7, 0.5]},
								"south": {"uv": [65, 73], "uv_size": [0.5, 0.5]},
								"west": {"uv": [52, 22], "uv_size": [7, 0.5]},
								"up": {"uv": [4, 53], "uv_size": [0.5, 7]},
								"down": {"uv": [53, 12], "uv_size": [0.5, -7]}
							}
						},
						{
							"origin": [0.6686, 6.68, -10.30668],
							"size": [0.5145, 1.6464, 7.76895],
							"uv": {
								"north": {"uv": [0, 70], "uv_size": [0.5, 1.5]},
								"east": {"uv": [35, 10], "uv_size": [8, 1.5]},
								"south": {"uv": [70, 6], "uv_size": [0.5, 1.5]},
								"west": {"uv": [34, 35], "uv_size": [8, 1.5]},
								"up": {"uv": [22, 50], "uv_size": [0.5, 8]},
								"down": {"uv": [24, 58], "uv_size": [0.5, -8]}
							}
						},
						{
							"origin": [0.66932, 7.19522, -6.91026],
							"size": [0.51305, 2.4167, 0.6674],
							"inflate": -0.025,
							"pivot": [0.92585, 6.08832, -4.62146],
							"rotation": [45, 0, 0],
							"uv": {
								"north": {"uv": [62, 64], "uv_size": [0.5, 2.5]},
								"east": {"uv": [64, 64], "uv_size": [0.5, 2.5]},
								"south": {"uv": [2, 65], "uv_size": [0.5, 2.5]},
								"west": {"uv": [4, 65], "uv_size": [0.5, 2.5]},
								"up": {"uv": [67, 73], "uv_size": [0.5, 0.5]},
								"down": {"uv": [73, 68.5], "uv_size": [0.5, -0.5]}
							}
						},
						{
							"origin": [0.66863, 4.87928, -8.24865],
							"size": [0.51444, 2.41809, 6.75439],
							"inflate": -0.001,
							"uv": {
								"north": {"uv": [6, 65], "uv_size": [0.5, 2.5]},
								"east": {"uv": [30, 27], "uv_size": [7, 2.5]},
								"south": {"uv": [65, 7], "uv_size": [0.5, 2.5]},
								"west": {"uv": [9, 31], "uv_size": [7, 2.5]},
								"up": {"uv": [6, 53], "uv_size": [0.5, 7]},
								"down": {"uv": [8, 60], "uv_size": [0.5, -7]}
							}
						},
						{
							"origin": [0.66932, 4.9057, -2.43411],
							"size": [0.51305, 1.43915, 0.6674],
							"inflate": -0.025,
							"pivot": [0.92585, 6.08832, -4.62146],
							"rotation": [45, 0, 0],
							"uv": {
								"north": {"uv": [14, 70], "uv_size": [0.5, 1.5]},
								"east": {"uv": [16, 70], "uv_size": [0.5, 1.5]},
								"south": {"uv": [18, 70], "uv_size": [0.5, 1.5]},
								"west": {"uv": [24, 70], "uv_size": [0.5, 1.5]},
								"up": {"uv": [69, 73], "uv_size": [0.5, 0.5]},
								"down": {"uv": [73, 70.5], "uv_size": [0.5, -0.5]}
							}
						}
					]
				},
				{
					"name": "bone28",
					"parent": "bone7",
					"pivot": [-0.92585, 6.08832, -4.62146],
					"cubes": [
						{
							"origin": [-1.43022, 4.9906, -8.24765],
							"size": [0.5145, 0.48877, 6.75445],
							"pivot": [-1.17297, 5.23499, -4.87043],
							"rotation": [0, 0, -45],
							"uv": {
								"north": {"uv": [71, 73], "uv_size": [0.5, 0.5]},
								"east": {"uv": [52, 24], "uv_size": [7, 0.5]},
								"south": {"uv": [73, 72], "uv_size": [0.5, 0.5]},
								"west": {"uv": [53, 39], "uv_size": [7, 0.5]},
								"up": {"uv": [10, 53], "uv_size": [0.5, 7]},
								"down": {"uv": [12, 60], "uv_size": [0.5, -7]}
							}
						},
						{
							"origin": [-1.1831, 6.68, -10.30668],
							"size": [0.5145, 1.6464, 7.76895],
							"uv": {
								"north": {"uv": [70, 28], "uv_size": [0.5, 1.5]},
								"east": {"uv": [38, 26], "uv_size": [8, 1.5]},
								"south": {"uv": [70, 45], "uv_size": [0.5, 1.5]},
								"west": {"uv": [34, 38], "uv_size": [8, 1.5]},
								"up": {"uv": [26, 50], "uv_size": [0.5, 8]},
								"down": {"uv": [28, 58], "uv_size": [0.5, -8]}
							}
						},
						{
							"origin": [-1.18237, 7.19522, -6.91026],
							"size": [0.51305, 2.4167, 0.6674],
							"inflate": -0.025,
							"pivot": [-0.92585, 6.08832, -4.62146],
							"rotation": [45, 0, 0],
							"uv": {
								"north": {"uv": [8, 65], "uv_size": [0.5, 2.5]},
								"east": {"uv": [10, 65], "uv_size": [0.5, 2.5]},
								"south": {"uv": [65, 11], "uv_size": [0.5, 2.5]},
								"west": {"uv": [28, 65], "uv_size": [0.5, 2.5]},
								"up": {"uv": [74, 2], "uv_size": [0.5, 0.5]},
								"down": {"uv": [74, 4.5], "uv_size": [0.5, -0.5]}
							}
						},
						{
							"origin": [-1.18307, 4.87928, -8.24865],
							"size": [0.51444, 2.41809, 6.75439],
							"inflate": -0.001,
							"uv": {
								"north": {"uv": [38, 65], "uv_size": [0.5, 2.5]},
								"east": {"uv": [31, 18], "uv_size": [7, 2.5]},
								"south": {"uv": [40, 65], "uv_size": [0.5, 2.5]},
								"west": {"uv": [31, 22], "uv_size": [7, 2.5]},
								"up": {"uv": [47, 53], "uv_size": [0.5, 7]},
								"down": {"uv": [14, 61], "uv_size": [0.5, -7]}
							}
						},
						{
							"origin": [-1.18237, 4.9057, -2.43411],
							"size": [0.51305, 1.43915, 0.6674],
							"inflate": -0.025,
							"pivot": [-0.92585, 6.08832, -4.62146],
							"rotation": [45, 0, 0],
							"uv": {
								"north": {"uv": [46, 70], "uv_size": [0.5, 1.5]},
								"east": {"uv": [70, 50], "uv_size": [0.5, 1.5]},
								"south": {"uv": [70, 53], "uv_size": [0.5, 1.5]},
								"west": {"uv": [55, 70], "uv_size": [0.5, 1.5]},
								"up": {"uv": [74, 6], "uv_size": [0.5, 0.5]},
								"down": {"uv": [74, 8.5], "uv_size": [0.5, -0.5]}
							}
						}
					]
				},
				{
					"name": "bone24",
					"parent": "bone7",
					"pivot": [0.51425, 5.7011, 6.8053],
					"cubes": [
						{
							"origin": [-0.64312, 8.83955, -0.26908],
							"size": [1.28625, 1.05472, 11.78205],
							"uv": {
								"north": {"uv": [10, 63], "uv_size": [1.5, 1]},
								"east": {"uv": [38, 29], "uv_size": [12, 1]},
								"south": {"uv": [63, 15], "uv_size": [1.5, 1]},
								"west": {"uv": [39, 24], "uv_size": [12, 1]},
								"up": {"uv": [17, 28], "uv_size": [1.5, 12]},
								"down": {"uv": [20, 40], "uv_size": [1.5, -12]}
							}
						},
						{
							"origin": [0.61715, 9.0968, -0.26908],
							"size": [0.8232, 0.79747, 3.47288],
							"uv": {
								"north": {"uv": [69, 2], "uv_size": [1, 1]},
								"east": {"uv": [54, 0], "uv_size": [3.5, 1]},
								"south": {"uv": [4, 69], "uv_size": [1, 1]},
								"west": {"uv": [54, 15], "uv_size": [3.5, 1]},
								"up": {"uv": [54, 46], "uv_size": [1, 3.5]},
								"down": {"uv": [54, 54.5], "uv_size": [1, -3.5]}
							}
						},
						{
							"origin": [0.3599, 8.83955, -0.78358],
							"size": [0.3087, 1.05472, 0.5145],
							"uv": {
								"north": {"uv": [38, 71], "uv_size": [0.5, 1]},
								"east": {"uv": [71, 39], "uv_size": [0.5, 1]},
								"south": {"uv": [40, 71], "uv_size": [0.5, 1]},
								"west": {"uv": [71, 41], "uv_size": [0.5, 1]},
								"up": {"uv": [74, 45], "uv_size": [0.5, 0.5]},
								"down": {"uv": [74, 49.5], "uv_size": [0.5, -0.5]}
							}
						},
						{
							"origin": [-0.6691, 8.83955, -0.78358],
							"size": [0.3087, 1.05472, 0.5145],
							"uv": {
								"north": {"uv": [42, 71], "uv_size": [0.5, 1]},
								"east": {"uv": [71, 43], "uv_size": [0.5, 1]},
								"south": {"uv": [44, 71], "uv_size": [0.5, 1]},
								"west": {"uv": [48, 71], "uv_size": [0.5, 1]},
								"up": {"uv": [74, 51], "uv_size": [0.5, 0.5]},
								"down": {"uv": [74, 53.5], "uv_size": [0.5, -0.5]}
							}
						},
						{
							"origin": [0.65768, 9.0968, -0.78358],
							"size": [0.7837, 0.79747, 0.5145],
							"uv": {
								"north": {"uv": [69, 4], "uv_size": [1, 1]},
								"east": {"uv": [71, 48], "uv_size": [0.5, 1]},
								"south": {"uv": [6, 69], "uv_size": [1, 1]},
								"west": {"uv": [50, 71], "uv_size": [0.5, 1]},
								"up": {"uv": [52, 71], "uv_size": [1, 0.5]},
								"down": {"uv": [71, 56.5], "uv_size": [1, -0.5]}
							}
						},
						{
							"origin": [-0.4633, 9.6113, 0.2197],
							"size": [0.9261, 0.9261, 8.232],
							"uv": {
								"north": {"uv": [8, 69], "uv_size": [1, 1]},
								"east": {"uv": [43, 3], "uv_size": [8, 1]},
								"south": {"uv": [69, 9], "uv_size": [1, 1]},
								"west": {"uv": [30, 43], "uv_size": [8, 1]},
								"up": {"uv": [43, 35], "uv_size": [1, 8]},
								"down": {"uv": [8, 52], "uv_size": [1, -8]}
							}
						},
						{
							"origin": [-1.1836, 8.83955, 0.24542],
							"size": [0.56595, 0.79747, 2.70113],
							"uv": {
								"north": {"uv": [57, 71], "uv_size": [0.5, 1]},
								"east": {"uv": [57, 20], "uv_size": [2.5, 1]},
								"south": {"uv": [71, 62], "uv_size": [0.5, 1]},
								"west": {"uv": [57, 30], "uv_size": [2.5, 1]},
								"up": {"uv": [42, 65], "uv_size": [0.5, 2.5]},
								"down": {"uv": [44, 67.5], "uv_size": [0.5, -2.5]}
							}
						}
					]
				},
				{
					"name": "bone2",
					"parent": "bone24",
					"pivot": [0.5145, -0.37, 10.201],
					"cubes": [
						{
							"origin": [-0.56595, 9.84283, 8.27163],
							"size": [1.1319, 1.5435, 3.11273],
							"uv": {
								"north": {"uv": [63, 17], "uv_size": [1, 1.5]},
								"east": {"uv": [3, 50], "uv_size": [3, 1.5]},
								"south": {"uv": [63, 22], "uv_size": [1, 1.5]},
								"west": {"uv": [50, 15], "uv_size": [3, 1.5]},
								"up": {"uv": [45, 56], "uv_size": [1, 3]},
								"down": {"uv": [57, 8], "uv_size": [1, -3]}
							}
						}
					]
				},
				{
					"name": "bone31",
					"parent": "bone2",
					"pivot": [0.5145, 2.97425, 11.1271],
					"cubes": [
						{
							"origin": [-0.2058, 9.89428, 10.32963],
							"size": [0.4116, 1.02175, 0.28298],
							"uv": {
								"north": {"uv": [71, 64], "uv_size": [0.5, 1]},
								"east": {"uv": [67, 71], "uv_size": [0.5, 1]},
								"south": {"uv": [69, 71], "uv_size": [0.5, 1]},
								"west": {"uv": [71, 69], "uv_size": [0.5, 1]},
								"up": {"uv": [74, 58], "uv_size": [0.5, 0.5]},
								"down": {"uv": [59, 74.5], "uv_size": [0.5, -0.5]}
							}
						}
					]
				},
				{
					"name": "bone10",
					"parent": "bone7",
					"pivot": [0, 7.36515, 7.25939],
					"cubes": [
						{
							"origin": [-0.65627, 5.13715, 3.31494],
							"size": [1.31203, 1.26058, 5.81391],
							"inflate": 0.001,
							"uv": {
								"north": {"uv": [59, 51], "uv_size": [1.5, 1.5]},
								"east": {"uv": [41, 15], "uv_size": [6, 1.5]},
								"south": {"uv": [53, 59], "uv_size": [1.5, 1.5]},
								"west": {"uv": [43, 0], "uv_size": [6, 1.5]},
								"up": {"uv": [24, 43], "uv_size": [1.5, 6]},
								"down": {"uv": [27, 49], "uv_size": [1.5, -6]}
							}
						},
						{
							"origin": [-0.65624, 5.34298, 9.12881],
							"size": [1.31198, 1.05472, 1.9551],
							"uv": {
								"north": {"uv": [63, 25], "uv_size": [1.5, 1]},
								"east": {"uv": [7, 61], "uv_size": [2, 1]},
								"south": {"uv": [63, 27], "uv_size": [1.5, 1]},
								"west": {"uv": [10, 61], "uv_size": [2, 1]},
								"up": {"uv": [57, 9], "uv_size": [1.5, 2]},
								"down": {"uv": [57, 19], "uv_size": [1.5, -2]}
							}
						},
						{
							"origin": [-0.65621, 5.63081, 11.00396],
							"size": [1.31192, 1.02894, 0.43727],
							"inflate": -0.001,
							"pivot": [-0.00025, 6.13241, 10.28363],
							"rotation": [-17.5, 0, 0],
							"uv": {
								"north": {"uv": [63, 40], "uv_size": [1.5, 1]},
								"east": {"uv": [71, 71], "uv_size": [0.5, 1]},
								"south": {"uv": [63, 42], "uv_size": [1.5, 1]},
								"west": {"uv": [72, 6], "uv_size": [0.5, 1]},
								"up": {"uv": [70, 60], "uv_size": [1.5, 0.5]},
								"down": {"uv": [62, 70.5], "uv_size": [1.5, -0.5]}
							}
						},
						{
							"origin": [-0.70624, 0.21797, 6.45463],
							"size": [1.41198, 6.29973, 2.2609],
							"inflate": -0.05,
							"pivot": [-0.00025, 3.36783, 7.58508],
							"rotation": [22.5, 0, 0],
							"uv": {
								"north": {"uv": [0, 43], "uv_size": [1.5, 6.5]},
								"east": {"uv": [23, 31], "uv_size": [2.5, 6.5]},
								"south": {"uv": [15, 43], "uv_size": [1.5, 6.5]},
								"west": {"uv": [27, 31], "uv_size": [2.5, 6.5]},
								"up": {"uv": [51, 29], "uv_size": [1.5, 2.5]},
								"down": {"uv": [52, 20.5], "uv_size": [1.5, -2.5]}
							}
						},
						{
							"origin": [-0.70551, 0.10444, 7.40588],
							"size": [1.41053, 1.2819, 0.6645],
							"inflate": -0.075,
							"pivot": [-0.00025, 0.74539, 7.73813],
							"rotation": [-22.5, 0, 0],
							"uv": {
								"north": {"uv": [59, 54], "uv_size": [1.5, 1.5]},
								"east": {"uv": [65, 70], "uv_size": [0.5, 1.5]},
								"south": {"uv": [60, 8], "uv_size": [1.5, 1.5]},
								"west": {"uv": [70, 66], "uv_size": [0.5, 1.5]},
								"up": {"uv": [2, 71], "uv_size": [1.5, 0.5]},
								"down": {"uv": [71, 2.5], "uv_size": [1.5, -0.5]}
							}
						},
						{
							"origin": [-0.70551, 3.08733, 5.92837],
							"size": [1.41053, 0.81885, 1.30762],
							"inflate": -0.075,
							"pivot": [-0.01311, 5.01453, 7.91988],
							"rotation": [-45, 0, 0],
							"uv": {
								"north": {"uv": [43, 63], "uv_size": [1.5, 1]},
								"east": {"uv": [63, 57], "uv_size": [1.5, 1]},
								"south": {"uv": [13, 64], "uv_size": [1.5, 1]},
								"west": {"uv": [16, 64], "uv_size": [1.5, 1]},
								"up": {"uv": [60, 15], "uv_size": [1.5, 1.5]},
								"down": {"uv": [60, 23.5], "uv_size": [1.5, -1.5]}
							}
						},
						{
							"origin": [-0.70551, 4.86899, 5.66295],
							"size": [1.41053, 0.81885, 1.46197],
							"inflate": -0.075,
							"pivot": [-0.01311, 6.60325, 7.39721],
							"rotation": [56, 0, 0],
							"uv": {
								"north": {"uv": [19, 64], "uv_size": [1.5, 1]},
								"east": {"uv": [64, 20], "uv_size": [1.5, 1]},
								"south": {"uv": [22, 64], "uv_size": [1.5, 1]},
								"west": {"uv": [25, 64], "uv_size": [1.5, 1]},
								"up": {"uv": [60, 25], "uv_size": [1.5, 1.5]},
								"down": {"uv": [60, 42.5], "uv_size": [1.5, -1.5]}
							}
						},
						{
							"origin": [-0.65621, 5.06003, 5.21864],
							"size": [1.31192, 0.56589, 1.23474],
							"inflate": -0.001,
							"uv": {
								"north": {"uv": [71, 4], "uv_size": [1.5, 0.5]},
								"east": {"uv": [72, 27], "uv_size": [1, 0.5]},
								"south": {"uv": [5, 71], "uv_size": [1.5, 0.5]},
								"west": {"uv": [72, 29], "uv_size": [1, 0.5]},
								"up": {"uv": [64, 29], "uv_size": [1.5, 1]},
								"down": {"uv": [30, 65], "uv_size": [1.5, -1]}
							}
						}
					]
				},
				{
					"name": "bone8",
					"parent": "bone4",
					"pivot": [-0.08306, 3.84193, -6.74377],
					"cubes": [
						{
							"origin": [-0.43016, 8.76187, -10.52659],
							"size": [0.86032, 0.98895, 7.96596],
							"uv": {
								"north": {"uv": [10, 69], "uv_size": [1, 1]},
								"east": {"uv": [44, 5], "uv_size": [8, 1]},
								"south": {"uv": [69, 11], "uv_size": [1, 1]},
								"west": {"uv": [44, 7], "uv_size": [8, 1]},
								"up": {"uv": [10, 44], "uv_size": [1, 8]},
								"down": {"uv": [12, 52], "uv_size": [1, -8]}
							}
						},
						{
							"origin": [0.54563, 8.41636, -10.52659],
							"size": [0.4116, 0.7703, 7.96596],
							"pivot": [0.01257, 8.83221, -6.80086],
							"rotation": [0, 0, -45],
							"uv": {
								"north": {"uv": [72, 45], "uv_size": [0.5, 1]},
								"east": {"uv": [44, 9], "uv_size": [8, 1]},
								"south": {"uv": [72, 50], "uv_size": [0.5, 1]},
								"west": {"uv": [44, 11], "uv_size": [8, 1]},
								"up": {"uv": [34, 50], "uv_size": [0.5, 8]},
								"down": {"uv": [36, 58], "uv_size": [0.5, -8]}
							}
						},
						{
							"origin": [-0.95723, 8.41636, -10.52659],
							"size": [0.4116, 0.7703, 7.96596],
							"pivot": [-0.01257, 8.83221, -6.80086],
							"rotation": [0, 0, 45],
							"uv": {
								"north": {"uv": [72, 52], "uv_size": [0.5, 1]},
								"east": {"uv": [43, 44], "uv_size": [8, 1]},
								"south": {"uv": [72, 54], "uv_size": [0.5, 1]},
								"west": {"uv": [30, 45], "uv_size": [8, 1]},
								"up": {"uv": [50, 46], "uv_size": [0.5, 8]},
								"down": {"uv": [0, 59], "uv_size": [0.5, -8]}
							}
						},
						{
							"origin": [-0.97459, 8.35027, -10.52659],
							"size": [1.94919, 0.85586, 7.96596],
							"uv": {
								"north": {"uv": [61, 20], "uv_size": [2, 1]},
								"east": {"uv": [45, 35], "uv_size": [8, 1]},
								"south": {"uv": [61, 30], "uv_size": [2, 1]},
								"west": {"uv": [45, 37], "uv_size": [8, 1]},
								"up": {"uv": [13, 18], "uv_size": [2, 8]},
								"down": {"uv": [31, 39], "uv_size": [2, -8]}
							}
						}
					]
				},
				{
					"name": "bone19",
					"parent": "bone8",
					"pivot": [0, 10.94133, -7.50829]
				},
				{
					"name": "bone12",
					"parent": "bone4",
					"pivot": [-0.08306, 4.15063, -9.57352],
					"cubes": [
						{
							"origin": [-0.26362, 7.97438, -23.54933],
							"size": [0.52674, 0.52675, 22.86295],
							"pivot": [-0.00025, 8.23775, -5.32867],
							"rotation": [0, 0, 45],
							"uv": {
								"north": {"uv": [2, 75], "uv_size": [0.5, 0.5]},
								"east": {"uv": [41, 13], "uv_size": [23, 0.5]},
								"south": {"uv": [4, 75], "uv_size": [0.5, 0.5]},
								"west": {"uv": [15, 41], "uv_size": [23, 0.5]},
								"up": {"uv": [39, 41], "uv_size": [0.5, 23]},
								"down": {"uv": [41, 64], "uv_size": [0.5, -23]}
							}
						},
						{
							"origin": [-0.36652, 7.87148, -24.91238],
							"size": [0.73254, 0.73254, 1.74235],
							"pivot": [-0.00025, 8.23775, -23.86113],
							"rotation": [0, 0, -45],
							"uv": {
								"north": {"uv": [6, 75], "uv_size": [0.5, 0.5]},
								"east": {"uv": [8, 71], "uv_size": [1.5, 0.5]},
								"south": {"uv": [8, 75], "uv_size": [0.5, 0.5]},
								"west": {"uv": [71, 9], "uv_size": [1.5, 0.5]},
								"up": {"uv": [11, 71], "uv_size": [0.5, 1.5]},
								"down": {"uv": [71, 12.5], "uv_size": [0.5, -1.5]}
							}
						},
						{
							"origin": [-0.36652, 7.87148, -22.95728],
							"size": [0.73254, 0.73254, 0.71335],
							"pivot": [-0.00025, 8.23775, -23.86113],
							"rotation": [0, 0, -45],
							"uv": {
								"north": {"uv": [75, 14], "uv_size": [0.5, 0.5]},
								"east": {"uv": [16, 75], "uv_size": [0.5, 0.5]},
								"south": {"uv": [18, 75], "uv_size": [0.5, 0.5]},
								"west": {"uv": [75, 19], "uv_size": [0.5, 0.5]},
								"up": {"uv": [20, 75], "uv_size": [0.5, 0.5]},
								"down": {"uv": [75, 21.5], "uv_size": [0.5, -0.5]}
							}
						},
						{
							"origin": [-0.57232, 7.66568, -2.53163],
							"size": [1.14414, 1.14414, 0.71335],
							"pivot": [-0.00025, 8.23775, -23.86113],
							"rotation": [0, 0, -45],
							"uv": {
								"north": {"uv": [69, 31], "uv_size": [1, 1]},
								"east": {"uv": [72, 58], "uv_size": [0.5, 1]},
								"south": {"uv": [69, 33], "uv_size": [1, 1]},
								"west": {"uv": [59, 72], "uv_size": [0.5, 1]},
								"up": {"uv": [61, 72], "uv_size": [1, 0.5]},
								"down": {"uv": [63, 72.5], "uv_size": [1, -0.5]}
							}
						},
						{
							"origin": [-0.46942, 7.76858, -14.90535],
							"size": [0.93834, 0.93834, 1.15068],
							"pivot": [-0.00025, 8.23775, -19.84803],
							"rotation": [0, 0, -45],
							"uv": {
								"north": {"uv": [69, 35], "uv_size": [1, 1]},
								"east": {"uv": [69, 37], "uv_size": [1, 1]},
								"south": {"uv": [38, 69], "uv_size": [1, 1]},
								"west": {"uv": [69, 39], "uv_size": [1, 1]},
								"up": {"uv": [40, 69], "uv_size": [1, 1]},
								"down": {"uv": [69, 42], "uv_size": [1, -1]}
							}
						},
						{
							"origin": [-0.21217, 6.8682, -14.90535],
							"size": [0.42384, 1.06697, 1.15068],
							"uv": {
								"north": {"uv": [72, 66], "uv_size": [0.5, 1]},
								"east": {"uv": [42, 69], "uv_size": [1, 1]},
								"south": {"uv": [0, 73], "uv_size": [0.5, 1]},
								"west": {"uv": [69, 43], "uv_size": [1, 1]},
								"up": {"uv": [73, 0], "uv_size": [0.5, 1]},
								"down": {"uv": [2, 74], "uv_size": [0.5, -1]}
							}
						}
					]
				},
				{
					"name": "bone17",
					"parent": "bone12",
					"pivot": [0, 12.8168, -5.22577]
				},
				{
					"name": "bone18",
					"parent": "bone12",
					"pivot": [0.12862, 12.73962, -16.64527],
					"rotation": [55, 0, 0]
				},
				{
					"name": "bone23",
					"parent": "bone12",
					"pivot": [0, 6.8486, -15.03745],
					"cubes": [
						{
							"origin": [-0.36652, 6.48233, -16.0887],
							"size": [0.73254, 0.73254, 2.35975],
							"pivot": [-0.00025, 6.8486, -15.03745],
							"rotation": [0, 0, -45],
							"uv": {
								"north": {"uv": [75, 10], "uv_size": [0.5, 0.5]},
								"east": {"uv": [65, 2], "uv_size": [2.5, 0.5]},
								"south": {"uv": [12, 75], "uv_size": [0.5, 0.5]},
								"west": {"uv": [65, 17], "uv_size": [2.5, 0.5]},
								"up": {"uv": [65, 44], "uv_size": [0.5, 2.5]},
								"down": {"uv": [53, 67.5], "uv_size": [0.5, -2.5]}
							}
						},
						{
							"origin": [-0.36652, 6.48233, -16.0887],
							"size": [0.73254, 0.73254, 2.35975],
							"pivot": [-0.00025, 6.8486, -15.03745],
							"rotation": [0, 0, -45],
							"uv": {
								"north": {"uv": [75, 10], "uv_size": [0.5, 0.5]},
								"east": {"uv": [65, 2], "uv_size": [2.5, 0.5]},
								"south": {"uv": [12, 75], "uv_size": [0.5, 0.5]},
								"west": {"uv": [65, 17], "uv_size": [2.5, 0.5]},
								"up": {"uv": [65, 44], "uv_size": [0.5, 2.5]},
								"down": {"uv": [53, 67.5], "uv_size": [0.5, -2.5]}
							}
						},
						{
							"origin": [-0.36652, 6.48233, -16.0887],
							"size": [0.73254, 0.73254, 2.35975],
							"pivot": [-0.00025, 6.8486, -15.03745],
							"rotation": [0, 0, -45],
							"uv": {
								"north": {"uv": [75, 10], "uv_size": [0.5, 0.5]},
								"east": {"uv": [65, 2], "uv_size": [2.5, 0.5]},
								"south": {"uv": [12, 75], "uv_size": [0.5, 0.5]},
								"west": {"uv": [65, 17], "uv_size": [2.5, 0.5]},
								"up": {"uv": [65, 44], "uv_size": [0.5, 2.5]},
								"down": {"uv": [53, 67.5], "uv_size": [0.5, -2.5]}
							}
						},
						{
							"origin": [-0.52087, 6.32798, -13.02743],
							"size": [1.04124, 1.04124, 0.94488],
							"pivot": [-0.00025, 6.8486, -11.82183],
							"rotation": [0, 0, -45],
							"uv": {
								"north": {"uv": [69, 13], "uv_size": [1, 1]},
								"east": {"uv": [69, 17], "uv_size": [1, 1]},
								"south": {"uv": [69, 21], "uv_size": [1, 1]},
								"west": {"uv": [69, 23], "uv_size": [1, 1]},
								"up": {"uv": [27, 69], "uv_size": [1, 1]},
								"down": {"uv": [29, 70], "uv_size": [1, -1]}
							}
						},
						{
							"origin": [-0.77812, 5.99355, -12.10133],
							"size": [1.55574, 1.37567, 0.7648],
							"uv": {
								"north": {"uv": [43, 60], "uv_size": [1.5, 1.5]},
								"east": {"uv": [60, 63], "uv_size": [1, 1.5]},
								"south": {"uv": [60, 57], "uv_size": [1.5, 1.5]},
								"west": {"uv": [64, 34], "uv_size": [1, 1.5]},
								"up": {"uv": [35, 64], "uv_size": [1.5, 1]},
								"down": {"uv": [48, 65], "uv_size": [1.5, -1]}
							}
						},
						{
							"origin": [-0.31507, 6.53378, -14.80245],
							"size": [0.62964, 0.62964, 2.35975],
							"pivot": [-0.00025, 6.8486, -15.03745],
							"rotation": [0, 0, -45],
							"uv": {
								"north": {"uv": [75, 12], "uv_size": [0.5, 0.5]},
								"east": {"uv": [65, 22], "uv_size": [2.5, 0.5]},
								"south": {"uv": [14, 75], "uv_size": [0.5, 0.5]},
								"west": {"uv": [65, 31], "uv_size": [2.5, 0.5]},
								"up": {"uv": [65, 59], "uv_size": [0.5, 2.5]},
								"down": {"uv": [0, 68.5], "uv_size": [0.5, -2.5]}
							}
						}
					]
				},
				{
					"name": "bone6",
					"parent": "bone12",
					"pivot": [0.20555, 8.90683, -12.08744],
					"rotation": [0, 7.5, 0]
				},
				{
					"name": "bone27",
					"parent": "bone12",
					"pivot": [-0.20555, 8.90683, -12.08744],
					"rotation": [0, -7.5, 0]
				},
				{
					"name": "bone13",
					"parent": "bone12",
					"pivot": [0, 10.38133, -13.52163],
					"cubes": [
						{
							"origin": [-0.05782, 10.03238, -14.83513],
							"size": [0.11514, 0.75827, 0],
							"uv": {
								"north": {"uv": [4, 73], "uv_size": [0.5, 1]},
								"east": {"uv": [38, 51], "uv_size": [0, 1]},
								"south": {"uv": [6, 73], "uv_size": [0.5, 1]},
								"west": {"uv": [38, 53], "uv_size": [0, 1]},
								"up": {"uv": [45, 43], "uv_size": [0.5, 0]},
								"down": {"uv": [46, 34], "uv_size": [0.5, 0]}
							}
						}
					]
				},
				{
					"name": "bone15",
					"parent": "bone13",
					"pivot": [0, 10.78452, -14.2657],
					"cubes": [
						{
							"origin": [-0.31402, 9.6455, -14.193],
							"size": [0.62959, 0.24371, 0.12162],
							"inflate": -0.001,
							"uv": {
								"north": {"uv": [22, 75], "uv_size": [0.5, 0.5]},
								"east": {"uv": [75, 23], "uv_size": [0.5, 0.5]},
								"south": {"uv": [24, 75], "uv_size": [0.5, 0.5]},
								"west": {"uv": [75, 25], "uv_size": [0.5, 0.5]},
								"up": {"uv": [26, 75], "uv_size": [0.5, 0.5]},
								"down": {"uv": [28, 75.5], "uv_size": [0.5, -0.5]}
							}
						},
						{
							"origin": [-0.31482, 8.45561, -14.8539],
							"size": [0.62964, 0.7663, 1.0346],
							"uv": {
								"north": {"uv": [8, 73], "uv_size": [0.5, 1]},
								"east": {"uv": [44, 69], "uv_size": [1, 1]},
								"south": {"uv": [73, 11], "uv_size": [0.5, 1]},
								"west": {"uv": [51, 69], "uv_size": [1, 1]},
								"up": {"uv": [13, 73], "uv_size": [0.5, 1]},
								"down": {"uv": [73, 14], "uv_size": [0.5, -1]}
							}
						},
						{
							"origin": [-0.31507, 9.6465, -14.8539],
							"size": [0.62964, 0.50102, 0.6619],
							"uv": {
								"north": {"uv": [30, 75], "uv_size": [0.5, 0.5]},
								"east": {"uv": [75, 31], "uv_size": [0.5, 0.5]},
								"south": {"uv": [32, 75], "uv_size": [0.5, 0.5]},
								"west": {"uv": [75, 33], "uv_size": [0.5, 0.5]},
								"up": {"uv": [34, 75], "uv_size": [0.5, 0.5]},
								"down": {"uv": [75, 35.5], "uv_size": [0.5, -0.5]}
							}
						},
						{
							"origin": [-0.5145, 10.13528, -14.8539],
							"size": [1.029, 1.029, 0.6619],
							"uv": {
								"north": {"uv": [53, 69], "uv_size": [1, 1]},
								"east": {"uv": [15, 73], "uv_size": [0.5, 1]},
								"south": {"uv": [69, 56], "uv_size": [1, 1]},
								"west": {"uv": [73, 15], "uv_size": [0.5, 1]},
								"up": {"uv": [17, 73], "uv_size": [1, 0.5]},
								"down": {"uv": [19, 73.5], "uv_size": [1, -0.5]}
							}
						}
					]
				},
				{
					"name": "bone16",
					"parent": "bone13",
					"pivot": [0, 10.78452, -14.2657],
					"cubes": [
						{
							"origin": [-0.3105, 9.21388, -14.8539],
							"size": [0.621, 0.44487, 0.85103],
							"uv": {
								"north": {"uv": [36, 75], "uv_size": [0.5, 0.5]},
								"east": {"uv": [73, 19], "uv_size": [1, 0.5]},
								"south": {"uv": [75, 37], "uv_size": [0.5, 0.5]},
								"west": {"uv": [21, 73], "uv_size": [1, 0.5]},
								"up": {"uv": [73, 21], "uv_size": [0.5, 1]},
								"down": {"uv": [23, 74], "uv_size": [0.5, -1]}
							}
						},
						{
							"origin": [-0.3105, 8.30204, -14.02033],
							"size": [0.621, 1.16987, 0.20103],
							"uv": {
								"north": {"uv": [73, 23], "uv_size": [0.5, 1]},
								"east": {"uv": [25, 73], "uv_size": [0.5, 1]},
								"south": {"uv": [73, 25], "uv_size": [0.5, 1]},
								"west": {"uv": [27, 73], "uv_size": [0.5, 1]},
								"up": {"uv": [38, 75], "uv_size": [0.5, 0.5]},
								"down": {"uv": [75, 39.5], "uv_size": [0.5, -0.5]}
							}
						}
					]
				},
				{
					"name": "bone14",
					"parent": "bone13",
					"pivot": [-0.00025, 9.43167, -13.95511],
					"rotation": [29.5, 0, 0],
					"cubes": [
						{
							"origin": [-0.31507, 9.39982, -13.99022],
							"size": [0.62964, 0.75827, 0.17313],
							"uv": {
								"north": {"uv": [29, 73], "uv_size": [0.5, 1]},
								"east": {"uv": [31, 73], "uv_size": [0.5, 1]},
								"south": {"uv": [73, 31], "uv_size": [0.5, 1]},
								"west": {"uv": [33, 73], "uv_size": [0.5, 1]},
								"up": {"uv": [40, 75], "uv_size": [0.5, 0.5]},
								"down": {"uv": [75, 41.5], "uv_size": [0.5, -0.5]}
							}
						}
					]
				},
				{
					"name": "bone5",
					"parent": "bone12",
					"pivot": [0, 5.93262, 0.60558]
				},
				{
					"name": "bone46",
					"parent": "bone5",
					"pivot": [-1.46354, 8.63134, -1.27212],
					"cubes": [
						{
							"origin": [-3.88282, 9.67919, -2.52018],
							"size": [2.58444, 0.45228, 0.34151],
							"pivot": [-1.46409, 9.99551, -3.80755],
							"rotation": [0, 0, -135],
							"uv": {
								"north": {"uv": [12, 66], "uv_size": [2.5, 0.5]},
								"east": {"uv": [42, 75], "uv_size": [0.5, 0.5]},
								"south": {"uv": [66, 15], "uv_size": [2.5, 0.5]},
								"west": {"uv": [75, 43], "uv_size": [0.5, 0.5]},
								"up": {"uv": [16, 66], "uv_size": [2.5, 0.5]},
								"down": {"uv": [20, 66.5], "uv_size": [2.5, -0.5]}
							}
						},
						{
							"origin": [-2.07693, 9.77917, -3.21928],
							"size": [0.55381, 0.55381, 1.77903],
							"pivot": [-1.46409, 10.54931, -3.80755],
							"rotation": [0, 0, -45],
							"uv": {
								"north": {"uv": [44, 75], "uv_size": [0.5, 0.5]},
								"east": {"uv": [57, 69], "uv_size": [2, 0.5]},
								"south": {"uv": [46, 75], "uv_size": [0.5, 0.5]},
								"west": {"uv": [69, 58], "uv_size": [2, 0.5]},
								"up": {"uv": [60, 69], "uv_size": [0.5, 2]},
								"down": {"uv": [69, 65], "uv_size": [0.5, -2]}
							}
						}
					]
				},
				{
					"name": "bone25",
					"parent": "bone46",
					"pivot": [-1.3476, -8.48315, -13.81786],
					"rotation": [0, 0, -180],
					"cubes": [
						{
							"origin": [-1.50451, -27.00802, -5.22872],
							"size": [0.2769, 0.24921, 3.41925],
							"uv": {
								"north": {"uv": [75, 47], "uv_size": [0.5, 0.5]},
								"east": {"uv": [62, 5], "uv_size": [3.5, 0.5]},
								"south": {"uv": [48, 75], "uv_size": [0.5, 0.5]},
								"west": {"uv": [13, 62], "uv_size": [3.5, 0.5]},
								"up": {"uv": [46, 61], "uv_size": [0.5, 3.5]},
								"down": {"uv": [51, 64.5], "uv_size": [0.5, -3.5]}
							}
						},
						{
							"origin": [-1.50451, -26.05469, -6.53818],
							"size": [0.2769, 0.28613, 0.65534],
							"pivot": [-1.23111, -25.30018, -4.09718],
							"rotation": [37.5, 0, 0],
							"uv": {
								"north": {"uv": [50, 75], "uv_size": [0.5, 0.5]},
								"east": {"uv": [52, 75], "uv_size": [0.5, 0.5]},
								"south": {"uv": [54, 75], "uv_size": [0.5, 0.5]},
								"west": {"uv": [75, 55], "uv_size": [0.5, 0.5]},
								"up": {"uv": [56, 75], "uv_size": [0.5, 0.5]},
								"down": {"uv": [75, 60.5], "uv_size": [0.5, -0.5]}
							}
						},
						{
							"origin": [-1.50451, -28.3559, -2.61111],
							"size": [0.2769, 0.25844, 0.61842],
							"pivot": [-1.23111, -25.2035, -4.3868],
							"rotation": [-60, 0, 0],
							"uv": {
								"north": {"uv": [75, 62], "uv_size": [0.5, 0.5]},
								"east": {"uv": [75, 64], "uv_size": [0.5, 0.5]},
								"south": {"uv": [65, 75], "uv_size": [0.5, 0.5]},
								"west": {"uv": [67, 75], "uv_size": [0.5, 0.5]},
								"up": {"uv": [75, 68], "uv_size": [0.5, 0.5]},
								"down": {"uv": [69, 75.5], "uv_size": [0.5, -0.5]}
							}
						},
						{
							"origin": [-1.50451, -27.90992, -6.50135],
							"size": [0.2769, 0.24921, 1.2553],
							"pivot": [-1.36606, -27.78531, -5.8737],
							"rotation": [67.5, 0, 0],
							"uv": {
								"north": {"uv": [75, 72], "uv_size": [0.5, 0.5]},
								"east": {"uv": [71, 17], "uv_size": [1.5, 0.5]},
								"south": {"uv": [75, 74], "uv_size": [0.5, 0.5]},
								"west": {"uv": [20, 71], "uv_size": [1.5, 0.5]},
								"up": {"uv": [71, 21], "uv_size": [0.5, 1.5]},
								"down": {"uv": [71, 25.5], "uv_size": [0.5, -1.5]}
							}
						}
					]
				},
				{
					"name": "bone3",
					"parent": "bone25",
					"pivot": [-2.67674, -9.49847, -13.81786],
					"rotation": [0, 0, -32]
				},
				{
					"name": "bone26",
					"parent": "bone25",
					"pivot": [-1.19069, -29.1919, -3.59195],
					"rotation": [-18, 0, 0],
					"cubes": [
						{
							"origin": [-1.65725, -29.59546, -6.01585],
							"size": [0.66375, 0.66378, 3.49228],
							"pivot": [-1.40904, -29.21274, -3.30061],
							"rotation": [0, 0, 45],
							"uv": {
								"north": {"uv": [75, 70], "uv_size": [0.5, 0.5]},
								"east": {"uv": [18, 62], "uv_size": [3.5, 0.5]},
								"south": {"uv": [71, 75], "uv_size": [0.5, 0.5]},
								"west": {"uv": [23, 62], "uv_size": [3.5, 0.5]},
								"up": {"uv": [56, 61], "uv_size": [0.5, 3.5]},
								"down": {"uv": [58, 64.5], "uv_size": [0.5, -3.5]}
							}
						}
					]
				},
				{
					"name": "positioning2",
					"parent": "bone4",
					"pivot": [0, 0, 0]
				},
				{
					"name": "scope_pos",
					"parent": "positioning2",
					"pivot": [0, 10.475, 5.025]
				},
				{
					"name": "positioning",
					"pivot": [0, 0, 0]
				},
				{
					"name": "shell",
					"parent": "positioning",
					"pivot": [-1.075, 6.98125, 1.7125]
				},
				{
					"name": "muzzle_flash",
					"parent": "positioning",
					"pivot": [0, 8.25625, -25.0062]
				},
				{
					"name": "thirdperson_hand",
					"parent": "positioning",
					"pivot": [0, 4.85, 6.1]
				},
				{
					"name": "ground",
					"parent": "positioning",
					"pivot": [0, -3.9, 0.65]
				},
				{
					"name": "fixed",
					"parent": "positioning",
					"pivot": [2.1, 6.1, 1.225],
					"rotation": [0, 90, 0]
				}
			]
		}
	]
}