{
	"format_version": "1.12.0",
	"minecraft:geometry": [
		{
			"description": {
				"identifier": "geometry.scar_h - 副本",
				"texture_width": 64,
				"texture_height": 64,
				"visible_bounds_width": 5,
				"visible_bounds_height": 4,
				"visible_bounds_offset": [0, 1, 0]
			},
			"bones": [
				{
					"name": "root",
					"pivot": [0, 6, 5]
				},
				{
					"name": "bone",
					"parent": "root",
					"pivot": [0, 3, 3]
				},
				{
					"name": "bone5",
					"parent": "bone",
					"pivot": [0, 6, 5]
				},
				{
					"name": "AA12_all",
					"parent": "bone5",
					"pivot": [0, 6, 5]
				},
				{
					"name": "constraint",
					"parent": "AA12_all",
					"pivot": [0, 12.5, -1.5]
				},
				{
					"name": "additional_magazine",
					"parent": "AA12_all",
					"pivot": [0, 3, 3]
				},
				{
					"name": "attachment_adapter",
					"parent": "AA12_all",
					"pivot": [0, 6.24911, 11.37197]
				},
				{
					"name": "muzzle_default",
					"parent": "AA12_all",
					"pivot": [0, 10, -17.75]
				},
				{
					"name": "octagon14",
					"parent": "muzzle_default",
					"pivot": [0, 10, 3]
				},
				{
					"name": "default_gun",
					"parent": "AA12_all",
					"pivot": [0, 6, 0]
				},
				{
					"name": "body",
					"parent": "default_gun",
					"pivot": [0, 6, 0]
				},
				{
					"name": "metal",
					"parent": "body",
					"pivot": [-0.50379, 7.84175, -5.24219]
				},
				{
					"name": "group2",
					"parent": "metal",
					"pivot": [0.5, -2, -8]
				},
				{
					"name": "plastic",
					"parent": "body",
					"pivot": [0, 3.1992, 2.71676]
				},
				{
					"name": "upper",
					"parent": "plastic",
					"pivot": [-0.50693, 15.43371, 2.5]
				},
				{
					"name": "mount",
					"parent": "upper",
					"pivot": [0, 1, 0]
				},
				{
					"name": "bone3",
					"parent": "upper",
					"pivot": [-0.50693, 26.54309, 2.29688]
				},
				{
					"name": "bone13",
					"parent": "bone3",
					"pivot": [6.32865, 2.78257, 16.79688]
				},
				{
					"name": "Gunrails",
					"parent": "bone3",
					"pivot": [0.40533, 10.29139, -11.71875]
				},
				{
					"name": "Gunrails2",
					"parent": "bone3",
					"pivot": [-0.40533, 10.29139, -11.71875]
				},
				{
					"name": "Gun_rails3",
					"parent": "upper",
					"pivot": [0.09283, 9.36951, -9.46875]
				},
				{
					"name": "Gun_rails4",
					"parent": "upper",
					"pivot": [0.09283, 9.36951, -20.71875]
				},
				{
					"name": "Gun_rails2",
					"parent": "upper",
					"pivot": [0.09283, 6.86951, -8.34375]
				},
				{
					"name": "group3",
					"parent": "upper",
					"pivot": [0.17336, 7.375, -1.8681]
				},
				{
					"name": "group4",
					"parent": "upper",
					"pivot": [0, 6.77968, 4.11853],
					"rotation": [90, 0, 0]
				},
				{
					"name": "bone172_illuminated",
					"parent": "upper",
					"pivot": [-0.50693, 15.43371, 2.5]
				},
				{
					"name": "bone17",
					"parent": "upper",
					"pivot": [-0.22619, -2.75, -1.92187]
				},
				{
					"name": "display_illuminated",
					"parent": "upper",
					"pivot": [0.1875, -1.35937, -2.04687]
				},
				{
					"name": "user_show_pos",
					"parent": "display_illuminated",
					"pivot": [4.95313, 10.44193, -0.75018]
				},
				{
					"name": "user_text_pos",
					"parent": "display_illuminated",
					"pivot": [4.95313, 9.94193, -0.75018]
				},
				{
					"name": "ammo_show_pos",
					"parent": "display_illuminated",
					"pivot": [-0.01562, 11.4888, 9.49982],
					"rotation": [50, 0, 0]
				},
				{
					"name": "ammotext_show_pos",
					"parent": "display_illuminated",
					"pivot": [-0.01562, 11.1138, 9.93732],
					"rotation": [50, 0, 0]
				},
				{
					"name": "ammo_count_text_show_pos3",
					"parent": "display_illuminated",
					"pivot": [4.75, 8.62942, -3.00018]
				},
				{
					"name": "sight",
					"parent": "upper",
					"pivot": [-0.50693, 15.43371, 2.5]
				},
				{
					"name": "bon1e9_illuminated",
					"parent": "sight",
					"pivot": [0, 0, 0]
				},
				{
					"name": "sight2",
					"parent": "sight",
					"pivot": [0, 9.92188, -0.1875]
				},
				{
					"name": "bone9",
					"parent": "sight2",
					"pivot": [0.625, 12.1875, 7.14063]
				},
				{
					"name": "bone11_illuminated",
					"parent": "sight2",
					"pivot": [0, 8.17188, -2.1875]
				},
				{
					"name": "bone10",
					"parent": "sight2",
					"pivot": [0, 12.1875, -12.1875]
				},
				{
					"name": "bone11",
					"parent": "sight2",
					"pivot": [0, 12.51563, -12.1875]
				},
				{
					"name": "bon2e9_illuminated",
					"parent": "plastic",
					"pivot": [-0.50693, 15.43371, 2.5]
				},
				{
					"name": "lower",
					"parent": "plastic",
					"pivot": [0.5, 6.9375, -8]
				},
				{
					"name": "barrel2",
					"parent": "default_gun",
					"pivot": [0, 6, 0]
				},
				{
					"name": "gaslock",
					"parent": "barrel2",
					"pivot": [-0.2961, 15.2336, -14.28125]
				},
				{
					"name": "gas_tube",
					"parent": "barrel2",
					"pivot": [0, 6, 0]
				},
				{
					"name": "grip",
					"parent": "default_gun",
					"pivot": [8, -2, -8.1875]
				},
				{
					"name": "bone7",
					"parent": "grip",
					"pivot": [8, -2, -8.1875]
				},
				{
					"name": "trigger",
					"parent": "default_gun",
					"pivot": [0, 0.3867, 9.90909]
				},
				{
					"name": "buttons",
					"parent": "default_gun",
					"pivot": [6, 6, 0]
				},
				{
					"name": "switch",
					"parent": "buttons",
					"pivot": [6, 6.4375, -0.1875]
				},
				{
					"name": "magrelease",
					"parent": "buttons",
					"pivot": [6.71875, 5.0453, -1.12879]
				},
				{
					"name": "octagon4",
					"parent": "magrelease",
					"pivot": [6, 13.75, -2.0625]
				},
				{
					"name": "screws",
					"parent": "default_gun",
					"pivot": [0, 6, -5.66919]
				},
				{
					"name": "group6",
					"parent": "screws",
					"pivot": [0, 8.8125, -7.375]
				},
				{
					"name": "barrel",
					"parent": "default_gun",
					"pivot": [0, 6, 0]
				},
				{
					"name": "stock_default1",
					"parent": "AA12_all",
					"pivot": [0, -2, 0]
				},
				{
					"name": "stock_extended_part",
					"parent": "stock_default1",
					"pivot": [0, 6.50937, 15.57812]
				},
				{
					"name": "group5",
					"parent": "stock_extended_part",
					"pivot": [0, 4.16403, 19.66044]
				},
				{
					"name": "bon11e",
					"parent": "group5",
					"pivot": [0, 4.16403, 20.66044]
				},
				{
					"name": "hinge",
					"parent": "stock_default1",
					"pivot": [-0.875, 14.00937, 5.59375]
				},
				{
					"name": "sight_base",
					"parent": "AA12_all",
					"pivot": [-1.125, 4.3125, -4.0625]
				},
				{
					"name": "bolt",
					"parent": "AA12_all",
					"pivot": [0.72321, 12.4202, -0.28152]
				},
				{
					"name": "bullet_in_barrel",
					"parent": "bolt",
					"pivot": [0, 7.61918, -1.3],
					"rotation": [90, 0, 0]
				},
				{
					"name": "octagon10",
					"parent": "bolt",
					"pivot": [0, 10, 0]
				},
				{
					"name": "positioning2",
					"parent": "AA12_all",
					"pivot": [0, -2, 0]
				},
				{
					"name": "laser_pos",
					"parent": "positioning2",
					"pivot": [1.4245, 9.3125, -9.65],
					"rotation": [0, 0, 90]
				},
				{
					"name": "muzzle_flash",
					"parent": "positioning2",
					"pivot": [0, 9.77812, -21.64062]
				},
				{
					"name": "grip_pos",
					"parent": "positioning2",
					"pivot": [0, 6.58751, -4.01562]
				},
				{
					"name": "scope_pos",
					"parent": "positioning2",
					"pivot": [0, 12.1, 5.9375]
				},
				{
					"name": "shell",
					"parent": "positioning2",
					"pivot": [-0.15, 7.2625, 3.25]
				},
				{
					"name": "charge_handle",
					"parent": "AA12_all",
					"pivot": [0.5625, 4.875, -2]
				},
				{
					"name": "charge_r",
					"parent": "charge_handle",
					"pivot": [-0.12968, 10.3125, -3.6971]
				},
				{
					"name": "base",
					"parent": "charge_handle",
					"pivot": [0.3125, 18.02562, -3.8609]
				},
				{
					"name": "righthand",
					"parent": "bone5",
					"pivot": [6, 17, 0]
				},
				{
					"name": "righthand_pos",
					"parent": "righthand",
					"pivot": [0, 6, 0],
					"cubes": [
						{
							"origin": [4, 6, -2],
							"size": [3, 12, 4],
							"uv": {
								"north": {"uv": [7, 12], "uv_size": [3, 12]},
								"east": {"uv": [8, 0], "uv_size": [4, 12]},
								"south": {"uv": [10, 12], "uv_size": [3, 12]},
								"west": {"uv": [0, 12], "uv_size": [4, 12]},
								"up": {"uv": [2, 29], "uv_size": [3, 4]},
								"down": {"uv": [5, 33], "uv_size": [3, -4]}
							}
						}
					]
				},
				{
					"name": "lefthand",
					"parent": "bone",
					"pivot": [-6, 17, 0]
				},
				{
					"name": "lefthand_pos",
					"parent": "lefthand",
					"pivot": [0, 6, 0],
					"cubes": [
						{
							"origin": [-7, 6, -2],
							"size": [3, 12, 4],
							"uv": {
								"north": {"uv": [12, 0], "uv_size": [3, 12]},
								"east": {"uv": [0, 0], "uv_size": [4, 12]},
								"south": {"uv": [4, 12], "uv_size": [3, 12]},
								"west": {"uv": [4, 0], "uv_size": [4, 12]},
								"up": {"uv": [28, 24], "uv_size": [3, 4]},
								"down": {"uv": [28, 32], "uv_size": [3, -4]}
							}
						}
					]
				},
				{
					"name": "magazine_and_bullet",
					"parent": "bone",
					"pivot": [0, 3, 3]
				},
				{
					"name": "bullet",
					"parent": "magazine_and_bullet",
					"pivot": [-0.3125, 7.2031, 2]
				},
				{
					"name": "bone4",
					"parent": "bullet",
					"pivot": [3.125, 5.3281, 2],
					"rotation": [0, 0, -52.5]
				},
				{
					"name": "magazine",
					"parent": "magazine_and_bullet",
					"pivot": [0, 3, 3]
				},
				{
					"name": "dl",
					"parent": "magazine",
					"pivot": [-0.3125, 7.20313, 2]
				},
				{
					"name": "bone9_illuminated",
					"parent": "dl",
					"pivot": [1.125, 9.54688, 0.53125]
				},
				{
					"name": "bullet_in_mag",
					"parent": "magazine",
					"pivot": [0, 10.70668, 2.75],
					"rotation": [90, 0, 0]
				},
				{
					"name": "mag_extended_3ex",
					"parent": "magazine",
					"pivot": [0, 3, 3]
				},
				{
					"name": "bone21",
					"parent": "mag_extended_3ex",
					"pivot": [-4, 3, 3]
				},
				{
					"name": "bone22",
					"parent": "bone21",
					"pivot": [-0.375, 4.75, 0.14063]
				},
				{
					"name": "sone94_illuminated",
					"parent": "bone22",
					"pivot": [-0.375, 6.6875, 4.57813]
				},
				{
					"name": "bone23",
					"parent": "bone21",
					"pivot": [-4, -8, 3]
				},
				{
					"name": "constraint2",
					"parent": "root",
					"pivot": [0, 12.625, -16.5625]
				},
				{
					"name": "lod",
					"pivot": [0, 0, 0],
					"cubes": [
						{
							"origin": [-0.75, 9.9375, -21.3125],
							"size": [1.5, 1, 15.3125],
							"uv": {
								"north": {"uv": [52, 19], "uv_size": [1.5, 1]},
								"east": {"uv": [34, 13], "uv_size": [15.25, 1]},
								"south": {"uv": [52, 20], "uv_size": [1.5, 1]},
								"west": {"uv": [34, 14], "uv_size": [15.25, 1]},
								"up": {"uv": [15, 27], "uv_size": [1.5, 15.25]},
								"down": {"uv": [3, 44.25], "uv_size": [1.5, -15.25]}
							}
						},
						{
							"origin": [0.625, 8.6875, -21],
							"size": [0.5, 2.5625, 15.25],
							"uv": {
								"north": {"uv": [8, 53], "uv_size": [0.5, 2.5]},
								"east": {"uv": [12, 16], "uv_size": [15.25, 2.5]},
								"south": {"uv": [17, 53], "uv_size": [0.5, 2.5]},
								"west": {"uv": [18, 0], "uv_size": [15.25, 2.5]},
								"up": {"uv": [9, 43], "uv_size": [0.5, 15.25]},
								"down": {"uv": [10, 58.25], "uv_size": [0.5, -15.25]}
							}
						},
						{
							"origin": [-0.625, 8.6875, -21],
							"size": [1.25, 2.4375, 15.25],
							"uv": {
								"north": {"uv": [43, 49], "uv_size": [1.25, 2.5]},
								"east": {"uv": [18, 9], "uv_size": [15.25, 2.5]},
								"south": {"uv": [49, 46], "uv_size": [1.25, 2.5]},
								"west": {"uv": [18, 12], "uv_size": [15.25, 2.5]},
								"up": {"uv": [32, 27], "uv_size": [1.25, 15.25]},
								"down": {"uv": [34, 42.25], "uv_size": [1.25, -15.25]}
							}
						},
						{
							"origin": [-1.125, 8.6875, -21],
							"size": [0.5, 2.5625, 15.25],
							"uv": {
								"north": {"uv": [18, 53], "uv_size": [0.5, 2.5]},
								"east": {"uv": [18, 3], "uv_size": [15.25, 2.5]},
								"south": {"uv": [31, 53], "uv_size": [0.5, 2.5]},
								"west": {"uv": [18, 6], "uv_size": [15.25, 2.5]},
								"up": {"uv": [15, 43], "uv_size": [0.5, 15.25]},
								"down": {"uv": [16, 58.25], "uv_size": [0.5, -15.25]}
							}
						},
						{
							"origin": [-0.25, 11.70313, -18.92187],
							"size": [0.5, 0.1875, 1.12501],
							"pivot": [0, 12.57813, -19.125],
							"rotation": [-30, 0, 0],
							"uv": {
								"east": {"uv": [5, 55], "uv_size": [1.25, 0.25]},
								"south": {"uv": [20, 55], "uv_size": [0.5, 0.25]},
								"west": {"uv": [55, 6], "uv_size": [1.25, 0.25]},
								"up": {"uv": [2, 54], "uv_size": [0.5, 1.25]},
								"down": {"uv": [3, 55.25], "uv_size": [0.5, -1.25]}
							}
						},
						{
							"origin": [-0.25, 10.57813, -18.5],
							"size": [0.5, 2, 0.39063],
							"uv": {
								"north": {"uv": [47, 53], "uv_size": [0.5, 2]},
								"east": {"uv": [53, 47], "uv_size": [0.5, 2]},
								"south": {"uv": [48, 53], "uv_size": [0.5, 2]},
								"west": {"uv": [50, 53], "uv_size": [0.5, 2]},
								"down": {"uv": [55, 12.5], "uv_size": [0.5, -0.5]}
							}
						},
						{
							"origin": [-0.25, 12.26563, -19.125],
							"size": [0.5, 0.3125, 1.01563],
							"uv": {
								"north": {"uv": [55, 19], "uv_size": [0.5, 0.25]},
								"east": {"uv": [11, 55], "uv_size": [1, 0.25]},
								"west": {"uv": [12, 55], "uv_size": [1, 0.25]},
								"up": {"uv": [24, 54], "uv_size": [0.5, 1]},
								"down": {"uv": [25, 55], "uv_size": [0.5, -1]}
							}
						},
						{
							"origin": [-0.25, 10.57813, -19.125],
							"size": [0.5, 2, 0.20313],
							"pivot": [0, 12.57813, -19.125],
							"rotation": [-30, 0, 0],
							"uv": {
								"north": {"uv": [39, 53], "uv_size": [0.5, 2]},
								"east": {"uv": [22, 54], "uv_size": [0.25, 2]},
								"south": {"uv": [53, 45], "uv_size": [0.5, 2]},
								"west": {"uv": [23, 54], "uv_size": [0.25, 2]},
								"up": {"uv": [55, 18], "uv_size": [0.5, 0.25]},
								"down": {"uv": [19, 55.25], "uv_size": [0.5, -0.25]}
							}
						},
						{
							"origin": [0.875, 8.8125, -13.4375],
							"size": [0.5625, 1, 6.75],
							"uv": {
								"north": {"uv": [21, 54], "uv_size": [0.5, 1]},
								"east": {"uv": [36, 21], "uv_size": [6.75, 1]},
								"south": {"uv": [54, 21], "uv_size": [0.5, 1]},
								"west": {"uv": [39, 18], "uv_size": [6.75, 1]},
								"up": {"uv": [38, 48], "uv_size": [0.5, 6.75]},
								"down": {"uv": [40, 54.75], "uv_size": [0.5, -6.75]}
							}
						},
						{
							"origin": [-1.4375, 8.8125, -13.4375],
							"size": [0.5625, 1, 6.75],
							"uv": {
								"north": {"uv": [54, 26], "uv_size": [0.5, 1]},
								"east": {"uv": [39, 33], "uv_size": [6.75, 1]},
								"south": {"uv": [27, 54], "uv_size": [0.5, 1]},
								"west": {"uv": [40, 12], "uv_size": [6.75, 1]},
								"up": {"uv": [41, 48], "uv_size": [0.5, 6.75]},
								"down": {"uv": [14, 55.75], "uv_size": [0.5, -6.75]}
							}
						},
						{
							"origin": [-1.125, 8.6875, -5.75],
							"size": [2.25, 1.375, 4],
							"uv": {
								"north": {"uv": [48, 37], "uv_size": [2.25, 1.5]},
								"east": {"uv": [45, 3], "uv_size": [4, 1.5]},
								"south": {"uv": [48, 39], "uv_size": [2.25, 1.5]},
								"west": {"uv": [45, 16], "uv_size": [4, 1.5]},
								"up": {"uv": [8, 39], "uv_size": [2.25, 4]},
								"down": {"uv": [39, 31], "uv_size": [2.25, -4]}
							}
						},
						{
							"origin": [-0.34912, 8.91162, -5.03124],
							"size": [1.5, 0.59375, 2.85938],
							"uv": {
								"west": {"uv": [53, 23], "uv_size": [2.75, 0.5]}
							}
						},
						{
							"origin": [-1.15089, 8.91162, -5.03124],
							"size": [1.50001, 0.59375, 2.85938],
							"uv": {
								"east": {"uv": [26, 53], "uv_size": [2.75, 0.5]}
							}
						},
						{
							"origin": [-1.0625, 8.6875, -0.9375],
							"size": [2.125, 1.4375, 1.25],
							"uv": {
								"north": {"uv": [48, 42], "uv_size": [2.25, 1.5]},
								"east": {"uv": [0, 52], "uv_size": [1.25, 1.5]},
								"south": {"uv": [48, 44], "uv_size": [2.25, 1.5]},
								"west": {"uv": [52, 0], "uv_size": [1.25, 1.5]},
								"up": {"uv": [49, 0], "uv_size": [2.25, 1.25]},
								"down": {"uv": [49, 4.25], "uv_size": [2.25, -1.25]}
							}
						},
						{
							"origin": [-1.0625, 10.125, -0.125],
							"size": [2.125, 0.5625, 10.9375],
							"uv": {
								"north": {"uv": [42, 53], "uv_size": [2.25, 0.5]},
								"east": {"uv": [45, 5], "uv_size": [11, 0.5]},
								"south": {"uv": [53, 42], "uv_size": [2.25, 0.5]},
								"west": {"uv": [45, 27], "uv_size": [11, 0.5]},
								"up": {"uv": [21, 25], "uv_size": [2.25, 11]},
								"down": {"uv": [24, 36], "uv_size": [2.25, -11]}
							}
						},
						{
							"origin": [-0.79687, 9.125, 4.60938],
							"size": [1.6875, 1.0625, 6.20313],
							"uv": {
								"north": {"uv": [52, 12], "uv_size": [1.75, 1]},
								"east": {"uv": [43, 21], "uv_size": [6.25, 1]},
								"south": {"uv": [52, 13], "uv_size": [1.75, 1]},
								"west": {"uv": [44, 10], "uv_size": [6.25, 1]},
								"up": {"uv": [36, 38], "uv_size": [1.75, 6.25]},
								"down": {"uv": [38, 44.25], "uv_size": [1.75, -6.25]}
							}
						},
						{
							"origin": [-0.79687, 8.25, -1.89062],
							"size": [1.6875, 1.9375, 6.57813],
							"uv": {
								"north": {"uv": [48, 8], "uv_size": [1.75, 2]},
								"east": {"uv": [38, 2], "uv_size": [6.5, 2]},
								"south": {"uv": [36, 48], "uv_size": [1.75, 2]},
								"west": {"uv": [38, 4], "uv_size": [6.5, 2]},
								"up": {"uv": [38, 6], "uv_size": [1.75, 6.5]},
								"down": {"uv": [12, 44.5], "uv_size": [1.75, -6.5]}
							}
						},
						{
							"origin": [-1.0625, 8.625, -0.125],
							"size": [2.125, 0.5625, 10.9375],
							"uv": {
								"north": {"uv": [53, 43], "uv_size": [2.25, 0.5]},
								"east": {"uv": [45, 28], "uv_size": [11, 0.5]},
								"south": {"uv": [53, 44], "uv_size": [2.25, 0.5]},
								"west": {"uv": [45, 29], "uv_size": [11, 0.5]},
								"up": {"uv": [12, 27], "uv_size": [2.25, 11]},
								"down": {"uv": [27, 36], "uv_size": [2.25, -11]}
							}
						},
						{
							"origin": [-1.0625, 8.625, 10.8125],
							"size": [2.125, 2.3125, 10.4375],
							"uv": {
								"north": {"uv": [36, 45], "uv_size": [2.25, 2.25]},
								"east": {"uv": [25, 19], "uv_size": [10.5, 2.25]},
								"south": {"uv": [45, 38], "uv_size": [2.25, 2.25]},
								"west": {"uv": [28, 16], "uv_size": [10.5, 2.25]},
								"up": {"uv": [8, 28], "uv_size": [2.25, 10.5]},
								"down": {"uv": [0, 39.5], "uv_size": [2.25, -10.5]}
							}
						},
						{
							"origin": [-1.07813, 9.19333, 15.07812],
							"size": [0.4375, 0.9571, 5.375],
							"uv": {
								"east": {"uv": [45, 31], "uv_size": [5.25, 1]}
							}
						},
						{
							"origin": [0.64063, 9.19333, 15.07812],
							"size": [0.4375, 0.9571, 5.375],
							"uv": {
								"west": {"uv": [45, 30], "uv_size": [5.25, 1]}
							}
						},
						{
							"origin": [-0.6875, 7.625, -6.6875],
							"size": [1.375, 1.0625, 27.9375],
							"uv": {
								"north": {"uv": [47, 52], "uv_size": [1.5, 1]},
								"east": {"uv": [18, 15], "uv_size": [28, 1]},
								"south": {"uv": [52, 51], "uv_size": [1.5, 1]},
								"west": {"uv": [21, 24], "uv_size": [28, 1]},
								"up": {"uv": [8, 0], "uv_size": [1.5, 28]},
								"down": {"uv": [10, 28], "uv_size": [1.5, -28]}
							}
						},
						{
							"origin": [-0.6875, 4.4375, 18.875],
							"size": [1.375, 3.1875, 2.375],
							"uv": {
								"north": {"uv": [20, 47], "uv_size": [1.5, 3.25]},
								"east": {"uv": [42, 27], "uv_size": [2.5, 3.25]},
								"south": {"uv": [22, 47], "uv_size": [1.5, 3.25]},
								"west": {"uv": [42, 38], "uv_size": [2.5, 3.25]},
								"up": {"uv": [47, 33], "uv_size": [1.5, 2.5]},
								"down": {"uv": [47, 49.5], "uv_size": [1.5, -2.5]}
							}
						},
						{
							"origin": [-0.6875, 5.3125, 13.5625],
							"size": [1.375, 2.3125, 2.125],
							"uv": {
								"north": {"uv": [0, 49], "uv_size": [1.5, 2.25]},
								"east": {"uv": [45, 44], "uv_size": [2.25, 2.25]},
								"south": {"uv": [12, 49], "uv_size": [1.5, 2.25]},
								"west": {"uv": [17, 46], "uv_size": [2.25, 2.25]},
								"up": {"uv": [17, 49], "uv_size": [1.5, 2.25]},
								"down": {"uv": [49, 35.25], "uv_size": [1.5, -2.25]}
							}
						},
						{
							"origin": [-0.6875, 5.3125, 15.6875],
							"size": [1.375, 1.1875, 3.3125],
							"uv": {
								"north": {"uv": [2, 52], "uv_size": [1.5, 1.25]},
								"east": {"uv": [47, 6], "uv_size": [3.25, 1.25]},
								"south": {"uv": [52, 3], "uv_size": [1.5, 1.25]},
								"west": {"uv": [47, 22], "uv_size": [3.25, 1.25]},
								"up": {"uv": [24, 47], "uv_size": [1.5, 3.25]},
								"down": {"uv": [26, 50.25], "uv_size": [1.5, -3.25]}
							}
						},
						{
							"origin": [-0.6875, 2.3125, 9.3125],
							"size": [1.375, 1.5, 4.375],
							"uv": {
								"north": {"uv": [47, 50], "uv_size": [1.5, 1.5]},
								"east": {"uv": [43, 8], "uv_size": [4.5, 1.5]},
								"south": {"uv": [7, 51], "uv_size": [1.5, 1.5]},
								"west": {"uv": [43, 42], "uv_size": [4.5, 1.5]},
								"up": {"uv": [34, 43], "uv_size": [1.5, 4.5]},
								"down": {"uv": [40, 47.5], "uv_size": [1.5, -4.5]}
							}
						},
						{
							"origin": [-0.625, 2.67019, 12.21196],
							"size": [1.25, 1.625, 4.09375],
							"pivot": [0.1875, 3.45144, 12.85259],
							"rotation": [45, 0, 0],
							"uv": {
								"north": {"uv": [51, 22], "uv_size": [1.25, 1.75]},
								"east": {"uv": [40, 10], "uv_size": [4, 1.75]},
								"south": {"uv": [24, 51], "uv_size": [1.25, 1.75]},
								"west": {"uv": [43, 6], "uv_size": [4, 1.75]},
								"up": {"uv": [12, 45], "uv_size": [1.25, 4]},
								"down": {"uv": [30, 50], "uv_size": [1.25, -4]}
							}
						},
						{
							"origin": [-0.625, 6.17019, 8.58696],
							"size": [1.25, 0.9375, 1.71875],
							"pivot": [0.1875, 7.32644, 8.54009],
							"rotation": [45, 0, 0],
							"uv": {
								"north": {"uv": [53, 31], "uv_size": [1.25, 1]},
								"east": {"uv": [51, 40], "uv_size": [1.75, 1]},
								"south": {"uv": [53, 33], "uv_size": [1.25, 1]},
								"west": {"uv": [51, 48], "uv_size": [1.75, 1]},
								"up": {"uv": [26, 51], "uv_size": [1.25, 1.75]},
								"down": {"uv": [51, 31.75], "uv_size": [1.25, -1.75]}
							}
						},
						{
							"origin": [-0.625, 3.45144, 9.39946],
							"size": [1.25, 5.10938, 1.75],
							"pivot": [0.1875, 3.06081, 10.52446],
							"rotation": [22.5, 0, 0],
							"uv": {
								"north": {"uv": [2, 45], "uv_size": [1.25, 5]},
								"east": {"uv": [40, 38], "uv_size": [1.75, 5]},
								"south": {"uv": [4, 45], "uv_size": [1.25, 5]},
								"west": {"uv": [30, 41], "uv_size": [1.75, 5]},
								"up": {"uv": [20, 51], "uv_size": [1.25, 1.75]},
								"down": {"uv": [22, 52.75], "uv_size": [1.25, -1.75]}
							}
						},
						{
							"origin": [-0.4375, 5.8125, 5],
							"size": [0.875, 0.625, 3.6875],
							"uv": {
								"east": {"uv": [49, 16], "uv_size": [3.75, 0.75]},
								"west": {"uv": [49, 17], "uv_size": [3.75, 0.75]},
								"up": {"uv": [34, 48], "uv_size": [1, 3.75]},
								"down": {"uv": [35, 51.75], "uv_size": [1, -3.75]}
							}
						},
						{
							"origin": [-0.4375, 5.625, 5],
							"size": [0.875, 2.25, 0.625],
							"uv": {
								"east": {"uv": [39, 50], "uv_size": [0.75, 2.25]},
								"west": {"uv": [42, 50], "uv_size": [0.75, 2.25]},
								"up": {"uv": [46, 33], "uv_size": [1, 0.75]},
								"down": {"uv": [47, 37.75], "uv_size": [1, -0.75]}
							}
						},
						{
							"origin": [-1.0625, 4.3125, 21.25],
							"size": [2.125, 6.75, 0.875],
							"uv": {
								"north": {"uv": [5, 16], "uv_size": [2.25, 6.75]},
								"east": {"uv": [32, 43], "uv_size": [1, 6.75]},
								"south": {"uv": [36, 27], "uv_size": [2.25, 6.75]},
								"west": {"uv": [33, 43], "uv_size": [1, 6.75]},
								"up": {"uv": [5, 23], "uv_size": [2.25, 1]},
								"down": {"uv": [51, 11], "uv_size": [2.25, -1]}
							}
						},
						{
							"origin": [-1.125, 10.6875, -5.75],
							"size": [2.25, 0.5625, 4],
							"uv": {
								"north": {"uv": [53, 34], "uv_size": [2.25, 0.5]},
								"east": {"uv": [51, 35], "uv_size": [4, 0.5]},
								"south": {"uv": [53, 37], "uv_size": [2.25, 0.5]},
								"west": {"uv": [51, 39], "uv_size": [4, 0.5]},
								"up": {"uv": [0, 40], "uv_size": [2.25, 4]},
								"down": {"uv": [40, 10], "uv_size": [2.25, -4]}
							}
						},
						{
							"origin": [-0.5625, 10.6875, -7.1875],
							"size": [1.125, 1.0625, 4.9375],
							"uv": {
								"north": {"uv": [29, 53], "uv_size": [1.25, 1]},
								"east": {"uv": [45, 32], "uv_size": [5, 1]},
								"south": {"uv": [53, 30], "uv_size": [1.25, 1]},
								"west": {"uv": [45, 41], "uv_size": [5, 1]},
								"up": {"uv": [0, 44], "uv_size": [1.25, 5]},
								"down": {"uv": [43, 49], "uv_size": [1.25, -5]}
							}
						},
						{
							"origin": [-0.45313, 11.75, -6.8125],
							"size": [0.90625, 0.34375, 4.54688],
							"uv": {
								"north": {"uv": [7, 55], "uv_size": [1, 0.25]},
								"east": {"uv": [53, 38], "uv_size": [4.5, 0.25]},
								"south": {"uv": [55, 7], "uv_size": [1, 0.25]},
								"west": {"uv": [53, 40], "uv_size": [4.5, 0.25]},
								"up": {"uv": [6, 45], "uv_size": [1, 4.5]},
								"down": {"uv": [39, 49.5], "uv_size": [1, -4.5]}
							}
						},
						{
							"origin": [-0.45313, 6.59375, -8.6875],
							"size": [0.90625, 0.40625, 7.85938],
							"uv": {
								"north": {"uv": [54, 25], "uv_size": [1, 0.5]},
								"east": {"uv": [46, 15], "uv_size": [7.75, 0.5]},
								"south": {"uv": [26, 54], "uv_size": [1, 0.5]},
								"west": {"uv": [46, 18], "uv_size": [7.75, 0.5]},
								"up": {"uv": [42, 42], "uv_size": [1, 7.75]},
								"down": {"uv": [8, 50.75], "uv_size": [1, -7.75]}
							}
						},
						{
							"origin": [-0.45313, 11.75, -1.6875],
							"size": [0.90625, 0.34375, 10.60938],
							"uv": {
								"north": {"uv": [55, 9], "uv_size": [1, 0.25]},
								"east": {"uv": [49, 24], "uv_size": [10.5, 0.25]},
								"south": {"uv": [55, 10], "uv_size": [1, 0.25]},
								"west": {"uv": [50, 8], "uv_size": [10.5, 0.25]},
								"up": {"uv": [29, 36], "uv_size": [1, 10.5]},
								"down": {"uv": [14, 48.5], "uv_size": [1, -10.5]}
							}
						},
						{
							"origin": [-0.75, 10.5625, -1.625],
							"size": [1.5, 1.1875, 10.6875],
							"uv": {
								"north": {"uv": [51, 42], "uv_size": [1.5, 1.25]},
								"east": {"uv": [36, 34], "uv_size": [10.75, 1.25]},
								"south": {"uv": [51, 44], "uv_size": [1.5, 1.25]},
								"west": {"uv": [36, 34], "uv_size": [10.75, 1.25]},
								"up": {"uv": [21, 36], "uv_size": [1.5, 10.75]},
								"down": {"uv": [23, 46.75], "uv_size": [1.5, -10.75]}
							}
						},
						{
							"origin": [-0.75, 19.80656, 11.28966],
							"size": [1.5, 1.1875, 1.6875],
							"pivot": [0, 19.43156, -2.52284],
							"rotation": [-40, 0, 0],
							"uv": {
								"north": {"uv": [4, 52], "uv_size": [1.5, 1.25]},
								"east": {"uv": [51, 33], "uv_size": [1.75, 1.25]},
								"south": {"uv": [12, 52], "uv_size": [1.5, 1.25]},
								"west": {"uv": [51, 37], "uv_size": [1.75, 1.25]},
								"up": {"uv": [2, 50], "uv_size": [1.5, 1.75]},
								"down": {"uv": [4, 51.75], "uv_size": [1.5, -1.75]}
							}
						},
						{
							"origin": [-0.6875, 10, -5.8125],
							"size": [1.375, 1.1875, 10.4375],
							"uv": {
								"north": {"uv": [51, 46], "uv_size": [1.5, 1.25]},
								"east": {"uv": [36, 36], "uv_size": [10.5, 1.25]},
								"south": {"uv": [50, 51], "uv_size": [1.5, 1.25]},
								"west": {"uv": [38, 0], "uv_size": [10.5, 1.25]},
								"up": {"uv": [25, 36], "uv_size": [1.5, 10.5]},
								"down": {"uv": [27, 46.5], "uv_size": [1.5, -10.5]}
							}
						},
						{
							"origin": [-0.75, 8.625, -21.3125],
							"size": [1.5, 1, 15.3125],
							"uv": {
								"north": {"uv": [30, 52], "uv_size": [1.5, 1]},
								"east": {"uv": [36, 19], "uv_size": [15.25, 1]},
								"south": {"uv": [34, 52], "uv_size": [1.5, 1]},
								"west": {"uv": [36, 20], "uv_size": [15.25, 1]},
								"up": {"uv": [5, 29], "uv_size": [1.5, 15.25]},
								"down": {"uv": [30, 40.25], "uv_size": [1.5, -15.25]}
							}
						},
						{
							"origin": [-0.53125, 7.875, -20.75],
							"size": [1.0625, 1, 21.75],
							"uv": {
								"north": {"uv": [2, 44], "uv_size": [1, 1]},
								"east": {"uv": [32, 25], "uv_size": [21.75, 1]},
								"south": {"uv": [20, 46], "uv_size": [1, 1]},
								"west": {"uv": [32, 26], "uv_size": [21.75, 1]},
								"up": {"uv": [11, 28], "uv_size": [1, 21.75]},
								"down": {"uv": [7, 50.75], "uv_size": [1, -21.75]}
							}
						},
						{
							"origin": [-0.83349, 7.28662, -15.17186],
							"size": [1.65626, 0.32813, 5.53125],
							"uv": {
								"west": {"uv": [53, 17], "uv_size": [5.5, 0.25]}
							}
						},
						{
							"origin": [-0.17187, 7.13083, -20.20312],
							"size": [1, 0.6446, 4.8125],
							"uv": {
								"west": {"uv": [47, 12], "uv_size": [4.75, 0.75]}
							}
						},
						{
							"origin": [-0.91161, 8.13037, -15.14062],
							"size": [1.5, 0.3125, 5.5],
							"uv": {
								"west": {"uv": [53, 16], "uv_size": [5.5, 0.25]}
							}
						},
						{
							"origin": [-0.91161, 8.13037, -20.32812],
							"size": [1.5, 0.3125, 5.5],
							"uv": {
								"west": {"uv": [53, 16], "uv_size": [5.5, 0.25]}
							}
						},
						{
							"origin": [-0.58839, 8.13037, -20.32812],
							"size": [1.5, 0.3125, 5.5],
							"uv": {
								"east": {"uv": [53, 22], "uv_size": [5.5, 0.25]}
							}
						},
						{
							"origin": [-0.58839, 8.13037, -15.14062],
							"size": [1.5, 0.3125, 5.5],
							"uv": {
								"east": {"uv": [53, 22], "uv_size": [5.5, 0.25]}
							}
						},
						{
							"origin": [-0.82813, 7.13083, -20.20312],
							"size": [1, 0.6446, 4.8125],
							"uv": {
								"east": {"uv": [47, 36], "uv_size": [4.75, 0.75]}
							}
						},
						{
							"origin": [-0.82277, 7.28662, -15.17186],
							"size": [1.65626, 0.32813, 5.53125],
							"uv": {
								"east": {"uv": [20, 53], "uv_size": [5.5, 0.25]}
							}
						},
						{
							"origin": [-0.78125, 7, -20.875],
							"size": [1.5625, 0.9375, 21.875],
							"uv": {
								"north": {"uv": [52, 36], "uv_size": [1.5, 1]},
								"east": {"uv": [25, 22], "uv_size": [22, 1]},
								"south": {"uv": [43, 52], "uv_size": [1.5, 1]},
								"west": {"uv": [25, 23], "uv_size": [22, 1]},
								"up": {"uv": [17, 24], "uv_size": [1.5, 22]},
								"down": {"uv": [19, 46], "uv_size": [1.5, -22]}
							}
						},
						{
							"origin": [-0.875, 6.92188, -6.40625],
							"size": [1.75, 1.5625, 0.96875],
							"uv": {
								"north": {"uv": [50, 13], "uv_size": [1.75, 1.5]},
								"east": {"uv": [52, 52], "uv_size": [1, 1.5]},
								"south": {"uv": [30, 50], "uv_size": [1.75, 1.5]},
								"west": {"uv": [7, 53], "uv_size": [1, 1.5]},
								"up": {"uv": [52, 14], "uv_size": [1.75, 1]},
								"down": {"uv": [17, 53], "uv_size": [1.75, -1]}
							}
						},
						{
							"origin": [-0.875, 6.92188, -7.40625],
							"size": [1.75, 1.5625, 0.96875],
							"uv": {
								"north": {"uv": [50, 13], "uv_size": [1.75, 1.5]},
								"east": {"uv": [52, 52], "uv_size": [1, 1.5]},
								"south": {"uv": [30, 50], "uv_size": [1.75, 1.5]},
								"west": {"uv": [7, 53], "uv_size": [1, 1.5]},
								"up": {"uv": [52, 14], "uv_size": [1.75, 1]},
								"down": {"uv": [17, 53], "uv_size": [1.75, -1]}
							}
						},
						{
							"origin": [-0.875, 6.92188, -8.40625],
							"size": [1.75, 1.5625, 0.96875],
							"uv": {
								"north": {"uv": [50, 13], "uv_size": [1.75, 1.5]},
								"east": {"uv": [52, 52], "uv_size": [1, 1.5]},
								"south": {"uv": [30, 50], "uv_size": [1.75, 1.5]},
								"west": {"uv": [7, 53], "uv_size": [1, 1.5]},
								"up": {"uv": [52, 14], "uv_size": [1.75, 1]},
								"down": {"uv": [17, 53], "uv_size": [1.75, -1]}
							}
						},
						{
							"origin": [-0.875, 6.92188, -9.40625],
							"size": [1.75, 1.5625, 0.96875],
							"uv": {
								"north": {"uv": [50, 13], "uv_size": [1.75, 1.5]},
								"east": {"uv": [52, 52], "uv_size": [1, 1.5]},
								"south": {"uv": [30, 50], "uv_size": [1.75, 1.5]},
								"west": {"uv": [7, 53], "uv_size": [1, 1.5]},
								"up": {"uv": [52, 14], "uv_size": [1.75, 1]},
								"down": {"uv": [17, 53], "uv_size": [1.75, -1]}
							}
						},
						{
							"origin": [-0.78125, 6.5, -20.875],
							"size": [1.5625, 0.5, 12.25],
							"uv": {
								"north": {"uv": [0, 54], "uv_size": [1.5, 0.5]},
								"east": {"uv": [44, 11], "uv_size": [12.25, 0.5]},
								"south": {"uv": [54, 0], "uv_size": [1.5, 0.5]},
								"west": {"uv": [45, 2], "uv_size": [12.25, 0.5]},
								"up": {"uv": [34, 0], "uv_size": [1.5, 12.25]},
								"down": {"uv": [36, 12.25], "uv_size": [1.5, -12.25]}
							}
						},
						{
							"origin": [2.65625, 0.5, -0.25],
							"size": [0.5625, 7.375, 5.4375],
							"uv": {
								"north": {"uv": [45, 47], "uv_size": [0.5, 7.5]},
								"east": {"uv": [12, 0], "uv_size": [5.5, 7.5]},
								"south": {"uv": [46, 47], "uv_size": [0.5, 7.5]},
								"west": {"uv": [12, 8], "uv_size": [5.5, 7.5]},
								"up": {"uv": [19, 49], "uv_size": [0.5, 5.5]},
								"down": {"uv": [49, 54.5], "uv_size": [0.5, -5.5]}
							}
						},
						{
							"origin": [2.5, 5.875, -0.39062],
							"size": [0.75, 1.5, 5.75],
							"uv": {
								"north": {"uv": [34, 53], "uv_size": [0.75, 1.5]},
								"east": {"uv": [39, 16], "uv_size": [5.75, 1.5]},
								"south": {"uv": [35, 53], "uv_size": [0.75, 1.5]},
								"west": {"uv": [39, 31], "uv_size": [5.75, 1.5]},
								"up": {"uv": [28, 47], "uv_size": [0.75, 5.75]},
								"down": {"uv": [29, 52.75], "uv_size": [0.75, -5.75]}
							}
						},
						{
							"origin": [-4.53125, 0.625, -0.0625],
							"size": [7.1875, 7.125, 5.0625],
							"uv": {
								"north": {"uv": [0, 0], "uv_size": [7.25, 7.25]},
								"east": {"uv": [0, 16], "uv_size": [5, 7.25]},
								"south": {"uv": [0, 8], "uv_size": [7.25, 7.25]},
								"west": {"uv": [12, 19], "uv_size": [5, 7.25]},
								"up": {"uv": [17, 19], "uv_size": [7.25, 5]},
								"down": {"uv": [0, 29], "uv_size": [7.25, -5]}
							}
						},
						{
							"origin": [0.375, 9.17188, 3.90625],
							"size": [0.75, 0.75, 0.375],
							"pivot": [0.75, 9.54688, 0.53125],
							"rotation": [0, 0, -52.5],
							"uv": {
								"north": {"uv": [20, 54], "uv_size": [0.75, 0.75]},
								"east": {"uv": [55, 1], "uv_size": [0.5, 0.75]},
								"south": {"uv": [54, 20], "uv_size": [0.75, 0.75]},
								"west": {"uv": [55, 3], "uv_size": [0.5, 0.75]},
								"up": {"uv": [4, 55], "uv_size": [0.75, 0.5]},
								"down": {"uv": [55, 4.5], "uv_size": [0.75, -0.5]}
							}
						},
						{
							"origin": [0.95313, 9.20313, 0.78125],
							"size": [0.15625, 0.6875, 3.125],
							"pivot": [0.75, 9.54688, 0.53125],
							"rotation": [0, 0, -52.5],
							"uv": {
								"north": {"uv": [55, 14], "uv_size": [0.25, 0.75]},
								"east": {"uv": [51, 6], "uv_size": [3.25, 0.75]},
								"south": {"uv": [55, 15], "uv_size": [0.25, 0.75]},
								"west": {"uv": [51, 7], "uv_size": [3.25, 0.75]},
								"up": {"uv": [51, 53], "uv_size": [0.25, 3.25]},
								"down": {"uv": [53, 55.25], "uv_size": [0.25, -3.25]}
							}
						},
						{
							"origin": [0.875, 9.17188, 0.40625],
							"size": [0.25, 0.75, 0.375],
							"pivot": [0.75, 9.54688, 0.53125],
							"rotation": [0, 0, -52.5],
							"uv": {
								"north": {"uv": [13, 55], "uv_size": [0.25, 0.75]},
								"east": {"uv": [0, 55], "uv_size": [0.5, 0.75]},
								"south": {"uv": [55, 13], "uv_size": [0.25, 0.75]},
								"west": {"uv": [1, 55], "uv_size": [0.5, 0.75]},
								"up": {"uv": [55, 20], "uv_size": [0.25, 0.5]},
								"down": {"uv": [21, 55.5], "uv_size": [0.25, -0.5]}
							}
						},
						{
							"origin": [0.875, 8.67188, 0.40625],
							"size": [0.75, 0.75, 0.375],
							"pivot": [1.25, 9.04688, 0.53125],
							"rotation": [0, 0, -37.5],
							"uv": {
								"north": {"uv": [54, 18], "uv_size": [0.75, 0.75]},
								"east": {"uv": [52, 54], "uv_size": [0.5, 0.75]},
								"south": {"uv": [54, 19], "uv_size": [0.75, 0.75]},
								"west": {"uv": [54, 52], "uv_size": [0.5, 0.75]},
								"up": {"uv": [54, 53], "uv_size": [0.75, 0.5]},
								"down": {"uv": [54, 54.5], "uv_size": [0.75, -0.5]}
							}
						},
						{
							"origin": [0.89063, 8.70313, 0.78125],
							"size": [0.71875, 0.6875, 3.125],
							"pivot": [1.25, 9.04688, 0.53125],
							"rotation": [0, 0, -37.5],
							"uv": {
								"north": {"uv": [54, 14], "uv_size": [0.75, 0.75]},
								"east": {"uv": [50, 49], "uv_size": [3.25, 0.75]},
								"south": {"uv": [54, 15], "uv_size": [0.75, 0.75]},
								"west": {"uv": [50, 50], "uv_size": [3.25, 0.75]},
								"up": {"uv": [36, 50], "uv_size": [0.75, 3.25]},
								"down": {"uv": [37, 53.25], "uv_size": [0.75, -3.25]}
							}
						},
						{
							"origin": [0.875, 8.67188, 3.90625],
							"size": [0.75, 0.75, 0.375],
							"pivot": [1.25, 9.04688, 0.53125],
							"rotation": [0, 0, -37.5],
							"uv": {
								"north": {"uv": [13, 54], "uv_size": [0.75, 0.75]},
								"east": {"uv": [54, 48], "uv_size": [0.5, 0.75]},
								"south": {"uv": [54, 13], "uv_size": [0.75, 0.75]},
								"west": {"uv": [54, 49], "uv_size": [0.5, 0.75]},
								"up": {"uv": [54, 50], "uv_size": [0.75, 0.5]},
								"down": {"uv": [54, 51.5], "uv_size": [0.75, -0.5]}
							}
						},
						{
							"origin": [1.3125, 8.04688, 3.90625],
							"size": [0.75, 0.75, 0.375],
							"pivot": [1.6875, 8.42188, 0.53125],
							"rotation": [0, 0, -30],
							"uv": {
								"north": {"uv": [12, 54], "uv_size": [0.75, 0.75]},
								"east": {"uv": [44, 54], "uv_size": [0.5, 0.75]},
								"south": {"uv": [54, 12], "uv_size": [0.75, 0.75]},
								"west": {"uv": [54, 45], "uv_size": [0.5, 0.75]},
								"up": {"uv": [54, 46], "uv_size": [0.75, 0.5]},
								"down": {"uv": [54, 47.5], "uv_size": [0.75, -0.5]}
							}
						},
						{
							"origin": [1.32813, 8.07813, 0.78125],
							"size": [0.71875, 0.6875, 3.125],
							"pivot": [1.6875, 8.42188, 0.53125],
							"rotation": [0, 0, -30],
							"uv": {
								"north": {"uv": [54, 10], "uv_size": [0.75, 0.75]},
								"east": {"uv": [50, 32], "uv_size": [3.25, 0.75]},
								"south": {"uv": [11, 54], "uv_size": [0.75, 0.75]},
								"west": {"uv": [50, 41], "uv_size": [3.25, 0.75]},
								"up": {"uv": [32, 50], "uv_size": [0.75, 3.25]},
								"down": {"uv": [33, 53.25], "uv_size": [0.75, -3.25]}
							}
						},
						{
							"origin": [1.3125, 8.04688, 0.40625],
							"size": [0.75, 0.75, 0.375],
							"pivot": [1.6875, 8.42188, 0.53125],
							"rotation": [0, 0, -30],
							"uv": {
								"north": {"uv": [6, 54], "uv_size": [0.75, 0.75]},
								"east": {"uv": [37, 54], "uv_size": [0.5, 0.75]},
								"south": {"uv": [54, 9], "uv_size": [0.75, 0.75]},
								"west": {"uv": [54, 41], "uv_size": [0.5, 0.75]},
								"up": {"uv": [42, 54], "uv_size": [0.75, 0.5]},
								"down": {"uv": [43, 54.5], "uv_size": [0.75, -0.5]}
							}
						},
						{
							"origin": [1.59375, 7.39063, 0.40625],
							"size": [0.75, 0.75, 0.375],
							"pivot": [1.96875, 7.76563, 0.53125],
							"rotation": [0, 0, -15],
							"uv": {
								"north": {"uv": [54, 4], "uv_size": [0.75, 0.75]},
								"east": {"uv": [54, 32], "uv_size": [0.5, 0.75]},
								"south": {"uv": [5, 54], "uv_size": [0.75, 0.75]},
								"west": {"uv": [33, 54], "uv_size": [0.5, 0.75]},
								"up": {"uv": [36, 54], "uv_size": [0.75, 0.5]},
								"down": {"uv": [54, 36.5], "uv_size": [0.75, -0.5]}
							}
						},
						{
							"origin": [1.60938, 7.4375, 0.78125],
							"size": [0.71875, 0.6875, 3.125],
							"pivot": [1.96875, 7.78125, 0.53125],
							"rotation": [0, 0, -15],
							"uv": {
								"north": {"uv": [54, 3], "uv_size": [0.75, 0.75]},
								"east": {"uv": [50, 9], "uv_size": [3.25, 0.75]},
								"south": {"uv": [4, 54], "uv_size": [0.75, 0.75]},
								"west": {"uv": [50, 21], "uv_size": [3.25, 0.75]},
								"up": {"uv": [6, 50], "uv_size": [0.75, 3.25]},
								"down": {"uv": [11, 53.25], "uv_size": [0.75, -3.25]}
							}
						},
						{
							"origin": [1.59375, 7.39063, 3.90625],
							"size": [0.75, 0.75, 0.375],
							"pivot": [1.96875, 7.76563, 0.53125],
							"rotation": [0, 0, -15],
							"uv": {
								"north": {"uv": [48, 46], "uv_size": [0.75, 0.75]},
								"east": {"uv": [28, 54], "uv_size": [0.5, 0.75]},
								"south": {"uv": [54, 1], "uv_size": [0.75, 0.75]},
								"west": {"uv": [29, 54], "uv_size": [0.5, 0.75]},
								"up": {"uv": [30, 54], "uv_size": [0.75, 0.5]},
								"down": {"uv": [32, 54.5], "uv_size": [0.75, -0.5]}
							}
						}
					]
				},
				{
					"name": "camera",
					"pivot": [2.36875, 13.09375, 16.1875]
				},
				{
					"name": "view",
					"pivot": [0, 0, 0]
				},
				{
					"name": "idle_view",
					"parent": "view",
					"pivot": [2.36875, 13.09375, 16.1875]
				},
				{
					"name": "iron_view",
					"parent": "view",
					"pivot": [0, 13.15313, 12.67189]
				},
				{
					"name": "refit_view",
					"parent": "view",
					"pivot": [23, 9, 3],
					"rotation": [0, 90, 0]
				},
				{
					"name": "refit_muzzle_view",
					"parent": "view",
					"pivot": [11, 9, -15],
					"rotation": [0, 90, 0]
				},
				{
					"name": "refit_grip_view",
					"parent": "view",
					"pivot": [5.8, 5.4, -3],
					"rotation": [0, 90, 0]
				},
				{
					"name": "refit_laser_view",
					"parent": "view",
					"pivot": [7, 9.3125, -5],
					"rotation": [0, 50, 0]
				},
				{
					"name": "refit_extended_mag_view",
					"parent": "view",
					"pivot": [10, 4, 3],
					"rotation": [0, 90, 0]
				},
				{
					"name": "refit_stock_view",
					"parent": "view",
					"pivot": [10, 9, 15.6],
					"rotation": [0, 90, 0]
				},
				{
					"name": "refit_scope_view",
					"parent": "view",
					"pivot": [8, 13.1, 12.3],
					"rotation": [0, 50, 0]
				},
				{
					"name": "positioning",
					"pivot": [0, 0, -8]
				},
				{
					"name": "thirdperson_hand",
					"parent": "positioning",
					"pivot": [0, 7.625, 7.075]
				},
				{
					"name": "ground",
					"parent": "positioning",
					"pivot": [0, -1.9, 4.65]
				},
				{
					"name": "fixed",
					"parent": "positioning",
					"pivot": [1.1, 6.1, 1.225],
					"rotation": [0, 90, 0]
				}
			]
		}
	]
}