{
	"format_version": "1.12.0",
	"minecraft:geometry": [
		{
			"description": {
				"identifier": "geometry.unknown",
				"texture_width": 128,
				"texture_height": 128,
				"visible_bounds_width": 4,
				"visible_bounds_height": 2.5,
				"visible_bounds_offset": [0, 0.75, 0]
			},
			"bones": [
				{
					"name": "positioning",
					"pivot": [0, 0, -8]
				},
				{
					"name": "thirdperson_hand",
					"parent": "positioning",
					"pivot": [0, 6.875, 2.1]
				},
				{
					"name": "ground",
					"parent": "positioning",
					"pivot": [0, -3, 0]
				},
				{
					"name": "fixed",
					"parent": "positioning",
					"pivot": [1, 9.1, 3.225],
					"rotation": [0, 90, 0]
				},
				{
					"name": "positioning2",
					"parent": "positioning",
					"pivot": [0, 7, -1.425]
				},
				{
					"name": "muzzle_flash",
					"parent": "positioning2",
					"pivot": [0, 9.6125, -17.1875]
				},
				{
					"name": "muzzle_pos",
					"parent": "positioning2",
					"pivot": [0, 9.59375, -14.25]
				},
				{
					"name": "laser_pos",
					"parent": "positioning2",
					"pivot": [1.462, 12.5625, -4.6875],
					"rotation": [0, 0, 90]
				},
				{
					"name": "scope_pos",
					"parent": "positioning2",
					"pivot": [0, 13.625, 3.875]
				},
				{
					"name": "grip_pos",
					"parent": "positioning2",
					"pivot": [0, 8.25, -4.875]
				},
				{
					"name": "shell",
					"parent": "positioning2",
					"pivot": [-0.25, 10.625, 10]
				},
				{
					"name": "lod",
					"pivot": [0, 25, 2.4],
					"cubes": [
						{
							"origin": [-1.0494, 8.61482, -1.6],
							"size": [1.41421, 1.41421, 20.3125],
							"pivot": [-0.63518, 8.71653, 2.4],
							"rotation": [0, 0, 45],
							"uv": {
								"north": {"uv": [39, 29], "uv_size": [1.5, 1.5]},
								"east": {"uv": [0, 0], "uv_size": [20.25, 1.5]},
								"south": {"uv": [31, 39], "uv_size": [1.5, 1.5]},
								"west": {"uv": [78.25, 30.75], "uv_size": [10.25, 0.75]},
								"up": {"uv": [0, 4], "uv_size": [1.5, 20.25]},
								"down": {"uv": [2, 24.25], "uv_size": [1.5, -20.25]}
							}
						},
						{
							"origin": [-1.21526, 8.48982, -8.35],
							"size": [2.43052, 1.2405, 7.375],
							"uv": {
								"north": {"uv": [36, 20], "uv_size": [2.5, 1.25]},
								"east": {"uv": [32.5, 18], "uv_size": [-7.5, 1.25]},
								"south": {"uv": [12, 37], "uv_size": [2.5, 1.25]},
								"west": {"uv": [25, 18], "uv_size": [7.5, 1.25]},
								"up": {"uv": [12, 4], "uv_size": [2.5, 7.5]},
								"down": {"uv": [12, 19.5], "uv_size": [2.5, -7.5]}
							}
						},
						{
							"origin": [-0.52776, 10.48982, -8.225],
							"size": [1.05552, 1.8655, 5.6875],
							"uv": {
								"north": {"uv": [43, 21], "uv_size": [1, 1.75]},
								"east": {"uv": [19, 4], "uv_size": [5.75, 1.75]},
								"south": {"uv": [44, 8], "uv_size": [1, 1.75]},
								"west": {"uv": [19, 6], "uv_size": [5.75, 1.75]},
								"up": {"uv": [6, 44], "uv_size": [1, 5.75]},
								"down": {"uv": [7, 49.75], "uv_size": [1, -5.75]}
							}
						},
						{
							"origin": [-0.56042, 14.05232, -8.4125],
							"size": [0.93052, 0.875, 0.6875],
							"pivot": [-0.73181, 14.09153, -6.5375],
							"rotation": [0, 0, 45],
							"uv": {
								"north": {"uv": [18, 22], "uv_size": [1, 1]},
								"east": {"uv": [41, 39], "uv_size": [0.75, 1]},
								"south": {"uv": [35, 15], "uv_size": [1, 1]},
								"west": {"uv": [41, 40], "uv_size": [0.75, 1]},
								"up": {"uv": [41, 41], "uv_size": [1, 0.75]},
								"down": {"uv": [1, 42.75], "uv_size": [1, -0.75]}
							}
						},
						{
							"origin": [-0.46526, 9.79329, -8.4199],
							"size": [0.93052, 3.875, 0.8125],
							"uv": {
								"north": {"uv": [34, 23], "uv_size": [1, 4]},
								"east": {"uv": [21, 37], "uv_size": [0.75, 4]},
								"south": {"uv": [5, 36], "uv_size": [1, 4]},
								"west": {"uv": [28, 37], "uv_size": [0.75, 4]},
								"up": {"uv": [42, 1], "uv_size": [1, 0.75]},
								"down": {"uv": [2, 42.75], "uv_size": [1, -0.75]}
							}
						},
						{
							"origin": [-0.77776, 10.48982, -7.1],
							"size": [1.55552, 1.553, 4.5625],
							"uv": {
								"north": {"uv": [39, 31], "uv_size": [1.5, 1.5]},
								"east": {"uv": [30, 0], "uv_size": [4.5, 1.5]},
								"south": {"uv": [39, 33], "uv_size": [1.5, 1.5]},
								"west": {"uv": [30, 2], "uv_size": [4.5, 1.5]},
								"up": {"uv": [15, 31], "uv_size": [1.5, 4.5]},
								"down": {"uv": [17, 35.5], "uv_size": [1.5, -4.5]}
							}
						},
						{
							"origin": [-0.77776, 10.55232, -2.5375],
							"size": [1.55552, 0.9905, 9.875],
							"uv": {
								"north": {"uv": [41, 7], "uv_size": [1.5, 1]},
								"east": {"uv": [35, 15], "uv_size": [-10, 1]},
								"south": {"uv": [11, 41], "uv_size": [1.5, 1]},
								"west": {"uv": [25, 15], "uv_size": [10, 1]},
								"up": {"uv": [19, 13], "uv_size": [1.5, 10]},
								"down": {"uv": [4, 30], "uv_size": [1.5, -10]}
							}
						},
						{
							"origin": [-1.15276, 10.80232, -7.2875],
							"size": [2.30552, 0.803, 2.4375],
							"uv": {
								"north": {"uv": [40, 18], "uv_size": [2.25, 0.75]},
								"east": {"uv": [40, 8], "uv_size": [2.5, 0.75]},
								"south": {"uv": [41, 0], "uv_size": [2.25, 0.75]},
								"west": {"uv": [40, 9], "uv_size": [2.5, 0.75]},
								"up": {"uv": [33, 16], "uv_size": [2.25, 2.5]},
								"down": {"uv": [22, 35.5], "uv_size": [2.25, -2.5]}
							}
						},
						{
							"origin": [-0.52776, 10.55542, -1.46473],
							"size": [1.05552, 0.553, 2.5],
							"pivot": [0, 10.51942, 0.37902],
							"rotation": [-61, 0, 0],
							"uv": {
								"north": {"uv": [42, 37], "uv_size": [1, 0.5]},
								"east": {"uv": [41, 17], "uv_size": [2.5, 0.5]},
								"south": {"uv": [38, 42], "uv_size": [1, 0.5]},
								"west": {"uv": [41, 31], "uv_size": [2.5, 0.5]},
								"up": {"uv": [30, 38], "uv_size": [1, 2.5]},
								"down": {"uv": [6, 41.5], "uv_size": [1, -2.5]}
							}
						},
						{
							"origin": [-0.03818, 9.80232, -11.975],
							"size": [0.625, 0.625, 4],
							"pivot": [-0.46404, 10.19692, -11.6625],
							"rotation": [0, 0, 45],
							"uv": {
								"north": {"uv": [42, 36], "uv_size": [0.75, 0.75]},
								"east": {"uv": [25, 20], "uv_size": [6, 0.75]},
								"south": {"uv": [37, 42], "uv_size": [0.75, 0.75]},
								"west": {"uv": [33, 19], "uv_size": [6, 0.75]},
								"up": {"uv": [1, 36], "uv_size": [0.75, 6]},
								"down": {"uv": [2, 42], "uv_size": [0.75, -6]}
							}
						},
						{
							"origin": [-0.16318, 9.67732, -10.35],
							"size": [0.875, 0.875, 2.0625],
							"pivot": [-0.46404, 10.19692, -11.6625],
							"rotation": [0, 0, 45],
							"uv": {
								"north": {"uv": [32, 41], "uv_size": [1, 1]},
								"east": {"uv": [34, 12], "uv_size": [2, 1]},
								"south": {"uv": [41, 36], "uv_size": [1, 1]},
								"west": {"uv": [39, 37], "uv_size": [2, 1]},
								"up": {"uv": [14, 20], "uv_size": [1, 2]},
								"down": {"uv": [16, 41], "uv_size": [1, -2]}
							}
						},
						{
							"origin": [-0.28818, 9.55232, -10.225],
							"size": [1.125, 1.125, 0.3125],
							"pivot": [-0.46404, 10.19692, -11.6625],
							"rotation": [0, 0, 45],
							"uv": {
								"north": {"uv": [41, 5], "uv_size": [1.25, 1.25]},
								"east": {"uv": [43, 8], "uv_size": [0.25, 1.25]},
								"south": {"uv": [7, 41], "uv_size": [1.25, 1.25]},
								"west": {"uv": [9, 43], "uv_size": [0.25, 1.25]},
								"up": {"uv": [10, 43], "uv_size": [1.25, 0.25]},
								"down": {"uv": [43, 10.25], "uv_size": [1.25, -0.25]}
							}
						},
						{
							"origin": [-0.28818, 9.55232, -8.9125],
							"size": [1.125, 1.125, 0.3125],
							"pivot": [-0.46404, 10.19692, -10.35],
							"rotation": [0, 0, 45],
							"uv": {
								"north": {"uv": [9, 41], "uv_size": [1.25, 1.25]},
								"east": {"uv": [43, 11], "uv_size": [0.25, 1.25]},
								"south": {"uv": [41, 10], "uv_size": [1.25, 1.25]},
								"west": {"uv": [12, 43], "uv_size": [0.25, 1.25]},
								"up": {"uv": [43, 13], "uv_size": [1.25, 0.25]},
								"down": {"uv": [43, 14.25], "uv_size": [1.25, -0.25]}
							}
						},
						{
							"origin": [-0.22568, 9.61482, -15.475],
							"size": [1, 1, 3.5],
							"pivot": [-0.46404, 10.19692, -15.6625],
							"rotation": [0, 0, 45],
							"uv": {
								"north": {"uv": [41, 37], "uv_size": [1, 1]},
								"east": {"uv": [14, 22], "uv_size": [3.5, 1]},
								"south": {"uv": [41, 38], "uv_size": [1, 1]},
								"west": {"uv": [35, 3], "uv_size": [3.5, 1]},
								"up": {"uv": [34, 36], "uv_size": [1, 3.5]},
								"down": {"uv": [7, 40.5], "uv_size": [1, -3.5]}
							}
						},
						{
							"origin": [0.69552, 9.32857, -8.35],
							"size": [0.2513, 1.3138, 7.375],
							"pivot": [0.07117, 10.20422, -4.31875],
							"rotation": [0, 0, -22.5],
							"uv": {
								"north": {"uv": [15, 43], "uv_size": [0.25, 1.25]},
								"east": {"uv": [26, 9], "uv_size": [7.5, 1.25]},
								"south": {"uv": [43, 15], "uv_size": [0.25, 1.25]},
								"west": {"uv": [26, 11], "uv_size": [7.5, 1.25]},
								"up": {"uv": [40, 10], "uv_size": [0.25, 7.5]},
								"down": {"uv": [17, 47.5], "uv_size": [0.25, -7.5]}
							}
						},
						{
							"origin": [0.69552, 9.89107, -0.975],
							"size": [0.2513, 0.7513, 9.30625],
							"pivot": [0.07117, 10.20422, -4.31875],
							"rotation": [0, 0, -22.5],
							"uv": {
								"north": {"uv": [44, 0], "uv_size": [0.25, 0.75]},
								"east": {"uv": [43, 32], "uv_size": [9.25, 0.75]},
								"south": {"uv": [1, 44], "uv_size": [0.25, 0.75]},
								"west": {"uv": [78.5, 29.75], "uv_size": [8.75, 0.75]},
								"up": {"uv": [35, 43], "uv_size": [0.25, 9.25]},
								"down": {"uv": [43, 45.25], "uv_size": [0.25, -9.25]}
							}
						},
						{
							"origin": [0.69552, 9.89107, 8.33125],
							"size": [0.2513, 0.7513, 10.38125],
							"pivot": [0.07117, 10.20422, -4.31875],
							"rotation": [0, 0, -22.5],
							"uv": {
								"north": {"uv": [41, 43], "uv_size": [0.25, 0.75]},
								"east": {"uv": [43, 27], "uv_size": [10.5, 0.75]},
								"south": {"uv": [42, 43], "uv_size": [0.25, 0.75]},
								"west": {"uv": [43, 28], "uv_size": [10.5, 0.75]},
								"up": {"uv": [30, 43], "uv_size": [0.25, 10.5]},
								"down": {"uv": [31, 53.5], "uv_size": [0.25, -10.5]}
							}
						},
						{
							"origin": [-0.94682, 9.89107, -0.975],
							"size": [0.2513, 0.7513, 9.30625],
							"pivot": [-0.07117, 10.20422, -4.31875],
							"rotation": [0, 0, 22.5],
							"uv": {
								"north": {"uv": [44, 1], "uv_size": [0.25, 0.75]},
								"east": {"uv": [87.5, 29.75], "uv_size": [-9.25, 0.75]},
								"south": {"uv": [2, 44], "uv_size": [0.25, 0.75]},
								"west": {"uv": [43, 35], "uv_size": [9.25, 0.75]},
								"up": {"uv": [37, 43], "uv_size": [0.25, 9.25]},
								"down": {"uv": [38, 52.25], "uv_size": [0.25, -9.25]}
							}
						},
						{
							"origin": [-0.94682, 9.89107, 8.33125],
							"size": [0.2513, 0.7513, 10.38125],
							"pivot": [-0.07117, 10.20422, -4.31875],
							"rotation": [0, 0, 22.5],
							"uv": {
								"north": {"uv": [39, 43], "uv_size": [0.25, 0.75]},
								"east": {"uv": [43, 25], "uv_size": [10.5, 0.75]},
								"south": {"uv": [40, 43], "uv_size": [0.25, 0.75]},
								"west": {"uv": [43, 26], "uv_size": [10.5, 0.75]},
								"up": {"uv": [27, 43], "uv_size": [0.25, 10.5]},
								"down": {"uv": [28, 53.5], "uv_size": [0.25, -10.5]}
							}
						},
						{
							"origin": [-0.94682, 9.32857, -8.35],
							"size": [0.2513, 1.3138, 7.375],
							"pivot": [-0.07117, 10.20422, -4.31875],
							"rotation": [0, 0, 22.5],
							"uv": {
								"north": {"uv": [16, 43], "uv_size": [0.25, 1.25]},
								"east": {"uv": [33.5, 11], "uv_size": [-7.5, 1.25]},
								"south": {"uv": [43, 18], "uv_size": [0.25, 1.25]},
								"west": {"uv": [26, 25], "uv_size": [7.5, 1.25]},
								"up": {"uv": [18, 40], "uv_size": [0.25, 7.5]},
								"down": {"uv": [34, 47.5], "uv_size": [0.25, -7.5]}
							}
						},
						{
							"origin": [-1, 7.9375, 6.4625],
							"size": [2, 1, 2.25],
							"uv": {
								"north": {"uv": [39, 38], "uv_size": [2, 1]},
								"east": {"uv": [39, 21], "uv_size": [2.25, 1]},
								"south": {"uv": [39, 39], "uv_size": [2, 1]},
								"west": {"uv": [36, 39], "uv_size": [2.25, 1]},
								"up": {"uv": [34, 9], "uv_size": [2, 2.25]},
								"down": {"uv": [35, 2.25], "uv_size": [2, -2.25]}
							}
						},
						{
							"origin": [-1, 8.9375, -1.6],
							"size": [2, 1.3125, 9.9375],
							"uv": {
								"north": {"uv": [12, 39], "uv_size": [2, 1.25]},
								"east": {"uv": [21, 21], "uv_size": [10, 1.25]},
								"south": {"uv": [14, 39], "uv_size": [2, 1.25]},
								"west": {"uv": [78.25, 30.25], "uv_size": [9, 1]},
								"up": {"uv": [8, 4], "uv_size": [2, 10]},
								"down": {"uv": [10, 14], "uv_size": [2, -10]}
							}
						},
						{
							"origin": [-0.65625, 6.29217, 18.7125],
							"size": [1.31756, 5.66567, 0.9375],
							"inflate": 0.001,
							"uv": {
								"north": {"uv": [7, 31], "uv_size": [1.25, 5.75]},
								"east": {"uv": [27, 31], "uv_size": [1, 5.75]},
								"south": {"uv": [9, 31], "uv_size": [1.25, 5.75]},
								"west": {"uv": [31, 27], "uv_size": [1, 5.75]},
								"up": {"uv": [41, 32], "uv_size": [1.25, 1]},
								"down": {"uv": [41, 34], "uv_size": [1.25, -1]}
							}
						},
						{
							"origin": [-0.65878, 10.91717, 7.5875],
							"size": [1.31756, 0.60317, 11.125],
							"uv": {
								"north": {"uv": [42, 29], "uv_size": [1.25, 0.5]},
								"east": {"uv": [29, 8], "uv_size": [11, 0.5]},
								"south": {"uv": [42, 30], "uv_size": [1.25, 0.5]},
								"west": {"uv": [31, 22], "uv_size": [11, 0.5]},
								"up": {"uv": [6, 20], "uv_size": [1.25, 11]},
								"down": {"uv": [12, 31], "uv_size": [1.25, -11]}
							}
						},
						{
							"origin": [-0.78378, 10.91717, 7.5875],
							"size": [1.56756, 0.25, 11.125],
							"inflate": -0.0001,
							"uv": {
								"north": {"uv": [43, 5], "uv_size": [1.5, 0.25]},
								"east": {"uv": [38, 23], "uv_size": [11, 0.25]},
								"south": {"uv": [43, 6], "uv_size": [1.5, 0.25]},
								"west": {"uv": [38, 24], "uv_size": [11, 0.25]},
								"up": {"uv": [8, 14], "uv_size": [1.5, 11]},
								"down": {"uv": [10, 25], "uv_size": [1.5, -11]}
							}
						},
						{
							"origin": [-0.78378, 6.16717, 6.525],
							"size": [1.56756, 5.97817, 1.9375],
							"inflate": 0.001,
							"pivot": [0, 11.21875, 2.9],
							"rotation": [22.5, 0, 0],
							"uv": {
								"north": {"uv": [10, 25], "uv_size": [1.5, 6]},
								"east": {"uv": [24, 23], "uv_size": [2, 6]},
								"south": {"uv": [20, 25], "uv_size": [1.5, 6]},
								"west": {"uv": [0, 25], "uv_size": [2, 6]},
								"up": {"uv": [38, 11], "uv_size": [1.5, 2]},
								"down": {"uv": [38, 15], "uv_size": [1.5, -2]}
							}
						},
						{
							"origin": [-0.78378, 10.24564, 4.72666],
							"size": [1.56756, 1.66567, 0.9375],
							"pivot": [0, 13.23473, 4.69541],
							"rotation": [90, 0, 0],
							"uv": {
								"north": {"uv": [38, 25], "uv_size": [1.5, 1.75]},
								"east": {"uv": [37, 40], "uv_size": [1, 1.75]},
								"south": {"uv": [38, 27], "uv_size": [1.5, 1.75]},
								"west": {"uv": [38, 40], "uv_size": [1, 1.75]},
								"up": {"uv": [41, 12], "uv_size": [1.5, 1]},
								"down": {"uv": [13, 42], "uv_size": [1.5, -1]}
							}
						},
						{
							"origin": [-0.78378, 14.10574, 1.84533],
							"size": [1.56756, 2.85317, 0.375],
							"pivot": [0, 12.90732, 1.12658],
							"rotation": [112.5, 0, 0],
							"uv": {
								"north": {"uv": [37, 4], "uv_size": [1.5, 2.75]},
								"east": {"uv": [42, 44], "uv_size": [0.25, 2.75]},
								"south": {"uv": [44, 2], "uv_size": [1.5, 2.75]},
								"west": {"uv": [44, 43], "uv_size": [0.25, 2.75]},
								"up": {"uv": [45, 7], "uv_size": [1.5, 0.25]},
								"down": {"uv": [45, 8.25], "uv_size": [1.5, -0.25]}
							}
						},
						{
							"origin": [-0.78378, 13.85574, 0.59533],
							"size": [1.56756, 3.10317, 0.375],
							"pivot": [0, 12.90732, -0.12342],
							"rotation": [112.5, 0, 0],
							"uv": {
								"north": {"uv": [33, 4], "uv_size": [1.5, 3]},
								"east": {"uv": [44, 29], "uv_size": [0.25, 3]},
								"south": {"uv": [35, 4], "uv_size": [1.5, 3]},
								"west": {"uv": [39, 44], "uv_size": [0.25, 3]},
								"up": {"uv": [45, 5], "uv_size": [1.5, 0.25]},
								"down": {"uv": [45, 6.25], "uv_size": [1.5, -0.25]}
							}
						},
						{
							"origin": [-0.78378, 15.29204, 8.37116],
							"size": [1.56756, 5.125, 0.375],
							"pivot": [0, 12.36545, 7.65241],
							"rotation": [90, 0, 0],
							"uv": {
								"north": {"uv": [22, 43], "uv_size": [1.5, 5.25]},
								"east": {"uv": [24.5, 44], "uv_size": [-0.5, 5.25]},
								"south": {"uv": [4, 44], "uv_size": [1.5, 5.25]},
								"west": {"uv": [24, 44], "uv_size": [0.5, 5.25]},
								"up": {"uv": [40, 44], "uv_size": [1.5, 0.5]},
								"down": {"uv": [44, 40.5], "uv_size": [1.5, -0.5]}
							}
						},
						{
							"origin": [-0.78378, 13.79204, 0.62116],
							"size": [1.56756, 6.625, 0.375],
							"pivot": [0, 12.36545, -0.09759],
							"rotation": [90, 0, 0],
							"uv": {
								"north": {"uv": [19, 35], "uv_size": [1.5, 6.75]},
								"east": {"uv": [14, 44], "uv_size": [0.5, 6.75]},
								"south": {"uv": [19, 42], "uv_size": [1.5, 6.75]},
								"west": {"uv": [44, 15], "uv_size": [0.5, 6.75]},
								"up": {"uv": [37, 7], "uv_size": [1.5, 0.5]},
								"down": {"uv": [44, 11.5], "uv_size": [1.5, -0.5]}
							}
						},
						{
							"origin": [-0.78378, 15.32329, 0.62116],
							"size": [1.56756, 4.03125, 0.375],
							"pivot": [0, 11.30295, -0.09759],
							"rotation": [90, 0, 0],
							"uv": {
								"north": {"uv": [25, 4], "uv_size": [1.5, 4]},
								"east": {"uv": [35, 39], "uv_size": [0.5, 4]},
								"south": {"uv": [27, 4], "uv_size": [1.5, 4]},
								"west": {"uv": [29, 44], "uv_size": [0.5, 4]},
								"up": {"uv": [44, 12], "uv_size": [1.5, 0.5]},
								"down": {"uv": [44, 22.5], "uv_size": [1.5, -0.5]}
							}
						},
						{
							"origin": [-0.78378, 20.10454, -0.06634],
							"size": [1.56756, 0.3125, 0.6875],
							"pivot": [0, 12.36545, -0.09759],
							"rotation": [90, 0, 0],
							"uv": {
								"north": {"uv": [45, 9], "uv_size": [1.5, 0.25]},
								"east": {"uv": [3, 45], "uv_size": [0.75, 0.25]},
								"south": {"uv": [45, 10], "uv_size": [1.5, 0.25]},
								"west": {"uv": [9, 45], "uv_size": [0.75, 0.25]},
								"up": {"uv": [33, 7], "uv_size": [1.5, 0.75]},
								"down": {"uv": [35, 7.75], "uv_size": [1.5, -0.75]}
							}
						},
						{
							"origin": [-0.53378, 13.10454, 8.37116],
							"size": [1.06756, 7.6875, 0.375],
							"pivot": [0, 12.74045, 7.65241],
							"rotation": [90, 0, 0],
							"uv": {
								"north": {"uv": [35, 23], "uv_size": [1, 7.75]},
								"east": {"uv": [8, 44], "uv_size": [0.5, 7.75]},
								"south": {"uv": [35, 31], "uv_size": [1, 7.75]},
								"west": {"uv": [10, 44], "uv_size": [0.5, 7.75]},
								"up": {"uv": [45, 0], "uv_size": [1, 0.5]},
								"down": {"uv": [1, 45.5], "uv_size": [1, -0.5]}
							}
						},
						{
							"origin": [-0.53378, 11.85454, -0.81634],
							"size": [1.06756, 7.8125, 0.375],
							"pivot": [0, 12.74045, -1.53509],
							"rotation": [90, 0, 0],
							"uv": {
								"north": {"uv": [0, 36], "uv_size": [1, 7.75]},
								"east": {"uv": [11, 44], "uv_size": [0.5, 7.75]},
								"south": {"uv": [0, 44], "uv_size": [1, 7.75]},
								"west": {"uv": [13, 44], "uv_size": [0.5, 7.75]},
								"up": {"uv": [45, 1], "uv_size": [1, 0.5]},
								"down": {"uv": [2, 45.5], "uv_size": [1, -0.5]}
							}
						},
						{
							"origin": [-0.53378, 9.04204, 0.37116],
							"size": [1.06756, 5.6875, 0.375],
							"pivot": [0, 7.36545, -0.34759],
							"rotation": [90, 0, 0],
							"uv": {
								"north": {"uv": [28, 31], "uv_size": [1, 5.75]},
								"east": {"uv": [25, 41], "uv_size": [0.25, 5.75]},
								"south": {"uv": [32, 27], "uv_size": [1, 5.75]},
								"west": {"uv": [26, 41], "uv_size": [0.25, 5.75]},
								"up": {"uv": [43, 20], "uv_size": [1, 0.25]},
								"down": {"uv": [21, 43.25], "uv_size": [1, -0.25]}
							}
						},
						{
							"origin": [-0.78378, 13.50137, 7.99616],
							"size": [1.56756, 1.79067, 0.75],
							"pivot": [0, 12.36545, 7.65241],
							"rotation": [90, 0, 0],
							"uv": {
								"north": {"uv": [38, 35], "uv_size": [1.5, 1.75]},
								"east": {"uv": [28, 41], "uv_size": [0.75, 1.75]},
								"south": {"uv": [39, 0], "uv_size": [1.5, 1.75]},
								"west": {"uv": [41, 29], "uv_size": [0.75, 1.75]},
								"up": {"uv": [41, 34], "uv_size": [1.5, 0.75]},
								"down": {"uv": [41, 35.75], "uv_size": [1.5, -0.75]}
							}
						},
						{
							"origin": [-0.78378, 9.28262, 2.83991],
							"size": [1.56756, 3.97817, 0.375],
							"pivot": [0, 13.2717, 3.02741],
							"rotation": [77.5, 0, 0],
							"uv": {
								"north": {"uv": [29, 4], "uv_size": [1.5, 4]},
								"east": {"uv": [33, 44], "uv_size": [0.5, 4]},
								"south": {"uv": [31, 4], "uv_size": [1.5, 4]},
								"west": {"uv": [44, 36], "uv_size": [0.5, 4]},
								"up": {"uv": [44, 41], "uv_size": [1.5, 0.5]},
								"down": {"uv": [44, 42.5], "uv_size": [1.5, -0.5]}
							}
						},
						{
							"origin": [-0.78378, 10.47967, 16.3375],
							"size": [1.56756, 1.29067, 2.5],
							"pivot": [0, 11.28125, 17.9],
							"rotation": [12, 0, 0],
							"uv": {
								"north": {"uv": [40, 25], "uv_size": [1.5, 1.25]},
								"east": {"uv": [25, 37], "uv_size": [2.5, 1.25]},
								"south": {"uv": [40, 27], "uv_size": [1.5, 1.25]},
								"west": {"uv": [36, 37], "uv_size": [2.5, 1.25]},
								"up": {"uv": [36, 34], "uv_size": [1.5, 2.5]},
								"down": {"uv": [37, 2.5], "uv_size": [1.5, -2.5]}
							}
						},
						{
							"origin": [-0.9375, 6.93812, 17.12434],
							"size": [1.8125, 2.56528, 1.87358],
							"pivot": [-0.03125, 8.15825, 18.06113],
							"rotation": [62, 0, 0],
							"uv": {
								"north": {"uv": [3, 36], "uv_size": [1.75, 2.5]},
								"east": {"uv": [36, 9], "uv_size": [1.75, 2.5]},
								"south": {"uv": [36, 12], "uv_size": [1.75, 2.5]},
								"west": {"uv": [15, 36], "uv_size": [1.75, 2.5]},
								"up": {"uv": [31, 37], "uv_size": [1.75, 1.75]},
								"down": {"uv": [38, 10.75], "uv_size": [1.75, -1.75]}
							}
						},
						{
							"origin": [-1.82464, 9.75268, 18.7125],
							"size": [0.5625, 1.375, 0.9375],
							"pivot": [-2.38714, 16.37768, 2.4],
							"rotation": [0, 0, -22.5],
							"uv": {
								"north": {"uv": [6, 42], "uv_size": [0.5, 1.5]},
								"east": {"uv": [4, 41], "uv_size": [1, 1.5]},
								"south": {"uv": [13, 42], "uv_size": [0.5, 1.5]},
								"west": {"uv": [41, 13], "uv_size": [1, 1.5]},
								"up": {"uv": [42, 40], "uv_size": [0.5, 1]},
								"down": {"uv": [41, 43], "uv_size": [0.5, -1]}
							}
						},
						{
							"origin": [-1.82464, 7.12232, 18.7125],
							"size": [0.5625, 1.375, 0.9375],
							"pivot": [-2.38714, 1.87232, 2.4],
							"rotation": [0, 0, 22.5],
							"uv": {
								"north": {"uv": [42, 13], "uv_size": [0.5, 1.5]},
								"east": {"uv": [15, 41], "uv_size": [1, 1.5]},
								"south": {"uv": [14, 42], "uv_size": [0.5, 1.5]},
								"west": {"uv": [41, 15], "uv_size": [1, 1.5]},
								"up": {"uv": [42, 41], "uv_size": [0.5, 1]},
								"down": {"uv": [42, 43], "uv_size": [0.5, -1]}
							}
						},
						{
							"origin": [1.26214, 7.12232, 18.7125],
							"size": [0.5625, 1.375, 0.9375],
							"pivot": [2.38714, 1.87232, 2.4],
							"rotation": [0, 0, -22.5],
							"uv": {
								"north": {"uv": [42, 15], "uv_size": [0.5, 1.5]},
								"east": {"uv": [16, 41], "uv_size": [1, 1.5]},
								"south": {"uv": [42, 19], "uv_size": [0.5, 1.5]},
								"west": {"uv": [21, 41], "uv_size": [1, 1.5]},
								"up": {"uv": [1, 43], "uv_size": [0.5, 1]},
								"down": {"uv": [43, 2], "uv_size": [0.5, -1]}
							}
						},
						{
							"origin": [1.26214, 9.75268, 18.7125],
							"size": [0.5625, 1.375, 0.9375],
							"pivot": [2.38714, 16.37768, 2.4],
							"rotation": [0, 0, 22.5],
							"uv": {
								"north": {"uv": [42, 21], "uv_size": [0.5, 1.5]},
								"east": {"uv": [22, 41], "uv_size": [1, 1.5]},
								"south": {"uv": [42, 25], "uv_size": [0.5, 1.5]},
								"west": {"uv": [23, 41], "uv_size": [1, 1.5]},
								"up": {"uv": [2, 43], "uv_size": [0.5, 1]},
								"down": {"uv": [4, 44], "uv_size": [0.5, -1]}
							}
						},
						{
							"origin": [-1.1875, 7.5625, 18.7125],
							"size": [2.375, 3.125, 0.9375],
							"uv": {
								"north": {"uv": [26, 27], "uv_size": [2.5, 3.25]},
								"east": {"uv": [10, 37], "uv_size": [1, 3.25]},
								"south": {"uv": [22, 29], "uv_size": [2.5, 3.25]},
								"west": {"uv": [11, 37], "uv_size": [1, 3.25]},
								"up": {"uv": [39, 19], "uv_size": [2.5, 1]},
								"down": {"uv": [39, 21], "uv_size": [2.5, -1]}
							}
						},
						{
							"origin": [-0.5615, 4.52642, 9.09157],
							"size": [1.125, 3.875, 3.375],
							"pivot": [0.001, 7.21392, 10.71657],
							"rotation": [-12, 0, 0],
							"uv": {
								"north": {"uv": [22, 25], "uv_size": [1.25, 4]},
								"east": {"uv": [48.5, 17], "uv_size": [-3.5, 4]},
								"south": {"uv": [29, 27], "uv_size": [1.25, 4]},
								"west": {"uv": [45, 17], "uv_size": [3.5, 4]},
								"up": {"uv": [4, 30], "uv_size": [1.25, 3.5]},
								"down": {"uv": [19, 34.5], "uv_size": [1.25, -3.5]}
							}
						},
						{
							"origin": [-1, 8.75, 8.3375],
							"size": [2, 1.5, 10.375],
							"uv": {
								"north": {"uv": [38, 15], "uv_size": [2, 1.5]},
								"east": {"uv": [25.25, 11], "uv_size": [-10.25, 1.5]},
								"south": {"uv": [38, 17], "uv_size": [2, 1.5]},
								"west": {"uv": [15, 11], "uv_size": [10.25, 1.5]},
								"up": {"uv": [4, 4], "uv_size": [2, 10.25]},
								"down": {"uv": [6, 14.25], "uv_size": [2, -10.25]}
							}
						},
						{
							"origin": [-0.9375, 7.93892, 8.36972],
							"size": [1.8125, 1.43608, 8.71778],
							"inflate": 0.001,
							"uv": {
								"north": {"uv": [39, 2], "uv_size": [1.75, 1.5]},
								"east": {"uv": [21, 0], "uv_size": [8.75, 1.5]},
								"south": {"uv": [3, 39], "uv_size": [1.75, 1.5]},
								"west": {"uv": [21, 2], "uv_size": [8.75, 1.5]},
								"up": {"uv": [15, 13], "uv_size": [1.75, 8.75]},
								"down": {"uv": [17, 21.75], "uv_size": [1.75, -8.75]}
							}
						},
						{
							"origin": [-0.9375, 7.08882, 8.97219],
							"size": [1.8125, 1.43608, 4.53028],
							"pivot": [0.02872, 6.3374, 11.25247],
							"rotation": [8.5, 0, 0],
							"uv": {
								"north": {"uv": [39, 4], "uv_size": [1.75, 1.5]},
								"east": {"uv": [31, 13], "uv_size": [4.5, 1.5]},
								"south": {"uv": [39, 6], "uv_size": [1.75, 1.5]},
								"west": {"uv": [31, 20], "uv_size": [4.5, 1.5]},
								"up": {"uv": [0, 31], "uv_size": [1.75, 4.5]},
								"down": {"uv": [2, 35.5], "uv_size": [1.75, -4.5]}
							}
						},
						{
							"origin": [-0.5625, 0.69481, 7.94679],
							"size": [1.125, 4.4375, 3.375],
							"inflate": 0.002,
							"pivot": [0, 3.53856, 9.69679],
							"rotation": [-27, 0, 0],
							"uv": {
								"north": {"uv": [33, 27], "uv_size": [1.25, 4.5]},
								"east": {"uv": [18.5, 4], "uv_size": [-3.5, 4.5]},
								"south": {"uv": [29, 33], "uv_size": [1.25, 4.5]},
								"west": {"uv": [15, 4], "uv_size": [3.5, 4.5]},
								"up": {"uv": [36, 15], "uv_size": [1.25, 3.5]},
								"down": {"uv": [17, 39.5], "uv_size": [1.25, -3.5]}
							}
						},
						{
							"origin": [-0.5625, 4.10381, 2.85736],
							"size": [1.125, 5.4375, 2],
							"pivot": [0, 6.32256, 4.48236],
							"rotation": [23, 0, 0],
							"uv": {
								"north": {"uv": [11, 31], "uv_size": [1.25, 5.5]},
								"east": {"uv": [2, 25], "uv_size": [2, 5.5]},
								"south": {"uv": [13, 31], "uv_size": [1.25, 5.5]},
								"west": {"uv": [8, 25], "uv_size": [2, 5.5]},
								"up": {"uv": [22, 39], "uv_size": [1.25, 2]},
								"down": {"uv": [25, 41], "uv_size": [1.25, -2]}
							}
						},
						{
							"origin": [0, 5.63236, 0.02418],
							"size": [0, 3.4375, 2.375],
							"pivot": [0, 7.35111, 1.02418],
							"rotation": [103, 0, 0],
							"uv": {
								"north": {"uv": [0, 0], "uv_size": [0, 3.5]},
								"east": {"uv": [14, 27], "uv_size": [2.5, 3.5]},
								"south": {"uv": [0, 0], "uv_size": [0, 3.5]},
								"west": {"uv": [17, 27], "uv_size": [2.5, 3.5]},
								"up": {"uv": [0, 0], "uv_size": [0, 2.5]},
								"down": {"uv": [0, 2.5], "uv_size": [0, -2.5]}
							}
						},
						{
							"origin": [-0.5, 6.20313, 12.625],
							"size": [1, 1.75, 0.75],
							"pivot": [0, 7.52052, 12.74332],
							"rotation": [22.5, 0, 0],
							"uv": {
								"north": {"uv": [39, 40], "uv_size": [1, 1.75]},
								"east": {"uv": [30, 41], "uv_size": [0.75, 1.75]},
								"south": {"uv": [40, 40], "uv_size": [1, 1.75]},
								"west": {"uv": [31, 41], "uv_size": [0.75, 1.75]},
								"up": {"uv": [42, 27], "uv_size": [1, 0.75]},
								"down": {"uv": [42, 28.75], "uv_size": [1, -0.75]}
							}
						}
					]
				}
			]
		}
	]
}