{
	"format_version": "1.12.0",
	"minecraft:geometry": [
		{
			"description": {
				"identifier": "geometry.unknown",
				"texture_width": 512,
				"texture_height": 512,
				"visible_bounds_width": 101,
				"visible_bounds_height": 6,
				"visible_bounds_offset": [0, 2, 0]
			},
			"bones": [
				{
					"name": "camera",
					"pivot": [2.5, 12, 13.75]
				},
				{
					"name": "positioning2",
					"pivot": [0, 0, 0]
				},
				{
					"name": "shell",
					"parent": "positioning2",
					"pivot": [-0.5, 9.15, 0.225]
				},
				{
					"name": "scope_pos",
					"parent": "positioning2",
					"pivot": [0, 10.75, 6.275]
				},
				{
					"name": "muzzle_flash",
					"parent": "positioning2",
					"pivot": [0, 8.55, -23.1375]
				},
				{
					"name": "grip_pos",
					"parent": "positioning2",
					"pivot": [0, 6.9375, -9.125]
				},
				{
					"name": "positioning",
					"pivot": [0, 0, 0]
				},
				{
					"name": "fixed",
					"parent": "positioning",
					"pivot": [1.35, 8.275, -0.05],
					"rotation": [0, 90, 0]
				},
				{
					"name": "ground",
					"parent": "positioning",
					"pivot": [0, -4, 2]
				},
				{
					"name": "thirdperson_hand",
					"parent": "positioning",
					"pivot": [0, 5.825, 7.425]
				},
				{
					"name": "base",
					"pivot": [0.34022, 2.5, 0]
				},
				{
					"name": "Barrels",
					"parent": "base",
					"pivot": [0.34022, 1.73374, -4.09285],
					"cubes": [
						{
							"origin": [0.08698, 8.40187, -13.9247],
							"size": [0.50647, 0.50647, 12.7769],
							"pivot": [0.34022, 8.6551, 1.83379],
							"rotation": [0, 0, 45],
							"uv": {
								"north": {"uv": [360.20548, 40], "uv_size": [4.00228, 4]},
								"east": {"uv": [248.14155, 64], "uv_size": [102.05822, 4]},
								"south": {"uv": [48.0274, 360], "uv_size": [4.00228, 4]},
								"west": {"uv": [248.14155, 72], "uv_size": [102.05822, 4]},
								"up": {"uv": [40.02283, 240], "uv_size": [4.00228, 102]},
								"down": {"uv": [104.05936, 342], "uv_size": [4.00228, -102]}
							}
						},
						{
							"origin": [-0.34728, 7.5625, -22.75],
							"size": [1.375, 2, 8.5],
							"uv": {
								"north": {"uv": [75, 16], "uv_size": [2, 2]},
								"east": {"uv": [31, 102], "uv_size": [8, 2]},
								"south": {"uv": [75, 18], "uv_size": [2, 2]},
								"west": {"uv": [39, 102], "uv_size": [8, 2]},
								"up": {"uv": [75, 0], "uv_size": [2, 8]},
								"down": {"uv": [75, 16], "uv_size": [2, -8]}
							}
						},
						{
							"origin": [0.08698, 9.61388, -11.94608],
							"size": [0.60541, 0.60541, 10.79828],
							"pivot": [0.34022, 9.96606, 1.83379],
							"rotation": [0, 0, 45],
							"uv": {
								"north": {"uv": [56.03196, 360], "uv_size": [4.00228, 4]},
								"east": {"uv": [264.15068, 120], "uv_size": [86.04909, 4]},
								"south": {"uv": [64.03653, 360], "uv_size": [4.00228, 4]},
								"west": {"uv": [264.15068, 128], "uv_size": [86.04909, 4]},
								"up": {"uv": [120.06849, 264], "uv_size": [4.00228, 86]},
								"down": {"uv": [128.07306, 350], "uv_size": [4.00228, -86]}
							}
						},
						{
							"origin": [0.08743, 8.67395, -12.0482],
							"size": [0.50558, 1.47591, 1.08166],
							"pivot": [0.08654, 9.89774, -12.24608],
							"rotation": [-42.5, 0, 0],
							"uv": {
								"north": {"uv": [168.09589, 344], "uv_size": [4.00228, 12]},
								"east": {"uv": [136.07763, 320], "uv_size": [8.00457, 12]},
								"south": {"uv": [176.10046, 344], "uv_size": [4.00228, 12]},
								"west": {"uv": [296.16895, 320], "uv_size": [8.00457, 12]},
								"up": {"uv": [352.20091, 96], "uv_size": [4.00228, 8]},
								"down": {"uv": [104.05936, 360], "uv_size": [4.00228, -8]}
							}
						},
						{
							"origin": [0.08698, 8.69869, -12.44608],
							"size": [0.50647, 1.19905, 0.9117],
							"uv": {
								"north": {"uv": [272.15525, 344], "uv_size": [4.00228, 10]},
								"east": {"uv": [288.16438, 328], "uv_size": [8.00457, 10]},
								"south": {"uv": [280.15982, 344], "uv_size": [4.00228, 10]},
								"west": {"uv": [32.01826, 336], "uv_size": [8.00457, 10]},
								"up": {"uv": [112.06393, 352], "uv_size": [4.00228, 8]},
								"down": {"uv": [120.06849, 360], "uv_size": [4.00228, -8]}
							}
						},
						{
							"origin": [-0.76196, 7.17793, -13.25933],
							"size": [2.20435, 2.57935, 7.8234],
							"uv": {
								"east": {"uv": [174.09932, 32], "uv_size": [-62.03539, 20]},
								"south": {"uv": [0, 264], "uv_size": [18.01027, 20]},
								"west": {"uv": [112.06393, 32], "uv_size": [62.03539, 20]},
								"down": {"uv": [112.06393, 182], "uv_size": [18.01027, -62]}
							}
						},
						{
							"origin": [1.40991, 9.74043, -5.50933],
							"size": [-2.1394, -2.54565, -7.7391],
							"uv": {
								"east": {"uv": [112.06393, 52], "uv_size": [62.03539, -20]},
								"west": {"uv": [174.09932, 52], "uv_size": [-62.03539, -20]},
								"up": {"uv": [112.06393, 182], "uv_size": [18.01027, -62]}
							}
						},
						{
							"origin": [-0.51196, 10.55293, -13.25933],
							"size": [1.70435, 0.70435, 9.8234],
							"uv": {
								"north": {"uv": [16.00913, 336], "uv_size": [14.00799, 6]},
								"east": {"uv": [248.14155, 16], "uv_size": [78.04452, 6]},
								"south": {"uv": [64.03653, 336], "uv_size": [14.00799, 6]},
								"west": {"uv": [248.14155, 56], "uv_size": [78.04452, 6]},
								"up": {"uv": [32.01826, 136], "uv_size": [14.00799, 78]},
								"down": {"uv": [48.0274, 214], "uv_size": [14.00799, -78]}
							}
						},
						{
							"origin": [-1.07446, 10.55293, -13.25933],
							"size": [0.57935, -1.42065, 9.8234],
							"uv": {
								"north": {"uv": [344.19635, 248], "uv_size": [4.00228, 12]},
								"east": {"uv": [136.07763, 56], "uv_size": [78.04452, 12]},
								"south": {"uv": [264.15068, 344], "uv_size": [4.00228, 12]},
								"west": {"uv": [136.07763, 72], "uv_size": [78.04452, 12]},
								"up": {"uv": [256.14612, 264], "uv_size": [4.00228, 78]},
								"down": {"uv": [264.15068, 342], "uv_size": [4.00228, -78]}
							}
						},
						{
							"origin": [-0.01196, 8.30293, -13.31074],
							"size": [0.70435, 0.70435, 1.77424],
							"pivot": [0.34022, 8.6551, -13.26461],
							"rotation": [0, 0, -45],
							"uv": {
								"north": {"uv": [0, 352], "uv_size": [6.00342, 6]},
								"east": {"uv": [328.18721, 240], "uv_size": [14.00799, 6]},
								"south": {"uv": [8.00457, 352], "uv_size": [6.00342, 6]},
								"west": {"uv": [328.18721, 248], "uv_size": [14.00799, 6]},
								"up": {"uv": [272.15525, 328], "uv_size": [6.00342, 14]},
								"down": {"uv": [280.15982, 342], "uv_size": [6.00342, -14]}
							}
						},
						{
							"origin": [0.11172, 7.80823, -12.08574],
							"size": [0.457, 0.90223, 0.53749],
							"uv": {
								"north": {"uv": [352.20091, 120], "uv_size": [4.00228, 8]},
								"east": {"uv": [128.07306, 352], "uv_size": [4.00228, 8]},
								"south": {"uv": [352.20091, 128], "uv_size": [4.00228, 8]},
								"west": {"uv": [136.07763, 352], "uv_size": [4.00228, 8]},
								"up": {"uv": [360.20548, 64], "uv_size": [4.00228, 4]},
								"down": {"uv": [72.0411, 364], "uv_size": [4.00228, -4]}
							}
						},
						{
							"origin": [-0.01196, 8.30293, -8.61109],
							"size": [0.70435, 0.70435, 0.53749],
							"pivot": [0.34022, 8.6551, -10.19747],
							"rotation": [0, 0, -45],
							"uv": {
								"north": {"uv": [16.00913, 352], "uv_size": [6.00342, 6]},
								"east": {"uv": [208.11872, 352], "uv_size": [4.00228, 6]},
								"south": {"uv": [24.0137, 352], "uv_size": [6.00342, 6]},
								"west": {"uv": [352.20091, 208], "uv_size": [4.00228, 6]},
								"up": {"uv": [216.12329, 352], "uv_size": [6.00342, 4]},
								"down": {"uv": [224.12785, 356], "uv_size": [6.00342, -4]}
							}
						}
					]
				},
				{
					"name": "Ak74m_base",
					"parent": "base",
					"pivot": [0.34022, -2.96326, 4.69161],
					"cubes": [
						{
							"origin": [-0.16078, 0.02801, -1.10591],
							"size": [1, 3.8125, 2.9375],
							"pivot": [0.33922, 4.08001, -0.61608],
							"rotation": [-43.5, 0, 0],
							"uv": {
								"north": {"uv": [304.17352, 136], "uv_size": [8.00457, 22]},
								"east": {"uv": [104.05936, 240], "uv_size": [-24.0137, 22]},
								"south": {"uv": [208.11872, 304], "uv_size": [8.00457, 22]},
								"west": {"uv": [80.04566, 240], "uv_size": [24.0137, 22]}
							}
						},
						{
							"origin": [-0.16078, 2.91149, -0.90103],
							"size": [1, 3.9, 2.9375],
							"pivot": [0.33922, 4.86879, -0.00933],
							"rotation": [-25.5, 0, 0],
							"uv": {
								"north": {"uv": [200.11416, 288], "uv_size": [8.00457, 24]},
								"east": {"uv": [208.11872, 224], "uv_size": [-24.0137, 24]},
								"south": {"uv": [48.0274, 296], "uv_size": [8.00457, 24]},
								"west": {"uv": [184.10502, 224], "uv_size": [24.0137, 24]},
								"up": {"uv": [64.03653, 296], "uv_size": [8.00457, 24]}
							}
						},
						{
							"origin": [-0.15878, 6.0888, -0.23358],
							"size": [0.998, 2.15, 2.9375],
							"pivot": [0.33922, 6.08884, 0.70392],
							"rotation": [-10, 0, 0],
							"uv": {
								"north": {"uv": [112.06393, 312], "uv_size": [8.00457, 18]},
								"east": {"uv": [192.10959, 248], "uv_size": [-24.0137, 18]},
								"south": {"uv": [160.09132, 312], "uv_size": [8.00457, 18]},
								"west": {"uv": [168.09589, 248], "uv_size": [24.0137, 18]},
								"up": {"uv": [72.0411, 296], "uv_size": [8.00457, 24]}
							}
						},
						{
							"origin": [-0.60123, 9.69536, -10.21061],
							"size": [1.8829, 0.79046, 5.5],
							"uv": {
								"north": {"uv": [320.18265, 272], "uv_size": [16.00913, 6]},
								"east": {"uv": [280.15982, 104], "uv_size": [44.02511, 6]},
								"south": {"uv": [328.18721, 16], "uv_size": [16.00913, 6]},
								"west": {"uv": [280.15982, 112], "uv_size": [44.02511, 6]},
								"up": {"uv": [96.05479, 192], "uv_size": [16.00913, 44]},
								"down": {"uv": [64.03653, 244], "uv_size": [16.00913, -44]}
							}
						},
						{
							"origin": [-0.60123, 9.43286, -10.21061],
							"size": [1.8829, 0.27796, 5.45],
							"uv": {
								"north": {"uv": [144.08219, 352], "uv_size": [16.00913, 2]},
								"east": {"uv": [328.18721, 216], "uv_size": [44.02511, 2]},
								"south": {"uv": [352.20091, 144], "uv_size": [16.00913, 2]},
								"west": {"uv": [328.18721, 224], "uv_size": [44.02511, 2]},
								"up": {"uv": [200.11416, 144], "uv_size": [16.00913, 44]},
								"down": {"uv": [152.08676, 244], "uv_size": [16.00913, -44]}
							}
						},
						{
							"origin": [-0.12915, 10.47481, -10.21061],
							"size": [0.93874, 0.48309, 5.5],
							"uv": {
								"north": {"uv": [352.20091, 152], "uv_size": [8.00457, 4]},
								"east": {"uv": [304.17352, 160], "uv_size": [44.02511, 4]},
								"south": {"uv": [160.09132, 352], "uv_size": [8.00457, 4]},
								"west": {"uv": [304.17352, 184], "uv_size": [44.02511, 4]},
								"up": {"uv": [80.04566, 264], "uv_size": [8.00457, 44]},
								"down": {"uv": [88.05023, 308], "uv_size": [8.00457, -44]}
							}
						},
						{
							"origin": [-0.60123, 7.8897, -7.71061],
							"size": [1.8829, 1.53251, 4.25],
							"uv": {
								"north": {"uv": [296.16895, 168], "uv_size": [16.00913, 12]},
								"east": {"uv": [254.14498, 208], "uv_size": [-54.03082, 12]},
								"south": {"uv": [296.16895, 280], "uv_size": [16.00913, 12]},
								"west": {"uv": [200.11416, 208], "uv_size": [54.03082, 12]},
								"up": {"uv": [136.07763, 88], "uv_size": [16.00913, 54]},
								"down": {"uv": [64.03653, 198], "uv_size": [16.00913, -54]}
							}
						},
						{
							"origin": [-0.59478, 7.3897, -10.16061],
							"size": [1.87, 0.63251, 5.7],
							"pivot": [0.43423, 8.02575, 2.65812],
							"rotation": [-2.5, 0, 0],
							"uv": {
								"north": {"uv": [328.18721, 256], "uv_size": [14.00799, 6]},
								"east": {"uv": [144.08219, 272], "uv_size": [46.02626, 6]},
								"south": {"uv": [328.18721, 280], "uv_size": [14.00799, 6]},
								"west": {"uv": [272.15525, 272], "uv_size": [46.02626, 6]},
								"up": {"uv": [168.09589, 200], "uv_size": [14.00799, 46]},
								"down": {"uv": [0, 262], "uv_size": [14.00799, -46]}
							}
						},
						{
							"origin": [-0.33916, 9.73374, -10.21061],
							"size": [0.66763, 0.73777, 5.5],
							"pivot": [-0.48747, 10.16232, -6.15195],
							"rotation": [0, 0, -45],
							"uv": {
								"north": {"uv": [32.01826, 352], "uv_size": [6.00342, 6]},
								"east": {"uv": [144.08219, 280], "uv_size": [44.02511, 6]},
								"south": {"uv": [40.02283, 352], "uv_size": [6.00342, 6]},
								"west": {"uv": [280.15982, 240], "uv_size": [44.02511, 6]},
								"up": {"uv": [240.13699, 272], "uv_size": [6.00342, 44]},
								"down": {"uv": [248.14155, 316], "uv_size": [6.00342, -44]}
							}
						},
						{
							"origin": [0.35198, 9.73374, -10.21061],
							"size": [0.66763, 0.73777, 5.5],
							"pivot": [1.16791, 10.16232, -6.15195],
							"rotation": [0, 0, 45],
							"uv": {
								"north": {"uv": [48.0274, 352], "uv_size": [6.00342, 6]},
								"east": {"uv": [280.15982, 248], "uv_size": [44.02511, 6]},
								"south": {"uv": [56.03196, 352], "uv_size": [6.00342, 6]},
								"west": {"uv": [280.15982, 256], "uv_size": [44.02511, 6]},
								"up": {"uv": [56.03196, 280], "uv_size": [6.00342, 44]},
								"down": {"uv": [272.15525, 324], "uv_size": [6.00342, -44]}
							}
						},
						{
							"origin": [-0.60123, 7.64341, -3.96061],
							"size": [1.8829, 0.24629, 0.5],
							"uv": {
								"north": {"uv": [352.20091, 160], "uv_size": [16.00913, 2]},
								"east": {"uv": [360.20548, 104], "uv_size": [4.00228, 2]},
								"south": {"uv": [352.20091, 168], "uv_size": [16.00913, 2]},
								"west": {"uv": [112.06393, 360], "uv_size": [4.00228, 2]},
								"up": {"uv": [336.19178, 200], "uv_size": [16.00913, 4]},
								"down": {"uv": [336.19178, 212], "uv_size": [16.00913, -4]}
							}
						},
						{
							"origin": [-0.44118, 6.12174, 6.48754],
							"size": [1.5628, 1.28622, 2.4735],
							"uv": {
								"north": {"uv": [312.17808, 280], "uv_size": [12.00685, 10]},
								"east": {"uv": [288.16438, 208], "uv_size": [20.01142, 10]},
								"south": {"uv": [312.17808, 312], "uv_size": [12.00685, 10]},
								"west": {"uv": [288.16438, 224], "uv_size": [20.01142, 10]},
								"up": {"uv": [160.09132, 288], "uv_size": [12.00685, 20]},
								"down": {"uv": [176.10046, 308], "uv_size": [12.00685, -20]}
							}
						},
						{
							"origin": [-0.16714, 6.12174, 3.04938],
							"size": [1.01473, 1.38516, 0.96467],
							"uv": {
								"north": {"uv": [144.08219, 328], "uv_size": [8.00457, 12]},
								"east": {"uv": [152.08676, 328], "uv_size": [8.00457, 12]},
								"south": {"uv": [168.09589, 328], "uv_size": [8.00457, 12]},
								"west": {"uv": [176.10046, 328], "uv_size": [8.00457, 12]},
								"up": {"uv": [288.16438, 168], "uv_size": [8.00457, 8]},
								"down": {"uv": [296.16895, 144], "uv_size": [8.00457, -8]}
							}
						},
						{
							"origin": [-0.44133, 6.96591, 8.93631],
							"size": [1.5628, 0.34311, 0.27209],
							"uv": {
								"north": {"uv": [232.13242, 352], "uv_size": [12.00685, 2]},
								"east": {"uv": [136.07763, 360], "uv_size": [2.00114, 2]},
								"south": {"uv": [352.20091, 232], "uv_size": [12.00685, 2]},
								"west": {"uv": [360.20548, 136], "uv_size": [2.00114, 2]},
								"up": {"uv": [248.14155, 352], "uv_size": [12.00685, 2]},
								"down": {"uv": [352.20091, 250], "uv_size": [12.00685, -2]}
							}
						},
						{
							"origin": [-0.32863, 2.20474, 7.76144],
							"size": [1.3377, 0.70738, 0.52502],
							"pivot": [-0.25301, 2.26901, 8.20667],
							"rotation": [-32.5, 0, 0],
							"uv": {
								"north": {"uv": [224.12785, 336], "uv_size": [10.00571, 6]},
								"east": {"uv": [352.20091, 256], "uv_size": [4.00228, 6]},
								"south": {"uv": [240.13699, 336], "uv_size": [10.00571, 6]},
								"west": {"uv": [352.20091, 272], "uv_size": [4.00228, 6]},
								"up": {"uv": [344.19635, 280], "uv_size": [10.00571, 4]},
								"down": {"uv": [288.16438, 348], "uv_size": [10.00571, -4]}
							}
						},
						{
							"origin": [-0.32863, 2.62675, 9.13437],
							"size": [1.3377, 0.54417, 0.44523],
							"pivot": [-0.25301, 2.52781, 9.5796],
							"rotation": [-32.5, 0, 0],
							"uv": {
								"north": {"uv": [344.19635, 288], "uv_size": [10.00571, 4]},
								"east": {"uv": [80.04566, 360], "uv_size": [4.00228, 4]},
								"south": {"uv": [304.17352, 344], "uv_size": [10.00571, 4]},
								"west": {"uv": [88.05023, 360], "uv_size": [4.00228, 4]},
								"up": {"uv": [344.19635, 312], "uv_size": [10.00571, 4]},
								"down": {"uv": [320.18265, 348], "uv_size": [10.00571, -4]}
							}
						},
						{
							"origin": [-0.44133, 6.2728, 8.71369],
							"size": [1.5628, 0.69311, 0.4947],
							"pivot": [-0.14061, 6.96591, 9.20839],
							"rotation": [-22.5, 0, 0],
							"uv": {
								"north": {"uv": [336.19178, 144], "uv_size": [12.00685, 6]},
								"east": {"uv": [288.16438, 352], "uv_size": [4.00228, 6]},
								"south": {"uv": [336.19178, 152], "uv_size": [12.00685, 6]},
								"west": {"uv": [296.16895, 352], "uv_size": [4.00228, 6]},
								"up": {"uv": [344.19635, 136], "uv_size": [12.00685, 4]},
								"down": {"uv": [200.11416, 348], "uv_size": [12.00685, -4]}
							}
						},
						{
							"origin": [-0.32863, 2.25084, 7.56988],
							"size": [1.3377, 4.42757, 1.87986],
							"pivot": [0.4278, 4.2049, 7.02571],
							"rotation": [17.5, 0, 0],
							"uv": {
								"north": {"uv": [192.10959, 248], "uv_size": [10.00571, 36]},
								"east": {"uv": [240.13699, 224], "uv_size": [-16.00913, 36]},
								"south": {"uv": [24.0137, 264], "uv_size": [10.00571, 36]},
								"west": {"uv": [224.12785, 224], "uv_size": [16.00913, 36]},
								"up": {"uv": [88.05023, 312], "uv_size": [10.00571, 16]},
								"down": {"uv": [144.08219, 328], "uv_size": [10.00571, -16]}
							}
						},
						{
							"origin": [-0.32863, 1.90592, 7.59944],
							"size": [1.3377, 0.72792, 1.46095],
							"pivot": [0.4278, 4.11794, 7.05527],
							"rotation": [17.5, 0, 0],
							"uv": {
								"north": {"uv": [336.19178, 272], "uv_size": [10.00571, 6]},
								"east": {"uv": [336.19178, 168], "uv_size": [12.00685, 6]},
								"south": {"uv": [296.16895, 336], "uv_size": [10.00571, 6]},
								"west": {"uv": [336.19178, 176], "uv_size": [12.00685, 6]},
								"up": {"uv": [0, 320], "uv_size": [10.00571, 12]},
								"down": {"uv": [64.03653, 332], "uv_size": [10.00571, -12]}
							}
						}
					]
				},
				{
					"name": "Stock",
					"parent": "Ak74m_base",
					"pivot": [0.36743, 7.52575, 11.72372]
				},
				{
					"name": "BaseReceiver",
					"parent": "Ak74m_base",
					"pivot": [-0.35236, 5.13882, -2.88229],
					"cubes": [
						{
							"origin": [0.34022, 5.20459, 3.06616],
							"size": [0, 2.4735, 3.95866],
							"uv": {
								"north": {"uv": [0, 0], "uv_size": [0, 20]},
								"east": {"uv": [248.14155, 56], "uv_size": [-32.01826, 20]},
								"south": {"uv": [0, 0], "uv_size": [0, 20]},
								"west": {"uv": [216.12329, 56], "uv_size": [32.01826, 20]},
								"up": {"uv": [0, 0], "uv_size": [0, 32]},
								"down": {"uv": [0, 32], "uv_size": [0, -32]}
							}
						},
						{
							"origin": [-0.55158, 7.71656, -3.49329],
							"size": [1.7836, 1.4841, 13.33186],
							"uv": {
								"north": {"uv": [216.12329, 304], "uv_size": [14.00799, 12]},
								"east": {"uv": [112.06393, 0], "uv_size": [106.0605, 12]},
								"south": {"uv": [304.17352, 296], "uv_size": [14.00799, 12]},
								"west": {"uv": [112.06393, 16], "uv_size": [106.0605, 12]},
								"up": {"uv": [0, 0], "uv_size": [14.00799, 106]},
								"down": {"uv": [16.00913, 106], "uv_size": [14.00799, -106]}
							}
						},
						{
							"origin": [-0.55158, 3.27906, 15.25671],
							"size": [1.7836, 5.9841, 1.58186],
							"pivot": [0.34022, 4.5625, 16],
							"rotation": [-12.5, 0, 0],
							"uv": {
								"east": {"uv": [360.20548, 272], "uv_size": [12.00685, 48]},
								"west": {"uv": [280.15982, 360], "uv_size": [12.00685, 48]},
								"up": {"uv": [32.01826, 112], "uv_size": [14.00799, 12]},
								"down": {"uv": [48.0274, 124], "uv_size": [14.00799, -12]}
							}
						},
						{
							"origin": [-0.55158, 1.02906, 15.25671],
							"size": [1.7836, 6.1091, 1.58186],
							"inflate": -0.004,
							"pivot": [0.34022, 5.375, 16],
							"rotation": [70, 0, 0],
							"uv": {
								"east": {"uv": [360.20548, 272], "uv_size": [12.00685, 48]},
								"west": {"uv": [280.15982, 360], "uv_size": [12.00685, 48]},
								"up": {"uv": [32.01826, 112], "uv_size": [14.00799, 12]},
								"down": {"uv": [48.0274, 124], "uv_size": [14.00799, -12]}
							}
						},
						{
							"origin": [-0.16446, 7.48448, 9.6409],
							"size": [0.98888, 0.98888, 9.23576],
							"pivot": [0.0276, 8.11865, 7.71093],
							"rotation": [0, 0, -45],
							"uv": {
								"north": {"uv": [48.0274, 320], "uv_size": [8.00457, 8]},
								"east": {"uv": [216.12329, 80], "uv_size": [74.04224, 8]},
								"south": {"uv": [112.06393, 336], "uv_size": [8.00457, 8]},
								"west": {"uv": [216.12329, 176], "uv_size": [74.04224, 8]},
								"up": {"uv": [128.07306, 184], "uv_size": [8.00457, 74]},
								"down": {"uv": [48.0274, 290], "uv_size": [8.00457, -74]}
							}
						},
						{
							"origin": [-0.53478, -0.05161, 16.00048],
							"size": [1.75, 1.75, 5.375],
							"pivot": [0.34022, 2.88589, 16.87548],
							"rotation": [90, 0, 0],
							"uv": {
								"north": {"uv": [144.08219, 232], "uv_size": [8.00457, 14]},
								"east": {"uv": [216.12329, 144], "uv_size": [44.02511, 14]},
								"south": {"uv": [16.00913, 320], "uv_size": [8.00457, 14]},
								"west": {"uv": [216.12329, 160], "uv_size": [44.02511, 14]},
								"up": {"uv": [96.05479, 264], "uv_size": [8.00457, 44]},
								"down": {"uv": [112.06393, 308], "uv_size": [8.00457, -44]}
							}
						},
						{
							"origin": [-0.53478, 4.53969, 12.10517],
							"size": [1.75, 0.8125, 7.9375],
							"inflate": 0.001,
							"pivot": [0.34022, 6.41469, 15.04267],
							"rotation": [-35, 0, 0],
							"uv": {
								"north": {"uv": [136.07763, 336], "uv_size": [8.00457, 6]},
								"east": {"uv": [256.14612, 192], "uv_size": [64.03653, 6]},
								"south": {"uv": [160.09132, 336], "uv_size": [8.00457, 6]},
								"west": {"uv": [256.14612, 200], "uv_size": [64.03653, 6]},
								"up": {"uv": [56.03196, 216], "uv_size": [8.00457, 64]},
								"down": {"uv": [136.07763, 296], "uv_size": [8.00457, -64]}
							}
						},
						{
							"origin": [-0.53478, 6.16469, 10.29267],
							"size": [1.75, 0.8125, 3],
							"inflate": 0.002,
							"uv": {
								"north": {"uv": [232.13242, 344], "uv_size": [8.00457, 6]},
								"east": {"uv": [168.09589, 312], "uv_size": [24.0137, 6]},
								"south": {"uv": [240.13699, 344], "uv_size": [8.00457, 6]},
								"west": {"uv": [312.17808, 168], "uv_size": [24.0137, 6]},
								"up": {"uv": [136.07763, 296], "uv_size": [8.00457, 24]},
								"down": {"uv": [296.16895, 320], "uv_size": [8.00457, -24]}
							}
						},
						{
							"origin": [-1.09176, 6.2805, 10.06298],
							"size": [1.23744, 1.23744, 9.75],
							"pivot": [-0.72932, 8.1555, 14.93798],
							"rotation": [0, 0, -45],
							"uv": {
								"north": {"uv": [240.13699, 320], "uv_size": [10.00571, 10]},
								"east": {"uv": [152.08676, 88], "uv_size": [78.04452, 10]},
								"south": {"uv": [320.18265, 296], "uv_size": [10.00571, 10]},
								"west": {"uv": [152.08676, 104], "uv_size": [78.04452, 10]},
								"up": {"uv": [152.08676, 120], "uv_size": [10.00571, 78]},
								"down": {"uv": [168.09589, 198], "uv_size": [10.00571, -78]}
							}
						},
						{
							"origin": [-1.09176, 7.093, 10.06298],
							"size": [1.23744, 1.23744, 9.75],
							"pivot": [-0.72932, 8.968, 14.93798],
							"rotation": [0, 0, -45],
							"uv": {
								"north": {"uv": [328.18721, 0], "uv_size": [10.00571, 10]},
								"east": {"uv": [176.10046, 32], "uv_size": [78.04452, 10]},
								"south": {"uv": [48.0274, 328], "uv_size": [10.00571, 10]},
								"west": {"uv": [184.10502, 120], "uv_size": [78.04452, 10]},
								"up": {"uv": [112.06393, 184], "uv_size": [10.00571, 78]},
								"down": {"uv": [184.10502, 214], "uv_size": [10.00571, -78]}
							}
						},
						{
							"origin": [-0.53478, 7.44839, 10.06298],
							"size": [1.75, 0.8125, 9.75],
							"uv": {
								"north": {"uv": [328.18721, 288], "uv_size": [14.00799, 6]},
								"east": {"uv": [248.14155, 0], "uv_size": [78.04452, 6]},
								"south": {"uv": [312.17808, 328], "uv_size": [14.00799, 6]},
								"west": {"uv": [248.14155, 8], "uv_size": [78.04452, 6]},
								"up": {"uv": [0, 136], "uv_size": [14.00799, 78]},
								"down": {"uv": [16.00913, 214], "uv_size": [14.00799, -78]}
							}
						},
						{
							"origin": [-0.32188, 9.00278, -4.78141],
							"size": [1.3242, 1.78092, 3.18869],
							"uv": {
								"north": {"uv": [312.17808, 216], "uv_size": [10.00571, 14]},
								"east": {"uv": [256.14612, 208], "uv_size": [26.01484, 14]},
								"south": {"uv": [280.15982, 312], "uv_size": [10.00571, 14]},
								"west": {"uv": [256.14612, 224], "uv_size": [26.01484, 14]},
								"up": {"uv": [280.15982, 280], "uv_size": [10.00571, 26]},
								"down": {"uv": [0, 314], "uv_size": [10.00571, -26]}
							}
						},
						{
							"origin": [-0.32188, 9.62778, -4.15641],
							"size": [1.3242, 0.96842, 1.00119],
							"inflate": 0.003,
							"uv": {
								"west": {"uv": [402.22945, 342], "uv_size": [26.01484, 26]}
							}
						},
						{
							"origin": [-0.32188, 9.62778, -4.15641],
							"size": [1.3242, 0.96842, 1.00119],
							"inflate": 0.003,
							"uv": {
								"east": {"uv": [428.24429, 342], "uv_size": [-26.01484, 26]}
							}
						},
						{
							"origin": [-0.54978, 7.61958, -2.82896],
							"size": [1.78, 0.5233, 12.65669],
							"pivot": [-0.40249, 7.61958, -2.37896],
							"rotation": [-2, 0, 0],
							"uv": {
								"north": {"uv": [40.02283, 344], "uv_size": [14.00799, 4]},
								"east": {"uv": [256.14612, 32], "uv_size": [102.05822, 4]},
								"south": {"uv": [56.03196, 344], "uv_size": [14.00799, 4]},
								"west": {"uv": [256.14612, 40], "uv_size": [102.05822, 4]},
								"up": {"uv": [32.01826, 0], "uv_size": [14.00799, 102]},
								"down": {"uv": [48.0274, 102], "uv_size": [14.00799, -102]}
							}
						},
						{
							"origin": [-0.60183, 8.04822, 1.70644],
							"size": [0.1, 1.45936, 5.66431],
							"pivot": [0.39817, 8.5779, 6.76474],
							"rotation": [22.5, 0, 0],
							"uv": {
								"north": {"uv": [352.20091, 296], "uv_size": [2.00114, 12]},
								"east": {"uv": [232.13242, 88], "uv_size": [46.02626, 12]},
								"south": {"uv": [304.17352, 352], "uv_size": [2.00114, 12]},
								"west": {"uv": [232.13242, 104], "uv_size": [46.02626, 12]},
								"up": {"uv": [184.10502, 328], "uv_size": [2.00114, 46]},
								"down": {"uv": [192.10959, 374], "uv_size": [2.00114, -46]}
							}
						}
					]
				},
				{
					"name": "upper",
					"parent": "BaseReceiver",
					"pivot": [-0.42666, 8.99748, 6.64068],
					"cubes": [
						{
							"origin": [-0.22863, 9.86658, -2.0148],
							"size": [1.1377, 0.86572, 10.29358],
							"uv": {
								"north": {"uv": [336.19178, 296], "uv_size": [10.00571, 6]},
								"east": {"uv": [216.12329, 184], "uv_size": [82.0468, 6]},
								"south": {"uv": [336.19178, 304], "uv_size": [10.00571, 6]},
								"west": {"uv": [224.12785, 24], "uv_size": [82.0468, 6]},
								"up": {"uv": [80.04566, 144], "uv_size": [10.00571, 82]},
								"down": {"uv": [136.07763, 226], "uv_size": [10.00571, -82]}
							}
						},
						{
							"origin": [-0.58998, 9.11898, -2.76692],
							"size": [1.8604, 0.89046, 11.98775],
							"uv": {
								"north": {"uv": [320.18265, 200], "uv_size": [14.00799, 8]},
								"east": {"uv": [176.10046, 48], "uv_size": [96.05479, 8]},
								"south": {"uv": [216.12329, 320], "uv_size": [14.00799, 8]},
								"west": {"uv": [200.11416, 136], "uv_size": [96.05479, 8]},
								"up": {"uv": [96.05479, 0], "uv_size": [14.00799, 96]},
								"down": {"uv": [96.05479, 192], "uv_size": [14.00799, -96]}
							}
						},
						{
							"origin": [-0.58998, 7.61898, -1.51692],
							"size": [1.8604, 2.39046, 3.98775],
							"inflate": 0.002,
							"uv": {
								"west": {"uv": [366.2089, 376], "uv_size": [72.0411, 46]}
							}
						},
						{
							"origin": [-0.58998, 9.10172, 9.17072],
							"size": [1.8604, 0.39576, 0.71731],
							"uv": {
								"north": {"uv": [72.0411, 344], "uv_size": [14.00799, 4]},
								"east": {"uv": [312.17808, 352], "uv_size": [6.00342, 4]},
								"south": {"uv": [88.05023, 344], "uv_size": [14.00799, 4]},
								"west": {"uv": [320.18265, 352], "uv_size": [6.00342, 4]},
								"up": {"uv": [328.18721, 312], "uv_size": [14.00799, 6]},
								"down": {"uv": [328.18721, 326], "uv_size": [14.00799, -6]}
							}
						},
						{
							"origin": [-0.58998, 9.00278, 9.04704],
							"size": [1.8604, 0.4947, 0.84099],
							"pivot": [-0.36229, 9.49748, 9.88803],
							"rotation": [-37.5, 0, 0],
							"uv": {
								"north": {"uv": [104.05936, 344], "uv_size": [14.00799, 4]},
								"east": {"uv": [328.18721, 352], "uv_size": [6.00342, 4]},
								"south": {"uv": [344.19635, 104], "uv_size": [14.00799, 4]},
								"west": {"uv": [336.19178, 352], "uv_size": [6.00342, 4]},
								"up": {"uv": [328.18721, 328], "uv_size": [14.00799, 6]},
								"down": {"uv": [0, 342], "uv_size": [14.00799, -6]}
							}
						},
						{
							"origin": [-0.22863, 9.00278, 7.8085],
							"size": [1.1377, 0.64528, 1.18743],
							"pivot": [-0.27735, 9.49748, 9.64068],
							"rotation": [-37.5, 0, 0],
							"uv": {
								"north": {"uv": [312.17808, 336], "uv_size": [10.00571, 6]},
								"east": {"uv": [328.18721, 336], "uv_size": [10.00571, 6]},
								"south": {"uv": [0, 344], "uv_size": [10.00571, 6]},
								"west": {"uv": [344.19635, 0], "uv_size": [10.00571, 6]},
								"up": {"uv": [88.05023, 328], "uv_size": [10.00571, 10]},
								"down": {"uv": [328.18721, 114], "uv_size": [10.00571, -10]}
							}
						},
						{
							"origin": [0.13707, 9.00278, 8.89684],
							"size": [0.4063, 0.84316, 0.69273],
							"pivot": [-0.34729, 9.49748, 9.64068],
							"rotation": [-37.5, 0, 0],
							"uv": {
								"north": {"uv": [344.19635, 352], "uv_size": [4.00228, 6]},
								"east": {"uv": [64.03653, 352], "uv_size": [6.00342, 6]},
								"south": {"uv": [352.20091, 344], "uv_size": [4.00228, 6]},
								"west": {"uv": [352.20091, 64], "uv_size": [6.00342, 6]},
								"up": {"uv": [352.20091, 352], "uv_size": [4.00228, 6]},
								"down": {"uv": [0, 366], "uv_size": [4.00228, -6]}
							}
						},
						{
							"origin": [-0.23916, 10.74748, -10.17182],
							"size": [1.125, 0.25, 17.8125],
							"uv": {
								"north": {"uv": [360.20548, 16], "uv_size": [10.00571, 2]},
								"east": {"uv": [272.15525, 48], "uv_size": [142.08105, 2]},
								"south": {"uv": [360.20548, 24], "uv_size": [10.00571, 2]},
								"west": {"uv": [272.15525, 264], "uv_size": [142.08105, 2]},
								"up": {"uv": [64.03653, 0], "uv_size": [10.00571, 142]},
								"down": {"uv": [80.04566, 142], "uv_size": [10.00571, -142]}
							}
						},
						{
							"origin": [-0.23916, 7.18498, -13.73432],
							"size": [1.125, 0.4375, 9.5625],
							"uv": {
								"north": {"uv": [112.06393, 56], "uv_size": [10.00571, 4]},
								"east": {"uv": [352.20091, 176], "uv_size": [76.04338, 4]},
								"south": {"uv": [112.06393, 64], "uv_size": [10.00571, 4]},
								"west": {"uv": [352.20091, 184], "uv_size": [76.04338, 4]},
								"up": {"uv": [144.08219, 360], "uv_size": [10.00571, 76]},
								"down": {"uv": [160.09132, 436], "uv_size": [10.00571, -76]}
							}
						},
						{
							"origin": [-0.23916, 7.62248, -10.17182],
							"size": [1.125, 0.25, 6],
							"uv": {
								"north": {"uv": [32.01826, 360], "uv_size": [10.00571, 2]},
								"east": {"uv": [328.18721, 56], "uv_size": [48.0274, 2]},
								"south": {"uv": [360.20548, 32], "uv_size": [10.00571, 2]},
								"west": {"uv": [328.18721, 80], "uv_size": [48.0274, 2]},
								"up": {"uv": [240.13699, 224], "uv_size": [10.00571, 48]},
								"down": {"uv": [64.03653, 296], "uv_size": [10.00571, -48]}
							}
						},
						{
							"origin": [-0.73916, 9.49748, -9.60932],
							"size": [2.125, 0.875, 2],
							"uv": {
								"north": {"uv": [312.17808, 176], "uv_size": [18.01027, 8]},
								"east": {"uv": [184.10502, 216], "uv_size": [16.00913, 8]},
								"south": {"uv": [312.17808, 208], "uv_size": [18.01027, 8]},
								"west": {"uv": [80.04566, 232], "uv_size": [16.00913, 8]},
								"up": {"uv": [264.15068, 144], "uv_size": [18.01027, 16]},
								"down": {"uv": [264.15068, 176], "uv_size": [18.01027, -16]}
							}
						}
					]
				},
				{
					"name": "Bolt2",
					"parent": "BaseReceiver",
					"pivot": [0.48873, 7.2784, 1.5329],
					"cubes": [
						{
							"origin": [-0.30299, 8.97057, -2.02169],
							"size": [1.28642, 0.9894, 4.31785],
							"uv": {
								"north": {"uv": [336.19178, 88], "uv_size": [10.00571, 8]},
								"east": {"uv": [280.15982, 88], "uv_size": [34.01941, 8]},
								"south": {"uv": [336.19178, 96], "uv_size": [10.00571, 8]},
								"west": {"uv": [280.15982, 96], "uv_size": [34.01941, 8]},
								"up": {"uv": [208.11872, 264], "uv_size": [10.00571, 34]},
								"down": {"uv": [224.12785, 298], "uv_size": [10.00571, -34]}
							}
						},
						{
							"origin": [-1.30299, 9.47057, -1.27169],
							"size": [2.28642, 0.4894, 0.25],
							"inflate": -0.002,
							"uv": {
								"north": {"uv": [336.19178, 192], "uv_size": [18.01027, 4]},
								"east": {"uv": [120.06849, 360], "uv_size": [2.00114, 4]},
								"south": {"uv": [200.11416, 336], "uv_size": [18.01027, 4]},
								"west": {"uv": [360.20548, 120], "uv_size": [2.00114, 4]},
								"up": {"uv": [72.0411, 352], "uv_size": [18.01027, 2]},
								"down": {"uv": [352.20091, 74], "uv_size": [18.01027, -2]}
							}
						},
						{
							"origin": [-0.05564, 9.94078, -1.77434],
							"size": [0.79172, 0.74205, 3.82315],
							"uv": {
								"north": {"uv": [352.20091, 88], "uv_size": [6.00342, 6]},
								"east": {"uv": [32.01826, 104], "uv_size": [30.01712, 6]},
								"south": {"uv": [96.05479, 352], "uv_size": [6.00342, 6]},
								"west": {"uv": [296.16895, 80], "uv_size": [30.01712, 6]},
								"up": {"uv": [24.0137, 304], "uv_size": [6.00342, 30]},
								"down": {"uv": [32.01826, 334], "uv_size": [6.00342, -30]}
							}
						}
					]
				},
				{
					"name": "rear_sight",
					"parent": "BaseReceiver",
					"pivot": [0.68651, 11.2841, -4.47271],
					"cubes": [
						{
							"origin": [-0.02341, 10.93322, -4.94431],
							"size": [0.72727, 0.21822, 3.58685],
							"inflate": -0.001,
							"pivot": [0.34022, 10.96961, -2.75354],
							"rotation": [1, 0, 0],
							"uv": {
								"north": {"uv": [360.20548, 96], "uv_size": [6.00342, 2]},
								"east": {"uv": [344.19635, 112], "uv_size": [28.01598, 2]},
								"south": {"uv": [104.05936, 360], "uv_size": [6.00342, 2]},
								"west": {"uv": [136.07763, 344], "uv_size": [28.01598, 2]},
								"up": {"uv": [232.13242, 304], "uv_size": [6.00342, 28]},
								"down": {"uv": [80.04566, 340], "uv_size": [6.00342, -28]}
							}
						},
						{
							"origin": [-0.09275, 10.34158, -4.72166],
							"size": [0.86594, 0.61367, 2.63637],
							"inflate": -0.001,
							"pivot": [0.72772, 10.84841, -2.86598],
							"rotation": [-12.5, 0, 0],
							"uv": {
								"north": {"uv": [360.20548, 0], "uv_size": [6.00342, 4]},
								"east": {"uv": [208.11872, 328], "uv_size": [22.01256, 4]},
								"south": {"uv": [8.00457, 360], "uv_size": [6.00342, 4]},
								"west": {"uv": [328.18721, 232], "uv_size": [22.01256, 4]},
								"up": {"uv": [200.11416, 312], "uv_size": [6.00342, 22]},
								"down": {"uv": [304.17352, 334], "uv_size": [6.00342, -22]}
							}
						},
						{
							"origin": [-0.27816, 10.76553, -2.22313],
							"size": [1.23675, 0.43538, 0.43534],
							"pivot": [0.16903, 11.00795, -2.01711],
							"rotation": [45, 0, 0],
							"uv": {
								"north": {"uv": [344.19635, 320], "uv_size": [10.00571, 4]},
								"east": {"uv": [360.20548, 88], "uv_size": [4.00228, 4]},
								"south": {"uv": [344.19635, 328], "uv_size": [10.00571, 4]},
								"west": {"uv": [96.05479, 360], "uv_size": [4.00228, 4]},
								"up": {"uv": [336.19178, 344], "uv_size": [10.00571, 4]},
								"down": {"uv": [344.19635, 340], "uv_size": [10.00571, -4]}
							}
						},
						{
							"origin": [-0.40183, 10.95749, -1.67262],
							"size": [1.4841, 0.48481, 0.31512],
							"uv": {
								"north": {"uv": [344.19635, 240], "uv_size": [12.00685, 4]},
								"east": {"uv": [128.07306, 360], "uv_size": [2.00114, 4]},
								"south": {"uv": [248.14155, 344], "uv_size": [12.00685, 4]},
								"west": {"uv": [360.20548, 128], "uv_size": [2.00114, 4]},
								"up": {"uv": [360.20548, 8], "uv_size": [12.00685, 2]},
								"down": {"uv": [16.00913, 362], "uv_size": [12.00685, -2]}
							}
						}
					]
				},
				{
					"name": "positioning3",
					"parent": "Ak74m_base",
					"pivot": [0.34022, 4.25, -2]
				},
				{
					"name": "scope_pos2",
					"parent": "positioning3",
					"pivot": [0.34022, 10.725, 4.275]
				}
			]
		}
	]
}