{
	"format_version": "1.12.0",
	"minecraft:geometry": [
		{
			"description": {
				"identifier": "geometry.unknown",
				"texture_width": 32,
				"texture_height": 32,
				"visible_bounds_width": 5,
				"visible_bounds_height": 3,
				"visible_bounds_offset": [0, 0.5, 0]
			},
			"bones": [
				{
					"name": "division",
					"pivot": [0, 1.64723, -32.51087]
				},
				{
					"name": "bone2_illuminated",
					"parent": "division",
					"pivot": [0, 1.64723, -45.01087],
					"cubes": [
						{
							"origin": [-0.1706, 1.61398, -45.02427],
							"size": [0.3412, 0.06651, 0.0268],
							"pivot": [0, 1.64723, -45.01087],
							"rotation": [0, 0, -135],
							"uv": {
								"south": {"uv": [1, 13], "uv_size": [0.5, 0.5]}
							}
						},
						{
							"origin": [-0.14415, 1.55012, -45.02427],
							"size": [0.2883, 0.19424, 0.0268],
							"pivot": [0, 1.64723, -45.01087],
							"rotation": [0, 0, 90],
							"uv": {
								"south": {"uv": [12, 12], "uv_size": [0.5, 0.5]}
							}
						},
						{
							"origin": [-0.1706, 1.61398, -45.02427],
							"size": [0.3412, 0.06651, 0.0268],
							"pivot": [0, 1.64723, -45.01087],
							"rotation": [0, 0, 135],
							"uv": {
								"south": {"uv": [13, 0], "uv_size": [0.5, 0.5]}
							}
						},
						{
							"origin": [-0.14415, 1.55012, -45.02427],
							"size": [0.2883, 0.19424, 0.0268],
							"pivot": [0, 1.64723, -45.01087],
							"rotation": [0, 0, -180],
							"uv": {
								"south": {"uv": [0, 13], "uv_size": [0.5, 0.5]}
							}
						}
					]
				},
				{
					"name": "ocular",
					"pivot": [0, 1.64723, -1.35462],
					"cubes": [
						{
							"origin": [-0.76377, 1.49531, -1.36748],
							"size": [1.52755, 0.30385, 0.02573],
							"pivot": [0, 1.64723, -1.47462],
							"rotation": [0, 0, 90],
							"uv": {
								"south": {"uv": [10, 4], "uv_size": [1, 0.5]}
							}
						},
						{
							"origin": [-0.76377, 1.49531, -1.36748],
							"size": [1.52755, 0.30385, 0.02573],
							"pivot": [0, 1.64723, -1.47462],
							"rotation": [0, 0, 112.5],
							"uv": {
								"south": {"uv": [5, 10], "uv_size": [1, 0.5]}
							}
						},
						{
							"origin": [-0.76377, 1.49531, -1.36748],
							"size": [1.52755, 0.30385, 0.02573],
							"pivot": [0, 1.64723, -1.47462],
							"rotation": [0, 0, 135],
							"uv": {
								"south": {"uv": [10, 5], "uv_size": [1, 0.5]}
							}
						},
						{
							"origin": [-0.76377, 1.49531, -1.36748],
							"size": [1.52755, 0.30385, 0.02573],
							"uv": {
								"south": {"uv": [6, 10], "uv_size": [1, 0.5]}
							}
						},
						{
							"origin": [-0.76377, 1.49531, -1.36748],
							"size": [1.52755, 0.30385, 0.02573],
							"pivot": [0, 1.64723, -1.47462],
							"rotation": [0, 0, 45],
							"uv": {
								"south": {"uv": [10, 6], "uv_size": [1, 0.5]}
							}
						},
						{
							"origin": [-0.76377, 1.49531, -1.36748],
							"size": [1.52755, 0.30385, 0.02573],
							"pivot": [0, 1.64723, -1.47462],
							"rotation": [0, 0, 157.5],
							"uv": {
								"south": {"uv": [7, 10], "uv_size": [1, 0.5]}
							}
						},
						{
							"origin": [-0.76377, 1.49531, -1.36748],
							"size": [1.52755, 0.30385, 0.02573],
							"pivot": [0, 1.64723, -1.47462],
							"rotation": [0, 0, 22.5],
							"uv": {
								"south": {"uv": [10, 7], "uv_size": [1, 0.5]}
							}
						},
						{
							"origin": [-0.76377, 1.49531, -1.36748],
							"size": [1.52755, 0.30385, 0.02573],
							"pivot": [0, 1.64723, -1.47462],
							"rotation": [0, 0, 67.5],
							"uv": {
								"south": {"uv": [8, 10], "uv_size": [1, 0.5]}
							}
						}
					]
				},
				{
					"name": "scope_body",
					"pivot": [0.35675, 0.50063, -0.5756],
					"cubes": [
						{
							"origin": [-0.6875, -0.28372, -1.77872],
							"size": [1.375, 0.3125, 2.40625],
							"uv": {
								"north": {"uv": [0, 9], "uv_size": [1, 0.5]},
								"east": {"uv": [0, 2], "uv_size": [2, 0.5]},
								"south": {"uv": [9, 2], "uv_size": [1, 0.5]},
								"west": {"uv": [2, 0], "uv_size": [2, 0.5]},
								"down": {"uv": [0, 2], "uv_size": [1, -2]}
							}
						},
						{
							"origin": [-0.57987, 0.02878, -1.77872],
							"size": [1.15975, 0.25984, 2.40625],
							"uv": {
								"north": {"uv": [9, 3], "uv_size": [1, 0.5]},
								"south": {"uv": [9, 4], "uv_size": [1, 0.5]},
								"up": {"uv": [1, 0], "uv_size": [1, 2]}
							}
						},
						{
							"origin": [-0.45487, 0.28862, -1.77872],
							"size": [0.90975, 0.07235, 2.40625],
							"uv": {
								"north": {"uv": [11, 4], "uv_size": [0.5, 0.5]},
								"east": {"uv": [2, 1], "uv_size": [2, 0.5]},
								"south": {"uv": [5, 11], "uv_size": [0.5, 0.5]},
								"west": {"uv": [2, 2], "uv_size": [2, 0.5]}
							}
						},
						{
							"origin": [-0.42581, 0.36097, -1.77872],
							"size": [0.85163, 0.02905, 2.40625],
							"uv": {
								"north": {"uv": [11, 5], "uv_size": [0.5, 0.5]},
								"south": {"uv": [6, 11], "uv_size": [0.5, 0.5]},
								"up": {"uv": [0, 3], "uv_size": [0.5, 2]}
							}
						},
						{
							"origin": [-0.5476, -0.01403, -0.65372],
							"size": [1.0952, 0.53366, 1.15625],
							"pivot": [0, 0.50049, -0.0131],
							"rotation": [-7.5, 0, 0],
							"uv": {
								"south": {"uv": [9, 5], "uv_size": [1, 0.5]},
								"up": {"uv": [1, 3], "uv_size": [1, 1]}
							}
						},
						{
							"origin": [0.36584, 0.38064, -0.6599],
							"size": [0.22663, 0.0603, 1.15625],
							"pivot": [0.47915, 0.45767, -0.08177],
							"rotation": [-6.93488, -2.86313, -22.32648],
							"uv": {
								"north": {"uv": [11, 6], "uv_size": [0.5, 0.5]},
								"south": {"uv": [7, 11], "uv_size": [0.5, 0.5]},
								"west": {"uv": [9, 6], "uv_size": [1, 0.5]}
							}
						},
						{
							"origin": [0.37548, 0.39689, -0.66393],
							"size": [0.22662, 0.0603, 1.15625],
							"pivot": [0.48879, 0.42704, -0.08581],
							"rotation": [-5.31847, -5.29571, -44.75386],
							"uv": {
								"north": {"uv": [11, 7], "uv_size": [0.5, 0.5]},
								"south": {"uv": [8, 11], "uv_size": [0.5, 0.5]},
								"west": {"uv": [9, 7], "uv_size": [1, 0.5]}
							}
						},
						{
							"origin": [-0.6021, 0.39689, -0.66393],
							"size": [0.22662, 0.0603, 1.15625],
							"pivot": [-0.48879, 0.42704, -0.08581],
							"rotation": [-5.31847, 5.29571, 44.75386],
							"uv": {
								"east": {"uv": [8, 9], "uv_size": [1, 0.5]},
								"south": {"uv": [11, 8], "uv_size": [0.5, 0.5]}
							}
						},
						{
							"origin": [-0.59246, 0.38064, -0.6599],
							"size": [0.22663, 0.0603, 1.15625],
							"pivot": [-0.47915, 0.45767, -0.08177],
							"rotation": [-6.93488, 2.86313, 22.32648],
							"uv": {
								"east": {"uv": [9, 9], "uv_size": [1, 0.5]},
								"south": {"uv": [9, 11], "uv_size": [0.5, 0.5]}
							}
						},
						{
							"origin": [-0.61331, -0.01403, -0.65372],
							"size": [1.22662, 0.4353, 1.15625],
							"pivot": [0, 0.50049, -0.0131],
							"rotation": [-7.5, 0, 0],
							"uv": {
								"east": {"uv": [0, 10], "uv_size": [1, 0.5]},
								"south": {"uv": [10, 0], "uv_size": [1, 0.5]},
								"west": {"uv": [1, 10], "uv_size": [1, 0.5]}
							}
						},
						{
							"origin": [0.36161, 0.33532, -1.71622],
							"size": [0.28914, 0.3728, 1.1875],
							"pivot": [0.56868, 0.53734, -1.12247],
							"rotation": [0, 0, -45],
							"uv": {
								"north": {"uv": [11, 9], "uv_size": [0.5, 0.5]},
								"south": {"uv": [10, 11], "uv_size": [0.5, 0.5]},
								"west": {"uv": [10, 1], "uv_size": [1, 0.5]}
							}
						},
						{
							"origin": [-0.65075, 0.33532, -1.71622],
							"size": [0.28914, 0.3728, 1.1875],
							"pivot": [-0.56868, 0.53734, -1.12247],
							"rotation": [0, 0, 45],
							"uv": {
								"north": {"uv": [11, 10], "uv_size": [0.5, 0.5]},
								"east": {"uv": [2, 10], "uv_size": [1, 0.5]},
								"south": {"uv": [11, 11], "uv_size": [0.5, 0.5]}
							}
						},
						{
							"origin": [-0.50595, 0.45252, -1.71622],
							"size": [1.0119, 0.26361, 1.1875],
							"uv": {
								"north": {"uv": [10, 2], "uv_size": [1, 0.5]},
								"south": {"uv": [3, 10], "uv_size": [1, 0.5]}
							}
						},
						{
							"origin": [0.3497, 0.45252, -0.52872],
							"size": [0.15625, 0.26361, 0.71875],
							"uv": {
								"east": {"uv": [0, 12], "uv_size": [0.5, 0.5]},
								"west": {"uv": [12, 0], "uv_size": [0.5, 0.5]},
								"up": {"uv": [1, 12], "uv_size": [0.5, 0.5]}
							}
						},
						{
							"origin": [-0.50595, 0.45252, -0.52872],
							"size": [0.15625, 0.26361, 0.71875],
							"uv": {
								"east": {"uv": [12, 1], "uv_size": [0.5, 0.5]},
								"west": {"uv": [2, 12], "uv_size": [0.5, 0.5]},
								"up": {"uv": [12, 2], "uv_size": [0.5, 0.5]}
							}
						},
						{
							"origin": [-0.50595, 0.33399, 0.02189],
							"size": [0.15625, 0.26363, 0.4375],
							"pivot": [0, 0.46581, 0.24064],
							"rotation": [-47.5, 0, 0],
							"uv": {
								"east": {"uv": [3, 12], "uv_size": [0.5, 0.5]},
								"west": {"uv": [12, 3], "uv_size": [0.5, 0.5]},
								"up": {"uv": [4, 12], "uv_size": [0.5, 0.5]}
							}
						},
						{
							"origin": [0.3497, 0.33399, 0.02189],
							"size": [0.15625, 0.26363, 0.4375],
							"pivot": [0, 0.46581, 0.24064],
							"rotation": [-47.5, 0, 0],
							"uv": {
								"east": {"uv": [12, 4], "uv_size": [0.5, 0.5]},
								"west": {"uv": [5, 12], "uv_size": [0.5, 0.5]},
								"up": {"uv": [12, 5], "uv_size": [0.5, 0.5]}
							}
						},
						{
							"origin": [-0.50595, 0.61929, -1.67107],
							"size": [1.0119, 0.26361, 0.25],
							"pivot": [0, 0.75111, -1.51482],
							"rotation": [50, 0, 0],
							"uv": {
								"east": {"uv": [6, 12], "uv_size": [0.5, 0.5]},
								"west": {"uv": [12, 6], "uv_size": [0.5, 0.5]},
								"up": {"uv": [10, 3], "uv_size": [1, 0.5]}
							}
						},
						{
							"origin": [-0.50595, 0.71613, -1.55552],
							"size": [1.0119, 0.19151, 0.5893],
							"uv": {
								"east": {"uv": [7, 12], "uv_size": [0.5, 0.5]},
								"west": {"uv": [12, 7], "uv_size": [0.5, 0.5]},
								"up": {"uv": [4, 10], "uv_size": [1, 0.5]}
							}
						},
						{
							"origin": [-0.81845, 0.60477, -1.47443],
							"size": [1.6369, 0.19151, 0.46235],
							"uv": {
								"north": {"uv": [6, 5], "uv_size": [1.5, 0.5]},
								"east": {"uv": [8, 12], "uv_size": [0.5, 0.5]},
								"south": {"uv": [2, 7], "uv_size": [1.5, 0.5]},
								"west": {"uv": [12, 8], "uv_size": [0.5, 0.5]}
							}
						},
						{
							"origin": [-0.81845, 0.54129, -1.53791],
							"size": [1.6369, 0.19151, 0.46235],
							"pivot": [0, 0.63704, -1.24326],
							"rotation": [-90, 0, 0],
							"uv": {
								"north": {"uv": [7, 2], "uv_size": [1.5, 0.5]},
								"east": {"uv": [9, 12], "uv_size": [0.5, 0.5]},
								"south": {"uv": [7, 3], "uv_size": [1.5, 0.5]},
								"west": {"uv": [12, 9], "uv_size": [0.5, 0.5]}
							}
						},
						{
							"origin": [-0.81845, 0.55988, -1.49302],
							"size": [1.6369, 0.19151, 0.46235],
							"pivot": [0, 0.65564, -1.19837],
							"rotation": [-45, 0, 0],
							"uv": {
								"north": {"uv": [5, 7], "uv_size": [1.5, 0.5]},
								"east": {"uv": [10, 12], "uv_size": [0.5, 0.5]},
								"south": {"uv": [7, 6], "uv_size": [1.5, 0.5]},
								"west": {"uv": [12, 10], "uv_size": [0.5, 0.5]}
							}
						},
						{
							"origin": [-0.81845, 0.55988, -1.5828],
							"size": [1.6369, 0.19151, 0.46235],
							"pivot": [0, 0.65564, -1.28815],
							"rotation": [-135, 0, 0],
							"uv": {
								"north": {"uv": [7, 7], "uv_size": [1.5, 0.5]},
								"east": {"uv": [11, 12], "uv_size": [0.5, 0.5]},
								"south": {"uv": [8, 0], "uv_size": [1.5, 0.5]},
								"west": {"uv": [12, 11], "uv_size": [0.5, 0.5]}
							}
						},
						{
							"origin": [-0.50595, 0.67958, -0.87122],
							"size": [1.0119, 0.06651, 0.3393],
							"pivot": [0, 0.71284, -0.70157],
							"rotation": [-10, 0, 0],
							"uv": {
								"east": {"uv": [15, 15], "uv_size": [0.5, 0.5]},
								"west": {"uv": [0, 16], "uv_size": [0.5, 0.5]},
								"up": {"uv": [10, 8], "uv_size": [1, 0.5]}
							}
						},
						{
							"origin": [-0.50595, 0.58583, -1.02747],
							"size": [1.0119, 0.19151, 0.3393],
							"pivot": [0, 0.74409, -0.85782],
							"rotation": [-25, 0, 0],
							"uv": {
								"east": {"uv": [16, 0], "uv_size": [0.5, 0.5]},
								"west": {"uv": [1, 16], "uv_size": [0.5, 0.5]},
								"up": {"uv": [9, 10], "uv_size": [1, 0.5]}
							}
						},
						{
							"origin": [-0.50595, 0.61851, -1.15942],
							"size": [1.0119, 0.19151, 0.33931],
							"pivot": [0, 0.71426, -0.98977],
							"rotation": [-67.5, 0, 0],
							"uv": {
								"east": {"uv": [16, 1], "uv_size": [0.5, 0.5]},
								"west": {"uv": [2, 16], "uv_size": [0.5, 0.5]},
								"up": {"uv": [10, 9], "uv_size": [1, 0.5]}
							}
						},
						{
							"origin": [-0.76956, 0.04847, -1.71622],
							"size": [1.53913, 0.40405, 1.1875],
							"uv": {
								"north": {"uv": [10, 10], "uv_size": [1, 0.5]},
								"east": {"uv": [0, 11], "uv_size": [1, 0.5]},
								"south": {"uv": [11, 0], "uv_size": [1, 0.5]},
								"west": {"uv": [1, 11], "uv_size": [1, 0.5]}
							}
						},
						{
							"origin": [-0.76956, 0.04847, -0.52872],
							"size": [1.53913, 0.2478, 0.0625],
							"uv": {
								"east": {"uv": [16, 2], "uv_size": [0.5, 0.5]},
								"west": {"uv": [3, 16], "uv_size": [0.5, 0.5]},
								"up": {"uv": [11, 1], "uv_size": [1, 0.5]}
							}
						},
						{
							"origin": [-0.76956, 0.04847, -0.46622],
							"size": [1.53913, 0.27905, 0.625],
							"uv": {
								"north": {"uv": [2, 11], "uv_size": [1, 0.5]},
								"east": {"uv": [16, 3], "uv_size": [0.5, 0.5]},
								"south": {"uv": [11, 2], "uv_size": [1, 0.5]},
								"west": {"uv": [4, 16], "uv_size": [0.5, 0.5]}
							}
						},
						{
							"origin": [-0.7198, 0.32752, -0.46622],
							"size": [1.4396, 0.04976, 0.625],
							"uv": {
								"north": {"uv": [3, 11], "uv_size": [1, 0.5]},
								"south": {"uv": [11, 3], "uv_size": [1, 0.5]},
								"up": {"uv": [4, 11], "uv_size": [1, 0.5]}
							}
						},
						{
							"origin": [-0.77227, 0.33407, -0.46622],
							"size": [0.07038, 0.06031, 0.625],
							"pivot": [-0.69021, 0.36423, -0.15372],
							"rotation": [0, 0, -45],
							"uv": {
								"north": {"uv": [16, 4], "uv_size": [0.5, 0.5]},
								"south": {"uv": [5, 16], "uv_size": [0.5, 0.5]},
								"up": {"uv": [16, 5], "uv_size": [0.5, 0.5]}
							}
						},
						{
							"origin": [0.5769, -0.13248, -1.71622],
							"size": [0.19537, 0.2478, 1.875],
							"pivot": [0.69021, 0.08517, -0.15372],
							"rotation": [0, 0, 45],
							"uv": {
								"north": {"uv": [6, 16], "uv_size": [0.5, 0.5]},
								"south": {"uv": [16, 6], "uv_size": [0.5, 0.5]},
								"west": {"uv": [8, 1], "uv_size": [1.5, 0.5]}
							}
						},
						{
							"origin": [-0.77227, -0.13248, -1.71622],
							"size": [0.19537, 0.2478, 1.875],
							"pivot": [-0.69021, 0.08517, -0.15372],
							"rotation": [0, 0, -45],
							"uv": {
								"north": {"uv": [7, 16], "uv_size": [0.5, 0.5]},
								"east": {"uv": [8, 8], "uv_size": [1.5, 0.5]},
								"south": {"uv": [16, 7], "uv_size": [0.5, 0.5]}
							}
						},
						{
							"origin": [0.7019, 0.33407, -0.46622],
							"size": [0.07038, 0.06031, 0.625],
							"pivot": [0.69021, 0.36423, -0.15372],
							"rotation": [0, 0, 45],
							"uv": {
								"north": {"uv": [8, 16], "uv_size": [0.5, 0.5]},
								"south": {"uv": [16, 8], "uv_size": [0.5, 0.5]},
								"up": {"uv": [9, 16], "uv_size": [0.5, 0.5]}
							}
						},
						{
							"origin": [0.41069, 0.34267, -1.77872],
							"size": [0.03474, 0.04109, 2.40625],
							"pivot": [0.42806, 0.36321, -0.5756],
							"rotation": [0, 0, -45],
							"uv": {
								"north": {"uv": [16, 9], "uv_size": [0.5, 0.5]},
								"south": {"uv": [10, 16], "uv_size": [0.5, 0.5]},
								"west": {"uv": [6, 4], "uv_size": [2, 0.5]}
							}
						},
						{
							"origin": [-0.44542, 0.34267, -1.77872],
							"size": [0.03474, 0.04109, 2.40625],
							"pivot": [-0.42806, 0.36321, -0.5756],
							"rotation": [0, 0, 45],
							"uv": {
								"north": {"uv": [16, 10], "uv_size": [0.5, 0.5]},
								"east": {"uv": [5, 6], "uv_size": [2, 0.5]},
								"south": {"uv": [11, 16], "uv_size": [0.5, 0.5]}
							}
						},
						{
							"origin": [-0.91925, 0.37563, -1.77872],
							"size": [0.28125, 0.25, 2.40625],
							"pivot": [-0.35675, 0.50063, -0.5756],
							"rotation": [0, 0, -67.5],
							"uv": {
								"north": {"uv": [16, 11], "uv_size": [0.5, 0.5]},
								"south": {"uv": [12, 16], "uv_size": [0.5, 0.5]},
								"up": {"uv": [0, 7], "uv_size": [0.5, 2]}
							}
						},
						{
							"origin": [0.638, 0.37563, -1.77872],
							"size": [0.28125, 0.25, 2.40625],
							"pivot": [0.35675, 0.50063, -0.5756],
							"rotation": [0, 0, 67.5],
							"uv": {
								"north": {"uv": [16, 12], "uv_size": [0.5, 0.5]},
								"south": {"uv": [13, 16], "uv_size": [0.5, 0.5]},
								"up": {"uv": [7, 0], "uv_size": [0.5, 2]}
							}
						}
					]
				},
				{
					"name": "bone2",
					"parent": "scope_body",
					"pivot": [0, 1.64723, -1.38587],
					"cubes": [
						{
							"origin": [0.7044, 1.48898, -1.52427],
							"size": [0.2162, 0.31651, 0.5268],
							"pivot": [0, 1.64723, -1.38587],
							"rotation": [0, 0, 67.5],
							"uv": {
								"north": {"uv": [13, 1], "uv_size": [0.5, 0.5]},
								"east": {"uv": [2, 13], "uv_size": [0.5, 0.5]},
								"south": {"uv": [13, 2], "uv_size": [0.5, 0.5]}
							}
						},
						{
							"origin": [0.8294, 1.64523, -1.52427],
							"size": [0.1537, 0.12901, 0.5268],
							"pivot": [0.125, 1.67848, -1.38587],
							"rotation": [0, 0, 67.5],
							"uv": {
								"north": {"uv": [3, 13], "uv_size": [0.5, 0.5]},
								"south": {"uv": [13, 3], "uv_size": [0.5, 0.5]}
							}
						},
						{
							"origin": [-0.9831, 1.64523, -1.52427],
							"size": [0.1537, 0.12901, 0.5268],
							"pivot": [-0.125, 1.67848, -1.38587],
							"rotation": [0, 0, -67.5],
							"uv": {
								"north": {"uv": [4, 13], "uv_size": [0.5, 0.5]},
								"south": {"uv": [13, 4], "uv_size": [0.5, 0.5]}
							}
						},
						{
							"origin": [-0.7956, 1.48898, -1.52427],
							"size": [0.0912, 0.31651, 0.2768],
							"pivot": [0, 1.64723, -1.38587],
							"rotation": [0, 0, 67.5],
							"uv": {
								"north": {"uv": [5, 13], "uv_size": [0.5, 0.5]},
								"east": {"uv": [13, 5], "uv_size": [0.5, 0.5]},
								"south": {"uv": [6, 13], "uv_size": [0.5, 0.5]},
								"west": {"uv": [13, 6], "uv_size": [0.5, 0.5]}
							}
						},
						{
							"origin": [0.7044, 1.48898, -1.52427],
							"size": [0.0912, 0.31651, 0.5268],
							"pivot": [0, 1.64723, -1.38587],
							"rotation": [0, 0, 90],
							"uv": {
								"north": {"uv": [7, 13], "uv_size": [0.5, 0.5]},
								"east": {"uv": [13, 7], "uv_size": [0.5, 0.5]},
								"south": {"uv": [8, 13], "uv_size": [0.5, 0.5]}
							}
						},
						{
							"origin": [-0.0456, 0.92394, -1.30552],
							"size": [0.2162, 0.0665, 0.2768],
							"pivot": [0, 0.95719, -1.16712],
							"rotation": [0, 32.5, 90],
							"uv": {
								"north": {"uv": [13, 8], "uv_size": [0.5, 0.5]},
								"east": {"uv": [9, 13], "uv_size": [0.5, 0.5]},
								"up": {"uv": [13, 9], "uv_size": [0.5, 0.5]},
								"down": {"uv": [10, 13.5], "uv_size": [0.5, -0.5]}
							}
						},
						{
							"origin": [-0.7956, 1.48898, -1.52427],
							"size": [0.0912, 0.31651, 0.2768],
							"pivot": [0, 1.64723, -1.38587],
							"rotation": [0, 0, 90],
							"uv": {
								"north": {"uv": [13, 10], "uv_size": [0.5, 0.5]},
								"east": {"uv": [11, 13], "uv_size": [0.5, 0.5]},
								"south": {"uv": [13, 11], "uv_size": [0.5, 0.5]},
								"west": {"uv": [12, 13], "uv_size": [0.5, 0.5]}
							}
						},
						{
							"origin": [-0.7956, 1.48898, -1.52427],
							"size": [0.0912, 0.31651, 0.2768],
							"pivot": [0, 1.64723, -1.38587],
							"rotation": [0, 0, 112.5],
							"uv": {
								"north": {"uv": [13, 12], "uv_size": [0.5, 0.5]},
								"east": {"uv": [13, 13], "uv_size": [0.5, 0.5]},
								"south": {"uv": [0, 14], "uv_size": [0.5, 0.5]},
								"west": {"uv": [14, 0], "uv_size": [0.5, 0.5]}
							}
						},
						{
							"origin": [0.7044, 1.48898, -1.52427],
							"size": [0.2162, 0.31651, 0.5268],
							"pivot": [0, 1.64723, -1.38587],
							"rotation": [0, 0, 112.5],
							"uv": {
								"north": {"uv": [1, 14], "uv_size": [0.5, 0.5]},
								"east": {"uv": [14, 1], "uv_size": [0.5, 0.5]},
								"south": {"uv": [2, 14], "uv_size": [0.5, 0.5]}
							}
						},
						{
							"origin": [-0.7956, 1.48898, -1.52427],
							"size": [0.0912, 0.31651, 0.2768],
							"pivot": [0, 1.64723, -1.38587],
							"rotation": [0, 0, 135],
							"uv": {
								"north": {"uv": [14, 2], "uv_size": [0.5, 0.5]},
								"east": {"uv": [3, 14], "uv_size": [0.5, 0.5]},
								"south": {"uv": [14, 3], "uv_size": [0.5, 0.5]},
								"west": {"uv": [4, 14], "uv_size": [0.5, 0.5]}
							}
						},
						{
							"origin": [0.7044, 1.48898, -1.52427],
							"size": [0.0912, 0.31651, 0.5268],
							"pivot": [0, 1.64723, -1.38587],
							"rotation": [0, 0, 135],
							"uv": {
								"north": {"uv": [14, 4], "uv_size": [0.5, 0.5]},
								"east": {"uv": [5, 14], "uv_size": [0.5, 0.5]},
								"south": {"uv": [14, 5], "uv_size": [0.5, 0.5]}
							}
						},
						{
							"origin": [-0.7956, 1.48898, -1.52427],
							"size": [0.0912, 0.31651, 0.2768],
							"pivot": [0, 1.64723, -1.38587],
							"rotation": [0, 0, 157.5],
							"uv": {
								"north": {"uv": [6, 14], "uv_size": [0.5, 0.5]},
								"east": {"uv": [14, 6], "uv_size": [0.5, 0.5]},
								"south": {"uv": [7, 14], "uv_size": [0.5, 0.5]},
								"west": {"uv": [14, 7], "uv_size": [0.5, 0.5]}
							}
						},
						{
							"origin": [0.7044, 1.48898, -1.52427],
							"size": [0.0912, 1.56651, 0.5268],
							"pivot": [0, 1.64723, -1.38587],
							"rotation": [0, 0, 157.5],
							"uv": {
								"north": {"uv": [1, 8], "uv_size": [0.5, 1.5]},
								"east": {"uv": [2, 8], "uv_size": [0.5, 1.5]},
								"south": {"uv": [3, 8], "uv_size": [0.5, 1.5]},
								"west": {"uv": [4, 8], "uv_size": [0.5, 1.5]}
							}
						},
						{
							"origin": [0.7044, 1.48898, -1.52427],
							"size": [0.0912, 0.31651, 0.2768],
							"uv": {
								"north": {"uv": [8, 14], "uv_size": [0.5, 0.5]},
								"east": {"uv": [14, 8], "uv_size": [0.5, 0.5]},
								"south": {"uv": [9, 14], "uv_size": [0.5, 0.5]},
								"west": {"uv": [14, 9], "uv_size": [0.5, 0.5]}
							}
						},
						{
							"origin": [-0.7956, 1.48898, -1.52427],
							"size": [0.0912, 0.31651, 0.2768],
							"uv": {
								"north": {"uv": [10, 14], "uv_size": [0.5, 0.5]},
								"east": {"uv": [14, 10], "uv_size": [0.5, 0.5]},
								"south": {"uv": [11, 14], "uv_size": [0.5, 0.5]},
								"west": {"uv": [14, 11], "uv_size": [0.5, 0.5]}
							}
						},
						{
							"origin": [0.7044, 1.48898, -1.24747],
							"size": [0.0912, 0.03526, 0.25],
							"uv": {
								"east": {"uv": [12, 14], "uv_size": [0.5, 0.5]},
								"south": {"uv": [14, 12], "uv_size": [0.5, 0.5]},
								"west": {"uv": [13, 14], "uv_size": [0.5, 0.5]}
							}
						},
						{
							"origin": [-0.7956, 1.48898, -1.24747],
							"size": [0.0912, 0.03526, 0.25],
							"uv": {
								"east": {"uv": [14, 13], "uv_size": [0.5, 0.5]},
								"south": {"uv": [14, 14], "uv_size": [0.5, 0.5]},
								"west": {"uv": [0, 15], "uv_size": [0.5, 0.5]}
							}
						},
						{
							"origin": [-0.7956, 1.55148, -1.27872],
							"size": [0.0912, 0.03526, 0.25],
							"pivot": [0, 1.56911, -1.15372],
							"rotation": [-30, 0, 0],
							"uv": {
								"east": {"uv": [15, 0], "uv_size": [0.5, 0.5]},
								"west": {"uv": [1, 15], "uv_size": [0.5, 0.5]}
							}
						},
						{
							"origin": [0.7044, 1.55148, -1.27872],
							"size": [0.0912, 0.03526, 0.25],
							"pivot": [0, 1.56911, -1.15372],
							"rotation": [-30, 0, 0],
							"uv": {
								"east": {"uv": [15, 1], "uv_size": [0.5, 0.5]},
								"west": {"uv": [2, 15], "uv_size": [0.5, 0.5]}
							}
						},
						{
							"origin": [-0.7956, 1.55148, -1.27872],
							"size": [0.0912, 0.03526, 0.1875],
							"pivot": [0, 1.56911, -1.18497],
							"rotation": [-30, 0, 0],
							"uv": {
								"east": {"uv": [15, 2], "uv_size": [0.5, 0.5]},
								"west": {"uv": [3, 15], "uv_size": [0.5, 0.5]}
							}
						},
						{
							"origin": [0.7044, 1.55148, -1.27872],
							"size": [0.0912, 0.03526, 0.1875],
							"pivot": [0, 1.56911, -1.18497],
							"rotation": [-30, 0, 0],
							"uv": {
								"east": {"uv": [15, 3], "uv_size": [0.5, 0.5]},
								"west": {"uv": [4, 15], "uv_size": [0.5, 0.5]}
							}
						},
						{
							"origin": [-0.7956, 1.52023, -1.27872],
							"size": [0.0912, 0.06651, 0.15625],
							"uv": {
								"east": {"uv": [15, 4], "uv_size": [0.5, 0.5]},
								"west": {"uv": [5, 15], "uv_size": [0.5, 0.5]}
							}
						},
						{
							"origin": [0.7044, 1.52023, -1.27872],
							"size": [0.0912, 0.06651, 0.15625],
							"uv": {
								"east": {"uv": [15, 5], "uv_size": [0.5, 0.5]},
								"west": {"uv": [6, 15], "uv_size": [0.5, 0.5]}
							}
						},
						{
							"origin": [0.7044, 1.59723, -1.34515],
							"size": [0.0912, 0.02495, 0.29464],
							"pivot": [0, 1.47423, -1.20673],
							"rotation": [-30, 0, 0],
							"uv": {
								"east": {"uv": [15, 6], "uv_size": [0.5, 0.5]},
								"west": {"uv": [7, 15], "uv_size": [0.5, 0.5]},
								"up": {"uv": [15, 7], "uv_size": [0.5, 0.5]}
							}
						},
						{
							"origin": [-0.7956, 1.59723, -1.34515],
							"size": [0.0912, 0.02495, 0.29464],
							"pivot": [0, 1.47423, -1.20673],
							"rotation": [-30, 0, 0],
							"uv": {
								"east": {"uv": [8, 15], "uv_size": [0.5, 0.5]},
								"west": {"uv": [15, 8], "uv_size": [0.5, 0.5]},
								"up": {"uv": [9, 15], "uv_size": [0.5, 0.5]}
							}
						},
						{
							"origin": [0.7044, 0.23898, -1.52427],
							"size": [0.0912, 1.56651, 0.5268],
							"pivot": [0, 1.64723, -1.38587],
							"rotation": [0, 0, 22.5],
							"uv": {
								"north": {"uv": [8, 4], "uv_size": [0.5, 1.5]},
								"east": {"uv": [5, 8], "uv_size": [0.5, 1.5]},
								"south": {"uv": [6, 8], "uv_size": [0.5, 1.5]},
								"west": {"uv": [7, 8], "uv_size": [0.5, 1.5]}
							}
						},
						{
							"origin": [-0.7956, 1.48898, -1.52427],
							"size": [0.0912, 0.31651, 0.2768],
							"pivot": [0, 1.64723, -1.38587],
							"rotation": [0, 0, 22.5],
							"uv": {
								"north": {"uv": [15, 9], "uv_size": [0.5, 0.5]},
								"east": {"uv": [10, 15], "uv_size": [0.5, 0.5]},
								"south": {"uv": [15, 10], "uv_size": [0.5, 0.5]},
								"west": {"uv": [11, 15], "uv_size": [0.5, 0.5]}
							}
						},
						{
							"origin": [0.7044, 1.48898, -1.52427],
							"size": [0.0912, 0.31651, 0.5268],
							"pivot": [0, 1.64723, -1.38587],
							"rotation": [0, 0, 45],
							"uv": {
								"north": {"uv": [15, 11], "uv_size": [0.5, 0.5]},
								"east": {"uv": [12, 15], "uv_size": [0.5, 0.5]},
								"south": {"uv": [15, 12], "uv_size": [0.5, 0.5]}
							}
						},
						{
							"origin": [-0.7956, 1.48898, -1.52427],
							"size": [0.0912, 0.31651, 0.2768],
							"pivot": [0, 1.64723, -1.38587],
							"rotation": [0, 0, 45],
							"uv": {
								"north": {"uv": [13, 15], "uv_size": [0.5, 0.5]},
								"east": {"uv": [15, 13], "uv_size": [0.5, 0.5]},
								"south": {"uv": [14, 15], "uv_size": [0.5, 0.5]},
								"west": {"uv": [15, 14], "uv_size": [0.5, 0.5]}
							}
						}
					]
				},
				{
					"name": "bone_illuminated",
					"parent": "scope_body",
					"pivot": [0, 1.64723, -1.32337],
					"cubes": [
						{
							"origin": [0.65748, 1.49531, -1.36748],
							"size": [0.10631, 0.30385, 0.05698],
							"pivot": [0, 1.64723, -1.32337],
							"rotation": [0, 0, 67.5],
							"uv": {
								"north": {"uv": [16, 13], "uv_size": [0.5, 0.5]},
								"south": {"uv": [16, 14], "uv_size": [0.5, 0.5]}
							}
						},
						{
							"origin": [0.65748, 1.49531, -1.36748],
							"size": [0.10631, 0.30385, 0.05698],
							"pivot": [0, 1.64723, -1.32337],
							"rotation": [0, 0, 90],
							"uv": {
								"north": {"uv": [16, 13], "uv_size": [0.5, 0.5]},
								"south": {"uv": [15, 16], "uv_size": [0.5, 0.5]}
							}
						},
						{
							"origin": [0.65748, 1.49531, -1.36748],
							"size": [0.10631, 0.30385, 0.05698],
							"pivot": [0, 1.64723, -1.32337],
							"rotation": [0, 0, 112.5],
							"uv": {
								"north": {"uv": [16, 13], "uv_size": [0.5, 0.5]},
								"south": {"uv": [16, 15], "uv_size": [0.5, 0.5]}
							}
						},
						{
							"origin": [0.65748, 1.49531, -1.36748],
							"size": [0.10631, 0.30385, 0.05698],
							"pivot": [0, 1.64723, -1.32337],
							"rotation": [0, 0, 135],
							"uv": {
								"north": {"uv": [16, 13], "uv_size": [0.5, 0.5]},
								"south": {"uv": [16, 16], "uv_size": [0.5, 0.5]}
							}
						},
						{
							"origin": [0.65748, 1.49531, -1.36748],
							"size": [0.10631, 0.30385, 0.05698],
							"pivot": [0, 1.64723, -1.32337],
							"rotation": [0, 0, 157.5],
							"uv": {
								"north": {"uv": [16, 13], "uv_size": [0.5, 0.5]},
								"south": {"uv": [0, 17], "uv_size": [0.5, 0.5]}
							}
						},
						{
							"origin": [-0.76377, 1.49531, -1.36748],
							"size": [0.10631, 0.30385, 0.05698],
							"uv": {
								"north": {"uv": [16, 13], "uv_size": [0.5, 0.5]},
								"south": {"uv": [17, 0], "uv_size": [0.5, 0.5]}
							}
						},
						{
							"origin": [-0.76377, 1.49531, -1.36748],
							"size": [0.10631, 0.30385, 0.05698],
							"pivot": [0, 1.64723, -1.32337],
							"rotation": [0, 0, 22.5],
							"uv": {
								"north": {"uv": [16, 13], "uv_size": [0.5, 0.5]},
								"south": {"uv": [1, 17], "uv_size": [0.5, 0.5]}
							}
						},
						{
							"origin": [-0.76377, 1.49531, -1.36748],
							"size": [0.10631, 0.30385, 0.05698],
							"pivot": [0, 1.64723, -1.32337],
							"rotation": [0, 0, 45],
							"uv": {
								"north": {"uv": [16, 13], "uv_size": [0.5, 0.5]},
								"south": {"uv": [14, 16], "uv_size": [0.5, 0.5]}
							}
						},
						{
							"origin": [-0.76377, 1.49531, -1.36748],
							"size": [0.10631, 0.30385, 0.05698],
							"pivot": [0, 1.64723, -1.32337],
							"rotation": [0, 0, 67.5],
							"uv": {
								"north": {"uv": [16, 13], "uv_size": [0.5, 0.5]},
								"south": {"uv": [17, 1], "uv_size": [0.5, 0.5]}
							}
						},
						{
							"origin": [-0.76377, 1.49531, -1.36748],
							"size": [0.10631, 0.30385, 0.05698],
							"pivot": [0, 1.64723, -1.32337],
							"rotation": [0, 0, 90],
							"uv": {
								"north": {"uv": [16, 13], "uv_size": [0.5, 0.5]},
								"south": {"uv": [2, 17], "uv_size": [0.5, 0.5]}
							}
						},
						{
							"origin": [-0.76377, 1.49531, -1.36748],
							"size": [0.10631, 0.30385, 0.05698],
							"pivot": [0, 1.64723, -1.32337],
							"rotation": [0, 0, 112.5],
							"uv": {
								"north": {"uv": [16, 13], "uv_size": [0.5, 0.5]},
								"south": {"uv": [17, 2], "uv_size": [0.5, 0.5]}
							}
						},
						{
							"origin": [-0.76377, 1.49531, -1.36748],
							"size": [0.10631, 0.30385, 0.05698],
							"pivot": [0, 1.64723, -1.32337],
							"rotation": [0, 0, 135],
							"uv": {
								"north": {"uv": [16, 13], "uv_size": [0.5, 0.5]},
								"south": {"uv": [3, 17], "uv_size": [0.5, 0.5]}
							}
						},
						{
							"origin": [-0.76377, 1.49531, -1.36748],
							"size": [0.10631, 0.30385, 0.05698],
							"pivot": [0, 1.64723, -1.32337],
							"rotation": [0, 0, 157.5],
							"uv": {
								"north": {"uv": [16, 13], "uv_size": [0.5, 0.5]},
								"south": {"uv": [17, 3], "uv_size": [0.5, 0.5]}
							}
						},
						{
							"origin": [0.65748, 1.49531, -1.36748],
							"size": [0.10631, 0.30385, 0.05698],
							"uv": {
								"north": {"uv": [16, 13], "uv_size": [0.5, 0.5]},
								"south": {"uv": [4, 17], "uv_size": [0.5, 0.5]}
							}
						},
						{
							"origin": [0.65748, 1.49531, -1.36748],
							"size": [0.10631, 0.30385, 0.05698],
							"pivot": [0, 1.64723, -1.32337],
							"rotation": [0, 0, 22.5],
							"uv": {
								"north": {"uv": [16, 13], "uv_size": [0.5, 0.5]},
								"south": {"uv": [17, 4], "uv_size": [0.5, 0.5]}
							}
						},
						{
							"origin": [0.65748, 1.49531, -1.36748],
							"size": [0.10631, 0.30385, 0.05698],
							"pivot": [0, 1.64723, -1.32337],
							"rotation": [0, 0, 45],
							"uv": {
								"north": {"uv": [16, 13], "uv_size": [0.5, 0.5]},
								"south": {"uv": [5, 17], "uv_size": [0.5, 0.5]}
							}
						}
					]
				},
				{
					"name": "scope_view",
					"pivot": [0, 1.64728, 5.59628]
				}
			]
		}
	]
}