{
	"format_version": "1.12.0",
	"minecraft:geometry": [
		{
			"description": {
				"identifier": "geometry.unknown",
				"texture_width": 32,
				"texture_height": 32,
				"visible_bounds_width": 4,
				"visible_bounds_height": 1.5,
				"visible_bounds_offset": [0, 0.25, 0]
			},
			"bones": [
				{
					"name": "scope_view",
					"pivot": [0, 2.15444, 7.75515]
				},
				{
					"name": "ocular",
					"pivot": [0, 2.15441, -0.90574],
					"cubes": [
						{
							"origin": [0.13283, 1.13032, -0.928],
							"size": [0.10865, 0.20383, 0.04453],
							"pivot": [0, 2.12224, -1.00471],
							"rotation": [0, 0, 45],
							"uv": {
								"south": {"uv": [18, 2], "uv_size": [0.5, 0.5]}
							}
						},
						{
							"origin": [0.41335, 1.25666, -0.928],
							"size": [0.08896, 0.20383, 0.04453],
							"pivot": [0, 2.12224, -1.00471],
							"rotation": [0, 0, 67.5],
							"uv": {
								"south": {"uv": [3, 18], "uv_size": [0.5, 0.5]}
							}
						},
						{
							"origin": [-0.1565, 1.11342, -0.928],
							"size": [0.08896, 0.20383, 0.04453],
							"pivot": [0, 2.12224, -1.00471],
							"rotation": [0, 0, 22.5],
							"uv": {
								"south": {"uv": [18, 3], "uv_size": [0.5, 0.5]}
							}
						},
						{
							"origin": [0.06754, 1.11342, -0.928],
							"size": [0.08896, 0.20383, 0.04453],
							"pivot": [0, 2.12224, -1.00471],
							"rotation": [0, 0, -22.5],
							"uv": {
								"south": {"uv": [4, 18], "uv_size": [0.5, 0.5]}
							}
						},
						{
							"origin": [-0.24147, 1.13032, -0.928],
							"size": [0.10865, 0.20383, 0.04453],
							"pivot": [0, 2.12224, -1.00471],
							"rotation": [0, 0, -45],
							"uv": {
								"south": {"uv": [18, 4], "uv_size": [0.5, 0.5]}
							}
						},
						{
							"origin": [-0.50231, 1.25666, -0.928],
							"size": [0.08896, 0.20383, 0.04453],
							"pivot": [0, 2.12224, -1.00471],
							"rotation": [0, 0, -67.5],
							"uv": {
								"south": {"uv": [5, 18], "uv_size": [0.5, 0.5]}
							}
						},
						{
							"origin": [-0.74529, 1.51288, -0.928],
							"size": [1.49056, 1.28304, 0.04453],
							"pivot": [0, 2.15441, -1.00471],
							"rotation": [0, 0, 90],
							"uv": {
								"south": {"uv": [2, 0], "uv_size": [1, 1]}
							}
						},
						{
							"origin": [0.41335, 2.84832, -0.928],
							"size": [0.08896, 0.20383, 0.04453],
							"pivot": [0, 2.18656, -1.00471],
							"rotation": [0, 0, -67.5],
							"uv": {
								"south": {"uv": [18, 5], "uv_size": [0.5, 0.5]}
							}
						},
						{
							"origin": [0.13283, 2.97466, -0.928],
							"size": [0.10865, 0.20383, 0.04453],
							"pivot": [0, 2.18656, -1.00471],
							"rotation": [0, 0, -45],
							"uv": {
								"south": {"uv": [6, 18], "uv_size": [0.5, 0.5]}
							}
						},
						{
							"origin": [-0.1565, 2.99156, -0.928],
							"size": [0.08896, 0.20383, 0.04453],
							"pivot": [0, 2.18656, -1.00471],
							"rotation": [0, 0, -22.5],
							"uv": {
								"south": {"uv": [18, 6], "uv_size": [0.5, 0.5]}
							}
						},
						{
							"origin": [-0.44845, 1.21606, -0.928],
							"size": [0.89691, 1.8767, 0.04453],
							"uv": {
								"south": {"uv": [4, 7], "uv_size": [0.5, 1.5]}
							}
						},
						{
							"origin": [0.06754, 2.99156, -0.928],
							"size": [0.08896, 0.20383, 0.04453],
							"pivot": [0, 2.18656, -1.00471],
							"rotation": [0, 0, 22.5],
							"uv": {
								"south": {"uv": [7, 18], "uv_size": [0.5, 0.5]}
							}
						},
						{
							"origin": [-0.24147, 2.97466, -0.928],
							"size": [0.10865, 0.20383, 0.04453],
							"pivot": [0, 2.18656, -1.00471],
							"rotation": [0, 0, 45],
							"uv": {
								"south": {"uv": [18, 7], "uv_size": [0.5, 0.5]}
							}
						},
						{
							"origin": [-0.50231, 2.84832, -0.928],
							"size": [0.08896, 0.20383, 0.04453],
							"pivot": [0, 2.18656, -1.00471],
							"rotation": [0, 0, 67.5],
							"uv": {
								"south": {"uv": [8, 18], "uv_size": [0.5, 0.5]}
							}
						}
					]
				},
				{
					"name": "division",
					"pivot": [0, 2.15441, -35.87449]
				},
				{
					"name": "bone_illuminated",
					"parent": "division",
					"pivot": [0, 2.15441, -35.87449],
					"cubes": [
						{
							"origin": [-0.1349, 2.39122, -35.89821],
							"size": [0.2698, 0.08886, 0.04745],
							"pivot": [0, 2.15441, -35.87449],
							"rotation": [0, 0, 90],
							"uv": {
								"south": {"uv": [13, 17], "uv_size": [0.5, 0.5]}
							}
						},
						{
							"origin": [-0.1349, 1.82872, -35.89821],
							"size": [0.2698, 0.08886, 0.04745],
							"pivot": [0, 2.15441, -35.87449],
							"rotation": [0, 0, 90],
							"uv": {
								"south": {"uv": [17, 13], "uv_size": [0.5, 0.5]}
							}
						},
						{
							"origin": [-0.1349, 2.39122, -35.89821],
							"size": [0.2698, 0.08886, 0.04745],
							"pivot": [0, 2.15441, -35.87449],
							"rotation": [0, 0, 135],
							"uv": {
								"south": {"uv": [14, 17], "uv_size": [0.5, 0.5]}
							}
						},
						{
							"origin": [-0.0724, 2.20372, -35.89821],
							"size": [0.1448, 0.05761, 0.04745],
							"pivot": [0, 2.15441, -35.87449],
							"rotation": [0, 0, 135],
							"uv": {
								"south": {"uv": [17, 14], "uv_size": [0.5, 0.5]}
							}
						},
						{
							"origin": [-0.1349, 1.82872, -35.89821],
							"size": [0.2698, 0.08886, 0.04745],
							"pivot": [0, 2.15441, -35.87449],
							"rotation": [0, 0, 135],
							"uv": {
								"south": {"uv": [15, 17], "uv_size": [0.5, 0.5]}
							}
						},
						{
							"origin": [-0.1349, 2.39122, -35.89821],
							"size": [0.2698, 0.08886, 0.04745],
							"pivot": [0, 2.15441, -35.87449],
							"rotation": [0, 0, -180],
							"uv": {
								"south": {"uv": [17, 15], "uv_size": [0.5, 0.5]}
							}
						},
						{
							"origin": [-0.1349, 1.82872, -35.89821],
							"size": [0.2698, 0.08886, 0.04745],
							"pivot": [0, 2.15441, -35.87449],
							"rotation": [0, 0, -180],
							"uv": {
								"south": {"uv": [16, 17], "uv_size": [0.5, 0.5]}
							}
						},
						{
							"origin": [-0.04115, 1.70372, -35.89821],
							"size": [0.0823, 0.90136, 0.04745],
							"pivot": [0, 2.15441, -35.87449],
							"rotation": [0, 0, -180],
							"uv": {
								"south": {"uv": [17, 16], "uv_size": [0.5, 0.5]}
							}
						},
						{
							"origin": [-0.04115, 1.70372, -35.89821],
							"size": [0.0823, 0.90136, 0.04745],
							"pivot": [0, 2.15441, -35.87449],
							"rotation": [0, 0, -90],
							"uv": {
								"south": {"uv": [17, 17], "uv_size": [0.5, 0.5]}
							}
						},
						{
							"origin": [0.08608, 2.36219, -35.89821],
							"size": [0.2698, 0.08886, 0.04745],
							"pivot": [0.22097, 2.37537, -35.87449],
							"rotation": [0, 0, -135],
							"uv": {
								"south": {"uv": [0, 18], "uv_size": [0.5, 0.5]}
							}
						},
						{
							"origin": [0.14857, 2.58094, -35.89821],
							"size": [0.1448, 0.05761, 0.04745],
							"pivot": [0.22097, 2.37537, -35.87449],
							"rotation": [0, 0, -135],
							"uv": {
								"south": {"uv": [18, 0], "uv_size": [0.5, 0.5]}
							}
						},
						{
							"origin": [-0.29337, 2.58094, -35.89821],
							"size": [0.1448, 0.05761, 0.04745],
							"pivot": [-0.22097, 2.37537, -35.87449],
							"rotation": [0, 0, 135],
							"uv": {
								"south": {"uv": [1, 18], "uv_size": [0.5, 0.5]}
							}
						},
						{
							"origin": [-0.0724, 2.20372, -35.89821],
							"size": [0.1448, 0.05761, 0.04745],
							"pivot": [0, 2.15441, -35.87449],
							"rotation": [0, 0, -135],
							"uv": {
								"south": {"uv": [18, 1], "uv_size": [0.5, 0.5]}
							}
						},
						{
							"origin": [-0.1349, 2.39122, -35.89821],
							"size": [0.2698, 0.08886, 0.04745],
							"pivot": [0, 2.15441, -35.87449],
							"rotation": [0, 0, -135],
							"uv": {
								"south": {"uv": [2, 18], "uv_size": [0.5, 0.5]}
							}
						}
					]
				},
				{
					"name": "scope_body",
					"pivot": [0, 0.36132, 0.44265],
					"cubes": [
						{
							"origin": [-0.68752, -0.13871, -1.33862],
							"size": [1.37505, 0.75005, 2.0938],
							"inflate": 0.0001,
							"uv": {
								"north": {"uv": [5, 7], "uv_size": [1, 0.5]},
								"east": {"uv": [1, 2], "uv_size": [1.5, 0.5]},
								"south": {"uv": [6, 7], "uv_size": [1, 0.5]},
								"west": {"uv": [2, 1], "uv_size": [1.5, 0.5]},
								"up": {"uv": [0, 0], "uv_size": [1, 1.5]},
								"down": {"uv": [1, 1.5], "uv_size": [1, -1.5]}
							}
						},
						{
							"origin": [-0.6875, -0.13868, 0.9114],
							"size": [1.375, 0.3125, 0.84375],
							"uv": {
								"north": {"uv": [7, 7], "uv_size": [1, 0.5]},
								"east": {"uv": [6, 11], "uv_size": [0.5, 0.5]},
								"south": {"uv": [0, 8], "uv_size": [1, 0.5]},
								"west": {"uv": [11, 6], "uv_size": [0.5, 0.5]},
								"down": {"uv": [1, 8.5], "uv_size": [1, -0.5]}
							}
						},
						{
							"origin": [-0.52665, 0.17382, 0.9114],
							"size": [1.0533, 0.2786, 0.84375],
							"uv": {
								"south": {"uv": [8, 1], "uv_size": [1, 0.5]},
								"up": {"uv": [2, 8], "uv_size": [1, 0.5]}
							}
						},
						{
							"origin": [-0.4329, 0.45242, 0.9114],
							"size": [0.8658, 0.0911, 0.84375],
							"uv": {
								"south": {"uv": [7, 11], "uv_size": [0.5, 0.5]},
								"up": {"uv": [11, 7], "uv_size": [0.5, 0.5]}
							}
						},
						{
							"origin": [-0.6204, 0.26492, 0.9114],
							"size": [1.2408, 0.2786, 0.0625],
							"uv": {
								"east": {"uv": [8, 11], "uv_size": [0.5, 0.5]},
								"south": {"uv": [3, 8], "uv_size": [1, 0.5]},
								"west": {"uv": [11, 8], "uv_size": [0.5, 0.5]}
							}
						},
						{
							"origin": [-0.51642, 0.54351, 0.9114],
							"size": [1.03284, 0.10399, 0.0625],
							"uv": {
								"south": {"uv": [8, 3], "uv_size": [1, 0.5]},
								"up": {"uv": [8, 4], "uv_size": [1, 0.5]}
							}
						},
						{
							"origin": [0.66046, 0.08633, 0.9114],
							"size": [0.14705, 0.0911, 0.0625],
							"pivot": [1.15586, 0.58633, 0.31765],
							"rotation": [0, 0, 45],
							"uv": {
								"south": {"uv": [9, 11], "uv_size": [0.5, 0.5]},
								"up": {"uv": [11, 9], "uv_size": [0.5, 0.5]}
							}
						},
						{
							"origin": [-0.80751, 0.08633, 0.9114],
							"size": [0.14705, 0.0911, 0.0625],
							"pivot": [-1.15586, 0.58633, 0.31765],
							"rotation": [0, 0, -45],
							"uv": {
								"south": {"uv": [10, 11], "uv_size": [0.5, 0.5]},
								"up": {"uv": [11, 10], "uv_size": [0.5, 0.5]}
							}
						},
						{
							"origin": [0.37679, 0.37488, 0.9114],
							"size": [0.08455, 0.1536, 0.84375],
							"pivot": [0.41906, 0.48293, 1.33328],
							"rotation": [0, 0, -30],
							"uv": {
								"south": {"uv": [11, 11], "uv_size": [0.5, 0.5]},
								"west": {"uv": [0, 12], "uv_size": [0.5, 0.5]}
							}
						},
						{
							"origin": [-0.46134, 0.37488, 0.9114],
							"size": [0.08455, 0.1536, 0.84375],
							"pivot": [-0.41906, 0.48293, 1.33328],
							"rotation": [0, 0, 30],
							"uv": {
								"east": {"uv": [12, 0], "uv_size": [0.5, 0.5]},
								"south": {"uv": [1, 12], "uv_size": [0.5, 0.5]}
							}
						},
						{
							"origin": [0.41309, 0.10029, 0.9114],
							"size": [0.21875, 0.3217, 0.84375],
							"pivot": [0.52246, 0.24092, 1.33328],
							"rotation": [0, 0, -30],
							"uv": {
								"north": {"uv": [12, 1], "uv_size": [0.5, 0.5]},
								"south": {"uv": [2, 12], "uv_size": [0.5, 0.5]},
								"west": {"uv": [12, 2], "uv_size": [0.5, 0.5]}
							}
						},
						{
							"origin": [-0.63184, 0.10029, 0.9114],
							"size": [0.21875, 0.3217, 0.84375],
							"pivot": [-0.52246, 0.24092, 1.33328],
							"rotation": [0, 0, 30],
							"uv": {
								"north": {"uv": [3, 12], "uv_size": [0.5, 0.5]},
								"east": {"uv": [12, 3], "uv_size": [0.5, 0.5]},
								"south": {"uv": [4, 12], "uv_size": [0.5, 0.5]}
							}
						},
						{
							"origin": [-0.6875, -0.13868, 0.75515],
							"size": [1.375, 0.21875, 0.15625],
							"uv": {
								"east": {"uv": [12, 4], "uv_size": [0.5, 0.5]},
								"west": {"uv": [5, 12], "uv_size": [0.5, 0.5]},
								"up": {"uv": [5, 8], "uv_size": [1, 0.5]},
								"down": {"uv": [8, 5.5], "uv_size": [1, -0.5]}
							}
						},
						{
							"origin": [-0.75, 0.20507, -1.3386],
							"size": [1.5, 0.25, 2.09375],
							"uv": {
								"north": {"uv": [11, 18], "uv_size": [1, 0.5]},
								"east": {"uv": [9, 18], "uv_size": [1.5, 0.5]},
								"south": {"uv": [18, 11], "uv_size": [1, 0.5]},
								"west": {"uv": [18, 10], "uv_size": [1.5, 0.5]},
								"up": {"uv": [18, 8], "uv_size": [1, 1.5]}
							}
						},
						{
							"origin": [-0.78125, -0.04493, -1.2761],
							"size": [1.5625, 0.5, 0.5625],
							"uv": {
								"north": {"uv": [2, 3], "uv_size": [1.5, 0.5]},
								"east": {"uv": [12, 5], "uv_size": [0.5, 0.5]},
								"south": {"uv": [3, 2], "uv_size": [1.5, 0.5]},
								"west": {"uv": [6, 12], "uv_size": [0.5, 0.5]}
							}
						},
						{
							"origin": [-0.78125, -0.04493, -1.2761],
							"size": [1.5625, 0.5, 0.5625],
							"pivot": [0, 0.20507, -0.99485],
							"rotation": [-90, 0, 0],
							"uv": {
								"north": {"uv": [0, 4], "uv_size": [1.5, 0.5]},
								"east": {"uv": [12, 6], "uv_size": [0.5, 0.5]},
								"south": {"uv": [4, 1], "uv_size": [1.5, 0.5]},
								"west": {"uv": [7, 12], "uv_size": [0.5, 0.5]}
							}
						},
						{
							"origin": [-0.78125, -0.26956, -1.2742],
							"size": [1.5625, 0.7513, 0.0442],
							"pivot": [0, 0.46612, -1.24295],
							"rotation": [45, 0, 0],
							"uv": {
								"east": {"uv": [12, 7], "uv_size": [0.5, 0.5]},
								"west": {"uv": [8, 12], "uv_size": [0.5, 0.5]},
								"up": {"uv": [2, 4], "uv_size": [1.5, 0.5]},
								"down": {"uv": [4, 3.5], "uv_size": [1.5, -0.5]}
							}
						},
						{
							"origin": [-0.78125, -0.07161, -1.2742],
							"size": [1.5625, 0.7513, 0.0442],
							"pivot": [0, -0.05598, -1.24295],
							"rotation": [-45, 0, 0],
							"uv": {
								"east": {"uv": [12, 8], "uv_size": [0.5, 0.5]},
								"west": {"uv": [9, 12], "uv_size": [0.5, 0.5]},
								"up": {"uv": [4, 4], "uv_size": [1.5, 0.5]},
								"down": {"uv": [0, 5.5], "uv_size": [1.5, -0.5]}
							}
						},
						{
							"origin": [-0.78125, -0.04493, 0.06765],
							"size": [1.5625, 0.5, 0.5625],
							"uv": {
								"north": {"uv": [5, 0], "uv_size": [1.5, 0.5]},
								"east": {"uv": [12, 9], "uv_size": [0.5, 0.5]},
								"south": {"uv": [2, 5], "uv_size": [1.5, 0.5]},
								"west": {"uv": [10, 12], "uv_size": [0.5, 0.5]}
							}
						},
						{
							"origin": [-0.78125, -0.26956, 0.06955],
							"size": [1.5625, 0.7513, 0.0442],
							"pivot": [0, 0.46612, 0.1008],
							"rotation": [45, 0, 0],
							"uv": {
								"east": {"uv": [12, 10], "uv_size": [0.5, 0.5]},
								"west": {"uv": [11, 12], "uv_size": [0.5, 0.5]},
								"up": {"uv": [5, 2], "uv_size": [1.5, 0.5]},
								"down": {"uv": [4, 5.5], "uv_size": [1.5, -0.5]}
							}
						},
						{
							"origin": [-0.78125, -0.04493, 0.06765],
							"size": [1.5625, 0.5, 0.5625],
							"pivot": [0, 0.20507, 0.3489],
							"rotation": [-90, 0, 0],
							"uv": {
								"north": {"uv": [0, 6], "uv_size": [1.5, 0.5]},
								"east": {"uv": [12, 11], "uv_size": [0.5, 0.5]},
								"south": {"uv": [6, 1], "uv_size": [1.5, 0.5]},
								"west": {"uv": [12, 12], "uv_size": [0.5, 0.5]}
							}
						},
						{
							"origin": [-0.78125, -0.07161, 0.06955],
							"size": [1.5625, 0.7513, 0.0442],
							"pivot": [0, -0.05598, 0.1008],
							"rotation": [-45, 0, 0],
							"uv": {
								"east": {"uv": [0, 13], "uv_size": [0.5, 0.5]},
								"west": {"uv": [13, 0], "uv_size": [0.5, 0.5]},
								"up": {"uv": [2, 6], "uv_size": [1.5, 0.5]},
								"down": {"uv": [6, 3.5], "uv_size": [1.5, -0.5]}
							}
						},
						{
							"origin": [0.6349, 0.09415, -1.3386],
							"size": [0.09375, 0.125, 2.09375],
							"pivot": [0.71303, 0.17228, -0.29172],
							"rotation": [0, 0, 30],
							"uv": {
								"north": {"uv": [1, 13], "uv_size": [0.5, 0.5]},
								"south": {"uv": [13, 1], "uv_size": [0.5, 0.5]},
								"west": {"uv": [4, 6], "uv_size": [1.5, 0.5]}
							}
						},
						{
							"origin": [0.64305, 0.4362, -0.2136],
							"size": [0.09375, 0.09375, 0.96875],
							"pivot": [0.68993, 0.48308, 0.27078],
							"rotation": [0, 0, -20],
							"uv": {
								"north": {"uv": [2, 13], "uv_size": [0.5, 0.5]},
								"south": {"uv": [13, 2], "uv_size": [0.5, 0.5]},
								"west": {"uv": [7, 8], "uv_size": [1, 0.5]}
							}
						},
						{
							"origin": [0.49368, 0.47474, -0.2136],
							"size": [0.15625, 0.28125, 1.125],
							"pivot": [0.5718, 0.59974, 0.42703],
							"rotation": [0, 0, -62.5],
							"uv": {
								"north": {"uv": [3, 13], "uv_size": [0.5, 0.5]},
								"south": {"uv": [13, 3], "uv_size": [0.5, 0.5]},
								"west": {"uv": [8, 7], "uv_size": [1, 0.5]}
							}
						},
						{
							"origin": [-0.46927, 0.61132, -0.2136],
							"size": [0.93856, 0.12986, 1.125],
							"uv": {
								"north": {"uv": [8, 8], "uv_size": [1, 0.5]},
								"south": {"uv": [0, 9], "uv_size": [1, 0.5]},
								"up": {"uv": [0, 2], "uv_size": [1, 1]}
							}
						},
						{
							"origin": [-0.14911, 0.50709, -0.01295],
							"size": [0.29821, 0.43206, 0.71996],
							"uv": {
								"north": {"uv": [4, 13], "uv_size": [0.5, 0.5]},
								"south": {"uv": [13, 4], "uv_size": [0.5, 0.5]},
								"up": {"uv": [5, 13], "uv_size": [0.5, 0.5]}
							}
						},
						{
							"origin": [-0.14911, 0.50709, -0.01295],
							"size": [0.29821, 0.43206, 0.71996],
							"pivot": [0, 0.92625, 0.34704],
							"rotation": [0, -45, 0],
							"uv": {
								"north": {"uv": [13, 5], "uv_size": [0.5, 0.5]},
								"south": {"uv": [6, 13], "uv_size": [0.5, 0.5]},
								"up": {"uv": [13, 6], "uv_size": [0.5, 0.5]}
							}
						},
						{
							"origin": [-0.14911, 0.50709, -0.01295],
							"size": [0.29821, 0.43206, 0.71996],
							"pivot": [0, 0.92625, 0.34704],
							"rotation": [0, -90, 0],
							"uv": {
								"north": {"uv": [7, 13], "uv_size": [0.5, 0.5]},
								"south": {"uv": [13, 7], "uv_size": [0.5, 0.5]},
								"up": {"uv": [8, 13], "uv_size": [0.5, 0.5]}
							}
						},
						{
							"origin": [-0.14911, 0.50709, -0.01295],
							"size": [0.29821, 0.43206, 0.71996],
							"pivot": [0, 0.92625, 0.34704],
							"rotation": [0, -135, 0],
							"uv": {
								"north": {"uv": [13, 8], "uv_size": [0.5, 0.5]},
								"south": {"uv": [9, 13], "uv_size": [0.5, 0.5]},
								"up": {"uv": [13, 9], "uv_size": [0.5, 0.5]}
							}
						},
						{
							"origin": [-0.08201, 0.1668, -1.1947],
							"size": [0.16403, 1.48764, 0.39598],
							"pivot": [0, 0.91063, -0.99671],
							"rotation": [0, -22.5, 90],
							"uv": {
								"north": {"uv": [9, 0], "uv_size": [0.5, 1]},
								"south": {"uv": [1, 9], "uv_size": [0.5, 1]},
								"up": {"uv": [10, 13], "uv_size": [0.5, 0.5]},
								"down": {"uv": [13, 10.5], "uv_size": [0.5, -0.5]}
							}
						},
						{
							"origin": [-0.08201, 0.1668, -1.1947],
							"size": [0.16403, 1.48764, 0.39598],
							"pivot": [0, 0.91063, -0.99671],
							"rotation": [0, 22.5, 90],
							"uv": {
								"north": {"uv": [9, 1], "uv_size": [0.5, 1]},
								"south": {"uv": [2, 9], "uv_size": [0.5, 1]},
								"up": {"uv": [11, 13], "uv_size": [0.5, 0.5]},
								"down": {"uv": [13, 11.5], "uv_size": [0.5, -0.5]}
							}
						},
						{
							"origin": [-0.08201, 0.1668, -1.1947],
							"size": [0.16403, 1.48764, 0.39598],
							"pivot": [0, 0.91063, -0.99671],
							"rotation": [-180, -67.5, -90],
							"uv": {
								"north": {"uv": [9, 2], "uv_size": [0.5, 1]},
								"south": {"uv": [3, 9], "uv_size": [0.5, 1]},
								"up": {"uv": [12, 13], "uv_size": [0.5, 0.5]},
								"down": {"uv": [13, 12.5], "uv_size": [0.5, -0.5]}
							}
						},
						{
							"origin": [-0.08201, 0.1668, -1.1947],
							"size": [0.16403, 1.48764, 0.39598],
							"pivot": [0, 0.91063, -0.99671],
							"rotation": [0, -67.5, 90],
							"uv": {
								"north": {"uv": [9, 3], "uv_size": [0.5, 1]},
								"south": {"uv": [4, 9], "uv_size": [0.5, 1]},
								"up": {"uv": [13, 13], "uv_size": [0.5, 0.5]},
								"down": {"uv": [0, 14.5], "uv_size": [0.5, -0.5]}
							}
						},
						{
							"origin": [-0.37552, 0.74118, 0.81765],
							"size": [0.75106, 0.09861, 0.09375],
							"uv": {
								"north": {"uv": [14, 0], "uv_size": [0.5, 0.5]},
								"south": {"uv": [1, 14], "uv_size": [0.5, 0.5]},
								"up": {"uv": [14, 1], "uv_size": [0.5, 0.5]}
							}
						},
						{
							"origin": [-0.37552, 0.74118, -0.2136],
							"size": [0.75106, 0.09861, 0.09375],
							"uv": {
								"north": {"uv": [2, 14], "uv_size": [0.5, 0.5]},
								"south": {"uv": [14, 2], "uv_size": [0.5, 0.5]},
								"up": {"uv": [3, 14], "uv_size": [0.5, 0.5]}
							}
						},
						{
							"origin": [0.3222, 0.71105, -0.2136],
							"size": [0.25106, 0.09861, 0.09375],
							"pivot": [0.38523, 0.76037, -0.16672],
							"rotation": [0, 0, 45],
							"uv": {
								"north": {"uv": [14, 3], "uv_size": [0.5, 0.5]},
								"south": {"uv": [4, 14], "uv_size": [0.5, 0.5]},
								"up": {"uv": [14, 4], "uv_size": [0.5, 0.5]}
							}
						},
						{
							"origin": [-0.57326, 0.71105, -0.2136],
							"size": [0.25106, 0.09861, 0.09375],
							"pivot": [-0.38523, 0.76037, -0.16672],
							"rotation": [0, 0, -45],
							"uv": {
								"north": {"uv": [5, 14], "uv_size": [0.5, 0.5]},
								"south": {"uv": [14, 5], "uv_size": [0.5, 0.5]},
								"up": {"uv": [6, 14], "uv_size": [0.5, 0.5]}
							}
						},
						{
							"origin": [-0.57326, 0.71105, 0.81765],
							"size": [0.25106, 0.09861, 0.09375],
							"pivot": [-0.38523, 0.76037, 0.86453],
							"rotation": [0, 0, -45],
							"uv": {
								"north": {"uv": [14, 6], "uv_size": [0.5, 0.5]},
								"south": {"uv": [7, 14], "uv_size": [0.5, 0.5]},
								"up": {"uv": [14, 7], "uv_size": [0.5, 0.5]}
							}
						},
						{
							"origin": [0.3222, 0.71105, 0.81765],
							"size": [0.25106, 0.09861, 0.09375],
							"pivot": [0.38523, 0.76037, 0.86453],
							"rotation": [0, 0, 45],
							"uv": {
								"north": {"uv": [8, 14], "uv_size": [0.5, 0.5]},
								"south": {"uv": [14, 8], "uv_size": [0.5, 0.5]},
								"up": {"uv": [9, 14], "uv_size": [0.5, 0.5]}
							}
						},
						{
							"origin": [-0.64992, 0.47474, -0.2136],
							"size": [0.15625, 0.28125, 1.125],
							"pivot": [-0.5718, 0.59974, 0.42703],
							"rotation": [0, 0, 62.5],
							"uv": {
								"north": {"uv": [14, 9], "uv_size": [0.5, 0.5]},
								"east": {"uv": [9, 4], "uv_size": [1, 0.5]},
								"south": {"uv": [10, 14], "uv_size": [0.5, 0.5]}
							}
						},
						{
							"origin": [0.52694, 0.51317, -1.3386],
							"size": [0.15625, 0.28125, 1.03125],
							"pivot": [0.60506, 0.63817, -0.69797],
							"rotation": [0, 0, -47.5],
							"uv": {
								"north": {"uv": [14, 10], "uv_size": [0.5, 0.5]},
								"south": {"uv": [11, 14], "uv_size": [0.5, 0.5]},
								"west": {"uv": [5, 9], "uv_size": [1, 0.5]}
							}
						},
						{
							"origin": [0.34089, 0.75659, -1.3386],
							"size": [0.15625, 0.09375, 1.03125],
							"pivot": [0.41901, 0.88159, -0.69797],
							"rotation": [0, 0, -25],
							"uv": {
								"north": {"uv": [14, 11], "uv_size": [0.5, 0.5]},
								"south": {"uv": [12, 14], "uv_size": [0.5, 0.5]},
								"west": {"uv": [9, 5], "uv_size": [1, 0.5]}
							}
						},
						{
							"origin": [-0.49714, 0.75659, -1.3386],
							"size": [0.15625, 0.09375, 1.03125],
							"pivot": [-0.41901, 0.88159, -0.69797],
							"rotation": [0, 0, 25],
							"uv": {
								"north": {"uv": [14, 12], "uv_size": [0.5, 0.5]},
								"east": {"uv": [6, 9], "uv_size": [1, 0.5]},
								"south": {"uv": [13, 14], "uv_size": [0.5, 0.5]}
							}
						},
						{
							"origin": [-0.50303, 0.80133, -1.3386],
							"size": [1.00604, 0.08496, 1.03125],
							"uv": {
								"north": {"uv": [9, 6], "uv_size": [1, 0.5]},
								"south": {"uv": [7, 9], "uv_size": [1, 0.5]}
							}
						},
						{
							"origin": [-0.50303, 0.82004, -0.62419],
							"size": [1.00604, 0.08496, 0.3125],
							"pivot": [0, 0.86253, -0.45231],
							"rotation": [-7.5, 0, 0],
							"uv": {
								"east": {"uv": [14, 13], "uv_size": [0.5, 0.5]},
								"west": {"uv": [14, 14], "uv_size": [0.5, 0.5]},
								"up": {"uv": [9, 7], "uv_size": [1, 0.5]}
							}
						},
						{
							"origin": [-0.50303, 0.89917, -0.74772],
							"size": [1.00604, 0.08496, 0.375],
							"pivot": [0, 0.94164, -0.76335],
							"rotation": [-22.5, 0, 0],
							"uv": {
								"east": {"uv": [0, 15], "uv_size": [0.5, 0.5]},
								"west": {"uv": [15, 0], "uv_size": [0.5, 0.5]},
								"up": {"uv": [8, 9], "uv_size": [1, 0.5]}
							}
						},
						{
							"origin": [-0.50303, 0.75186, -0.96789],
							"size": [1.00604, 0.33496, 0.5],
							"pivot": [0, 1.04434, -0.82726],
							"rotation": [-57.5, 0, 0],
							"uv": {
								"east": {"uv": [1, 15], "uv_size": [0.5, 0.5]},
								"west": {"uv": [15, 1], "uv_size": [0.5, 0.5]},
								"up": {"uv": [9, 8], "uv_size": [1, 0.5]}
							}
						},
						{
							"origin": [-0.68319, 0.51317, -1.3386],
							"size": [0.15625, 0.28125, 1.03125],
							"pivot": [-0.60506, 0.63817, -0.69797],
							"rotation": [0, 0, 47.5],
							"uv": {
								"north": {"uv": [8, 17], "uv_size": [0.5, 0.5]},
								"east": {"uv": [0, 11], "uv_size": [1, 0.5]},
								"south": {"uv": [17, 8], "uv_size": [0.5, 0.5]}
							}
						},
						{
							"origin": [-0.54264, 0.61132, -1.3386],
							"size": [1.08529, 0.19001, 1.03125],
							"uv": {
								"north": {"uv": [11, 0], "uv_size": [1, 0.5]},
								"south": {"uv": [1, 11], "uv_size": [1, 0.5]}
							}
						},
						{
							"origin": [-0.7368, 0.4362, -0.2136],
							"size": [0.09375, 0.09375, 0.96875],
							"pivot": [-0.68992, 0.48308, 0.27078],
							"rotation": [0, 0, 20],
							"uv": {
								"north": {"uv": [9, 17], "uv_size": [0.5, 0.5]},
								"east": {"uv": [11, 1], "uv_size": [1, 0.5]},
								"south": {"uv": [17, 9], "uv_size": [0.5, 0.5]}
							}
						},
						{
							"origin": [0.60094, -0.0275, 0.56765],
							"size": [0.09375, 0.25, 0.34375],
							"pivot": [0.67906, 0.17563, -0.13547],
							"rotation": [0, 0, 35],
							"uv": {
								"south": {"uv": [10, 17], "uv_size": [0.5, 0.5]},
								"west": {"uv": [17, 10], "uv_size": [0.5, 0.5]}
							}
						},
						{
							"origin": [-0.69469, -0.0275, 0.56765],
							"size": [0.09375, 0.25, 0.34375],
							"pivot": [-0.67906, 0.17563, -0.13547],
							"rotation": [0, 0, -35],
							"uv": {
								"east": {"uv": [11, 17], "uv_size": [0.5, 0.5]},
								"south": {"uv": [17, 11], "uv_size": [0.5, 0.5]}
							}
						},
						{
							"origin": [-0.72865, 0.09415, -1.3386],
							"size": [0.09375, 0.125, 2.09375],
							"pivot": [-0.71302, 0.17228, -0.29172],
							"rotation": [0, 0, -30],
							"uv": {
								"north": {"uv": [12, 17], "uv_size": [0.5, 0.5]},
								"east": {"uv": [7, 2], "uv_size": [1.5, 0.5]},
								"south": {"uv": [17, 12], "uv_size": [0.5, 0.5]}
							}
						},
						{
							"origin": [-0.75, 0.45507, -1.3386],
							"size": [1.5, 0.15625, 1.03125],
							"uv": {
								"north": {"uv": [2, 11], "uv_size": [1, 0.5]},
								"east": {"uv": [11, 2], "uv_size": [1, 0.5]},
								"south": {"uv": [3, 11], "uv_size": [1, 0.5]},
								"west": {"uv": [11, 3], "uv_size": [1, 0.5]}
							}
						},
						{
							"origin": [-0.71875, 0.20507, -0.2136],
							"size": [1.4375, 0.40625, 1.125],
							"uv": {
								"north": {"uv": [4, 11], "uv_size": [1, 0.5]},
								"east": {"uv": [11, 4], "uv_size": [1, 0.5]},
								"south": {"uv": [5, 11], "uv_size": [1, 0.5]},
								"west": {"uv": [11, 5], "uv_size": [1, 0.5]}
							}
						}
					]
				},
				{
					"name": "bone2",
					"parent": "scope_body",
					"pivot": [0, 2.15441, -0.95261],
					"cubes": [
						{
							"origin": [-0.50303, 0.76294, -1.20364],
							"size": [1.00604, 0.43915, 0.38701],
							"uv": {
								"east": {"uv": [2, 15], "uv_size": [0.5, 0.5]},
								"south": {"uv": [9, 9], "uv_size": [1, 0.5]},
								"west": {"uv": [15, 2], "uv_size": [0.5, 0.5]},
								"up": {"uv": [0, 10], "uv_size": [1, 0.5]}
							}
						},
						{
							"origin": [-0.50303, 0.77789, -1.30151],
							"size": [1.00604, 0.18714, 0.33708],
							"pivot": [0, 0.9034, -1.11162],
							"rotation": [-29.15035, 0, 0],
							"uv": {
								"north": {"uv": [10, 0], "uv_size": [1, 0.5]},
								"east": {"uv": [3, 15], "uv_size": [0.5, 0.5]},
								"west": {"uv": [15, 3], "uv_size": [0.5, 0.5]}
							}
						},
						{
							"origin": [-0.50303, 0.9231, -1.22411],
							"size": [1.00604, 0.21839, 0.30582],
							"pivot": [0, 1.11111, -1.03421],
							"rotation": [-19.15035, 0, 0],
							"uv": {
								"north": {"uv": [1, 10], "uv_size": [1, 0.5]},
								"east": {"uv": [4, 15], "uv_size": [0.5, 0.5]},
								"west": {"uv": [15, 4], "uv_size": [0.5, 0.5]}
							}
						},
						{
							"origin": [0.14899, 1.04178, -1.20364],
							"size": [0.12188, 0.06415, 0.38701],
							"pivot": [0, 2.15441, -0.95261],
							"rotation": [0, 0, 45],
							"uv": {
								"north": {"uv": [5, 15], "uv_size": [0.5, 0.5]},
								"south": {"uv": [15, 5], "uv_size": [0.5, 0.5]},
								"up": {"uv": [6, 15], "uv_size": [0.5, 0.5]},
								"down": {"uv": [15, 6.5], "uv_size": [0.5, -0.5]}
							}
						},
						{
							"origin": [0.46364, 1.18349, -1.20364],
							"size": [0.09979, 0.06415, 0.38701],
							"pivot": [0, 2.15441, -0.95261],
							"rotation": [0, 0, 67.5],
							"uv": {
								"north": {"uv": [7, 15], "uv_size": [0.5, 0.5]},
								"south": {"uv": [15, 7], "uv_size": [0.5, 0.5]},
								"up": {"uv": [8, 15], "uv_size": [0.5, 0.5]},
								"down": {"uv": [15, 8.5], "uv_size": [0.5, -0.5]}
							}
						},
						{
							"origin": [-0.17554, 1.02283, -1.20364],
							"size": [0.09979, 0.06415, 0.38701],
							"pivot": [0, 2.15441, -0.95261],
							"rotation": [0, 0, 22.5],
							"uv": {
								"north": {"uv": [9, 15], "uv_size": [0.5, 0.5]},
								"south": {"uv": [15, 9], "uv_size": [0.5, 0.5]},
								"up": {"uv": [10, 15], "uv_size": [0.5, 0.5]},
								"down": {"uv": [15, 10.5], "uv_size": [0.5, -0.5]}
							}
						},
						{
							"origin": [0.07575, 1.02283, -1.20364],
							"size": [0.09979, 0.06415, 0.38701],
							"pivot": [0, 2.15441, -0.95261],
							"rotation": [0, 0, -22.5],
							"uv": {
								"north": {"uv": [11, 15], "uv_size": [0.5, 0.5]},
								"south": {"uv": [15, 11], "uv_size": [0.5, 0.5]},
								"up": {"uv": [12, 15], "uv_size": [0.5, 0.5]},
								"down": {"uv": [15, 12.5], "uv_size": [0.5, -0.5]}
							}
						},
						{
							"origin": [-0.27086, 1.04178, -1.20364],
							"size": [0.12188, 0.06415, 0.38701],
							"pivot": [0, 2.15441, -0.95261],
							"rotation": [0, 0, -45],
							"uv": {
								"north": {"uv": [13, 15], "uv_size": [0.5, 0.5]},
								"south": {"uv": [15, 13], "uv_size": [0.5, 0.5]},
								"up": {"uv": [14, 15], "uv_size": [0.5, 0.5]},
								"down": {"uv": [15, 14.5], "uv_size": [0.5, -0.5]}
							}
						},
						{
							"origin": [-0.56342, 1.18349, -1.20364],
							"size": [0.09979, 0.06415, 0.38701],
							"pivot": [0, 2.15441, -0.95261],
							"rotation": [0, 0, -67.5],
							"uv": {
								"north": {"uv": [15, 15], "uv_size": [0.5, 0.5]},
								"south": {"uv": [0, 16], "uv_size": [0.5, 0.5]},
								"up": {"uv": [16, 0], "uv_size": [0.5, 0.5]},
								"down": {"uv": [1, 16.5], "uv_size": [0.5, -0.5]}
							}
						},
						{
							"origin": [-0.79992, 1.43479, -0.93237],
							"size": [1.59984, 0.0642, 0.11579],
							"inflate": 0.0001,
							"pivot": [0, 2.15441, -0.95261],
							"rotation": [0, 0, -90],
							"uv": {
								"south": {"uv": [6, 4], "uv_size": [1.5, 0.5]},
								"up": {"uv": [6, 5], "uv_size": [1.5, 0.5]},
								"down": {"uv": [6, 6.5], "uv_size": [1.5, -0.5]}
							}
						},
						{
							"origin": [-0.79992, 1.43479, -0.93237],
							"size": [1.59984, 0.0642, 0.11579],
							"inflate": 0.0001,
							"pivot": [0, 2.15441, -0.95261],
							"rotation": [0, 0, 90],
							"uv": {
								"south": {"uv": [0, 7], "uv_size": [1.5, 0.5]},
								"up": {"uv": [7, 0], "uv_size": [1.5, 0.5]},
								"down": {"uv": [2, 7.5], "uv_size": [1.5, -0.5]}
							}
						},
						{
							"origin": [-1.44986, 2.16867, -1.06497],
							"size": [1.56225, 0.06415, 0.07389],
							"pivot": [-0.6875, 2.20074, -1.04896],
							"rotation": [0, 10, 90],
							"uv": {
								"north": {"uv": [10, 1], "uv_size": [1, 0.5]},
								"up": {"uv": [2, 10], "uv_size": [1, 0.5]},
								"down": {"uv": [10, 2.5], "uv_size": [1, -0.5]}
							}
						},
						{
							"origin": [-1.04361, 2.15583, -0.99221],
							"size": [1.156, 0.06415, 0.10514],
							"pivot": [-0.6875, 2.18791, -0.9762],
							"rotation": [0, 10, 90],
							"uv": {
								"up": {"uv": [3, 10], "uv_size": [1, 0.5]},
								"down": {"uv": [10, 3.5], "uv_size": [1, -0.5]}
							}
						},
						{
							"origin": [-0.44986, 2.13758, -0.88869],
							"size": [0.56225, 0.06415, 0.10514],
							"pivot": [-0.6875, 2.16966, -0.87266],
							"rotation": [0, 10, 90],
							"uv": {
								"up": {"uv": [16, 1], "uv_size": [0.5, 0.5]},
								"down": {"uv": [2, 16.5], "uv_size": [0.5, -0.5]}
							}
						},
						{
							"origin": [-0.1124, 2.13758, -0.88869],
							"size": [0.56225, 0.06415, 0.10514],
							"pivot": [0.6875, 2.16966, -0.87266],
							"rotation": [0, -10, -90],
							"uv": {
								"up": {"uv": [16, 2], "uv_size": [0.5, 0.5]},
								"down": {"uv": [3, 16.5], "uv_size": [0.5, -0.5]}
							}
						},
						{
							"origin": [-0.1124, 2.15583, -0.99221],
							"size": [1.156, 0.06415, 0.10514],
							"pivot": [0.6875, 2.18791, -0.9762],
							"rotation": [0, -10, -90],
							"uv": {
								"up": {"uv": [4, 10], "uv_size": [1, 0.5]},
								"down": {"uv": [10, 4.5], "uv_size": [1, -0.5]}
							}
						},
						{
							"origin": [0.73863, 1.43482, -1.20364],
							"size": [0.06127, 0.06415, 0.27129],
							"pivot": [0, 2.15441, -1.26511],
							"rotation": [0, 0, 90],
							"uv": {
								"north": {"uv": [16, 3], "uv_size": [0.5, 0.5]},
								"up": {"uv": [4, 16], "uv_size": [0.5, 0.5]},
								"down": {"uv": [16, 4.5], "uv_size": [0.5, -0.5]}
							}
						},
						{
							"origin": [-0.1124, 2.16867, -1.06497],
							"size": [1.56225, 0.06415, 0.07389],
							"pivot": [0.6875, 2.20074, -1.04896],
							"rotation": [0, -10, -90],
							"uv": {
								"north": {"uv": [5, 10], "uv_size": [1, 0.5]},
								"up": {"uv": [10, 5], "uv_size": [1, 0.5]},
								"down": {"uv": [6, 10.5], "uv_size": [1, -0.5]}
							}
						},
						{
							"origin": [-0.7999, 1.43482, -1.20364],
							"size": [0.06127, 0.06415, 0.27129],
							"pivot": [0, 2.15441, -1.26511],
							"rotation": [0, 0, -90],
							"uv": {
								"north": {"uv": [5, 16], "uv_size": [0.5, 0.5]},
								"up": {"uv": [16, 5], "uv_size": [0.5, 0.5]},
								"down": {"uv": [6, 16.5], "uv_size": [0.5, -0.5]}
							}
						},
						{
							"origin": [0.46364, 3.06116, -0.93235],
							"size": [0.09979, 0.06415, 0.11574],
							"pivot": [0, 2.15441, -0.95261],
							"rotation": [0, 0, -67.5],
							"uv": {
								"north": {"uv": [16, 6], "uv_size": [0.5, 0.5]},
								"south": {"uv": [7, 16], "uv_size": [0.5, 0.5]},
								"up": {"uv": [16, 7], "uv_size": [0.5, 0.5]},
								"down": {"uv": [8, 16.5], "uv_size": [0.5, -0.5]}
							}
						},
						{
							"origin": [0.14899, 3.20287, -0.93235],
							"size": [0.12188, 0.06415, 0.11574],
							"pivot": [0, 2.15441, -0.95261],
							"rotation": [0, 0, -45],
							"uv": {
								"north": {"uv": [16, 8], "uv_size": [0.5, 0.5]},
								"south": {"uv": [9, 16], "uv_size": [0.5, 0.5]},
								"up": {"uv": [16, 9], "uv_size": [0.5, 0.5]},
								"down": {"uv": [10, 16.5], "uv_size": [0.5, -0.5]}
							}
						},
						{
							"origin": [-0.17554, 3.22182, -0.93235],
							"size": [0.09979, 0.06415, 0.11574],
							"pivot": [0, 2.15441, -0.95261],
							"rotation": [0, 0, -22.5],
							"uv": {
								"north": {"uv": [16, 10], "uv_size": [0.5, 0.5]},
								"south": {"uv": [11, 16], "uv_size": [0.5, 0.5]},
								"up": {"uv": [16, 11], "uv_size": [0.5, 0.5]},
								"down": {"uv": [12, 16.5], "uv_size": [0.5, -0.5]}
							}
						},
						{
							"origin": [-0.50303, 3.10669, -0.93235],
							"size": [1.00604, 0.06415, 0.11574],
							"uv": {
								"north": {"uv": [10, 6], "uv_size": [1, 0.5]},
								"south": {"uv": [7, 10], "uv_size": [1, 0.5]},
								"up": {"uv": [10, 7], "uv_size": [1, 0.5]},
								"down": {"uv": [8, 10.5], "uv_size": [1, -0.5]}
							}
						},
						{
							"origin": [0.07575, 3.22182, -0.93235],
							"size": [0.09979, 0.06415, 0.11574],
							"pivot": [0, 2.15441, -0.95261],
							"rotation": [0, 0, 22.5],
							"uv": {
								"north": {"uv": [16, 12], "uv_size": [0.5, 0.5]},
								"south": {"uv": [13, 16], "uv_size": [0.5, 0.5]},
								"up": {"uv": [16, 13], "uv_size": [0.5, 0.5]},
								"down": {"uv": [14, 16.5], "uv_size": [0.5, -0.5]}
							}
						},
						{
							"origin": [-0.27086, 3.20287, -0.93235],
							"size": [0.12188, 0.06415, 0.11574],
							"pivot": [0, 2.15441, -0.95261],
							"rotation": [0, 0, 45],
							"uv": {
								"north": {"uv": [16, 14], "uv_size": [0.5, 0.5]},
								"south": {"uv": [15, 16], "uv_size": [0.5, 0.5]},
								"up": {"uv": [16, 15], "uv_size": [0.5, 0.5]},
								"down": {"uv": [16, 16.5], "uv_size": [0.5, -0.5]}
							}
						},
						{
							"origin": [-0.56342, 3.06116, -0.93235],
							"size": [0.09979, 0.06415, 0.11574],
							"pivot": [0, 2.15441, -0.95261],
							"rotation": [0, 0, 67.5],
							"uv": {
								"north": {"uv": [0, 17], "uv_size": [0.5, 0.5]},
								"south": {"uv": [17, 0], "uv_size": [0.5, 0.5]},
								"up": {"uv": [1, 17], "uv_size": [0.5, 0.5]},
								"down": {"uv": [17, 1.5], "uv_size": [0.5, -0.5]}
							}
						}
					]
				},
				{
					"name": "bone3",
					"parent": "scope_body",
					"pivot": [0, 2.15441, -0.90574],
					"cubes": [
						{
							"origin": [-0.47787, 1.18877, -0.89821],
							"size": [0.95574, 0.0922, 0.04745],
							"uv": {
								"south": {"uv": [10, 8], "uv_size": [1, 0.5]}
							}
						},
						{
							"origin": [0.14154, 1.09742, -0.89821],
							"size": [0.11577, 0.0922, 0.04745],
							"pivot": [0, 2.15441, -0.97995],
							"rotation": [0, 0, 45],
							"uv": {
								"south": {"uv": [2, 17], "uv_size": [0.5, 0.5]}
							}
						},
						{
							"origin": [0.44045, 1.23204, -0.89821],
							"size": [0.0948, 0.0922, 0.04745],
							"pivot": [0, 2.15441, -0.97995],
							"rotation": [0, 0, 67.5],
							"uv": {
								"south": {"uv": [17, 2], "uv_size": [0.5, 0.5]}
							}
						},
						{
							"origin": [-0.16676, 1.07941, -0.89821],
							"size": [0.0948, 0.0922, 0.04745],
							"pivot": [0, 2.15441, -0.97995],
							"rotation": [0, 0, 22.5],
							"uv": {
								"south": {"uv": [3, 17], "uv_size": [0.5, 0.5]}
							}
						},
						{
							"origin": [0.07196, 1.07941, -0.89821],
							"size": [0.0948, 0.0922, 0.04745],
							"pivot": [0, 2.15441, -0.97995],
							"rotation": [0, 0, -22.5],
							"uv": {
								"south": {"uv": [17, 3], "uv_size": [0.5, 0.5]}
							}
						},
						{
							"origin": [-0.25731, 1.09742, -0.89821],
							"size": [0.11577, 0.0922, 0.04745],
							"pivot": [0, 2.15441, -0.97995],
							"rotation": [0, 0, -45],
							"uv": {
								"south": {"uv": [4, 17], "uv_size": [0.5, 0.5]}
							}
						},
						{
							"origin": [-0.53525, 1.23204, -0.89821],
							"size": [0.0948, 0.0922, 0.04745],
							"pivot": [0, 2.15441, -0.97995],
							"rotation": [0, 0, -67.5],
							"uv": {
								"south": {"uv": [17, 4], "uv_size": [0.5, 0.5]}
							}
						},
						{
							"origin": [-0.7599, 1.47081, -0.89821],
							"size": [1.5198, 0.0922, 0.04745],
							"pivot": [0, 2.15441, -0.97995],
							"rotation": [0, 0, -90],
							"uv": {
								"south": {"uv": [9, 10], "uv_size": [1, 0.5]}
							}
						},
						{
							"origin": [-0.7599, 1.47081, -0.89821],
							"size": [1.5198, 0.0922, 0.04745],
							"pivot": [0, 2.15441, -0.97995],
							"rotation": [0, 0, 90],
							"uv": {
								"south": {"uv": [10, 9], "uv_size": [1, 0.5]}
							}
						},
						{
							"origin": [0.44045, 2.98457, -0.89821],
							"size": [0.0948, 0.0922, 0.04745],
							"pivot": [0, 2.15441, -0.97995],
							"rotation": [0, 0, -67.5],
							"uv": {
								"south": {"uv": [5, 17], "uv_size": [0.5, 0.5]}
							}
						},
						{
							"origin": [0.14154, 3.11919, -0.89821],
							"size": [0.11577, 0.0922, 0.04745],
							"pivot": [0, 2.15441, -0.97995],
							"rotation": [0, 0, -45],
							"uv": {
								"south": {"uv": [17, 5], "uv_size": [0.5, 0.5]}
							}
						},
						{
							"origin": [-0.16676, 3.13721, -0.89821],
							"size": [0.0948, 0.0922, 0.04745],
							"pivot": [0, 2.15441, -0.97995],
							"rotation": [0, 0, -22.5],
							"uv": {
								"south": {"uv": [6, 17], "uv_size": [0.5, 0.5]}
							}
						},
						{
							"origin": [-0.47787, 3.02783, -0.89821],
							"size": [0.95574, 0.0922, 0.04745],
							"uv": {
								"south": {"uv": [10, 10], "uv_size": [1, 0.5]}
							}
						},
						{
							"origin": [0.07196, 3.13721, -0.89821],
							"size": [0.0948, 0.0922, 0.04745],
							"pivot": [0, 2.15441, -0.97995],
							"rotation": [0, 0, 22.5],
							"uv": {
								"south": {"uv": [17, 6], "uv_size": [0.5, 0.5]}
							}
						},
						{
							"origin": [-0.25731, 3.11919, -0.89821],
							"size": [0.11577, 0.0922, 0.04745],
							"pivot": [0, 2.15441, -0.97995],
							"rotation": [0, 0, 45],
							"uv": {
								"south": {"uv": [7, 17], "uv_size": [0.5, 0.5]}
							}
						},
						{
							"origin": [-0.53525, 2.98457, -0.89821],
							"size": [0.0948, 0.0922, 0.04745],
							"pivot": [0, 2.15441, -0.97995],
							"rotation": [0, 0, 67.5],
							"uv": {
								"south": {"uv": [17, 7], "uv_size": [0.5, 0.5]}
							}
						}
					]
				}
			]
		}
	]
}