{
	"format_version": "1.12.0",
	"minecraft:geometry": [
		{
			"description": {
				"identifier": "geometry.unknown",
				"texture_width": 32,
				"texture_height": 32,
				"visible_bounds_width": 5,
				"visible_bounds_height": 1.5,
				"visible_bounds_offset": [0, 0.25, 0]
			},
			"bones": [
				{
					"name": "division",
					"pivot": [0, 1.93906, -24.94092]
				},
				{
					"name": "d_illuminated",
					"parent": "division",
					"pivot": [0, 1.9391, -24.98781],
					"cubes": [
						{
							"origin": [-0.09495, 1.75929, -25.03234],
							"size": [0.1899, 0.35963, 0.0891],
							"uv": {
								"south": {"uv": [7, 17], "uv_size": [0.5, 0.5]}
							}
						},
						{
							"origin": [-0.09495, 1.75929, -25.03234],
							"size": [0.1899, 0.35963, 0.08906],
							"pivot": [0, 1.9391, -24.9878],
							"rotation": [0, 0, 90],
							"uv": {
								"south": {"uv": [17, 7], "uv_size": [0.5, 0.5]}
							}
						},
						{
							"origin": [-0.06, 1.74481, -25.03234],
							"size": [0.12, 0.38857, 0.08906],
							"pivot": [0, 1.9391, -24.9878],
							"rotation": [0, 0, 45],
							"uv": {
								"south": {"uv": [8, 17], "uv_size": [0.5, 0.5]}
							}
						},
						{
							"origin": [-0.06, 1.74481, -25.03234],
							"size": [0.12, 0.38857, 0.08906],
							"pivot": [0, 1.9391, -24.9878],
							"rotation": [0, 0, 135],
							"uv": {
								"south": {"uv": [17, 8], "uv_size": [0.5, 0.5]}
							}
						}
					]
				},
				{
					"name": "scope_body",
					"pivot": [0, -0.05044, -3.28467]
				},
				{
					"name": "bone2",
					"parent": "scope_body",
					"pivot": [0.39101, 0.89504, -0.90968],
					"cubes": [
						{
							"origin": [-0.96875, -0.05044, -2.56592],
							"size": [1.9375, 0.5, 3.3125],
							"uv": {
								"north": {"uv": [8, 6], "uv_size": [1.5, 0.5]},
								"east": {"uv": [2, 3], "uv_size": [2.5, 0.5]},
								"south": {"uv": [7, 8], "uv_size": [1.5, 0.5]},
								"west": {"uv": [4, 0], "uv_size": [2.5, 0.5]},
								"down": {"uv": [0, 2.5], "uv_size": [1.5, -2.5]}
							}
						},
						{
							"origin": [-1.03125, -0.36294, -2.50342],
							"size": [2.0625, 0.71875, 0.75],
							"uv": {
								"north": {"uv": [8, 7], "uv_size": [1.5, 0.5]},
								"east": {"uv": [3, 13], "uv_size": [0.5, 0.5]},
								"south": {"uv": [9, 0], "uv_size": [1.5, 0.5]},
								"west": {"uv": [13, 3], "uv_size": [0.5, 0.5]},
								"up": {"uv": [9, 1], "uv_size": [1.5, 0.5]},
								"down": {"uv": [2, 9.5], "uv_size": [1.5, -0.5]}
							}
						},
						{
							"origin": [-1.03125, -0.36294, -0.12842],
							"size": [2.0625, 0.71875, 0.75],
							"uv": {
								"north": {"uv": [9, 2], "uv_size": [1.5, 0.5]},
								"east": {"uv": [4, 13], "uv_size": [0.5, 0.5]},
								"south": {"uv": [9, 3], "uv_size": [1.5, 0.5]},
								"west": {"uv": [13, 4], "uv_size": [0.5, 0.5]},
								"up": {"uv": [9, 4], "uv_size": [1.5, 0.5]},
								"down": {"uv": [5, 9.5], "uv_size": [1.5, -0.5]}
							}
						},
						{
							"origin": [-0.875, -0.05044, 0.74658],
							"size": [1.75, 0.46875, 0.375],
							"uv": {
								"east": {"uv": [5, 13], "uv_size": [0.5, 0.5]},
								"west": {"uv": [13, 5], "uv_size": [0.5, 0.5]},
								"down": {"uv": [9, 5.5], "uv_size": [1.5, -0.5]}
							}
						},
						{
							"origin": [-0.9375, -0.01919, 0.74658],
							"size": [1.875, 0.375, 0.375],
							"uv": {
								"east": {"uv": [6, 13], "uv_size": [0.5, 0.5]},
								"south": {"uv": [7, 9], "uv_size": [1.5, 0.5]},
								"west": {"uv": [13, 6], "uv_size": [0.5, 0.5]},
								"up": {"uv": [9, 8], "uv_size": [1.5, 0.5]},
								"down": {"uv": [9, 9.5], "uv_size": [1.5, -0.5]}
							}
						},
						{
							"origin": [-0.57009, 0.41831, 0.74658],
							"size": [1.14018, 0.15873, 0.375],
							"uv": {
								"south": {"uv": [7, 4], "uv_size": [1, 0.5]},
								"up": {"uv": [0, 11], "uv_size": [1, 0.5]}
							}
						},
						{
							"origin": [0.5093, 0.32861, 0.74658],
							"size": [0.34375, 0.15625, 0.375],
							"pivot": [0.72805, 0.40674, 0.93408],
							"rotation": [0, 0, 27.5],
							"uv": {
								"north": {"uv": [7, 13], "uv_size": [0.5, 0.5]},
								"south": {"uv": [13, 7], "uv_size": [0.5, 0.5]},
								"up": {"uv": [8, 13], "uv_size": [0.5, 0.5]}
							}
						},
						{
							"origin": [-0.85305, 0.32861, 0.74658],
							"size": [0.34375, 0.15625, 0.375],
							"pivot": [-0.72805, 0.40674, 0.93408],
							"rotation": [0, 0, -27.5],
							"uv": {
								"north": {"uv": [13, 8], "uv_size": [0.5, 0.5]},
								"south": {"uv": [9, 13], "uv_size": [0.5, 0.5]},
								"up": {"uv": [13, 9], "uv_size": [0.5, 0.5]}
							}
						},
						{
							"origin": [-0.58774, -0.05044, 1.12158],
							"size": [1.17547, 0.46875, 0.28726],
							"uv": {
								"south": {"uv": [11, 0], "uv_size": [1, 0.5]},
								"up": {"uv": [1, 11], "uv_size": [1, 0.5]},
								"down": {"uv": [11, 1.5], "uv_size": [1, -0.5]}
							}
						},
						{
							"origin": [0.55112, -0.05044, 0.98743],
							"size": [0.25, 0.46875, 0.40625],
							"pivot": [0.67612, 0.18394, 1.14368],
							"rotation": [0, -45, 0],
							"uv": {
								"west": {"uv": [10, 13], "uv_size": [0.5, 0.5]},
								"up": {"uv": [13, 10], "uv_size": [0.5, 0.5]},
								"down": {"uv": [11, 13.5], "uv_size": [0.5, -0.5]}
							}
						},
						{
							"origin": [-0.80113, -0.05044, 0.98743],
							"size": [0.25, 0.46875, 0.40625],
							"pivot": [-0.67613, 0.18394, 1.14368],
							"rotation": [0, 45, 0],
							"uv": {
								"east": {"uv": [13, 11], "uv_size": [0.5, 0.5]},
								"up": {"uv": [12, 13], "uv_size": [0.5, 0.5]},
								"down": {"uv": [13, 12.5], "uv_size": [0.5, -0.5]}
							}
						},
						{
							"origin": [-0.78125, -0.51919, -2.56592],
							"size": [1.5625, 0.46875, 3.3125],
							"uv": {
								"north": {"uv": [0, 10], "uv_size": [1.5, 0.5]},
								"east": {"uv": [4, 1], "uv_size": [2.5, 0.5]},
								"south": {"uv": [2, 10], "uv_size": [1.5, 0.5]},
								"west": {"uv": [2, 4], "uv_size": [2.5, 0.5]},
								"down": {"uv": [2, 2.5], "uv_size": [1.5, -2.5]}
							}
						},
						{
							"origin": [-0.96875, -0.45669, -2.56592],
							"size": [1.9375, 0.40625, 0.90625],
							"uv": {
								"north": {"uv": [4, 10], "uv_size": [1.5, 0.5]},
								"east": {"uv": [13, 13], "uv_size": [0.5, 0.5]},
								"south": {"uv": [6, 10], "uv_size": [1.5, 0.5]},
								"west": {"uv": [0, 14], "uv_size": [0.5, 0.5]},
								"down": {"uv": [10, 6.5], "uv_size": [1.5, -0.5]}
							}
						},
						{
							"origin": [0.87154, -0.55659, -2.56592],
							"size": [0.0625, 0.15625, 3.3125],
							"pivot": [0.90279, -0.35346, -2.1128],
							"rotation": [0, 0, 45],
							"uv": {
								"north": {"uv": [14, 1], "uv_size": [0.5, 0.5]},
								"south": {"uv": [2, 14], "uv_size": [0.5, 0.5]},
								"west": {"uv": [1, 5], "uv_size": [2.5, 0.5]},
								"up": {"uv": [18, 1], "uv_size": [0.5, 2.5]}
							}
						},
						{
							"origin": [-0.93404, -0.55659, -2.56592],
							"size": [0.0625, 0.15625, 3.3125],
							"pivot": [-0.90279, -0.35346, -2.1128],
							"rotation": [0, 0, -45],
							"uv": {
								"north": {"uv": [18, 0], "uv_size": [0.5, 0.5]},
								"east": {"uv": [17, 17], "uv_size": [2.5, 0.5]},
								"south": {"uv": [1, 18], "uv_size": [0.5, 0.5]},
								"up": {"uv": [0, 18], "uv_size": [0.5, 2.5]}
							}
						},
						{
							"origin": [-0.96875, -0.45669, -0.15967],
							"size": [1.9375, 0.40625, 0.90625],
							"uv": {
								"north": {"uv": [10, 7], "uv_size": [1.5, 0.5]},
								"east": {"uv": [14, 2], "uv_size": [0.5, 0.5]},
								"south": {"uv": [8, 10], "uv_size": [1.5, 0.5]},
								"west": {"uv": [3, 14], "uv_size": [0.5, 0.5]},
								"down": {"uv": [10, 10.5], "uv_size": [1.5, -0.5]}
							}
						},
						{
							"origin": [-0.73651, 0.44956, -2.56592],
							"size": [1.47303, 0.25344, 3.3125],
							"uv": {
								"north": {"uv": [2, 11], "uv_size": [1, 0.5]},
								"south": {"uv": [11, 2], "uv_size": [1, 0.5]},
								"up": {"uv": [0, 3], "uv_size": [1, 2.5]}
							}
						},
						{
							"origin": [-0.58026, 0.703, -2.31592],
							"size": [1.16053, 0.22733, 2.64345],
							"uv": {
								"north": {"uv": [3, 11], "uv_size": [1, 0.5]},
								"east": {"uv": [0, 6], "uv_size": [2, 0.5]},
								"south": {"uv": [11, 3], "uv_size": [1, 0.5]},
								"west": {"uv": [2, 6], "uv_size": [2, 0.5]}
							}
						},
						{
							"origin": [-0.58026, 2.79675, -1.00343],
							"size": [1.16053, 0.09719, 1.28125],
							"uv": {
								"north": {"uv": [4, 11], "uv_size": [1, 0.5]},
								"south": {"uv": [11, 4], "uv_size": [1, 0.5]},
								"up": {"uv": [6, 3], "uv_size": [1, 1]},
								"down": {"uv": [6, 5], "uv_size": [1, -1]}
							}
						},
						{
							"origin": [-0.58026, 0.93033, -2.31592],
							"size": [1.16053, 0.15111, 2.40625],
							"uv": {
								"north": {"uv": [5, 11], "uv_size": [1, 0.5]},
								"east": {"uv": [5, 6], "uv_size": [2, 0.5]},
								"west": {"uv": [6, 5], "uv_size": [2, 0.5]},
								"up": {"uv": [1, 3], "uv_size": [1, 2]}
							}
						},
						{
							"origin": [-0.58026, 0.7913, 0.04219],
							"size": [1.16053, 0.22219, 0.28125],
							"pivot": [0, 0.9649, 0.18281],
							"rotation": [-32.5, 0, 0],
							"uv": {
								"east": {"uv": [14, 3], "uv_size": [0.5, 0.5]},
								"west": {"uv": [4, 14], "uv_size": [0.5, 0.5]},
								"up": {"uv": [11, 5], "uv_size": [1, 0.5]}
							}
						},
						{
							"origin": [-0.58026, 0.57769, 0.2794],
							"size": [1.16053, 0.22219, 0.25],
							"pivot": [0, 0.75129, 0.42003],
							"rotation": [-32.5, 0, 0],
							"uv": {
								"east": {"uv": [14, 4], "uv_size": [0.5, 0.5]},
								"west": {"uv": [5, 14], "uv_size": [0.5, 0.5]},
								"up": {"uv": [6, 11], "uv_size": [1, 0.5]}
							}
						},
						{
							"origin": [-0.58026, 0.50719, 0.44308],
							"size": [1.16053, 0.22219, 0.28125],
							"pivot": [0, 0.68079, 0.55245],
							"rotation": [-15, 0, 0],
							"uv": {
								"east": {"uv": [14, 5], "uv_size": [0.5, 0.5]},
								"west": {"uv": [6, 14], "uv_size": [0.5, 0.5]},
								"up": {"uv": [7, 11], "uv_size": [1, 0.5]}
							}
						},
						{
							"origin": [-0.70526, 0.51519, -2.3953],
							"size": [0.16052, 0.50344, 0.3125],
							"pivot": [0, 0.81379, -2.22342],
							"rotation": [-32.5, 0, 0],
							"uv": {
								"north": {"uv": [14, 6], "uv_size": [0.5, 0.5]},
								"east": {"uv": [7, 14], "uv_size": [0.5, 0.5]},
								"west": {"uv": [14, 7], "uv_size": [0.5, 0.5]}
							}
						},
						{
							"origin": [0.54474, 0.51519, -2.3953],
							"size": [0.16053, 0.50344, 0.3125],
							"pivot": [0, 0.81379, -2.22342],
							"rotation": [-32.5, 0, 0],
							"uv": {
								"north": {"uv": [8, 14], "uv_size": [0.5, 0.5]},
								"east": {"uv": [14, 8], "uv_size": [0.5, 0.5]},
								"west": {"uv": [9, 14], "uv_size": [0.5, 0.5]}
							}
						},
						{
							"origin": [-0.70526, 0.57546, -2.25832],
							"size": [1.41052, 0.50344, 0.34375],
							"uv": {
								"east": {"uv": [14, 9], "uv_size": [0.5, 0.5]},
								"south": {"uv": [8, 11], "uv_size": [1, 0.5]},
								"west": {"uv": [10, 14], "uv_size": [0.5, 0.5]}
							}
						},
						{
							"origin": [-0.70526, 0.98171, -2.07082],
							"size": [1.41052, 0.06594, 0.25],
							"pivot": [0, 0.99905, -1.89895],
							"rotation": [45, 0, 0],
							"uv": {
								"east": {"uv": [14, 10], "uv_size": [0.5, 0.5]},
								"west": {"uv": [11, 14], "uv_size": [0.5, 0.5]},
								"down": {"uv": [11, 8.5], "uv_size": [1, -0.5]}
							}
						},
						{
							"origin": [-0.70526, 0.57546, -2.07082],
							"size": [1.41052, 0.15969, 0.1875],
							"pivot": [0, 0.6553, -1.89895],
							"rotation": [-45, 0, 0],
							"uv": {
								"east": {"uv": [14, 11], "uv_size": [0.5, 0.5]},
								"west": {"uv": [12, 14], "uv_size": [0.5, 0.5]},
								"up": {"uv": [9, 11], "uv_size": [1, 0.5]}
							}
						},
						{
							"origin": [-0.58029, 2.79673, -1.23329],
							"size": [1.16057, 0.09725, 1.32364],
							"inflate": 0.0001,
							"pivot": [0, 1.9391, -0.3628],
							"rotation": [0, 0, -90],
							"uv": {
								"south": {"uv": [11, 9], "uv_size": [1, 0.5]},
								"up": {"uv": [0, 7], "uv_size": [1, 1]},
								"down": {"uv": [7, 1], "uv_size": [1, -1]}
							}
						},
						{
							"origin": [-0.5739, 2.7904, -2.31592],
							"size": [0.08188, 0.09718, 1.08266],
							"pivot": [0, 1.93274, -1.34264],
							"rotation": [0, 0, -90],
							"uv": {
								"north": {"uv": [14, 12], "uv_size": [0.5, 0.5]},
								"west": {"uv": [0, 12], "uv_size": [1, 0.5]},
								"up": {"uv": [12, 0], "uv_size": [0.5, 1]},
								"down": {"uv": [1, 13], "uv_size": [0.5, -1]}
							}
						},
						{
							"origin": [-1.29413, 1.75425, -1.89479],
							"size": [0.1195, 0.09719, 0.53652],
							"pivot": [-0.90625, 1.80285, -1.2359],
							"rotation": [0, 0, -90],
							"uv": {
								"up": {"uv": [13, 14], "uv_size": [0.5, 0.5]},
								"down": {"uv": [14, 13.5], "uv_size": [0.5, -0.5]}
							}
						},
						{
							"origin": [-1.091, 1.55113, -1.76979],
							"size": [0.33825, 0.09719, 0.28652],
							"pivot": [-0.90625, 1.59973, -1.62652],
							"rotation": [0, -35, -90],
							"uv": {
								"up": {"uv": [14, 14], "uv_size": [0.5, 0.5]},
								"down": {"uv": [0, 15.5], "uv_size": [0.5, -0.5]}
							}
						},
						{
							"origin": [-1.73163, 2.12925, -1.33229],
							"size": [0.8695, 0.09719, 0.56778],
							"pivot": [-0.90625, 2.17785, -0.9859],
							"rotation": [0, -35, -90],
							"uv": {
								"up": {"uv": [15, 0], "uv_size": [0.5, 0.5]},
								"down": {"uv": [1, 15.5], "uv_size": [0.5, -0.5]}
							}
						},
						{
							"origin": [-1.64276, 1.89686, -1.59717],
							"size": [1.31677, 0.09719, 0.09375],
							"pivot": [-0.90625, 1.94545, -1.4253],
							"rotation": [0, -35, -90],
							"uv": {
								"north": {"uv": [12, 1], "uv_size": [1, 0.5]},
								"up": {"uv": [2, 12], "uv_size": [1, 0.5]},
								"down": {"uv": [12, 2.5], "uv_size": [1, -0.5]}
							}
						},
						{
							"origin": [-0.58029, 2.79673, -1.23329],
							"size": [1.16057, 0.09722, 1.32364],
							"inflate": 0.0001,
							"pivot": [0, 1.9391, -0.3628],
							"rotation": [0, 0, 90],
							"uv": {
								"south": {"uv": [3, 12], "uv_size": [1, 0.5]},
								"up": {"uv": [1, 7], "uv_size": [1, 1]},
								"down": {"uv": [7, 2], "uv_size": [1, -1]}
							}
						},
						{
							"origin": [1.29474, 1.89051, 0.09033],
							"size": [0.19178, 0.09719, 0.1875],
							"pivot": [0.90624, 1.9391, 0.1997],
							"rotation": [0, 0, 90],
							"uv": {
								"south": {"uv": [15, 1], "uv_size": [0.5, 0.5]},
								"up": {"uv": [2, 15], "uv_size": [0.5, 0.5]},
								"down": {"uv": [15, 2.5], "uv_size": [0.5, -0.5]}
							}
						},
						{
							"origin": [-1.48651, 1.89051, 0.09033],
							"size": [0.19178, 0.09719, 0.1875],
							"pivot": [-0.90625, 1.9391, 0.1997],
							"rotation": [0, 0, -90],
							"uv": {
								"south": {"uv": [3, 15], "uv_size": [0.5, 0.5]},
								"up": {"uv": [15, 3], "uv_size": [0.5, 0.5]},
								"down": {"uv": [4, 15.5], "uv_size": [0.5, -0.5]}
							}
						},
						{
							"origin": [1.29472, 2.85925, 0.09033],
							"size": [0.19179, 0.09719, 0.1875],
							"pivot": [0.90624, 2.90784, 0.1997],
							"rotation": [0, 0, 90],
							"uv": {
								"south": {"uv": [15, 4], "uv_size": [0.5, 0.5]},
								"up": {"uv": [5, 15], "uv_size": [0.5, 0.5]},
								"down": {"uv": [15, 5.5], "uv_size": [0.5, -0.5]}
							}
						},
						{
							"origin": [-1.48651, 2.85925, 0.09033],
							"size": [0.19178, 0.09719, 0.1875],
							"pivot": [-0.90625, 2.90784, 0.1997],
							"rotation": [0, 0, -90],
							"uv": {
								"south": {"uv": [6, 15], "uv_size": [0.5, 0.5]},
								"up": {"uv": [15, 6], "uv_size": [0.5, 0.5]},
								"down": {"uv": [7, 15.5], "uv_size": [0.5, -0.5]}
							}
						},
						{
							"origin": [-0.09589, 2.4009, -0.07482],
							"size": [0.19178, 0.09719, 0.3125],
							"pivot": [0, 1.54325, 0.14392],
							"rotation": [0, -42.5, -90],
							"uv": {
								"west": {"uv": [15, 7], "uv_size": [0.5, 0.5]},
								"up": {"uv": [8, 15], "uv_size": [0.5, 0.5]},
								"down": {"uv": [15, 8.5], "uv_size": [0.5, -0.5]}
							}
						},
						{
							"origin": [-0.09589, 2.4009, -0.07482],
							"size": [0.19178, 0.09719, 0.3125],
							"pivot": [0, 1.54325, 0.14392],
							"rotation": [0, 42.5, 90],
							"uv": {
								"east": {"uv": [9, 15], "uv_size": [0.5, 0.5]},
								"up": {"uv": [15, 9], "uv_size": [0.5, 0.5]},
								"down": {"uv": [10, 15.5], "uv_size": [0.5, -0.5]}
							}
						},
						{
							"origin": [-0.09589, 3.21848, 0.02291],
							"size": [0.31677, 0.09719, 0.21875],
							"pivot": [0, 2.36083, 0.14791],
							"rotation": [0, 60, 90],
							"uv": {
								"south": {"uv": [15, 10], "uv_size": [0.5, 0.5]},
								"up": {"uv": [11, 15], "uv_size": [0.5, 0.5]},
								"down": {"uv": [15, 11.5], "uv_size": [0.5, -0.5]}
							}
						},
						{
							"origin": [-0.22089, 3.21848, 0.02291],
							"size": [0.31677, 0.09719, 0.21875],
							"pivot": [0, 2.36083, 0.14791],
							"rotation": [0, -60, -90],
							"uv": {
								"south": {"uv": [12, 15], "uv_size": [0.5, 0.5]},
								"up": {"uv": [15, 12], "uv_size": [0.5, 0.5]},
								"down": {"uv": [13, 15.5], "uv_size": [0.5, -0.5]}
							}
						},
						{
							"origin": [0.86212, 2.12925, -1.33229],
							"size": [0.8695, 0.09719, 0.56778],
							"pivot": [0.90625, 2.17785, -0.9859],
							"rotation": [0, 35, 90],
							"uv": {
								"up": {"uv": [15, 13], "uv_size": [0.5, 0.5]},
								"down": {"uv": [14, 15.5], "uv_size": [0.5, -0.5]}
							}
						},
						{
							"origin": [0.32599, 1.89686, -1.59717],
							"size": [1.31678, 0.09719, 0.09375],
							"pivot": [0.90625, 1.94545, -1.4253],
							"rotation": [0, 35, 90],
							"uv": {
								"north": {"uv": [12, 4], "uv_size": [1, 0.5]},
								"up": {"uv": [5, 12], "uv_size": [1, 0.5]},
								"down": {"uv": [12, 5.5], "uv_size": [1, -0.5]}
							}
						},
						{
							"origin": [0.75275, 1.55113, -1.76979],
							"size": [0.33825, 0.09719, 0.28652],
							"pivot": [0.90625, 1.59973, -1.62652],
							"rotation": [0, 35, 90],
							"uv": {
								"up": {"uv": [15, 14], "uv_size": [0.5, 0.5]},
								"down": {"uv": [15, 15.5], "uv_size": [0.5, -0.5]}
							}
						},
						{
							"origin": [1.17462, 1.75425, -1.89479],
							"size": [0.1195, 0.09719, 0.53652],
							"pivot": [0.90625, 1.80285, -1.2359],
							"rotation": [0, 0, 90],
							"uv": {
								"up": {"uv": [0, 16], "uv_size": [0.5, 0.5]},
								"down": {"uv": [16, 0.5], "uv_size": [0.5, -0.5]}
							}
						},
						{
							"origin": [0.48566, 2.7904, -2.31592],
							"size": [0.0946, 0.0972, 1.08266],
							"pivot": [0, 1.93274, -1.34264],
							"rotation": [0, 0, 90],
							"uv": {
								"north": {"uv": [1, 16], "uv_size": [0.5, 0.5]},
								"east": {"uv": [6, 12], "uv_size": [1, 0.5]},
								"up": {"uv": [12, 6], "uv_size": [0.5, 1]},
								"down": {"uv": [7, 13], "uv_size": [0.5, -1]}
							}
						},
						{
							"origin": [-1.26816, 2.98826, -1.23326],
							"size": [0.16054, 0.09719, 1.51109],
							"pivot": [-0.68789, 3.03686, -0.45655],
							"rotation": [0, 0, -67.5],
							"uv": {
								"north": {"uv": [16, 1], "uv_size": [0.5, 0.5]},
								"south": {"uv": [2, 16], "uv_size": [0.5, 0.5]},
								"up": {"uv": [12, 7], "uv_size": [0.5, 1]},
								"down": {"uv": [8, 13], "uv_size": [0.5, -1]}
							}
						},
						{
							"origin": [-0.71609, 2.76974, -1.00343],
							"size": [0.16053, 0.09719, 1.28125],
							"pivot": [-0.63583, 2.81833, -0.45655],
							"rotation": [0, 0, -22.5],
							"uv": {
								"north": {"uv": [16, 2], "uv_size": [0.5, 0.5]},
								"south": {"uv": [3, 16], "uv_size": [0.5, 0.5]},
								"up": {"uv": [12, 8], "uv_size": [0.5, 1]},
								"down": {"uv": [9, 13], "uv_size": [0.5, -1]}
							}
						},
						{
							"origin": [-0.88256, 2.64148, -1.00343],
							"size": [0.23311, 0.09719, 1.28125],
							"pivot": [-0.80229, 2.69008, -0.45655],
							"rotation": [0, 0, -45],
							"uv": {
								"north": {"uv": [16, 3], "uv_size": [0.5, 0.5]},
								"south": {"uv": [4, 16], "uv_size": [0.5, 0.5]},
								"up": {"uv": [12, 9], "uv_size": [0.5, 1]},
								"down": {"uv": [10, 13], "uv_size": [0.5, -1]}
							}
						},
						{
							"origin": [-0.88256, 2.64148, -1.23326],
							"size": [0.07686, 0.09719, 0.22984],
							"pivot": [-0.80229, 2.69008, -0.68639],
							"rotation": [0, 0, -45],
							"uv": {
								"north": {"uv": [16, 4], "uv_size": [0.5, 0.5]},
								"up": {"uv": [5, 16], "uv_size": [0.5, 0.5]},
								"down": {"uv": [16, 5.5], "uv_size": [0.5, -0.5]}
							}
						},
						{
							"origin": [-0.82686, 2.65533, -1.22719],
							"size": [0.0807, 0.0972, 0.27789],
							"pivot": [-0.78843, 2.70393, -1.12671],
							"rotation": [0, 35, -45],
							"uv": {
								"west": {"uv": [6, 16], "uv_size": [0.5, 0.5]},
								"up": {"uv": [16, 6], "uv_size": [0.5, 0.5]},
								"down": {"uv": [7, 16.5], "uv_size": [0.5, -0.5]}
							}
						},
						{
							"origin": [-0.84235, 2.60859, -1.08715],
							"size": [0.04945, 0.09719, 0.18414],
							"pivot": [-0.83516, 2.65719, -1.08042],
							"rotation": [0, 35, -45],
							"uv": {
								"up": {"uv": [16, 7], "uv_size": [0.5, 0.5]},
								"down": {"uv": [8, 16.5], "uv_size": [0.5, -0.5]}
							}
						},
						{
							"origin": [0.7929, 2.60859, -1.08715],
							"size": [0.04945, 0.09719, 0.18414],
							"pivot": [0.83516, 2.65719, -1.08042],
							"rotation": [0, -35, 45],
							"uv": {
								"up": {"uv": [16, 8], "uv_size": [0.5, 0.5]},
								"down": {"uv": [9, 16.5], "uv_size": [0.5, -0.5]}
							}
						},
						{
							"origin": [0.74616, 2.65533, -1.22719],
							"size": [0.0807, 0.0972, 0.27789],
							"pivot": [0.78842, 2.70393, -1.12671],
							"rotation": [0, -35, 45],
							"uv": {
								"east": {"uv": [16, 9], "uv_size": [0.5, 0.5]},
								"up": {"uv": [10, 16], "uv_size": [0.5, 0.5]},
								"down": {"uv": [16, 10.5], "uv_size": [0.5, -0.5]}
							}
						},
						{
							"origin": [0.8057, 2.64148, -1.23326],
							"size": [0.07686, 0.09719, 0.22984],
							"pivot": [0.80229, 2.69008, -0.68639],
							"rotation": [0, 0, 45],
							"uv": {
								"north": {"uv": [11, 16], "uv_size": [0.5, 0.5]},
								"up": {"uv": [16, 11], "uv_size": [0.5, 0.5]},
								"down": {"uv": [12, 16.5], "uv_size": [0.5, -0.5]}
							}
						},
						{
							"origin": [0.55556, 2.76974, -1.00343],
							"size": [0.16052, 0.09719, 1.28125],
							"pivot": [0.63582, 2.81833, -0.45655],
							"rotation": [0, 0, 22.5],
							"uv": {
								"north": {"uv": [16, 12], "uv_size": [0.5, 0.5]},
								"south": {"uv": [13, 16], "uv_size": [0.5, 0.5]},
								"up": {"uv": [12, 10], "uv_size": [0.5, 1]},
								"down": {"uv": [11, 13], "uv_size": [0.5, -1]}
							}
						},
						{
							"origin": [0.64945, 2.64148, -1.00343],
							"size": [0.23311, 0.09719, 1.28125],
							"pivot": [0.80229, 2.69008, -0.45655],
							"rotation": [0, 0, 45],
							"uv": {
								"north": {"uv": [16, 13], "uv_size": [0.5, 0.5]},
								"south": {"uv": [14, 16], "uv_size": [0.5, 0.5]},
								"up": {"uv": [12, 11], "uv_size": [0.5, 1]},
								"down": {"uv": [12, 13], "uv_size": [0.5, -1]}
							}
						},
						{
							"origin": [1.10762, 2.98826, -1.23326],
							"size": [0.16054, 0.09719, 1.51109],
							"pivot": [0.68789, 3.03686, -0.45655],
							"rotation": [0, 0, 67.5],
							"uv": {
								"north": {"uv": [16, 14], "uv_size": [0.5, 0.5]},
								"south": {"uv": [15, 16], "uv_size": [0.5, 0.5]},
								"up": {"uv": [0, 13], "uv_size": [0.5, 1]},
								"down": {"uv": [13, 1], "uv_size": [0.5, -1]}
							}
						},
						{
							"origin": [0.18056, 1.01128, -2.31592],
							"size": [0.53552, 0.09719, 2.59375],
							"pivot": [0.63582, 1.05986, -0.45655],
							"rotation": [0, 0, -22.5],
							"uv": {
								"north": {"uv": [16, 15], "uv_size": [0.5, 0.5]},
								"south": {"uv": [16, 16], "uv_size": [0.5, 0.5]},
								"up": {"uv": [2, 7], "uv_size": [0.5, 2]},
								"down": {"uv": [7, 4], "uv_size": [0.5, -2]}
							}
						},
						{
							"origin": [0.64945, 1.13953, -2.31592],
							"size": [0.23311, 0.09719, 2.59375],
							"pivot": [0.80229, 1.18813, -0.45655],
							"rotation": [0, 0, -45],
							"uv": {
								"north": {"uv": [0, 17], "uv_size": [0.5, 0.5]},
								"south": {"uv": [17, 0], "uv_size": [0.5, 0.5]},
								"up": {"uv": [3, 7], "uv_size": [0.5, 2]},
								"down": {"uv": [5, 9], "uv_size": [0.5, -2]}
							}
						},
						{
							"origin": [1.10762, 0.79274, -2.31592],
							"size": [0.16054, 0.09719, 2.59375],
							"pivot": [0.68789, 0.84133, -0.45655],
							"rotation": [0, 0, -67.5],
							"uv": {
								"north": {"uv": [1, 17], "uv_size": [0.5, 0.5]},
								"south": {"uv": [17, 1], "uv_size": [0.5, 0.5]},
								"up": {"uv": [6, 7], "uv_size": [0.5, 2]},
								"down": {"uv": [7, 8], "uv_size": [0.5, -2]}
							}
						},
						{
							"origin": [-0.71609, 1.01128, -2.31592],
							"size": [0.53553, 0.09719, 2.59375],
							"pivot": [-0.63583, 1.05986, -0.45655],
							"rotation": [0, 0, 22.5],
							"uv": {
								"north": {"uv": [2, 17], "uv_size": [0.5, 0.5]},
								"south": {"uv": [17, 2], "uv_size": [0.5, 0.5]},
								"up": {"uv": [0, 8], "uv_size": [0.5, 2]},
								"down": {"uv": [8, 2], "uv_size": [0.5, -2]}
							}
						},
						{
							"origin": [-0.88256, 1.13953, -2.31592],
							"size": [0.23311, 0.09719, 2.59375],
							"pivot": [-0.80229, 1.18813, -0.45655],
							"rotation": [0, 0, 45],
							"uv": {
								"north": {"uv": [3, 17], "uv_size": [0.5, 0.5]},
								"south": {"uv": [17, 3], "uv_size": [0.5, 0.5]},
								"up": {"uv": [1, 8], "uv_size": [0.5, 2]},
								"down": {"uv": [8, 4], "uv_size": [0.5, -2]}
							}
						},
						{
							"origin": [-1.26816, 0.79274, -2.31592],
							"size": [0.16054, 0.09719, 2.59375],
							"pivot": [-0.68789, 0.84133, -0.45655],
							"rotation": [0, 0, 67.5],
							"uv": {
								"north": {"uv": [4, 17], "uv_size": [0.5, 0.5]},
								"south": {"uv": [17, 4], "uv_size": [0.5, 0.5]},
								"up": {"uv": [4, 8], "uv_size": [0.5, 2]},
								"down": {"uv": [8, 6], "uv_size": [0.5, -2]}
							}
						},
						{
							"origin": [-1.10976, 0.77004, -2.56592],
							"size": [0.34375, 0.25, 3.3125],
							"pivot": [-0.39101, 0.89504, -0.90968],
							"rotation": [0, 0, -47.5],
							"uv": {
								"north": {"uv": [5, 17], "uv_size": [0.5, 0.5]},
								"south": {"uv": [17, 5], "uv_size": [0.5, 0.5]},
								"up": {"uv": [5, 3], "uv_size": [0.5, 2.5]}
							}
						},
						{
							"origin": [0.76601, 0.77004, -2.56592],
							"size": [0.34375, 0.25, 3.3125],
							"pivot": [0.39101, 0.89504, -0.90968],
							"rotation": [0, 0, 47.5],
							"uv": {
								"north": {"uv": [6, 17], "uv_size": [0.5, 0.5]},
								"south": {"uv": [17, 6], "uv_size": [0.5, 0.5]},
								"up": {"uv": [4, 5], "uv_size": [0.5, 2.5]}
							}
						}
					]
				},
				{
					"name": "bone_illuminated",
					"parent": "scope_body",
					"pivot": [0, 1.9391, 0.0122],
					"cubes": [
						{
							"origin": [-0.55125, 2.75386, -0.00265],
							"size": [1.1025, 0.09234, 0.02969],
							"uv": {
								"south": {"uv": [1, 13], "uv_size": [1, 0.5]}
							}
						},
						{
							"origin": [0.16216, 2.89578, -0.00265],
							"size": [0.1525, 0.09232, 0.02969],
							"pivot": [0, 1.9391, 0.0122],
							"rotation": [0, 0, 22.5],
							"uv": {
								"south": {"uv": [9, 17], "uv_size": [0.5, 0.5]}
							}
						},
						{
							"origin": [-0.11073, 2.93634, -0.00265],
							"size": [0.22145, 0.09232, 0.02969],
							"pivot": [0, 1.9391, 0.0122],
							"rotation": [0, 0, 45],
							"uv": {
								"south": {"uv": [17, 9], "uv_size": [0.5, 0.5]}
							}
						},
						{
							"origin": [-0.31465, 2.89576, -0.00264],
							"size": [0.1525, 0.09234, 0.02967],
							"pivot": [0, 1.9391, 0.0122],
							"rotation": [0, 0, 67.5],
							"uv": {
								"south": {"uv": [10, 17], "uv_size": [0.5, 0.5]}
							}
						},
						{
							"origin": [-0.01999, 2.63029, -0.00264],
							"size": [0.03999, 0.12358, 0.02969],
							"uv": {
								"south": {"uv": [17, 10], "uv_size": [0.5, 0.5]}
							}
						},
						{
							"origin": [-0.31466, 2.89578, -0.00265],
							"size": [0.1525, 0.09234, 0.02969],
							"pivot": [0, 1.9391, 0.0122],
							"rotation": [0, 0, -22.5],
							"uv": {
								"south": {"uv": [11, 17], "uv_size": [0.5, 0.5]}
							}
						},
						{
							"origin": [-0.11073, 2.93634, -0.00265],
							"size": [0.22145, 0.09232, 0.02969],
							"pivot": [0, 1.9391, 0.0122],
							"rotation": [0, 0, -45],
							"uv": {
								"south": {"uv": [17, 11], "uv_size": [0.5, 0.5]}
							}
						},
						{
							"origin": [0.16215, 2.89578, -0.00264],
							"size": [0.15251, 0.09232, 0.02967],
							"pivot": [0, 1.9391, 0.0122],
							"rotation": [0, 0, -67.5],
							"uv": {
								"south": {"uv": [12, 17], "uv_size": [0.5, 0.5]}
							}
						},
						{
							"origin": [-0.55125, 2.75386, -0.00265],
							"size": [1.1025, 0.09232, 0.02969],
							"pivot": [0, 1.9391, 0.0122],
							"rotation": [0, 0, -90],
							"uv": {
								"south": {"uv": [13, 1], "uv_size": [1, 0.5]}
							}
						},
						{
							"origin": [0.07234, 2.72261, -0.00265],
							"size": [0.03999, 0.12359, 0.02969],
							"pivot": [0.09232, 1.9391, 0.0122],
							"rotation": [0, 0, -90],
							"uv": {
								"south": {"uv": [17, 12], "uv_size": [0.5, 0.5]}
							}
						},
						{
							"origin": [0.16216, 0.8901, -0.00265],
							"size": [0.1525, 0.09233, 0.02969],
							"pivot": [0, 1.9391, 0.0122],
							"rotation": [0, 0, 67.5],
							"uv": {
								"south": {"uv": [13, 17], "uv_size": [0.5, 0.5]}
							}
						},
						{
							"origin": [-0.11073, 0.84953, -0.00265],
							"size": [0.22145, 0.09233, 0.02969],
							"pivot": [0, 1.9391, 0.0122],
							"rotation": [0, 0, 45],
							"uv": {
								"south": {"uv": [17, 13], "uv_size": [0.5, 0.5]}
							}
						},
						{
							"origin": [-0.31466, 0.89009, -0.00265],
							"size": [0.1525, 0.09234, 0.02969],
							"pivot": [0, 1.9391, 0.0122],
							"rotation": [0, 0, 22.5],
							"uv": {
								"south": {"uv": [14, 17], "uv_size": [0.5, 0.5]}
							}
						},
						{
							"origin": [-0.55125, 1.032, -0.00265],
							"size": [1.1025, 0.09234, 0.02969],
							"uv": {
								"south": {"uv": [2, 13], "uv_size": [1, 0.5]}
							}
						},
						{
							"origin": [-0.02, 1.12434, -0.00264],
							"size": [0.03999, 0.12357, 0.02969],
							"uv": {
								"south": {"uv": [17, 14], "uv_size": [0.5, 0.5]}
							}
						},
						{
							"origin": [0.16216, 0.89009, -0.00265],
							"size": [0.1525, 0.09234, 0.02969],
							"pivot": [0, 1.9391, 0.0122],
							"rotation": [0, 0, -22.5],
							"uv": {
								"south": {"uv": [15, 17], "uv_size": [0.5, 0.5]}
							}
						},
						{
							"origin": [-0.11073, 0.84953, -0.00265],
							"size": [0.22146, 0.09233, 0.02969],
							"pivot": [0, 1.9391, 0.0122],
							"rotation": [0, 0, -45],
							"uv": {
								"south": {"uv": [17, 15], "uv_size": [0.5, 0.5]}
							}
						},
						{
							"origin": [-0.31466, 0.8901, -0.00265],
							"size": [0.15251, 0.09233, 0.02969],
							"pivot": [0, 1.9391, 0.0122],
							"rotation": [0, 0, -67.5],
							"uv": {
								"south": {"uv": [16, 17], "uv_size": [0.5, 0.5]}
							}
						},
						{
							"origin": [-0.55124, 2.75386, -0.00265],
							"size": [1.10249, 0.09234, 0.02969],
							"pivot": [0, 1.9391, 0.0122],
							"rotation": [0, 0, 90],
							"uv": {
								"south": {"uv": [13, 2], "uv_size": [1, 0.5]}
							}
						},
						{
							"origin": [-0.11233, 2.72261, -0.00265],
							"size": [0.04, 0.12359, 0.02969],
							"pivot": [-0.09233, 1.9391, 0.0122],
							"rotation": [0, 0, 90],
							"uv": {
								"south": {"uv": [17, 16], "uv_size": [0.5, 0.5]}
							}
						}
					]
				},
				{
					"name": "scope_view",
					"pivot": [0, 1.93906, 9.21533]
				},
				{
					"name": "ocular",
					"pivot": [0, 1.9391, -0.1128],
					"cubes": [
						{
							"origin": [-0.55125, 1.032, -0.12765],
							"size": [1.1025, 1.8142, 0.02969],
							"uv": {
								"south": {"uv": [2, 18], "uv_size": [1, 1.5]}
							}
						},
						{
							"origin": [0.16216, 2.77078, -0.12765],
							"size": [0.1525, 0.21733, 0.02969],
							"pivot": [0, 1.9391, -0.1128],
							"rotation": [0, 0, 22.5],
							"uv": {
								"south": {"uv": [5, 2], "uv_size": [0.5, 0.5]}
							}
						},
						{
							"origin": [-0.11073, 0.84953, -0.12765],
							"size": [0.22145, 2.17914, 0.02969],
							"pivot": [0, 1.9391, -0.1128],
							"rotation": [0, 0, 45],
							"uv": {
								"south": {"uv": [4, 18], "uv_size": [0.5, 1.5]}
							}
						},
						{
							"origin": [-0.31465, 2.77076, -0.12764],
							"size": [0.1525, 0.21734, 0.02967],
							"pivot": [0, 1.9391, -0.1128],
							"rotation": [0, 0, 67.5],
							"uv": {
								"south": {"uv": [6, 2], "uv_size": [0.5, 0.5]}
							}
						},
						{
							"origin": [-0.31466, 2.77078, -0.12765],
							"size": [0.1525, 0.21734, 0.02969],
							"pivot": [0, 1.9391, -0.1128],
							"rotation": [0, 0, -22.5],
							"uv": {
								"south": {"uv": [10, 11], "uv_size": [0.5, 0.5]}
							}
						},
						{
							"origin": [-0.11073, 0.84953, -0.12765],
							"size": [0.22146, 2.17914, 0.02969],
							"pivot": [0, 1.9391, -0.1128],
							"rotation": [0, 0, -45],
							"uv": {
								"south": {"uv": [18, 4], "uv_size": [0.5, 1.5]}
							}
						},
						{
							"origin": [0.16215, 2.77078, -0.12764],
							"size": [0.15251, 0.21733, 0.02967],
							"pivot": [0, 1.9391, -0.1128],
							"rotation": [0, 0, -67.5],
							"uv": {
								"south": {"uv": [4, 2], "uv_size": [0.5, 0.5]}
							}
						},
						{
							"origin": [0.16216, 0.8901, -0.12765],
							"size": [0.1525, 0.21733, 0.02969],
							"pivot": [0, 1.9391, -0.1128],
							"rotation": [0, 0, 67.5],
							"uv": {
								"south": {"uv": [11, 11], "uv_size": [0.5, 0.5]}
							}
						},
						{
							"origin": [-0.31466, 0.89009, -0.12765],
							"size": [0.1525, 0.21734, 0.02969],
							"pivot": [0, 1.9391, -0.1128],
							"rotation": [0, 0, 22.5],
							"uv": {
								"south": {"uv": [12, 3], "uv_size": [0.5, 0.5]}
							}
						},
						{
							"origin": [0.16216, 0.89009, -0.12765],
							"size": [0.1525, 0.21734, 0.02969],
							"pivot": [0, 1.9391, -0.1128],
							"rotation": [0, 0, -22.5],
							"uv": {
								"south": {"uv": [4, 12], "uv_size": [0.5, 0.5]}
							}
						},
						{
							"origin": [-0.31466, 0.8901, -0.12765],
							"size": [0.15251, 0.34233, 0.02969],
							"pivot": [0, 1.9391, -0.1128],
							"rotation": [0, 0, -67.5],
							"uv": {
								"south": {"uv": [14, 0], "uv_size": [0.5, 0.5]}
							}
						},
						{
							"origin": [-0.55125, 1.03201, -0.12765],
							"size": [1.1025, 1.81419, 0.02969],
							"pivot": [0, 1.9391, -0.1128],
							"rotation": [0, 0, 90],
							"uv": {
								"south": {"uv": [3, 18], "uv_size": [1, 1.5]}
							}
						}
					]
				}
			]
		}
	]
}