{
	"format_version": "1.12.0",
	"minecraft:geometry": [
		{
			"description": {
				"identifier": "geometry.unknown",
				"texture_width": 512,
				"texture_height": 512,
				"visible_bounds_width": 5,
				"visible_bounds_height": 4,
				"visible_bounds_offset": [0, 1, 0]
			},
			"bones": [
				{
					"name": "bb_main",
					"pivot": [16, 0, 0]
				},
				{
					"name": "bone2",
					"parent": "bb_main",
					"pivot": [0, 0, 0],
					"cubes": [
						{
							"origin": [19, 6, 7],
							"size": [3, 8, 2],
							"uv": {
								"north": {"uv": [18, 88], "uv_size": [3, 8]},
								"east": {"uv": [58, 90], "uv_size": [2, 8]},
								"south": {"uv": [25, 88], "uv_size": [3, 8]},
								"west": {"uv": [41, 93], "uv_size": [2, 8]},
								"up": {"uv": [47, 97], "uv_size": [3, 2]},
								"down": {"uv": [82, 99], "uv_size": [3, -2]}
							}
						},
						{
							"origin": [21, 0, -8],
							"size": [3, 6, 16],
							"uv": {
								"north": {"uv": [92, 30], "uv_size": [3, 6]},
								"east": {"uv": [72, 0], "uv_size": [16, 6]},
								"south": {"uv": [35, 92], "uv_size": [3, 6]},
								"west": {"uv": [72, 6], "uv_size": [16, 6]},
								"up": {"uv": [22, 75], "uv_size": [3, 16]},
								"down": {"uv": [0, 97], "uv_size": [3, -16]}
							}
						},
						{
							"origin": [-8, 7, -8],
							"size": [17, 3, 16],
							"uv": {
								"north": {"uv": [79, 38], "uv_size": [17, 3]},
								"east": {"uv": [79, 44], "uv_size": [16, 3]},
								"south": {"uv": [79, 41], "uv_size": [17, 3]},
								"west": {"uv": [80, 61], "uv_size": [16, 3]},
								"up": {"uv": [32, 13], "uv_size": [17, 16]},
								"down": {"uv": [23, 48], "uv_size": [17, -16]}
							}
						},
						{
							"origin": [21, 7, -8],
							"size": [3, 3, 16],
							"uv": {
								"north": {"uv": [52, 96], "uv_size": [3, 3]},
								"east": {"uv": [80, 64], "uv_size": [16, 3]},
								"south": {"uv": [55, 96], "uv_size": [3, 3]},
								"west": {"uv": [80, 67], "uv_size": [16, 3]},
								"up": {"uv": [3, 81], "uv_size": [3, 16]},
								"down": {"uv": [6, 97], "uv_size": [3, -16]}
							}
						},
						{
							"origin": [9, 7, 6],
							"size": [12, 3, 2],
							"uv": {
								"north": {"uv": [87, 84], "uv_size": [12, 3]},
								"east": {"uv": [38, 56], "uv_size": [2, 3]},
								"south": {"uv": [87, 87], "uv_size": [12, 3]},
								"west": {"uv": [90, 30], "uv_size": [2, 3]},
								"up": {"uv": [88, 57], "uv_size": [12, 2]},
								"down": {"uv": [88, 61], "uv_size": [12, -2]}
							}
						},
						{
							"origin": [9, 0, -8],
							"size": [12, 1, 13],
							"uv": {
								"north": {"uv": [91, 95], "uv_size": [12, 1]},
								"east": {"uv": [92, 16], "uv_size": [13, 1]},
								"south": {"uv": [95, 91], "uv_size": [12, 1]},
								"west": {"uv": [92, 17], "uv_size": [13, 1]},
								"up": {"uv": [14, 62], "uv_size": [12, 13]},
								"down": {"uv": [48, 76], "uv_size": [12, -13]}
							}
						},
						{
							"origin": [14.75, 1, -6],
							"size": [0.5, 7, 12],
							"uv": {
								"north": {"uv": [25, 75], "uv_size": [1, 7]},
								"east": {"uv": [44, 76], "uv_size": [12, 7]},
								"south": {"uv": [15, 81], "uv_size": [1, 7]},
								"west": {"uv": [56, 76], "uv_size": [12, 7]},
								"up": {"uv": [43, 93], "uv_size": [1, 12]},
								"down": {"uv": [28, 106], "uv_size": [1, -12]}
							}
						},
						{
							"origin": [-8, 0, -8],
							"size": [17, 6, 16],
							"uv": {
								"north": {"uv": [71, 49], "uv_size": [17, 6]},
								"east": {"uv": [0, 75], "uv_size": [16, 6]},
								"south": {"uv": [71, 55], "uv_size": [17, 6]},
								"west": {"uv": [76, 12], "uv_size": [16, 6]},
								"up": {"uv": [40, 29], "uv_size": [17, 16]},
								"down": {"uv": [0, 61], "uv_size": [17, -16]}
							}
						},
						{
							"origin": [-7, 1, -7],
							"size": [17, 12, 14],
							"uv": {
								"north": {"uv": [49, 13], "uv_size": [17, 12]},
								"east": {"uv": [34, 59], "uv_size": [14, 12]},
								"south": {"uv": [55, 0], "uv_size": [17, 12]},
								"west": {"uv": [0, 61], "uv_size": [14, 12]},
								"up": {"uv": [40, 45], "uv_size": [17, 14]},
								"down": {"uv": [17, 62], "uv_size": [17, -14]}
							}
						},
						{
							"origin": [19, 8, -6],
							"size": [1, 4, 13],
							"uv": {
								"north": {"uv": [59, 83], "uv_size": [1, 4]},
								"east": {"uv": [77, 30], "uv_size": [13, 4]},
								"south": {"uv": [25, 84], "uv_size": [1, 4]},
								"west": {"uv": [79, 34], "uv_size": [13, 4]},
								"up": {"uv": [69, 63], "uv_size": [1, 13]},
								"down": {"uv": [75, 25], "uv_size": [1, -13]}
							}
						},
						{
							"origin": [18, 9, -9],
							"size": [1, 2, 14],
							"uv": {
								"north": {"uv": [76, 100], "uv_size": [1, 2]},
								"east": {"uv": [100, 57], "uv_size": [14, 2]},
								"south": {"uv": [77, 100], "uv_size": [1, 2]},
								"west": {"uv": [100, 59], "uv_size": [14, 2]},
								"up": {"uv": [30, 100], "uv_size": [1, 14]},
								"down": {"uv": [31, 114], "uv_size": [1, -14]}
							}
						},
						{
							"origin": [11, 8, -6],
							"size": [8, 1, 13],
							"uv": {
								"north": {"uv": [51, 86], "uv_size": [8, 1]},
								"east": {"uv": [77, 33], "uv_size": [13, 1]},
								"south": {"uv": [26, 87], "uv_size": [8, 1]},
								"west": {"uv": [79, 37], "uv_size": [13, 1]},
								"up": {"uv": [61, 63], "uv_size": [8, 13]},
								"down": {"uv": [67, 25], "uv_size": [8, -13]}
							}
						},
						{
							"origin": [11, 9, 0],
							"size": [8, 3, 7],
							"uv": {
								"north": {"uv": [51, 83], "uv_size": [8, 3]},
								"east": {"uv": [77, 30], "uv_size": [13, 3]},
								"south": {"uv": [26, 84], "uv_size": [8, 3]},
								"west": {"uv": [79, 34], "uv_size": [13, 3]},
								"up": {"uv": [61, 63], "uv_size": [8, 13]},
								"down": {"uv": [67, 25], "uv_size": [8, -13]}
							}
						},
						{
							"origin": [10, 8, -6],
							"size": [1, 4, 13],
							"uv": {
								"north": {"uv": [50, 83], "uv_size": [1, 4]},
								"east": {"uv": [77, 30], "uv_size": [13, 4]},
								"south": {"uv": [34, 84], "uv_size": [1, 4]},
								"west": {"uv": [79, 34], "uv_size": [13, 4]},
								"up": {"uv": [60, 63], "uv_size": [1, 13]},
								"down": {"uv": [66, 25], "uv_size": [1, -13]}
							}
						},
						{
							"origin": [12, 9, -9],
							"size": [6, 2, 1],
							"uv": {
								"north": {"uv": [100, 75], "uv_size": [6, 2]},
								"east": {"uv": [88, 100], "uv_size": [1, 2]},
								"south": {"uv": [100, 86], "uv_size": [6, 2]},
								"west": {"uv": [89, 100], "uv_size": [1, 2]},
								"up": {"uv": [100, 77], "uv_size": [6, 1]},
								"down": {"uv": [100, 89], "uv_size": [6, -1]}
							}
						},
						{
							"origin": [13, 10, -7.75],
							"size": [1.5, 1, 3],
							"uv": {
								"north": {"uv": [63, 33], "uv_size": [3, 2]},
								"east": {"uv": [57, 33], "uv_size": [6, 2]},
								"south": {"uv": [71, 47], "uv_size": [3, 2]},
								"west": {"uv": [71, 45], "uv_size": [6, 2]},
								"up": {"uv": [69, 28], "uv_size": [3, 6]},
								"down": {"uv": [72, 31], "uv_size": [3, -6]}
							}
						},
						{
							"origin": [13, 10, -6.5],
							"size": [1.5, 1, 3],
							"pivot": [10.75, 9.5, -17.75],
							"rotation": [0, 12.5, 0],
							"uv": {
								"north": {"uv": [63, 33], "uv_size": [3, 2]},
								"east": {"uv": [57, 33], "uv_size": [6, 2]},
								"south": {"uv": [71, 47], "uv_size": [3, 2]},
								"west": {"uv": [71, 45], "uv_size": [6, 2]},
								"up": {"uv": [69, 28], "uv_size": [3, 6]},
								"down": {"uv": [72, 31], "uv_size": [3, -6]}
							}
						},
						{
							"origin": [19, 17, -4.5],
							"size": [1.5, 1, 4],
							"pivot": [19.75, 16.5, -2.75],
							"rotation": [0, 90, 0],
							"uv": {
								"north": {"uv": [40, 72], "uv_size": [3, 2]},
								"east": {"uv": [72, 41], "uv_size": [6, 2]},
								"south": {"uv": [0, 73], "uv_size": [3, 2]},
								"west": {"uv": [72, 43], "uv_size": [6, 2]},
								"up": {"uv": [72, 31], "uv_size": [3, 6]},
								"down": {"uv": [37, 78], "uv_size": [3, -6]}
							}
						},
						{
							"origin": [19, 18, -3.5],
							"size": [1.5, 1, 4],
							"pivot": [19.75, 17.5, -1.75],
							"rotation": [0, 95, 0],
							"uv": {
								"north": {"uv": [40, 72], "uv_size": [3, 2]},
								"east": {"uv": [72, 41], "uv_size": [6, 2]},
								"south": {"uv": [0, 73], "uv_size": [3, 2]},
								"west": {"uv": [72, 43], "uv_size": [6, 2]},
								"up": {"uv": [72, 31], "uv_size": [3, 6]},
								"down": {"uv": [37, 78], "uv_size": [3, -6]}
							}
						},
						{
							"origin": [19, 17, -2.5],
							"size": [1.5, 1, 4],
							"pivot": [19.75, 16.5, -0.75],
							"rotation": [0, 85, 0],
							"uv": {
								"north": {"uv": [40, 72], "uv_size": [3, 2]},
								"east": {"uv": [72, 41], "uv_size": [6, 2]},
								"south": {"uv": [0, 73], "uv_size": [3, 2]},
								"west": {"uv": [72, 43], "uv_size": [6, 2]},
								"up": {"uv": [72, 31], "uv_size": [3, 6]},
								"down": {"uv": [37, 78], "uv_size": [3, -6]}
							}
						},
						{
							"origin": [12, 9, -8],
							"size": [6, 1, 13],
							"uv": {
								"north": {"uv": [100, 89], "uv_size": [6, 1]},
								"east": {"uv": [100, 70], "uv_size": [13, 1]},
								"south": {"uv": [7, 101], "uv_size": [6, 1]},
								"west": {"uv": [100, 74], "uv_size": [13, 1]},
								"up": {"uv": [82, 100], "uv_size": [6, 13]},
								"down": {"uv": [98, 113], "uv_size": [6, -13]}
							}
						},
						{
							"origin": [11, 9, -9],
							"size": [1, 2, 14],
							"uv": {
								"north": {"uv": [101, 12], "uv_size": [1, 2]},
								"east": {"uv": [100, 66], "uv_size": [14, 2]},
								"south": {"uv": [13, 101], "uv_size": [1, 2]},
								"west": {"uv": [100, 68], "uv_size": [14, 2]},
								"up": {"uv": [74, 100], "uv_size": [1, 14]},
								"down": {"uv": [75, 114], "uv_size": [1, -14]}
							}
						},
						{
							"origin": [20, 0, -7],
							"size": [3, 14, 14],
							"uv": {
								"north": {"uv": [9, 81], "uv_size": [3, 14]},
								"east": {"uv": [57, 35], "uv_size": [14, 14]},
								"south": {"uv": [12, 81], "uv_size": [3, 14]},
								"west": {"uv": [57, 49], "uv_size": [14, 14]},
								"up": {"uv": [44, 83], "uv_size": [3, 14]},
								"down": {"uv": [47, 97], "uv_size": [3, -14]}
							}
						},
						{
							"origin": [10, 1, 4],
							"size": [10, 13, 3],
							"uv": {
								"north": {"uv": [70, 63], "uv_size": [10, 13]},
								"east": {"uv": [60, 83], "uv_size": [3, 13]},
								"south": {"uv": [26, 71], "uv_size": [10, 13]},
								"west": {"uv": [63, 83], "uv_size": [3, 13]},
								"up": {"uv": [50, 87], "uv_size": [10, 3]},
								"down": {"uv": [88, 9], "uv_size": [10, -3]}
							}
						},
						{
							"origin": [9, 0, 5],
							"size": [12, 6, 3],
							"uv": {
								"north": {"uv": [74, 76], "uv_size": [12, 6]},
								"east": {"uv": [93, 24], "uv_size": [3, 6]},
								"south": {"uv": [77, 24], "uv_size": [12, 6]},
								"west": {"uv": [38, 93], "uv_size": [3, 6]},
								"up": {"uv": [88, 0], "uv_size": [12, 3]},
								"down": {"uv": [88, 6], "uv_size": [12, -3]}
							}
						},
						{
							"origin": [-8, 12, -8],
							"size": [32, 3, 16],
							"uv": {
								"north": {"uv": [76, 18], "uv_size": [32, 3]},
								"east": {"uv": [80, 70], "uv_size": [16, 3]},
								"south": {"uv": [76, 21], "uv_size": [32, 3]},
								"west": {"uv": [80, 73], "uv_size": [16, 3]},
								"up": {"uv": [0, 0], "uv_size": [32, 16]},
								"down": {"uv": [0, 32], "uv_size": [32, -16]}
							}
						},
						{
							"origin": [2, 14, -7],
							"size": [5, 2, 1],
							"uv": {
								"north": {"uv": [96, 14], "uv_size": [5, 2]},
								"east": {"uv": [100, 12], "uv_size": [1, 2]},
								"south": {"uv": [96, 41], "uv_size": [5, 2]},
								"west": {"uv": [29, 100], "uv_size": [1, 2]},
								"up": {"uv": [96, 61], "uv_size": [5, 1]},
								"down": {"uv": [100, 12], "uv_size": [5, -1]}
							}
						},
						{
							"origin": [2, 22.92893, -0.27208],
							"size": [5, 1.41421, 1.41421],
							"pivot": [0, 10.34315, 7.14214],
							"rotation": [45, 0, 0],
							"uv": {
								"north": {"uv": [55, 12], "uv_size": [5, 1]},
								"east": {"uv": [65, 12], "uv_size": [1, 1]},
								"south": {"uv": [60, 12], "uv_size": [5, 1]},
								"west": {"uv": [25, 83], "uv_size": [1, 1]},
								"up": {"uv": [96, 24], "uv_size": [5, 1]},
								"down": {"uv": [96, 44], "uv_size": [5, -1]}
							}
						},
						{
							"origin": [-7, 14, -6],
							"size": [23, 2, 13],
							"uv": {
								"north": {"uv": [79, 47], "uv_size": [23, 2]},
								"east": {"uv": [88, 49], "uv_size": [13, 2]},
								"south": {"uv": [74, 82], "uv_size": [23, 2]},
								"west": {"uv": [88, 51], "uv_size": [13, 2]},
								"up": {"uv": [0, 32], "uv_size": [23, 13]},
								"down": {"uv": [32, 13], "uv_size": [23, -13]}
							}
						},
						{
							"origin": [-7.25, 15.5, 6.25],
							"size": [23.5, 0.75, 1],
							"uv": {
								"north": {"uv": [88, 9], "uv_size": [24, 2]},
								"east": {"uv": [36, 29], "uv_size": [1, 2]},
								"south": {"uv": [101, 14], "uv_size": [24, 2]},
								"west": {"uv": [37, 29], "uv_size": [1, 2]},
								"up": {"uv": [101, 24], "uv_size": [24, 1]},
								"down": {"uv": [101, 42], "uv_size": [24, -1]}
							}
						},
						{
							"origin": [23.1875, 15, 43.25],
							"size": [2.0625, 4.375, 2.5],
							"pivot": [0, 0, 31],
							"rotation": [0, 90, 0],
							"uv": {
								"north": {"uv": [65, 25], "uv_size": [2, 4]},
								"east": {"uv": [60, 25], "uv_size": [3, 4]},
								"south": {"uv": [65, 29], "uv_size": [2, 4]},
								"west": {"uv": [60, 29], "uv_size": [3, 4]},
								"up": {"uv": [67, 31], "uv_size": [2, 3]},
								"down": {"uv": [69, 28], "uv_size": [2, -3]}
							}
						},
						{
							"origin": [-12.8125, 15, 25.25],
							"size": [2.0625, 4.375, 2.5],
							"pivot": [-18, 0, 13],
							"rotation": [0, 90, 0],
							"uv": {
								"north": {"uv": [63, 25], "uv_size": [2, 4]},
								"east": {"uv": [57, 25], "uv_size": [3, 4]},
								"south": {"uv": [63, 29], "uv_size": [2, 4]},
								"west": {"uv": [57, 29], "uv_size": [3, 4]},
								"up": {"uv": [67, 25], "uv_size": [2, 3]},
								"down": {"uv": [67, 31], "uv_size": [2, -3]}
							}
						},
						{
							"origin": [17, 15, -6],
							"size": [6, 2, 13],
							"uv": {
								"north": {"uv": [17, 45], "uv_size": [6, 2]},
								"east": {"uv": [88, 53], "uv_size": [13, 2]},
								"south": {"uv": [49, 27], "uv_size": [6, 2]},
								"west": {"uv": [88, 55], "uv_size": [13, 2]},
								"up": {"uv": [16, 75], "uv_size": [6, 13]},
								"down": {"uv": [68, 89], "uv_size": [6, -13]}
							}
						},
						{
							"origin": [-6, 6, 7],
							"size": [3, 8, 2],
							"uv": {
								"north": {"uv": [39, 85], "uv_size": [3, 8]},
								"east": {"uv": [38, 48], "uv_size": [2, 8]},
								"south": {"uv": [15, 88], "uv_size": [3, 8]},
								"west": {"uv": [42, 85], "uv_size": [2, 8]},
								"up": {"uv": [96, 74], "uv_size": [3, 2]},
								"down": {"uv": [44, 99], "uv_size": [3, -2]}
							}
						}
					]
				},
				{
					"name": "b4_illuminated",
					"parent": "bb_main",
					"pivot": [0, 17.34315, -1.85786],
					"cubes": [
						{
							"origin": [2.375, 22.92893, 0.10292],
							"size": [4.25, 1.41421, 0.66421],
							"inflate": 0.001,
							"pivot": [0, 10.34315, 7.14214],
							"rotation": [45, 0, 0],
							"uv": {
								"up": {"uv": [33, 100], "uv_size": [5, 1]}
							}
						},
						{
							"origin": [-4.625, 21.42013, -6.91931],
							"size": [8.25, 1.41421, 2.66421],
							"inflate": 0.001,
							"pivot": [0, 17.34315, -1.85786],
							"rotation": [65, 0, 0],
							"uv": {
								"up": {"uv": [20, 250], "uv_size": [367, 103]}
							}
						},
						{
							"origin": [0.375, 21.42013, -3.91931],
							"size": [8.25, 1.41421, 2.66421],
							"inflate": 0.001,
							"pivot": [0, 17.34315, -1.85786],
							"rotation": [65, 0, 0],
							"uv": {
								"up": {"uv": [20, 149], "uv_size": [367, 103]}
							}
						},
						{
							"origin": [7.375, 21.42013, -6.91931],
							"size": [8.25, 1.41421, 2.66421],
							"inflate": 0.001,
							"pivot": [0, 17.34315, -1.85786],
							"rotation": [65, 0, 0],
							"uv": {
								"up": {"uv": [10, 352], "uv_size": [367, 103]}
							}
						},
						{
							"origin": [-5.5, 15.0625, -4.5],
							"size": [19.75, 1, 9.75],
							"uv": {
								"up": {"uv": [147, 14], "uv_size": [113, 57]}
							}
						}
					]
				},
				{
					"name": "bone7",
					"parent": "bb_main",
					"pivot": [19.5, 0, 0],
					"cubes": [
						{
							"origin": [10.5, 1, -8],
							"size": [4, 1, 3],
							"uv": {
								"north": {"uv": [34, 58], "uv_size": [4, 1]},
								"east": {"uv": [14, 61], "uv_size": [3, 1]},
								"south": {"uv": [88, 11], "uv_size": [4, 1]},
								"west": {"uv": [29, 94], "uv_size": [3, 1]},
								"up": {"uv": [34, 55], "uv_size": [4, 3]},
								"down": {"uv": [48, 62], "uv_size": [4, -3]}
							}
						},
						{
							"origin": [12, 2, -7.25],
							"size": [1, 5, 0.25],
							"uv": {
								"north": {"uv": [32, 98], "uv_size": [1, 5]},
								"east": {"uv": [72, 98], "uv_size": [1, 5]},
								"south": {"uv": [73, 98], "uv_size": [1, 5]},
								"west": {"uv": [99, 66], "uv_size": [1, 5]},
								"up": {"uv": [38, 31], "uv_size": [1, 1]},
								"down": {"uv": [39, 32], "uv_size": [1, -1]}
							}
						},
						{
							"origin": [10.5, 2, -7],
							"size": [4, 5, 2],
							"uv": {
								"north": {"uv": [44, 71], "uv_size": [4, 5]},
								"east": {"uv": [66, 83], "uv_size": [2, 5]},
								"south": {"uv": [21, 91], "uv_size": [4, 5]},
								"west": {"uv": [33, 95], "uv_size": [2, 5]},
								"up": {"uv": [26, 69], "uv_size": [4, 2]},
								"down": {"uv": [30, 71], "uv_size": [4, -2]}
							}
						},
						{
							"origin": [10.5, 7, -8],
							"size": [4, 1, 3],
							"uv": {
								"north": {"uv": [99, 71], "uv_size": [4, 1]},
								"east": {"uv": [99, 94], "uv_size": [3, 1]},
								"south": {"uv": [99, 72], "uv_size": [4, 1]},
								"west": {"uv": [98, 99], "uv_size": [3, 1]},
								"up": {"uv": [52, 59], "uv_size": [4, 3]},
								"down": {"uv": [9, 98], "uv_size": [4, -3]}
							}
						},
						{
							"origin": [10.5, 1, -8.5],
							"size": [1, 7, 0.5],
							"uv": {
								"north": {"uv": [27, 96], "uv_size": [1, 7]},
								"east": {"uv": [80, 96], "uv_size": [1, 7]},
								"south": {"uv": [81, 96], "uv_size": [1, 7]},
								"west": {"uv": [91, 96], "uv_size": [1, 7]},
								"up": {"uv": [55, 27], "uv_size": [1, 1]},
								"down": {"uv": [55, 29], "uv_size": [1, -1]}
							}
						},
						{
							"origin": [13.5, 1, -8.5],
							"size": [1, 7, 0.5],
							"uv": {
								"north": {"uv": [92, 96], "uv_size": [1, 7]},
								"east": {"uv": [93, 96], "uv_size": [1, 7]},
								"south": {"uv": [94, 96], "uv_size": [1, 7]},
								"west": {"uv": [95, 96], "uv_size": [1, 7]},
								"up": {"uv": [56, 27], "uv_size": [1, 1]},
								"down": {"uv": [56, 29], "uv_size": [1, -1]}
							}
						},
						{
							"origin": [10.5, 1, -5],
							"size": [4, 1, 6],
							"uv": {
								"north": {"uv": [99, 73], "uv_size": [4, 1]},
								"east": {"uv": [32, 31], "uv_size": [6, 1]},
								"south": {"uv": [74, 99], "uv_size": [4, 1]},
								"west": {"uv": [17, 47], "uv_size": [6, 1]},
								"up": {"uv": [28, 88], "uv_size": [4, 6]},
								"down": {"uv": [89, 30], "uv_size": [4, -6]}
							}
						},
						{
							"origin": [10.75, 2, -5],
							"size": [3.5, 0.5, 6],
							"uv": {
								"east": {"uv": [48, 62], "uv_size": [6, 1]},
								"west": {"uv": [97, 82], "uv_size": [6, 1]}
							}
						},
						{
							"origin": [10.75, 6.5, -5],
							"size": [3.5, 0.5, 6],
							"uv": {
								"east": {"uv": [97, 83], "uv_size": [6, 1]},
								"west": {"uv": [85, 97], "uv_size": [6, 1]}
							}
						},
						{
							"origin": [10.75, 2.5, -5],
							"size": [3.5, 4, 0.5],
							"uv": {
								"east": {"uv": [56, 59], "uv_size": [1, 4]},
								"west": {"uv": [71, 99], "uv_size": [1, 4]}
							}
						},
						{
							"origin": [10.75, 2.5, 0.5],
							"size": [3.5, 4, 0.5],
							"uv": {
								"east": {"uv": [99, 74], "uv_size": [1, 4]},
								"west": {"uv": [78, 99], "uv_size": [1, 4]}
							}
						},
						{
							"origin": [10.5, 1, 1],
							"size": [4, 7, 3],
							"uv": {
								"north": {"uv": [34, 48], "uv_size": [4, 7]},
								"east": {"uv": [32, 88], "uv_size": [3, 7]},
								"south": {"uv": [26, 62], "uv_size": [4, 7]},
								"west": {"uv": [82, 90], "uv_size": [3, 7]},
								"up": {"uv": [29, 95], "uv_size": [4, 3]},
								"down": {"uv": [66, 98], "uv_size": [4, -3]}
							}
						},
						{
							"origin": [10.5, 7, -5],
							"size": [4, 1, 6],
							"uv": {
								"north": {"uv": [99, 78], "uv_size": [4, 1]},
								"east": {"uv": [97, 96], "uv_size": [6, 1]},
								"south": {"uv": [99, 79], "uv_size": [4, 1]},
								"west": {"uv": [97, 97], "uv_size": [6, 1]},
								"up": {"uv": [66, 89], "uv_size": [4, 6]},
								"down": {"uv": [70, 95], "uv_size": [4, -6]}
							}
						}
					]
				},
				{
					"name": "bone3",
					"parent": "bb_main",
					"pivot": [24.5, 0, 0],
					"cubes": [
						{
							"origin": [15.5, 1, -8],
							"size": [4, 1, 3],
							"uv": {
								"north": {"uv": [99, 80], "uv_size": [4, 1]},
								"east": {"uv": [100, 0], "uv_size": [3, 1]},
								"south": {"uv": [99, 81], "uv_size": [4, 1]},
								"west": {"uv": [100, 1], "uv_size": [3, 1]},
								"up": {"uv": [70, 95], "uv_size": [4, 3]},
								"down": {"uv": [95, 95], "uv_size": [4, -3]}
							}
						},
						{
							"origin": [17, 2, -7.25],
							"size": [1, 5, 0.25],
							"uv": {
								"north": {"uv": [67, 99], "uv_size": [1, 5]},
								"east": {"uv": [68, 99], "uv_size": [1, 5]},
								"south": {"uv": [69, 99], "uv_size": [1, 5]},
								"west": {"uv": [70, 99], "uv_size": [1, 5]},
								"up": {"uv": [54, 62], "uv_size": [1, 1]},
								"down": {"uv": [55, 63], "uv_size": [1, -1]}
							}
						},
						{
							"origin": [15.5, 2, -7],
							"size": [4, 5, 2],
							"uv": {
								"north": {"uv": [91, 90], "uv_size": [4, 5]},
								"east": {"uv": [25, 96], "uv_size": [2, 5]},
								"south": {"uv": [92, 11], "uv_size": [4, 5]},
								"west": {"uv": [50, 96], "uv_size": [2, 5]},
								"up": {"uv": [71, 61], "uv_size": [4, 2]},
								"down": {"uv": [75, 63], "uv_size": [4, -2]}
							}
						},
						{
							"origin": [15.5, 7, -8],
							"size": [4, 1, 3],
							"uv": {
								"north": {"uv": [82, 99], "uv_size": [4, 1]},
								"east": {"uv": [100, 2], "uv_size": [3, 1]},
								"south": {"uv": [99, 84], "uv_size": [4, 1]},
								"west": {"uv": [100, 3], "uv_size": [3, 1]},
								"up": {"uv": [96, 11], "uv_size": [4, 3]},
								"down": {"uv": [13, 99], "uv_size": [4, -3]}
							}
						},
						{
							"origin": [15.5, 1, -8.5],
							"size": [1, 7, 0.5],
							"uv": {
								"north": {"uv": [96, 96], "uv_size": [1, 7]},
								"east": {"uv": [0, 97], "uv_size": [1, 7]},
								"south": {"uv": [1, 97], "uv_size": [1, 7]},
								"west": {"uv": [2, 97], "uv_size": [1, 7]},
								"up": {"uv": [76, 24], "uv_size": [1, 1]},
								"down": {"uv": [77, 35], "uv_size": [1, -1]}
							}
						},
						{
							"origin": [18.5, 1, -8.5],
							"size": [1, 7, 0.5],
							"uv": {
								"north": {"uv": [3, 97], "uv_size": [1, 7]},
								"east": {"uv": [4, 97], "uv_size": [1, 7]},
								"south": {"uv": [5, 97], "uv_size": [1, 7]},
								"west": {"uv": [6, 97], "uv_size": [1, 7]},
								"up": {"uv": [78, 34], "uv_size": [1, 1]},
								"down": {"uv": [79, 62], "uv_size": [1, -1]}
							}
						},
						{
							"origin": [15.5, 1, -5],
							"size": [4, 1, 6],
							"uv": {
								"north": {"uv": [99, 85], "uv_size": [4, 1]},
								"east": {"uv": [98, 6], "uv_size": [6, 1]},
								"south": {"uv": [86, 99], "uv_size": [4, 1]},
								"west": {"uv": [7, 98], "uv_size": [6, 1]},
								"up": {"uv": [50, 90], "uv_size": [4, 6]},
								"down": {"uv": [54, 96], "uv_size": [4, -6]}
							}
						},
						{
							"origin": [15.75, 2, -5],
							"size": [3.5, 0.5, 6],
							"uv": {
								"east": {"uv": [98, 7], "uv_size": [6, 1]},
								"west": {"uv": [98, 8], "uv_size": [6, 1]}
							}
						},
						{
							"origin": [15.75, 6.5, -5],
							"size": [3.5, 0.5, 6],
							"uv": {
								"east": {"uv": [66, 98], "uv_size": [6, 1]},
								"west": {"uv": [85, 98], "uv_size": [6, 1]}
							}
						},
						{
							"origin": [15.75, 2.5, -5],
							"size": [3.5, 4, 0.5],
							"uv": {
								"east": {"uv": [79, 99], "uv_size": [1, 4]},
								"west": {"uv": [99, 86], "uv_size": [1, 4]}
							}
						},
						{
							"origin": [15.75, 2.5, 0.5],
							"size": [3.5, 4, 0.5],
							"uv": {
								"east": {"uv": [90, 99], "uv_size": [1, 4]},
								"west": {"uv": [97, 99], "uv_size": [1, 4]}
							}
						},
						{
							"origin": [15.5, 1, 1],
							"size": [4, 7, 3],
							"uv": {
								"north": {"uv": [30, 62], "uv_size": [4, 7]},
								"east": {"uv": [85, 90], "uv_size": [3, 7]},
								"south": {"uv": [35, 85], "uv_size": [4, 7]},
								"west": {"uv": [88, 90], "uv_size": [3, 7]},
								"up": {"uv": [17, 96], "uv_size": [4, 3]},
								"down": {"uv": [21, 99], "uv_size": [4, -3]}
							}
						},
						{
							"origin": [15.5, 7, -5],
							"size": [4, 1, 6],
							"uv": {
								"north": {"uv": [99, 92], "uv_size": [4, 1]},
								"east": {"uv": [97, 98], "uv_size": [6, 1]},
								"south": {"uv": [99, 93], "uv_size": [4, 1]},
								"west": {"uv": [7, 99], "uv_size": [6, 1]},
								"up": {"uv": [74, 90], "uv_size": [4, 6]},
								"down": {"uv": [78, 96], "uv_size": [4, -6]}
							}
						}
					]
				},
				{
					"name": "bone",
					"parent": "bb_main",
					"pivot": [0, 18, 8],
					"rotation": [-37.5, 0, 0],
					"cubes": [
						{
							"origin": [-13, 18.5, 26],
							"size": [12.5, 0.5, 1],
							"pivot": [-18, 2, 13],
							"rotation": [0, 90, 0],
							"uv": {
								"north": {"uv": [95, 34], "uv_size": [13, 1]},
								"east": {"uv": [67, 88], "uv_size": [1, 1]},
								"south": {"uv": [95, 35], "uv_size": [13, 1]},
								"west": {"uv": [21, 89], "uv_size": [1, 1]},
								"up": {"uv": [95, 44], "uv_size": [13, 1]},
								"down": {"uv": [95, 46], "uv_size": [13, -1]}
							}
						},
						{
							"origin": [-12, 17.25, 25.25],
							"size": [3, 1.75, 2.5],
							"inflate": -0.001,
							"pivot": [-18, 2, 13],
							"rotation": [0, 90, 0],
							"uv": {
								"north": {"uv": [47, 99], "uv_size": [3, 2]},
								"east": {"uv": [52, 99], "uv_size": [3, 2]},
								"south": {"uv": [55, 99], "uv_size": [3, 2]},
								"west": {"uv": [58, 99], "uv_size": [3, 2]},
								"up": {"uv": [96, 68], "uv_size": [3, 3]},
								"down": {"uv": [96, 74], "uv_size": [3, -3]}
							}
						},
						{
							"origin": [-3.25, 18.5, 25.5],
							"size": [2.25, 0.75, 2.25],
							"pivot": [-18, 2.25, 13],
							"rotation": [0, 90, 0],
							"uv": {
								"north": {"uv": [55, 25], "uv_size": [2, 1]},
								"east": {"uv": [55, 26], "uv_size": [2, 1]},
								"south": {"uv": [37, 71], "uv_size": [2, 1]},
								"west": {"uv": [71, 38], "uv_size": [2, 1]},
								"up": {"uv": [38, 29], "uv_size": [2, 2]},
								"down": {"uv": [49, 27], "uv_size": [2, -2]}
							}
						},
						{
							"origin": [-3.25, 18, 25.5],
							"size": [2.25, 1, 1.25],
							"pivot": [-18, 2.75, 13],
							"rotation": [0, 90, 0],
							"uv": {
								"north": {"uv": [39, 71], "uv_size": [2, 1]},
								"east": {"uv": [43, 71], "uv_size": [1, 1]},
								"south": {"uv": [71, 39], "uv_size": [2, 1]},
								"west": {"uv": [71, 43], "uv_size": [1, 1]},
								"up": {"uv": [71, 40], "uv_size": [2, 1]},
								"down": {"uv": [41, 72], "uv_size": [2, -1]}
							}
						},
						{
							"origin": [-10.0061, 32.18934, 25.9375],
							"size": [2.25, 0.91421, 0.8125],
							"pivot": [-24.7561, 16.93934, 13],
							"rotation": [0, 90, 45],
							"uv": {
								"north": {"uv": [51, 25], "uv_size": [2, 1]},
								"east": {"uv": [71, 41], "uv_size": [1, 1]},
								"south": {"uv": [51, 26], "uv_size": [2, 1]},
								"west": {"uv": [71, 42], "uv_size": [1, 1]},
								"up": {"uv": [53, 25], "uv_size": [2, 1]},
								"down": {"uv": [53, 27], "uv_size": [2, -1]}
							}
						},
						{
							"origin": [-11.6875, 17.75, 25.125],
							"size": [0.6875, 0.6875, 2.75],
							"pivot": [-18, 2, 13],
							"rotation": [0, 90, 0],
							"uv": {
								"north": {"uv": [35, 29], "uv_size": [1, 1]},
								"east": {"uv": [32, 29], "uv_size": [3, 1]},
								"south": {"uv": [35, 30], "uv_size": [1, 1]},
								"west": {"uv": [32, 30], "uv_size": [3, 1]},
								"up": {"uv": [71, 35], "uv_size": [1, 3]},
								"down": {"uv": [36, 74], "uv_size": [1, -3]}
							}
						},
						{
							"origin": [-13, 19, 25],
							"size": [13, 1, 3],
							"pivot": [-18, 2, 13],
							"rotation": [0, 90, 0],
							"uv": {
								"north": {"uv": [95, 46], "uv_size": [13, 1]},
								"east": {"uv": [7, 100], "uv_size": [3, 1]},
								"south": {"uv": [95, 90], "uv_size": [13, 1]},
								"west": {"uv": [10, 100], "uv_size": [3, 1]},
								"up": {"uv": [86, 79], "uv_size": [13, 3]},
								"down": {"uv": [74, 90], "uv_size": [13, -3]}
							}
						},
						{
							"origin": [-19.2132, 33.05025, 25],
							"size": [13, 0.70711, 0.70711],
							"pivot": [-24.2132, 15.75736, 13],
							"rotation": [0, 90, 45],
							"uv": {
								"north": {"uv": [95, 46], "uv_size": [13, 1]},
								"east": {"uv": [7, 100], "uv_size": [3, 1]},
								"south": {"uv": [95, 90], "uv_size": [13, 1]},
								"west": {"uv": [10, 100], "uv_size": [3, 1]},
								"up": {"uv": [86, 79], "uv_size": [13, 3]},
								"down": {"uv": [74, 90], "uv_size": [13, -3]}
							}
						},
						{
							"origin": [-12, 20, 26],
							"size": [11, 0.0625, 0.9375],
							"pivot": [-18, 2, 13],
							"rotation": [0, 90, 0],
							"uv": {
								"north": {"uv": [96, 29], "uv_size": [11, 1]},
								"east": {"uv": [21, 90], "uv_size": [1, 1]},
								"south": {"uv": [96, 38], "uv_size": [11, 1]},
								"west": {"uv": [90, 33], "uv_size": [1, 1]},
								"up": {"uv": [96, 39], "uv_size": [11, 1]},
								"down": {"uv": [96, 41], "uv_size": [11, -1]}
							}
						},
						{
							"origin": [23, 19, 43],
							"size": [13, 1, 3],
							"pivot": [0, 2, 31],
							"rotation": [0, 90, 0],
							"uv": {
								"north": {"uv": [95, 32], "uv_size": [13, 1]},
								"east": {"uv": [100, 4], "uv_size": [3, 1]},
								"south": {"uv": [95, 33], "uv_size": [13, 1]},
								"west": {"uv": [100, 5], "uv_size": [3, 1]},
								"up": {"uv": [74, 84], "uv_size": [13, 3]},
								"down": {"uv": [86, 79], "uv_size": [13, -3]}
							}
						},
						{
							"origin": [10, 18, 25.5],
							"size": [2.25, 1, 1.25],
							"pivot": [27, 2.75, 13],
							"rotation": [0, -90, 0],
							"uv": {
								"north": {"uv": [41, 71], "uv_size": [-2, 1]},
								"east": {"uv": [72, 43], "uv_size": [-1, 1]},
								"south": {"uv": [73, 39], "uv_size": [-2, 1]},
								"west": {"uv": [44, 71], "uv_size": [-1, 1]},
								"up": {"uv": [73, 40], "uv_size": [-2, 1]},
								"down": {"uv": [43, 72], "uv_size": [-2, -1]}
							}
						},
						{
							"origin": [10, 18.5, 25.5],
							"size": [2.25, 0.75, 2.25],
							"pivot": [27, 2.25, 13],
							"rotation": [0, -90, 0],
							"uv": {
								"north": {"uv": [57, 25], "uv_size": [-2, 1]},
								"east": {"uv": [73, 38], "uv_size": [-2, 1]},
								"south": {"uv": [39, 71], "uv_size": [-2, 1]},
								"west": {"uv": [57, 26], "uv_size": [-2, 1]},
								"up": {"uv": [40, 29], "uv_size": [-2, 2]},
								"down": {"uv": [51, 27], "uv_size": [-2, -2]}
							}
						},
						{
							"origin": [16.7561, 32.18934, 25.9375],
							"size": [2.25, 0.91421, 0.8125],
							"pivot": [33.7561, 16.93934, 13],
							"rotation": [0, -90, -45],
							"uv": {
								"north": {"uv": [53, 25], "uv_size": [-2, 1]},
								"east": {"uv": [72, 42], "uv_size": [-1, 1]},
								"south": {"uv": [53, 26], "uv_size": [-2, 1]},
								"west": {"uv": [72, 41], "uv_size": [-1, 1]},
								"up": {"uv": [55, 25], "uv_size": [-2, 1]},
								"down": {"uv": [55, 27], "uv_size": [-2, -1]}
							}
						},
						{
							"origin": [24, 20, 44.0625],
							"size": [11, 0.0625, 0.9375],
							"pivot": [0, 2, 31],
							"rotation": [0, 90, 0],
							"uv": {
								"north": {"uv": [96, 25], "uv_size": [11, 1]},
								"east": {"uv": [21, 88], "uv_size": [1, 1]},
								"south": {"uv": [96, 26], "uv_size": [11, 1]},
								"west": {"uv": [66, 88], "uv_size": [1, 1]},
								"up": {"uv": [96, 27], "uv_size": [11, 1]},
								"down": {"uv": [96, 29], "uv_size": [11, -1]}
							}
						},
						{
							"origin": [-4.2132, 33.05025, 25],
							"size": [13, 0.70711, 0.70711],
							"pivot": [-9.2132, 15.75736, 13],
							"rotation": [0, 90, 45],
							"uv": {
								"north": {"uv": [95, 46], "uv_size": [13, 1]},
								"east": {"uv": [7, 100], "uv_size": [3, 1]},
								"south": {"uv": [95, 90], "uv_size": [13, 1]},
								"west": {"uv": [10, 100], "uv_size": [3, 1]},
								"up": {"uv": [86, 79], "uv_size": [13, 3]},
								"down": {"uv": [74, 90], "uv_size": [13, -3]}
							}
						},
						{
							"origin": [24, 17.25, 43.25],
							"size": [3, 1.75, 2.5],
							"inflate": -0.001,
							"pivot": [0, 2, 31],
							"rotation": [0, 90, 0],
							"uv": {
								"north": {"uv": [29, 98], "uv_size": [3, 2]},
								"east": {"uv": [35, 98], "uv_size": [3, 2]},
								"south": {"uv": [13, 99], "uv_size": [3, 2]},
								"west": {"uv": [16, 99], "uv_size": [3, 2]},
								"up": {"uv": [60, 96], "uv_size": [3, 3]},
								"down": {"uv": [96, 65], "uv_size": [3, -3]}
							}
						},
						{
							"origin": [-11.6875, 17.75, 43.125],
							"size": [0.6875, 0.6875, 2.75],
							"pivot": [-18, 2, 13],
							"rotation": [0, 90, 0],
							"uv": {
								"north": {"uv": [35, 29], "uv_size": [1, 1]},
								"east": {"uv": [32, 29], "uv_size": [3, 1]},
								"south": {"uv": [35, 30], "uv_size": [1, 1]},
								"west": {"uv": [32, 30], "uv_size": [3, 1]},
								"up": {"uv": [71, 35], "uv_size": [1, 3]},
								"down": {"uv": [36, 74], "uv_size": [1, -3]}
							}
						},
						{
							"origin": [23, 18.5, 44],
							"size": [12.5, 0.5, 1],
							"pivot": [0, 2, 31],
							"rotation": [0, 90, 0],
							"uv": {
								"north": {"uv": [92, 36], "uv_size": [13, 1]},
								"east": {"uv": [79, 62], "uv_size": [1, 1]},
								"south": {"uv": [92, 37], "uv_size": [13, 1]},
								"west": {"uv": [25, 82], "uv_size": [1, 1]},
								"up": {"uv": [95, 30], "uv_size": [13, 1]},
								"down": {"uv": [95, 32], "uv_size": [13, -1]}
							}
						}
					]
				},
				{
					"name": "be53_illuminated",
					"parent": "bone",
					"pivot": [-24.7561, 16.93934, 13],
					"cubes": [
						{
							"origin": [17.2561, 32.43934, 25.9375],
							"size": [1.25, 0.47671, 0.8125],
							"inflate": 0.001,
							"pivot": [33.7561, 16.93934, 13],
							"rotation": [0, -90, -45],
							"uv": {
								"south": {"uv": [72, 44], "uv_size": [-1, 1]}
							}
						},
						{
							"origin": [-9.5061, 32.43934, 25.9375],
							"size": [1.25, 0.47671, 0.8125],
							"inflate": 0.001,
							"pivot": [-24.7561, 16.93934, 13],
							"rotation": [0, 90, 45],
							"uv": {
								"south": {"uv": [71, 44], "uv_size": [1, 1]}
							}
						}
					]
				},
				{
					"name": "bone2_illuminated",
					"parent": "bb_main",
					"pivot": [0, 0, 0]
				},
				{
					"name": "player_s",
					"parent": "bb_main",
					"pivot": [27, 15.8125, 4.6875],
					"rotation": [-5, 0, 0]
				},
				{
					"name": "hand",
					"parent": "player_s",
					"pivot": [27, 17.4125, 4.6875],
					"rotation": [-5, 0, 0]
				},
				{
					"name": "body",
					"parent": "player_s",
					"pivot": [27, 16.2125, 4.6875]
				},
				{
					"name": "lha",
					"parent": "player_s",
					"pivot": [27.4, 17.2125, 4.6875],
					"rotation": [0, 0, -7.5]
				},
				{
					"name": "rha",
					"parent": "player_s",
					"pivot": [26.6, 17.2125, 4.6875],
					"rotation": [0, 0, 7.5]
				},
				{
					"name": "rl",
					"parent": "player_s",
					"pivot": [26.8, 16.2125, 4.6875],
					"rotation": [-84.84892, 9.84655, 1.75378]
				},
				{
					"name": "ll",
					"parent": "player_s",
					"pivot": [27.2, 16.2125, 4.6875],
					"rotation": [-84.84892, -9.84655, -1.75378]
				},
				{
					"name": "player_03",
					"parent": "bb_main",
					"pivot": [20.9375, 16.8125, -3.8125],
					"rotation": [-5, 0, 0]
				},
				{
					"name": "hand2",
					"parent": "player_03",
					"pivot": [20.9375, 18.4125, -3.8125],
					"rotation": [-5, 0, 0],
					"cubes": [
						{
							"origin": [20.3625, 18.4125, -4.3875],
							"size": [1.15, 1.15, 1.15],
							"uv": {
								"north": {"uv": [282, 19], "uv_size": [8, 8]},
								"east": {"uv": [274, 19], "uv_size": [8, 8]},
								"south": {"uv": [298, 19], "uv_size": [8, 8]},
								"west": {"uv": [290, 19], "uv_size": [8, 8]},
								"up": {"uv": [282, 11], "uv_size": [8, 8]},
								"down": {"uv": [290, 19], "uv_size": [8, -8]}
							}
						},
						{
							"origin": [20.53375, 18.58375, -4.21625],
							"size": [0.8075, 0.8075, 0.8075],
							"inflate": 0.2,
							"uv": {
								"north": {"uv": [314, 19], "uv_size": [8, 8]},
								"east": {"uv": [306, 19], "uv_size": [8, 8]},
								"south": {"uv": [330, 19], "uv_size": [8, 8]},
								"west": {"uv": [322, 19], "uv_size": [8, 8]},
								"up": {"uv": [314, 11], "uv_size": [8, 8]},
								"down": {"uv": [322, 19], "uv_size": [8, -8]}
							}
						}
					]
				},
				{
					"name": "body2",
					"parent": "player_03",
					"pivot": [20.9375, 17.2125, -3.8125],
					"cubes": [
						{
							"origin": [20.5375, 17.2125, -4.0125],
							"size": [0.8, 1.2, 0.4],
							"uv": {
								"north": {"uv": [294, 31], "uv_size": [8, 12]},
								"east": {"uv": [290, 31], "uv_size": [4, 12]},
								"south": {"uv": [306, 31], "uv_size": [8, 12]},
								"west": {"uv": [302, 31], "uv_size": [4, 12]},
								"up": {"uv": [302, 31], "uv_size": [-8, -4]},
								"down": {"uv": [310, 31], "uv_size": [-8, -4]}
							}
						},
						{
							"origin": [20.7175, 17.3925, -3.8325],
							"size": [0.44, 0.84, 0.04],
							"inflate": 0.2,
							"uv": {
								"north": {"uv": [294, 47], "uv_size": [8, 12]},
								"east": {"uv": [290, 47], "uv_size": [4, 12]},
								"south": {"uv": [306, 47], "uv_size": [8, 12]},
								"west": {"uv": [302, 47], "uv_size": [4, 12]},
								"up": {"uv": [302, 47], "uv_size": [-8, -4]},
								"down": {"uv": [310, 47], "uv_size": [-8, -4]}
							}
						}
					]
				},
				{
					"name": "lha2",
					"parent": "player_03",
					"pivot": [21.3375, 18.2125, -3.8125],
					"rotation": [0, 0, -7.5],
					"cubes": [
						{
							"origin": [21.3375, 17.2125, -4.0125],
							"size": [0.4, 1.2, 0.4],
							"uv": {
								"north": {"uv": [326, 31], "uv_size": [4, 12]},
								"east": {"uv": [322, 31], "uv_size": [4, 12]},
								"south": {"uv": [318, 31], "uv_size": [4, 12]},
								"west": {"uv": [314, 31], "uv_size": [4, 12]},
								"up": {"uv": [322, 31], "uv_size": [-4, -4]},
								"down": {"uv": [326, 31], "uv_size": [-4, -4]}
							}
						},
						{
							"origin": [21.5175, 17.3925, -3.8325],
							"size": [0.04, 0.84, 0.04],
							"inflate": 0.2,
							"uv": {
								"north": {"uv": [326, 47], "uv_size": [4, 12]},
								"east": {"uv": [322, 47], "uv_size": [4, 12]},
								"south": {"uv": [318, 47], "uv_size": [4, 12]},
								"west": {"uv": [314, 47], "uv_size": [4, 12]},
								"up": {"uv": [322, 47], "uv_size": [-4, -4]},
								"down": {"uv": [326, 47], "uv_size": [-4, -4]}
							}
						}
					]
				},
				{
					"name": "rha2",
					"parent": "player_03",
					"pivot": [20.5375, 18.2125, -3.8125],
					"rotation": [0, 0, 7.5],
					"cubes": [
						{
							"origin": [20.1375, 17.2125, -4.0125],
							"size": [0.4, 1.2, 0.4],
							"uv": {
								"north": {"uv": [318, 63], "uv_size": [4, 12]},
								"east": {"uv": [314, 63], "uv_size": [4, 12]},
								"south": {"uv": [310, 63], "uv_size": [4, 12]},
								"west": {"uv": [306, 63], "uv_size": [4, 12]},
								"up": {"uv": [314, 63], "uv_size": [-4, -4]},
								"down": {"uv": [318, 63], "uv_size": [-4, -4]}
							}
						},
						{
							"origin": [20.3175, 17.3925, -3.8325],
							"size": [0.04, 0.84, 0.04],
							"inflate": 0.2,
							"uv": {
								"north": {"uv": [334, 63], "uv_size": [4, 12]},
								"east": {"uv": [330, 63], "uv_size": [4, 12]},
								"south": {"uv": [326, 63], "uv_size": [4, 12]},
								"west": {"uv": [322, 63], "uv_size": [4, 12]},
								"up": {"uv": [330, 63], "uv_size": [-4, -4]},
								"down": {"uv": [334, 63], "uv_size": [-4, -4]}
							}
						}
					]
				},
				{
					"name": "rl2",
					"parent": "player_03",
					"pivot": [20.7375, 17.2125, -3.8125],
					"rotation": [-84.84892, 9.84655, 1.75378],
					"cubes": [
						{
							"origin": [20.5375, 16.0125, -4.0125],
							"size": [0.4, 1.2, 0.4],
							"uv": {
								"north": {"uv": [278, 31], "uv_size": [4, 12]},
								"east": {"uv": [274, 31], "uv_size": [4, 12]},
								"south": {"uv": [286, 31], "uv_size": [4, 12]},
								"west": {"uv": [282, 31], "uv_size": [4, 12]},
								"up": {"uv": [282, 31], "uv_size": [-4, -4]},
								"down": {"uv": [286, 31], "uv_size": [-4, -4]}
							}
						},
						{
							"origin": [20.7175, 16.1925, -3.8325],
							"size": [0.04, 0.84, 0.04],
							"inflate": 0.2,
							"uv": {
								"north": {"uv": [278, 47], "uv_size": [4, 12]},
								"east": {"uv": [274, 47], "uv_size": [4, 12]},
								"south": {"uv": [286, 47], "uv_size": [4, 12]},
								"west": {"uv": [282, 47], "uv_size": [4, 12]},
								"up": {"uv": [282, 47], "uv_size": [-4, -4]},
								"down": {"uv": [286, 47], "uv_size": [-4, -4]}
							}
						}
					]
				},
				{
					"name": "ll2",
					"parent": "player_03",
					"pivot": [21.1375, 17.2125, -3.8125],
					"rotation": [-84.84892, -9.84655, -1.75378],
					"cubes": [
						{
							"origin": [20.9375, 16.0125, -4.0125],
							"size": [0.4, 1.2, 0.4],
							"uv": {
								"north": {"uv": [294, 63], "uv_size": [4, 12]},
								"east": {"uv": [290, 63], "uv_size": [4, 12]},
								"south": {"uv": [302, 63], "uv_size": [4, 12]},
								"west": {"uv": [298, 63], "uv_size": [4, 12]},
								"up": {"uv": [298, 63], "uv_size": [-4, -4]},
								"down": {"uv": [302, 63], "uv_size": [-4, -4]}
							}
						},
						{
							"origin": [21.1175, 16.1925, -3.8325],
							"size": [0.04, 0.84, 0.04],
							"inflate": 0.2,
							"uv": {
								"north": {"uv": [278, 63], "uv_size": [4, 12]},
								"east": {"uv": [274, 63], "uv_size": [4, 12]},
								"south": {"uv": [286, 63], "uv_size": [4, 12]},
								"west": {"uv": [282, 63], "uv_size": [4, 12]},
								"up": {"uv": [282, 63], "uv_size": [-4, -4]},
								"down": {"uv": [286, 63], "uv_size": [-4, -4]}
							}
						}
					]
				}
			]
		}
	]
}