{
	"format_version": "1.12.0",
	"minecraft:geometry": [
		{
			"description": {
				"identifier": "geometry.unknown",
				"texture_width": 512,
				"texture_height": 512,
				"visible_bounds_width": 7,
				"visible_bounds_height": 4,
				"visible_bounds_offset": [0, 1, 0]
			},
			"bones": [
				{
					"name": "bb_main",
					"pivot": [-32, 0, 0]
				},
				{
					"name": "bone_illuminated",
					"parent": "bb_main",
					"pivot": [-16.25, 0.5, -0.5],
					"cubes": [
						{
							"origin": [-5.3125, 15.0625, -4.3125],
							"size": [10.75, 1, 8.5625],
							"uv": {
								"up": {"uv": [196, 21], "uv_size": [64, 50]}
							}
						},
						{
							"origin": [2.79688, 13.5, -7.375],
							"size": [3.15625, 2, 1.125],
							"inflate": 0.001,
							"uv": {
								"up": {"uv": [33.99702, 101], "uv_size": [3.00595, 1]}
							}
						}
					]
				},
				{
					"name": "player_s2",
					"parent": "bb_main",
					"pivot": [-5, 15.8125, 4.6875],
					"rotation": [-5, 0, 0]
				},
				{
					"name": "hand3",
					"parent": "player_s2",
					"pivot": [-5, 17.4125, 4.6875],
					"rotation": [-5, 0, 0],
					"cubes": [
						{
							"origin": [-5.575, 17.4125, 4.1125],
							"size": [1.15, 1.15, 1.15],
							"uv": {
								"north": {"uv": [190, 84], "uv_size": [8, 8]},
								"east": {"uv": [182, 84], "uv_size": [8, 8]},
								"south": {"uv": [206, 84], "uv_size": [8, 8]},
								"west": {"uv": [198, 84], "uv_size": [8, 8]},
								"up": {"uv": [190, 76], "uv_size": [8, 8]},
								"down": {"uv": [198, 84], "uv_size": [8, -8]}
							}
						},
						{
							"origin": [-5.40375, 17.58375, 4.28375],
							"size": [0.8075, 0.8075, 0.8075],
							"inflate": 0.2,
							"uv": {
								"north": {"uv": [222, 84], "uv_size": [8, 8]},
								"east": {"uv": [214, 84], "uv_size": [8, 8]},
								"south": {"uv": [238, 84], "uv_size": [8, 8]},
								"west": {"uv": [230, 84], "uv_size": [8, 8]},
								"up": {"uv": [222, 76], "uv_size": [8, 8]},
								"down": {"uv": [230, 84], "uv_size": [8, -8]}
							}
						}
					]
				},
				{
					"name": "body3",
					"parent": "player_s2",
					"pivot": [-5, 16.2125, 4.6875],
					"cubes": [
						{
							"origin": [-5.4, 16.2125, 4.4875],
							"size": [0.8, 1.2, 0.4],
							"uv": {
								"north": {"uv": [202, 96], "uv_size": [8, 12]},
								"east": {"uv": [198, 96], "uv_size": [4, 12]},
								"south": {"uv": [214, 96], "uv_size": [8, 12]},
								"west": {"uv": [210, 96], "uv_size": [4, 12]},
								"up": {"uv": [210, 96], "uv_size": [-8, -4]},
								"down": {"uv": [218, 96], "uv_size": [-8, -4]}
							}
						},
						{
							"origin": [-5.22, 16.3925, 4.6675],
							"size": [0.44, 0.84, 0.04],
							"inflate": 0.2,
							"uv": {
								"north": {"uv": [202, 112], "uv_size": [8, 12]},
								"east": {"uv": [198, 112], "uv_size": [4, 12]},
								"south": {"uv": [214, 112], "uv_size": [8, 12]},
								"west": {"uv": [210, 112], "uv_size": [4, 12]},
								"up": {"uv": [210, 112], "uv_size": [-8, -4]},
								"down": {"uv": [218, 112], "uv_size": [-8, -4]}
							}
						}
					]
				},
				{
					"name": "lha3",
					"parent": "player_s2",
					"pivot": [-4.6, 17.2125, 4.6875],
					"rotation": [0, 0, -7.5],
					"cubes": [
						{
							"origin": [-4.6, 16.2125, 4.4875],
							"size": [0.275, 1.2, 0.4],
							"uv": {
								"north": {"uv": [233, 96], "uv_size": [3, 12]},
								"east": {"uv": [229, 96], "uv_size": [4, 12]},
								"south": {"uv": [226, 96], "uv_size": [3, 12]},
								"west": {"uv": [222, 96], "uv_size": [4, 12]},
								"up": {"uv": [229, 96], "uv_size": [-3, -4]},
								"down": {"uv": [232, 96], "uv_size": [-3, -4]}
							}
						},
						{
							"origin": [-4.42, 16.3925, 4.6675],
							"size": [-0.085, 0.84, 0.04],
							"inflate": 0.2,
							"uv": {
								"north": {"uv": [233, 112], "uv_size": [3, 12]},
								"east": {"uv": [229, 112], "uv_size": [4, 12]},
								"south": {"uv": [226, 112], "uv_size": [3, 12]},
								"west": {"uv": [222, 112], "uv_size": [4, 12]},
								"up": {"uv": [229, 112], "uv_size": [-3, -4]},
								"down": {"uv": [232, 112], "uv_size": [-3, -4]}
							}
						}
					]
				},
				{
					"name": "rha3",
					"parent": "player_s2",
					"pivot": [-5.4, 17.2125, 4.6875],
					"rotation": [0, 0, 7.5],
					"cubes": [
						{
							"origin": [-5.675, 16.2125, 4.4875],
							"size": [0.275, 1.2, 0.4],
							"uv": {
								"north": {"uv": [225, 128], "uv_size": [3, 12]},
								"east": {"uv": [221, 128], "uv_size": [4, 12]},
								"south": {"uv": [218, 128], "uv_size": [3, 12]},
								"west": {"uv": [214, 128], "uv_size": [4, 12]},
								"up": {"uv": [221, 128], "uv_size": [-3, -4]},
								"down": {"uv": [224, 128], "uv_size": [-3, -4]}
							}
						},
						{
							"origin": [-5.495, 16.3925, 4.6675],
							"size": [-0.085, 0.84, 0.04],
							"inflate": 0.2,
							"uv": {
								"north": {"uv": [241, 128], "uv_size": [3, 12]},
								"east": {"uv": [237, 128], "uv_size": [4, 12]},
								"south": {"uv": [234, 128], "uv_size": [3, 12]},
								"west": {"uv": [230, 128], "uv_size": [4, 12]},
								"up": {"uv": [237, 128], "uv_size": [-3, -4]},
								"down": {"uv": [240, 128], "uv_size": [-3, -4]}
							}
						}
					]
				},
				{
					"name": "rl3",
					"parent": "player_s2",
					"pivot": [-5.2, 16.2125, 4.6875],
					"rotation": [-84.84892, 9.84655, 1.75378],
					"cubes": [
						{
							"origin": [-5.4, 15.0125, 4.4875],
							"size": [0.4, 1.2, 0.4],
							"uv": {
								"north": {"uv": [186, 96], "uv_size": [4, 12]},
								"east": {"uv": [182, 96], "uv_size": [4, 12]},
								"south": {"uv": [194, 96], "uv_size": [4, 12]},
								"west": {"uv": [190, 96], "uv_size": [4, 12]},
								"up": {"uv": [190, 96], "uv_size": [-4, -4]},
								"down": {"uv": [194, 96], "uv_size": [-4, -4]}
							}
						},
						{
							"origin": [-5.22, 15.1925, 4.6675],
							"size": [0.04, 0.84, 0.04],
							"inflate": 0.2,
							"uv": {
								"north": {"uv": [186, 112], "uv_size": [4, 12]},
								"east": {"uv": [182, 112], "uv_size": [4, 12]},
								"south": {"uv": [194, 112], "uv_size": [4, 12]},
								"west": {"uv": [190, 112], "uv_size": [4, 12]},
								"up": {"uv": [190, 112], "uv_size": [-4, -4]},
								"down": {"uv": [194, 112], "uv_size": [-4, -4]}
							}
						}
					]
				},
				{
					"name": "ll3",
					"parent": "player_s2",
					"pivot": [-4.8, 16.2125, 4.6875],
					"rotation": [-84.84892, -9.84655, -1.75378],
					"cubes": [
						{
							"origin": [-5, 15.0125, 4.4875],
							"size": [0.4, 1.2, 0.4],
							"uv": {
								"north": {"uv": [202, 128], "uv_size": [4, 12]},
								"east": {"uv": [198, 128], "uv_size": [4, 12]},
								"south": {"uv": [210, 128], "uv_size": [4, 12]},
								"west": {"uv": [206, 128], "uv_size": [4, 12]},
								"up": {"uv": [206, 128], "uv_size": [-4, -4]},
								"down": {"uv": [210, 128], "uv_size": [-4, -4]}
							}
						},
						{
							"origin": [-4.82, 15.1925, 4.6675],
							"size": [0.04, 0.84, 0.04],
							"inflate": 0.2,
							"uv": {
								"north": {"uv": [186, 128], "uv_size": [4, 12]},
								"east": {"uv": [182, 128], "uv_size": [4, 12]},
								"south": {"uv": [194, 128], "uv_size": [4, 12]},
								"west": {"uv": [190, 128], "uv_size": [4, 12]},
								"up": {"uv": [190, 128], "uv_size": [-4, -4]},
								"down": {"uv": [194, 128], "uv_size": [-4, -4]}
							}
						}
					]
				},
				{
					"name": "bone",
					"parent": "bb_main",
					"pivot": [-25, 0.5, -0.5],
					"cubes": [
						{
							"origin": [-8, 12, -8],
							"size": [16, 3, 16],
							"uv": {
								"north": {"uv": [99, 62], "uv_size": [16, 3]},
								"east": {"uv": [103, 71], "uv_size": [16, 3]},
								"south": {"uv": [104, 6], "uv_size": [16, 3]},
								"west": {"uv": [105, 11], "uv_size": [16, 3]},
								"up": {"uv": [104, 98], "uv_size": [16, 16]},
								"down": {"uv": [108, 41], "uv_size": [16, -16]}
							}
						},
						{
							"origin": [-8, 0, -8],
							"size": [16, 6, 16],
							"uv": {
								"north": {"uv": [101, 49], "uv_size": [16, 6]},
								"east": {"uv": [103, 0], "uv_size": [16, 6]},
								"south": {"uv": [103, 78], "uv_size": [16, 6]},
								"west": {"uv": [103, 92], "uv_size": [16, 6]},
								"up": {"uv": [44, 101], "uv_size": [16, 16]},
								"down": {"uv": [7, 119], "uv_size": [16, -16]}
							}
						},
						{
							"origin": [-7, 14, -6],
							"size": [14, 2, 13],
							"uv": {
								"north": {"uv": [101, 42], "uv_size": [14, 2]},
								"east": {"uv": [14, 101], "uv_size": [13, 2]},
								"south": {"uv": [101, 55], "uv_size": [14, 2]},
								"west": {"uv": [102, 47], "uv_size": [13, 2]},
								"up": {"uv": [60, 104], "uv_size": [14, 13]},
								"down": {"uv": [76, 126], "uv_size": [14, -13]}
							}
						},
						{
							"origin": [3.25, 6.0625, 2.25],
							"size": [3.5, 4.0625, 4.5],
							"uv": {
								"north": {"uv": [108, 16], "uv_size": [5, 6]},
								"east": {"uv": [32, 109], "uv_size": [5, 6]},
								"south": {"uv": [37, 109], "uv_size": [5, 6]},
								"west": {"uv": [23, 111], "uv_size": [5, 6]},
								"up": {"uv": [76, 108], "uv_size": [5, 5]},
								"down": {"uv": [111, 89], "uv_size": [5, -5]}
							}
						},
						{
							"origin": [3, 5.6875, 2],
							"size": [4, 6.625, 5],
							"uv": {
								"north": {"uv": [33, 103], "uv_size": [5, 6]},
								"east": {"uv": [38, 103], "uv_size": [5, 6]},
								"south": {"uv": [23, 105], "uv_size": [5, 6]},
								"west": {"uv": [90, 105], "uv_size": [5, 6]},
								"up": {"uv": [36, 78], "uv_size": [5, 5]},
								"down": {"uv": [61, 104], "uv_size": [5, -5]}
							}
						},
						{
							"origin": [2.75, 4.9375, 1.75],
							"size": [4.5, 1.625, 5.5],
							"uv": {
								"north": {"uv": [3, 73], "uv_size": [6, 2]},
								"east": {"uv": [73, 37], "uv_size": [6, 2]},
								"south": {"uv": [73, 39], "uv_size": [6, 2]},
								"west": {"uv": [36, 83], "uv_size": [6, 2]},
								"up": {"uv": [0, 104], "uv_size": [6, 6]},
								"down": {"uv": [0, 116], "uv_size": [6, -6]}
							}
						},
						{
							"origin": [2.75, 11.6875, 1.75],
							"size": [4.5, 1.625, 5.5],
							"uv": {
								"north": {"uv": [3, 73], "uv_size": [6, 2]},
								"east": {"uv": [73, 37], "uv_size": [6, 2]},
								"south": {"uv": [73, 39], "uv_size": [6, 2]},
								"west": {"uv": [36, 83], "uv_size": [6, 2]},
								"up": {"uv": [0, 104], "uv_size": [6, 6]},
								"down": {"uv": [0, 116], "uv_size": [6, -6]}
							}
						},
						{
							"origin": [-2, 5.6875, 2],
							"size": [4, 6.625, 5],
							"uv": {
								"north": {"uv": [33, 103], "uv_size": [5, 6]},
								"east": {"uv": [38, 103], "uv_size": [5, 6]},
								"south": {"uv": [23, 105], "uv_size": [5, 6]},
								"west": {"uv": [90, 105], "uv_size": [5, 6]},
								"up": {"uv": [36, 78], "uv_size": [5, 5]},
								"down": {"uv": [61, 104], "uv_size": [5, -5]}
							}
						},
						{
							"origin": [-2.25, 11.6875, 1.75],
							"size": [4.5, 1.625, 5.5],
							"uv": {
								"north": {"uv": [3, 73], "uv_size": [6, 2]},
								"east": {"uv": [73, 37], "uv_size": [6, 2]},
								"south": {"uv": [73, 39], "uv_size": [6, 2]},
								"west": {"uv": [36, 83], "uv_size": [6, 2]},
								"up": {"uv": [0, 104], "uv_size": [6, 6]},
								"down": {"uv": [0, 116], "uv_size": [6, -6]}
							}
						},
						{
							"origin": [-2.25, 4.9375, 1.75],
							"size": [4.5, 1.625, 5.5],
							"uv": {
								"north": {"uv": [3, 73], "uv_size": [6, 2]},
								"east": {"uv": [73, 37], "uv_size": [6, 2]},
								"south": {"uv": [73, 39], "uv_size": [6, 2]},
								"west": {"uv": [36, 83], "uv_size": [6, 2]},
								"up": {"uv": [0, 104], "uv_size": [6, 6]},
								"down": {"uv": [0, 116], "uv_size": [6, -6]}
							}
						},
						{
							"origin": [-7.25, 11.6875, 1.75],
							"size": [4.5, 1.625, 5.5],
							"uv": {
								"north": {"uv": [3, 73], "uv_size": [6, 2]},
								"east": {"uv": [73, 37], "uv_size": [6, 2]},
								"south": {"uv": [73, 39], "uv_size": [6, 2]},
								"west": {"uv": [36, 83], "uv_size": [6, 2]},
								"up": {"uv": [0, 104], "uv_size": [6, 6]},
								"down": {"uv": [0, 116], "uv_size": [6, -6]}
							}
						},
						{
							"origin": [-7.25, 4.9375, 1.75],
							"size": [4.5, 1.625, 5.5],
							"uv": {
								"north": {"uv": [3, 73], "uv_size": [6, 2]},
								"east": {"uv": [73, 37], "uv_size": [6, 2]},
								"south": {"uv": [73, 39], "uv_size": [6, 2]},
								"west": {"uv": [36, 83], "uv_size": [6, 2]},
								"up": {"uv": [0, 104], "uv_size": [6, 6]},
								"down": {"uv": [0, 116], "uv_size": [6, -6]}
							}
						},
						{
							"origin": [-7, 5.6875, 2],
							"size": [4, 6.625, 5],
							"uv": {
								"north": {"uv": [33, 103], "uv_size": [5, 6]},
								"east": {"uv": [38, 103], "uv_size": [5, 6]},
								"south": {"uv": [23, 105], "uv_size": [5, 6]},
								"west": {"uv": [90, 105], "uv_size": [5, 6]},
								"up": {"uv": [36, 78], "uv_size": [5, 5]},
								"down": {"uv": [61, 104], "uv_size": [5, -5]}
							}
						},
						{
							"origin": [-1.75, 6.0625, 2.25],
							"size": [3.5, 3.0625, 4.5],
							"uv": {
								"north": {"uv": [40, 74], "uv_size": [4, 4]},
								"east": {"uv": [76, 103], "uv_size": [5, 4]},
								"south": {"uv": [113, 74], "uv_size": [4, 4]},
								"west": {"uv": [106, 84], "uv_size": [5, 4]},
								"up": {"uv": [90, 111], "uv_size": [4, 5]},
								"down": {"uv": [94, 116], "uv_size": [4, -5]}
							}
						},
						{
							"origin": [-6.75, 6.0625, 2.25],
							"size": [3.5, 3.5625, 4.5],
							"uv": {
								"north": {"uv": [114, 57], "uv_size": [4, 4]},
								"east": {"uv": [113, 16], "uv_size": [5, 4]},
								"south": {"uv": [114, 65], "uv_size": [4, 4]},
								"west": {"uv": [113, 20], "uv_size": [5, 4]},
								"up": {"uv": [98, 113], "uv_size": [4, 5]},
								"down": {"uv": [28, 119], "uv_size": [4, -5]}
							}
						},
						{
							"origin": [4, 15, 5.5],
							"size": [2, 3, 2],
							"uv": {
								"north": {"uv": [77, 45], "uv_size": [2, 3]},
								"east": {"uv": [41, 78], "uv_size": [2, 3]},
								"south": {"uv": [42, 81], "uv_size": [2, 3]},
								"west": {"uv": [63, 96], "uv_size": [2, 3]},
								"up": {"uv": [77, 35], "uv_size": [2, 2]},
								"down": {"uv": [96, 67], "uv_size": [2, -2]}
							}
						},
						{
							"origin": [-6, 15, 5.5],
							"size": [2, 1.75, 2],
							"uv": {
								"north": {"uv": [105, 16], "uv_size": [2, 2]},
								"east": {"uv": [105, 36], "uv_size": [2, 2]},
								"south": {"uv": [88, 105], "uv_size": [2, 2]},
								"west": {"uv": [106, 88], "uv_size": [2, 2]},
								"up": {"uv": [88, 107], "uv_size": [2, 2]},
								"down": {"uv": [108, 24], "uv_size": [2, -2]}
							}
						},
						{
							"origin": [-7.25, 15.5, 6.25],
							"size": [13.5, 0.75, 1],
							"uv": {
								"north": {"uv": [88, 9], "uv_size": [24, 2]},
								"east": {"uv": [36, 29], "uv_size": [1, 2]},
								"south": {"uv": [101, 14], "uv_size": [24, 2]},
								"west": {"uv": [37, 29], "uv_size": [1, 2]},
								"up": {"uv": [101, 24], "uv_size": [24, 1]},
								"down": {"uv": [101, 42], "uv_size": [24, -1]}
							}
						},
						{
							"origin": [-7, 6, -7],
							"size": [14, 6, 8],
							"uv": {
								"north": {"uv": [115, 42], "uv_size": [14, 6]},
								"east": {"uv": [32, 115], "uv_size": [8, 6]},
								"south": {"uv": [116, 114], "uv_size": [14, 6]},
								"west": {"uv": [90, 116], "uv_size": [8, 6]},
								"up": {"uv": [102, 114], "uv_size": [14, 8]},
								"down": {"uv": [116, 92], "uv_size": [14, -8]}
							}
						},
						{
							"origin": [-7, 7.75, -4.1875],
							"size": [14, 2.5, 2.375],
							"inflate": 0.001,
							"uv": {
								"west": {"uv": [324, 278], "uv_size": [20, 22]}
							}
						},
						{
							"origin": [-7, 7.75, -4.1875],
							"size": [14, 2.5, 2.375],
							"inflate": 0.001,
							"uv": {
								"east": {"uv": [344, 278], "uv_size": [-20, 22]}
							}
						},
						{
							"origin": [-6, 7, -7.5],
							"size": [2, 4, 1],
							"uv": {
								"north": {"uv": [95, 105], "uv_size": [2, 4]},
								"east": {"uv": [81, 103], "uv_size": [1, 4]},
								"south": {"uv": [28, 106], "uv_size": [2, 4]},
								"west": {"uv": [6, 104], "uv_size": [1, 4]},
								"up": {"uv": [74, 47], "uv_size": [2, 1]},
								"down": {"uv": [74, 49], "uv_size": [2, -1]}
							}
						},
						{
							"origin": [-3, 7, -7.5],
							"size": [2, 4, 1],
							"uv": {
								"north": {"uv": [95, 105], "uv_size": [2, 4]},
								"east": {"uv": [81, 103], "uv_size": [1, 4]},
								"south": {"uv": [28, 106], "uv_size": [2, 4]},
								"west": {"uv": [6, 104], "uv_size": [1, 4]},
								"up": {"uv": [74, 47], "uv_size": [2, 1]},
								"down": {"uv": [74, 49], "uv_size": [2, -1]}
							}
						},
						{
							"origin": [1, 7, -7.5],
							"size": [2, 4, 1],
							"uv": {
								"north": {"uv": [95, 105], "uv_size": [2, 4]},
								"east": {"uv": [81, 103], "uv_size": [1, 4]},
								"south": {"uv": [28, 106], "uv_size": [2, 4]},
								"west": {"uv": [6, 104], "uv_size": [1, 4]},
								"up": {"uv": [74, 47], "uv_size": [2, 1]},
								"down": {"uv": [74, 49], "uv_size": [2, -1]}
							}
						},
						{
							"origin": [4, 7, -7.5],
							"size": [2, 4, 1],
							"uv": {
								"north": {"uv": [95, 105], "uv_size": [2, 4]},
								"east": {"uv": [81, 103], "uv_size": [1, 4]},
								"south": {"uv": [28, 106], "uv_size": [2, 4]},
								"west": {"uv": [6, 104], "uv_size": [1, 4]},
								"up": {"uv": [74, 47], "uv_size": [2, 1]},
								"down": {"uv": [74, 49], "uv_size": [2, -1]}
							}
						},
						{
							"origin": [4.5, 16, 6],
							"size": [1, 3, 1],
							"uv": {
								"north": {"uv": [75, 25], "uv_size": [2, 3]},
								"east": {"uv": [75, 28], "uv_size": [2, 3]},
								"south": {"uv": [75, 31], "uv_size": [2, 3]},
								"west": {"uv": [75, 34], "uv_size": [2, 3]},
								"up": {"uv": [9, 73], "uv_size": [2, 2]},
								"down": {"uv": [11, 75], "uv_size": [2, -2]}
							}
						},
						{
							"origin": [0.5, 18, 6],
							"size": [4, 1, 1],
							"uv": {
								"north": {"uv": [75, 25], "uv_size": [2, 3]},
								"east": {"uv": [75, 28], "uv_size": [2, 3]},
								"south": {"uv": [75, 31], "uv_size": [2, 3]},
								"west": {"uv": [75, 34], "uv_size": [2, 3]},
								"up": {"uv": [9, 73], "uv_size": [2, 2]},
								"down": {"uv": [11, 75], "uv_size": [2, -2]}
							}
						},
						{
							"origin": [1.75, 13.5, -8.5],
							"size": [5.25, 2, 2.25],
							"uv": {
								"north": {"uv": [74, 96], "uv_size": [5, 2]},
								"east": {"uv": [38, 99], "uv_size": [2, 2]},
								"south": {"uv": [19, 99], "uv_size": [5, 2]},
								"west": {"uv": [44, 99], "uv_size": [2, 2]},
								"up": {"uv": [33, 101], "uv_size": [5, 2]},
								"down": {"uv": [38, 103], "uv_size": [5, -2]}
							}
						},
						{
							"origin": [-7, 13.5, -8.5],
							"size": [5.25, 2, 2.25],
							"uv": {
								"north": {"uv": [23, 103], "uv_size": [5, 2]},
								"east": {"uv": [102, 12], "uv_size": [2, 2]},
								"south": {"uv": [88, 103], "uv_size": [5, 2]},
								"west": {"uv": [103, 84], "uv_size": [2, 2]},
								"up": {"uv": [93, 103], "uv_size": [5, 2]},
								"down": {"uv": [106, 77], "uv_size": [5, -2]}
							}
						}
					]
				}
			]
		}
	]
}