{
	"format_version": "1.12.0",
	"minecraft:geometry": [
		{
			"description": {
				"identifier": "geometry.unknown",
				"texture_width": 32,
				"texture_height": 32,
				"visible_bounds_width": 3,
				"visible_bounds_height": 1.5,
				"visible_bounds_offset": [0, 0.25, 0]
			},
			"bones": [
				{
					"name": "magazine",
					"pivot": [0, 1.21318, 13.74153]
				},
				{
					"name": "bullet_in_mag",
					"parent": "magazine",
					"pivot": [0, 1.21318, 13.74153],
					"cubes": [
						{
							"origin": [-0.09375, 4.7168, 8.36486],
							"size": [0.1875, 0.1875, 1],
							"pivot": [0.1875, 4.9043, 8.61486],
							"rotation": [-10, 0, 0],
							"uv": {
								"north": {"uv": [14, 16], "uv_size": [0.5, 0.5]},
								"south": {"uv": [16, 14], "uv_size": [0.5, 0.5]},
								"west": {"uv": [13, 9], "uv_size": [1, 0.5]},
								"up": {"uv": [13, 10], "uv_size": [0.5, 1]},
								"down": {"uv": [11, 14], "uv_size": [0.5, -1]}
							}
						},
						{
							"origin": [-0.09375, 4.73416, 8.26638],
							"size": [0.1875, 0.1875, 0.1],
							"pivot": [0.1875, 4.92166, 8.51638],
							"rotation": [-10, 0, 0],
							"uv": {
								"north": {"uv": [15, 16], "uv_size": [0.5, 0.5]},
								"east": {"uv": [16, 15], "uv_size": [0.5, 0.5]},
								"south": {"uv": [16, 16], "uv_size": [0.5, 0.5]},
								"up": {"uv": [0, 17], "uv_size": [0.5, 0.5]}
							}
						},
						{
							"origin": [-0.09375, 4.90145, 8.39742],
							"size": [0.1875, 0.0875, 1],
							"pivot": [0.1875, 5.08895, 8.64742],
							"rotation": [-10, 0, 0],
							"uv": {
								"north": {"uv": [17, 0], "uv_size": [0.5, 0.5]},
								"east": {"uv": [13, 11], "uv_size": [1, 0.5]},
								"south": {"uv": [1, 17], "uv_size": [0.5, 0.5]},
								"west": {"uv": [12, 13], "uv_size": [1, 0.5]},
								"up": {"uv": [13, 12], "uv_size": [0.5, 1]},
								"down": {"uv": [13, 14], "uv_size": [0.5, -1]}
							}
						},
						{
							"origin": [-0.09375, 4.92968, 8.28206],
							"size": [0.1875, 0.09288, 0.13284],
							"pivot": [0, 4.97343, 8.37474],
							"rotation": [32.5, 0, 0],
							"uv": {
								"north": {"uv": [17, 1], "uv_size": [0.5, 0.5]},
								"east": {"uv": [2, 17], "uv_size": [0.5, 0.5]},
								"south": {"uv": [17, 2], "uv_size": [0.5, 0.5]},
								"west": {"uv": [3, 17], "uv_size": [0.5, 0.5]},
								"up": {"uv": [17, 3], "uv_size": [0.5, 0.5]},
								"down": {"uv": [4, 17.5], "uv_size": [0.5, -0.5]}
							}
						},
						{
							"origin": [0.00836, 4.81084, 8.27413],
							"size": [0.1875, 0.10823, 0.13284],
							"pivot": [0.10211, 4.85459, 8.35687],
							"rotation": [42.5, 10, 90],
							"uv": {
								"north": {"uv": [17, 4], "uv_size": [0.5, 0.5]},
								"east": {"uv": [5, 17], "uv_size": [0.5, 0.5]},
								"south": {"uv": [17, 5], "uv_size": [0.5, 0.5]},
								"west": {"uv": [6, 17], "uv_size": [0.5, 0.5]},
								"up": {"uv": [17, 6], "uv_size": [0.5, 0.5]},
								"down": {"uv": [7, 17.5], "uv_size": [0.5, -0.5]}
							}
						},
						{
							"origin": [-0.19586, 4.81084, 8.27413],
							"size": [0.1875, 0.10823, 0.13284],
							"pivot": [-0.10211, 4.85459, 8.35687],
							"rotation": [42.5, -10, -90],
							"uv": {
								"north": {"uv": [17, 7], "uv_size": [0.5, 0.5]},
								"east": {"uv": [8, 17], "uv_size": [0.5, 0.5]},
								"south": {"uv": [17, 8], "uv_size": [0.5, 0.5]},
								"west": {"uv": [9, 17], "uv_size": [0.5, 0.5]},
								"up": {"uv": [17, 9], "uv_size": [0.5, 0.5]},
								"down": {"uv": [10, 17.5], "uv_size": [0.5, -0.5]}
							}
						},
						{
							"origin": [-0.09375, 4.69286, 8.24004],
							"size": [0.1875, 0.09013, 0.13285],
							"pivot": [0, 4.73924, 8.33272],
							"rotation": [-50, 0, 0],
							"uv": {
								"north": {"uv": [17, 10], "uv_size": [0.5, 0.5]},
								"east": {"uv": [11, 17], "uv_size": [0.5, 0.5]},
								"south": {"uv": [17, 11], "uv_size": [0.5, 0.5]},
								"west": {"uv": [12, 17], "uv_size": [0.5, 0.5]},
								"up": {"uv": [17, 12], "uv_size": [0.5, 0.5]},
								"down": {"uv": [13, 17.5], "uv_size": [0.5, -0.5]}
							}
						},
						{
							"origin": [-0.09375, 4.635, 8.29974],
							"size": [0.1875, 0.0875, 1],
							"pivot": [0.1875, 4.535, 8.54974],
							"rotation": [-10, 0, 0],
							"uv": {
								"north": {"uv": [17, 13], "uv_size": [0.5, 0.5]},
								"east": {"uv": [0, 14], "uv_size": [1, 0.5]},
								"south": {"uv": [14, 17], "uv_size": [0.5, 0.5]},
								"west": {"uv": [1, 14], "uv_size": [1, 0.5]},
								"up": {"uv": [14, 2], "uv_size": [0.5, 1]},
								"down": {"uv": [3, 15], "uv_size": [0.5, -1]}
							}
						},
						{
							"origin": [0.06464, 4.90363, 8.37246],
							"size": [0.12911, 0.07027, 1],
							"pivot": [0.1, 4.94738, 8.62246],
							"rotation": [-7.10708, 7.05302, 44.56145],
							"uv": {
								"north": {"uv": [17, 14], "uv_size": [0.5, 0.5]},
								"east": {"uv": [14, 3], "uv_size": [1, 0.5]},
								"south": {"uv": [15, 17], "uv_size": [0.5, 0.5]},
								"west": {"uv": [4, 14], "uv_size": [1, 0.5]},
								"up": {"uv": [14, 5], "uv_size": [0.5, 1]},
								"down": {"uv": [6, 15], "uv_size": [0.5, -1]}
							}
						},
						{
							"origin": [-0.19375, 4.90363, 8.37246],
							"size": [0.12911, 0.07027, 1],
							"pivot": [-0.1, 4.94738, 8.62246],
							"rotation": [-7.10708, -7.05302, -44.56145],
							"uv": {
								"north": {"uv": [17, 15], "uv_size": [0.5, 0.5]},
								"east": {"uv": [14, 6], "uv_size": [1, 0.5]},
								"south": {"uv": [16, 17], "uv_size": [0.5, 0.5]},
								"west": {"uv": [7, 14], "uv_size": [1, 0.5]},
								"up": {"uv": [14, 7], "uv_size": [0.5, 1]},
								"down": {"uv": [8, 15], "uv_size": [0.5, -1]}
							}
						},
						{
							"origin": [0.04375, 4.68698, 8.33122],
							"size": [0.12911, 0.07027, 1],
							"pivot": [0.1375, 4.71349, 8.58122],
							"rotation": [-7.1071, -7.05302, -44.5615],
							"uv": {
								"north": {"uv": [17, 16], "uv_size": [0.5, 0.5]},
								"east": {"uv": [14, 8], "uv_size": [1, 0.5]},
								"south": {"uv": [17, 17], "uv_size": [0.5, 0.5]},
								"west": {"uv": [9, 14], "uv_size": [1, 0.5]},
								"up": {"uv": [14, 9], "uv_size": [0.5, 1]},
								"down": {"uv": [10, 15], "uv_size": [0.5, -1]}
							}
						},
						{
							"origin": [-0.17286, 4.68698, 8.33122],
							"size": [0.12911, 0.07027, 1],
							"pivot": [-0.1375, 4.71349, 8.58122],
							"rotation": [-7.1071, 7.05302, 44.5615],
							"uv": {
								"north": {"uv": [0, 18], "uv_size": [0.5, 0.5]},
								"east": {"uv": [14, 10], "uv_size": [1, 0.5]},
								"south": {"uv": [18, 0], "uv_size": [0.5, 0.5]},
								"west": {"uv": [11, 14], "uv_size": [1, 0.5]},
								"up": {"uv": [14, 11], "uv_size": [0.5, 1]},
								"down": {"uv": [12, 15], "uv_size": [0.5, -1]}
							}
						},
						{
							"origin": [0.09375, 4.71822, 8.34858],
							"size": [0.0875, 0.1875, 1],
							"pivot": [0.1375, 4.81197, 8.59858],
							"rotation": [-10, 0, 0],
							"uv": {
								"north": {"uv": [1, 18], "uv_size": [0.5, 0.5]},
								"east": {"uv": [14, 12], "uv_size": [1, 0.5]},
								"south": {"uv": [18, 1], "uv_size": [0.5, 0.5]},
								"west": {"uv": [13, 14], "uv_size": [1, 0.5]},
								"up": {"uv": [14, 13], "uv_size": [0.5, 1]},
								"down": {"uv": [14, 15], "uv_size": [0.5, -1]}
							}
						},
						{
							"origin": [-0.18125, 4.7168, 8.36486],
							"size": [0.0875, 0.1875, 1],
							"pivot": [-0.375, 4.9043, 8.61486],
							"rotation": [-10, 0, 0],
							"uv": {
								"north": {"uv": [2, 18], "uv_size": [0.5, 0.5]},
								"east": {"uv": [0, 15], "uv_size": [1, 0.5]},
								"south": {"uv": [18, 2], "uv_size": [0.5, 0.5]},
								"up": {"uv": [15, 0], "uv_size": [0.5, 1]},
								"down": {"uv": [1, 16], "uv_size": [0.5, -1]}
							}
						}
					]
				},
				{
					"name": "mag_extended_3",
					"parent": "magazine",
					"pivot": [4, -0.26263, 7.37672],
					"rotation": [67.5, 0, -90],
					"cubes": [
						{
							"origin": [3.625, -2.25262, 7.4193],
							"size": [0.75, 6.7375, 2.25],
							"pivot": [4, 4.10988, 9.2943],
							"rotation": [-10, 0, 0],
							"uv": {
								"north": {"uv": [0, 7], "uv_size": [1, 6.5]},
								"east": {"uv": [0, 0], "uv_size": [2.5, 6.5]},
								"south": {"uv": [1, 7], "uv_size": [1, 6.5]},
								"west": {"uv": [3, 0], "uv_size": [2.5, 6.5]},
								"up": {"uv": [9, 6], "uv_size": [1, 2.5]},
								"down": {"uv": [9, 11.5], "uv_size": [1, -2.5]}
							}
						},
						{
							"origin": [3.625, -2.64788, 9.68721],
							"size": [0.75, 1.1875, 0.25],
							"pivot": [4, 4.01462, 11.56221],
							"rotation": [-10, 0, 0],
							"uv": {
								"north": {"uv": [12, 10], "uv_size": [1, 1]},
								"east": {"uv": [15, 1], "uv_size": [0.5, 1]},
								"south": {"uv": [11, 12], "uv_size": [1, 1]},
								"west": {"uv": [2, 15], "uv_size": [0.5, 1]},
								"up": {"uv": [15, 2], "uv_size": [1, 0.5]},
								"down": {"uv": [3, 15.5], "uv_size": [1, -0.5]}
							}
						},
						{
							"origin": [3.32322, -2.24952, 8.53393],
							"size": [0.35355, 1.1875, 0.225],
							"pivot": [3.5, -1.80577, 8.75893],
							"rotation": [-14.00194, -44.13603, 9.85108],
							"uv": {
								"north": {"uv": [15, 3], "uv_size": [0.5, 1]},
								"east": {"uv": [4, 15], "uv_size": [0.5, 1]},
								"south": {"uv": [15, 4], "uv_size": [0.5, 1]},
								"west": {"uv": [5, 15], "uv_size": [0.5, 1]},
								"up": {"uv": [3, 18], "uv_size": [0.5, 0.5]},
								"down": {"uv": [18, 3.5], "uv_size": [0.5, -0.5]}
							}
						},
						{
							"origin": [4.32322, -2.24952, 8.53393],
							"size": [0.35355, 1.1875, 0.225],
							"pivot": [4.5, -1.80577, 8.75893],
							"rotation": [-14.00194, 44.13603, -9.85108],
							"uv": {
								"north": {"uv": [15, 5], "uv_size": [0.5, 1]},
								"east": {"uv": [6, 15], "uv_size": [0.5, 1]},
								"south": {"uv": [15, 6], "uv_size": [0.5, 1]},
								"west": {"uv": [7, 15], "uv_size": [0.5, 1]},
								"up": {"uv": [4, 18], "uv_size": [0.5, 0.5]},
								"down": {"uv": [18, 4.5], "uv_size": [0.5, -0.5]}
							}
						},
						{
							"origin": [3.625, -2.21376, 7.2252],
							"size": [0.75, 1.1875, 0.25],
							"pivot": [4, 4.44874, 9.1002],
							"rotation": [-10, 0, 0],
							"uv": {
								"north": {"uv": [12, 11], "uv_size": [1, 1]},
								"east": {"uv": [15, 7], "uv_size": [0.5, 1]},
								"south": {"uv": [12, 12], "uv_size": [1, 1]},
								"west": {"uv": [8, 15], "uv_size": [0.5, 1]},
								"up": {"uv": [15, 8], "uv_size": [1, 0.5]},
								"down": {"uv": [9, 15.5], "uv_size": [1, -0.5]}
							}
						},
						{
							"origin": [3.32322, -1.8154, 6.29691],
							"size": [0.35355, 1.1875, 0.225],
							"pivot": [3.5, -1.37165, 6.29691],
							"rotation": [-14.00194, 44.13603, -9.85108],
							"uv": {
								"north": {"uv": [15, 9], "uv_size": [0.5, 1]},
								"east": {"uv": [10, 15], "uv_size": [0.5, 1]},
								"south": {"uv": [15, 10], "uv_size": [0.5, 1]},
								"west": {"uv": [11, 15], "uv_size": [0.5, 1]},
								"up": {"uv": [5, 18], "uv_size": [0.5, 0.5]},
								"down": {"uv": [18, 5.5], "uv_size": [0.5, -0.5]}
							}
						},
						{
							"origin": [4.32322, -1.8154, 6.29691],
							"size": [0.35355, 1.1875, 0.225],
							"pivot": [4.5, -1.37165, 6.29691],
							"rotation": [-14.00194, -44.13603, 9.85108],
							"uv": {
								"north": {"uv": [15, 11], "uv_size": [0.5, 1]},
								"east": {"uv": [12, 15], "uv_size": [0.5, 1]},
								"south": {"uv": [15, 12], "uv_size": [0.5, 1]},
								"west": {"uv": [13, 15], "uv_size": [0.5, 1]},
								"up": {"uv": [6, 18], "uv_size": [0.5, 0.5]},
								"down": {"uv": [18, 6.5], "uv_size": [0.5, -0.5]}
							}
						},
						{
							"origin": [4.2403, 4.58299, 7.89966],
							"size": [0.09375, 0.375, 1.875],
							"pivot": [4.2403, 4.77049, 8.64966],
							"rotation": [-10, -3.5, -16.5],
							"uv": {
								"north": {"uv": [7, 18], "uv_size": [0.5, 0.5]},
								"east": {"uv": [13, 0], "uv_size": [2, 0.5]},
								"south": {"uv": [18, 7], "uv_size": [0.5, 0.5]},
								"west": {"uv": [13, 1], "uv_size": [2, 0.5]},
								"up": {"uv": [2, 13], "uv_size": [0.5, 2]},
								"down": {"uv": [13, 4], "uv_size": [0.5, -2]}
							}
						},
						{
							"origin": [3.66595, 4.58299, 7.89966],
							"size": [0.09375, 0.375, 1.875],
							"pivot": [3.7597, 4.77049, 8.64966],
							"rotation": [-10, 3.5, 16.5],
							"uv": {
								"north": {"uv": [8, 18], "uv_size": [0.5, 0.5]},
								"east": {"uv": [3, 13], "uv_size": [2, 0.5]},
								"south": {"uv": [18, 8], "uv_size": [0.5, 0.5]},
								"west": {"uv": [13, 4], "uv_size": [2, 0.5]},
								"up": {"uv": [5, 13], "uv_size": [0.5, 2]},
								"down": {"uv": [13, 7], "uv_size": [0.5, -2]}
							}
						},
						{
							"origin": [4.375, -2.15311, 6.28191],
							"size": [0.25, 1.1875, 2.25],
							"pivot": [4.75, -2.34061, 8.15691],
							"rotation": [-10, 0, 0],
							"uv": {
								"north": {"uv": [15, 13], "uv_size": [0.5, 1]},
								"east": {"uv": [10, 0], "uv_size": [2.5, 1]},
								"south": {"uv": [14, 15], "uv_size": [0.5, 1]},
								"west": {"uv": [10, 1], "uv_size": [2.5, 1]},
								"up": {"uv": [4, 10], "uv_size": [0.5, 2.5]},
								"down": {"uv": [5, 12.5], "uv_size": [0.5, -2.5]}
							}
						},
						{
							"origin": [3.375, -2.15311, 6.28191],
							"size": [0.25, 1.1875, 2.25],
							"pivot": [3.25, -2.34061, 8.15691],
							"rotation": [-10, 0, 0],
							"uv": {
								"north": {"uv": [15, 14], "uv_size": [0.5, 1]},
								"east": {"uv": [10, 2], "uv_size": [2.5, 1]},
								"south": {"uv": [15, 15], "uv_size": [0.5, 1]},
								"west": {"uv": [10, 3], "uv_size": [2.5, 1]},
								"up": {"uv": [10, 6], "uv_size": [0.5, 2.5]},
								"down": {"uv": [10, 11.5], "uv_size": [0.5, -2.5]}
							}
						},
						{
							"origin": [3.625, -0.81771, 6.21445],
							"size": [0.75, 0.1875, 0.1875],
							"pivot": [4, -0.72396, 6.40195],
							"rotation": [15, 0, 0],
							"uv": {
								"north": {"uv": [0, 16], "uv_size": [1, 0.5]},
								"east": {"uv": [9, 18], "uv_size": [0.5, 0.5]},
								"south": {"uv": [16, 0], "uv_size": [1, 0.5]},
								"west": {"uv": [18, 9], "uv_size": [0.5, 0.5]},
								"up": {"uv": [1, 16], "uv_size": [1, 0.5]},
								"down": {"uv": [16, 1.5], "uv_size": [1, -0.5]}
							}
						},
						{
							"origin": [3.8125, -0.91477, 5.85222],
							"size": [0.375, 0.1875, 0.375],
							"pivot": [3.97805, -0.82102, 6.03972],
							"rotation": [15, 0, 0],
							"uv": {
								"north": {"uv": [10, 18], "uv_size": [0.5, 0.5]},
								"east": {"uv": [18, 10], "uv_size": [0.5, 0.5]},
								"south": {"uv": [11, 18], "uv_size": [0.5, 0.5]},
								"west": {"uv": [18, 11], "uv_size": [0.5, 0.5]},
								"up": {"uv": [12, 18], "uv_size": [0.5, 0.5]},
								"down": {"uv": [18, 12.5], "uv_size": [0.5, -0.5]}
							}
						},
						{
							"origin": [3.71043, -0.91414, 5.8366],
							"size": [0.18681, 0.18741, 0.41905],
							"pivot": [3.73169, -0.82102, 6.06824],
							"rotation": [15, -25, -7.5],
							"uv": {
								"north": {"uv": [13, 18], "uv_size": [0.5, 0.5]},
								"east": {"uv": [18, 13], "uv_size": [0.5, 0.5]},
								"south": {"uv": [14, 18], "uv_size": [0.5, 0.5]},
								"west": {"uv": [18, 14], "uv_size": [0.5, 0.5]},
								"up": {"uv": [15, 18], "uv_size": [0.5, 0.5]},
								"down": {"uv": [18, 15.5], "uv_size": [0.5, -0.5]}
							}
						},
						{
							"origin": [4.10276, -0.91414, 5.8366],
							"size": [0.18681, 0.18741, 0.41905],
							"pivot": [4.26831, -0.82102, 6.06824],
							"rotation": [15, 25, 7.5],
							"uv": {
								"north": {"uv": [16, 18], "uv_size": [0.5, 0.5]},
								"east": {"uv": [18, 16], "uv_size": [0.5, 0.5]},
								"south": {"uv": [17, 18], "uv_size": [0.5, 0.5]},
								"west": {"uv": [18, 17], "uv_size": [0.5, 0.5]},
								"up": {"uv": [18, 18], "uv_size": [0.5, 0.5]},
								"down": {"uv": [0, 19.5], "uv_size": [0.5, -0.5]}
							}
						}
					]
				},
				{
					"name": "mag_extended_2",
					"parent": "magazine",
					"pivot": [0, -0.26263, 7.37672],
					"cubes": [
						{
							"origin": [-0.375, -2.25262, 7.4193],
							"size": [0.75, 6.7375, 2.25],
							"pivot": [0, 4.10988, 9.2943],
							"rotation": [-10, 0, 0],
							"uv": {
								"north": {"uv": [0, 7], "uv_size": [1, 6.5]},
								"east": {"uv": [0, 0], "uv_size": [2.5, 6.5]},
								"south": {"uv": [1, 7], "uv_size": [1, 6.5]},
								"west": {"uv": [3, 0], "uv_size": [2.5, 6.5]},
								"up": {"uv": [9, 6], "uv_size": [1, 2.5]},
								"down": {"uv": [9, 11.5], "uv_size": [1, -2.5]}
							}
						},
						{
							"origin": [-0.375, -2.64788, 9.68721],
							"size": [0.75, 1.1875, 0.25],
							"pivot": [0, 4.01462, 11.56221],
							"rotation": [-10, 0, 0],
							"uv": {
								"north": {"uv": [12, 10], "uv_size": [1, 1]},
								"east": {"uv": [15, 1], "uv_size": [0.5, 1]},
								"south": {"uv": [11, 12], "uv_size": [1, 1]},
								"west": {"uv": [2, 15], "uv_size": [0.5, 1]},
								"up": {"uv": [15, 2], "uv_size": [1, 0.5]},
								"down": {"uv": [3, 15.5], "uv_size": [1, -0.5]}
							}
						},
						{
							"origin": [-0.67678, -2.24952, 8.53393],
							"size": [0.35355, 1.1875, 0.225],
							"pivot": [-0.5, -1.80577, 8.75893],
							"rotation": [-14.00194, -44.13603, 9.85108],
							"uv": {
								"north": {"uv": [15, 3], "uv_size": [0.5, 1]},
								"east": {"uv": [4, 15], "uv_size": [0.5, 1]},
								"south": {"uv": [15, 4], "uv_size": [0.5, 1]},
								"west": {"uv": [5, 15], "uv_size": [0.5, 1]},
								"up": {"uv": [3, 18], "uv_size": [0.5, 0.5]},
								"down": {"uv": [18, 3.5], "uv_size": [0.5, -0.5]}
							}
						},
						{
							"origin": [0.32322, -2.24952, 8.53393],
							"size": [0.35355, 1.1875, 0.225],
							"pivot": [0.5, -1.80577, 8.75893],
							"rotation": [-14.00194, 44.13603, -9.85108],
							"uv": {
								"north": {"uv": [15, 5], "uv_size": [0.5, 1]},
								"east": {"uv": [6, 15], "uv_size": [0.5, 1]},
								"south": {"uv": [15, 6], "uv_size": [0.5, 1]},
								"west": {"uv": [7, 15], "uv_size": [0.5, 1]},
								"up": {"uv": [4, 18], "uv_size": [0.5, 0.5]},
								"down": {"uv": [18, 4.5], "uv_size": [0.5, -0.5]}
							}
						},
						{
							"origin": [-0.375, -2.21376, 7.2252],
							"size": [0.75, 1.1875, 0.25],
							"pivot": [0, 4.44874, 9.1002],
							"rotation": [-10, 0, 0],
							"uv": {
								"north": {"uv": [12, 11], "uv_size": [1, 1]},
								"east": {"uv": [15, 7], "uv_size": [0.5, 1]},
								"south": {"uv": [12, 12], "uv_size": [1, 1]},
								"west": {"uv": [8, 15], "uv_size": [0.5, 1]},
								"up": {"uv": [15, 8], "uv_size": [1, 0.5]},
								"down": {"uv": [9, 15.5], "uv_size": [1, -0.5]}
							}
						},
						{
							"origin": [-0.67678, -1.8154, 6.29691],
							"size": [0.35355, 1.1875, 0.225],
							"pivot": [-0.5, -1.37165, 6.29691],
							"rotation": [-14.00194, 44.13603, -9.85108],
							"uv": {
								"north": {"uv": [15, 9], "uv_size": [0.5, 1]},
								"east": {"uv": [10, 15], "uv_size": [0.5, 1]},
								"south": {"uv": [15, 10], "uv_size": [0.5, 1]},
								"west": {"uv": [11, 15], "uv_size": [0.5, 1]},
								"up": {"uv": [5, 18], "uv_size": [0.5, 0.5]},
								"down": {"uv": [18, 5.5], "uv_size": [0.5, -0.5]}
							}
						},
						{
							"origin": [0.32322, -1.8154, 6.29691],
							"size": [0.35355, 1.1875, 0.225],
							"pivot": [0.5, -1.37165, 6.29691],
							"rotation": [-14.00194, -44.13603, 9.85108],
							"uv": {
								"north": {"uv": [15, 11], "uv_size": [0.5, 1]},
								"east": {"uv": [12, 15], "uv_size": [0.5, 1]},
								"south": {"uv": [15, 12], "uv_size": [0.5, 1]},
								"west": {"uv": [13, 15], "uv_size": [0.5, 1]},
								"up": {"uv": [6, 18], "uv_size": [0.5, 0.5]},
								"down": {"uv": [18, 6.5], "uv_size": [0.5, -0.5]}
							}
						},
						{
							"origin": [0.2403, 4.58299, 7.89966],
							"size": [0.09375, 0.375, 1.875],
							"pivot": [0.2403, 4.77049, 8.64966],
							"rotation": [-10, -3.5, -16.5],
							"uv": {
								"north": {"uv": [7, 18], "uv_size": [0.5, 0.5]},
								"east": {"uv": [13, 0], "uv_size": [2, 0.5]},
								"south": {"uv": [18, 7], "uv_size": [0.5, 0.5]},
								"west": {"uv": [13, 1], "uv_size": [2, 0.5]},
								"up": {"uv": [2, 13], "uv_size": [0.5, 2]},
								"down": {"uv": [13, 4], "uv_size": [0.5, -2]}
							}
						},
						{
							"origin": [-0.33405, 4.58299, 7.89966],
							"size": [0.09375, 0.375, 1.875],
							"pivot": [-0.2403, 4.77049, 8.64966],
							"rotation": [-10, 3.5, 16.5],
							"uv": {
								"north": {"uv": [8, 18], "uv_size": [0.5, 0.5]},
								"east": {"uv": [3, 13], "uv_size": [2, 0.5]},
								"south": {"uv": [18, 8], "uv_size": [0.5, 0.5]},
								"west": {"uv": [13, 4], "uv_size": [2, 0.5]},
								"up": {"uv": [5, 13], "uv_size": [0.5, 2]},
								"down": {"uv": [13, 7], "uv_size": [0.5, -2]}
							}
						},
						{
							"origin": [0.375, -2.15311, 6.28191],
							"size": [0.25, 1.1875, 2.25],
							"pivot": [0.75, -2.34061, 8.15691],
							"rotation": [-10, 0, 0],
							"uv": {
								"north": {"uv": [15, 13], "uv_size": [0.5, 1]},
								"east": {"uv": [10, 0], "uv_size": [2.5, 1]},
								"south": {"uv": [14, 15], "uv_size": [0.5, 1]},
								"west": {"uv": [10, 1], "uv_size": [2.5, 1]},
								"up": {"uv": [4, 10], "uv_size": [0.5, 2.5]},
								"down": {"uv": [5, 12.5], "uv_size": [0.5, -2.5]}
							}
						},
						{
							"origin": [-0.625, -2.15311, 6.28191],
							"size": [0.25, 1.1875, 2.25],
							"pivot": [-0.75, -2.34061, 8.15691],
							"rotation": [-10, 0, 0],
							"uv": {
								"north": {"uv": [15, 14], "uv_size": [0.5, 1]},
								"east": {"uv": [10, 2], "uv_size": [2.5, 1]},
								"south": {"uv": [15, 15], "uv_size": [0.5, 1]},
								"west": {"uv": [10, 3], "uv_size": [2.5, 1]},
								"up": {"uv": [10, 6], "uv_size": [0.5, 2.5]},
								"down": {"uv": [10, 11.5], "uv_size": [0.5, -2.5]}
							}
						},
						{
							"origin": [-0.375, -0.81771, 6.21445],
							"size": [0.75, 0.1875, 0.1875],
							"pivot": [0, -0.72396, 6.40195],
							"rotation": [15, 0, 0],
							"uv": {
								"north": {"uv": [0, 16], "uv_size": [1, 0.5]},
								"east": {"uv": [9, 18], "uv_size": [0.5, 0.5]},
								"south": {"uv": [16, 0], "uv_size": [1, 0.5]},
								"west": {"uv": [18, 9], "uv_size": [0.5, 0.5]},
								"up": {"uv": [1, 16], "uv_size": [1, 0.5]},
								"down": {"uv": [16, 1.5], "uv_size": [1, -0.5]}
							}
						},
						{
							"origin": [-0.1875, -0.91477, 5.85222],
							"size": [0.375, 0.1875, 0.375],
							"pivot": [-0.02195, -0.82102, 6.03972],
							"rotation": [15, 0, 0],
							"uv": {
								"north": {"uv": [10, 18], "uv_size": [0.5, 0.5]},
								"east": {"uv": [18, 10], "uv_size": [0.5, 0.5]},
								"south": {"uv": [11, 18], "uv_size": [0.5, 0.5]},
								"west": {"uv": [18, 11], "uv_size": [0.5, 0.5]},
								"up": {"uv": [12, 18], "uv_size": [0.5, 0.5]},
								"down": {"uv": [18, 12.5], "uv_size": [0.5, -0.5]}
							}
						},
						{
							"origin": [-0.28957, -0.91414, 5.8366],
							"size": [0.18681, 0.18741, 0.41905],
							"pivot": [-0.26831, -0.82102, 6.06824],
							"rotation": [15, -25, -7.5],
							"uv": {
								"north": {"uv": [13, 18], "uv_size": [0.5, 0.5]},
								"east": {"uv": [18, 13], "uv_size": [0.5, 0.5]},
								"south": {"uv": [14, 18], "uv_size": [0.5, 0.5]},
								"west": {"uv": [18, 14], "uv_size": [0.5, 0.5]},
								"up": {"uv": [15, 18], "uv_size": [0.5, 0.5]},
								"down": {"uv": [18, 15.5], "uv_size": [0.5, -0.5]}
							}
						},
						{
							"origin": [0.10276, -0.91414, 5.8366],
							"size": [0.18681, 0.18741, 0.41905],
							"pivot": [0.26831, -0.82102, 6.06824],
							"rotation": [15, 25, 7.5],
							"uv": {
								"north": {"uv": [16, 18], "uv_size": [0.5, 0.5]},
								"east": {"uv": [18, 16], "uv_size": [0.5, 0.5]},
								"south": {"uv": [17, 18], "uv_size": [0.5, 0.5]},
								"west": {"uv": [18, 17], "uv_size": [0.5, 0.5]},
								"up": {"uv": [18, 18], "uv_size": [0.5, 0.5]},
								"down": {"uv": [0, 19.5], "uv_size": [0.5, -0.5]}
							}
						}
					]
				}
			]
		}
	]
}