{
  "slot": "sfms:attachment/slot/laser_x1",
  "model": "sfms:attachment/grip_x1_geo",
  "texture": "sfms:attachment/uv/laser_x1",
  "adapter": "sf_laser",
//   "lod": {
//          "model": "tacz:attachment/lod/laser_lopro",
//          "texture": "tacz:attachment/lod/laser_lopro"
//  },
  "sounds": {
    "install": "tacz:attachments/attachment_general_b",
    "uninstall": "tacz:attachments/attachment_general_uninstall"
  },
  "laser": {
    // 默认的镭射颜色 default laser color, 0x = #
    "default_color": "0x58ff1d",
    // 是否允许在改装界面自定义该镭射的颜色 can be customized
    "can_edit": true,
    // 激光的长度（因为是渐变，末端可能实际完全看不见）laser length
    "length": 75
  }
}