{
	"format_version": "1.12.0",
	"minecraft:geometry": [
		{
			"description": {
				"identifier": "geometry.mk14",
				"texture_width": 256,
				"texture_height": 256,
				"visible_bounds_width": 5,
				"visible_bounds_height": 4,
				"visible_bounds_offset": [0, 1, 0]
			},
			"bones": [
				{
					"name": "hd",
					"pivot": [0, -4.625, 0.4375]
				},
				{
					"name": "bone",
					"parent": "hd",
					"pivot": [0, -4.625, 0.4375]
				},
				{
					"name": "416d_light_grip",
					"parent": "bone",
					"pivot": [0, 4.19346, 2.21956],
					"cubes": [
						{
							"origin": [0.375, -0.03581, -2.2625],
							"size": [0.37044, 0.31706, 2.25],
							"uv": {
								"north": {"uv": [9, 11], "uv_size": [0.5, 0.5]},
								"east": {"uv": [8, 0], "uv_size": [2.5, 0.5]},
								"south": {"uv": [11, 9], "uv_size": [0.5, 0.5]},
								"west": {"uv": [1, 8], "uv_size": [2.5, 0.5]},
								"up": {"uv": [4, 8], "uv_size": [0.5, 2.5]}
							}
						},
						{
							"origin": [-0.77897, -0.08268, -0.52813],
							"size": [1.55794, 0.15625, 0.15625],
							"pivot": [0.03353, 0.03125, -0.375],
							"rotation": [-45, 0, 0],
							"uv": {
								"north": {"uv": [9, 12], "uv_size": [1.5, 0.5]},
								"east": {"uv": [12, 3], "uv_size": [0.5, 0.5]},
								"south": {"uv": [12, 9], "uv_size": [1.5, 0.5]},
								"west": {"uv": [12, 4], "uv_size": [0.5, 0.5]},
								"up": {"uv": [12, 10], "uv_size": [1.5, 0.5]},
								"down": {"uv": [12, 11.5], "uv_size": [1.5, -0.5]}
							}
						},
						{
							"origin": [-0.77897, -0.08268, -1.90313],
							"size": [1.55794, 0.15625, 0.15625],
							"pivot": [0.03353, 0.03125, -1.75],
							"rotation": [-45, 0, 0],
							"uv": {
								"north": {"uv": [6, 13], "uv_size": [1.5, 0.5]},
								"east": {"uv": [12, 5], "uv_size": [0.5, 0.5]},
								"south": {"uv": [8, 13], "uv_size": [1.5, 0.5]},
								"west": {"uv": [11, 12], "uv_size": [0.5, 0.5]},
								"up": {"uv": [10, 13], "uv_size": [1.5, 0.5]},
								"down": {"uv": [12, 13.5], "uv_size": [1.5, -0.5]}
							}
						},
						{
							"origin": [-0.75, -0.03581, -2.2625],
							"size": [0.37044, 0.31706, 2.25],
							"uv": {
								"north": {"uv": [10, 11], "uv_size": [0.5, 0.5]},
								"east": {"uv": [8, 4], "uv_size": [2.5, 0.5]},
								"south": {"uv": [11, 10], "uv_size": [0.5, 0.5]},
								"west": {"uv": [8, 6], "uv_size": [2.5, 0.5]},
								"up": {"uv": [5, 8], "uv_size": [0.5, 2.5]}
							}
						},
						{
							"origin": [-0.5, -0.28581, -2.2625],
							"size": [0.99544, 0.25456, 2.25],
							"uv": {
								"north": {"uv": [2, 10], "uv_size": [1, 0.5]},
								"east": {"uv": [7, 8], "uv_size": [2.5, 0.5]},
								"west": {"uv": [8, 7], "uv_size": [2.5, 0.5]},
								"up": {"uv": [1, 3], "uv_size": [1, 2.5]},
								"down": {"uv": [2, 5.5], "uv_size": [1, -2.5]}
							}
						},
						{
							"origin": [0.32, -0.20669, -2.2625],
							"size": [0.3471, 0.36, 2.25],
							"pivot": [0.5, -0.02669, -0.2625],
							"rotation": [0, 0, -45],
							"uv": {
								"north": {"uv": [11, 11], "uv_size": [0.5, 0.5]},
								"east": {"uv": [1, 9], "uv_size": [2.5, 0.5]},
								"south": {"uv": [12, 0], "uv_size": [0.5, 0.5]},
								"up": {"uv": [6, 9], "uv_size": [0.5, 2.5]},
								"down": {"uv": [7, 11.5], "uv_size": [0.5, -2.5]}
							}
						},
						{
							"origin": [-0.97612, 0.50042, -2.2625],
							"size": [0.35678, 0.35033, 2.25],
							"pivot": [0.20711, 0.68042, -0.2625],
							"rotation": [0, 0, -45],
							"uv": {
								"north": {"uv": [1, 12], "uv_size": [0.5, 0.5]},
								"east": {"uv": [9, 5], "uv_size": [2.5, 0.5]},
								"south": {"uv": [12, 1], "uv_size": [0.5, 0.5]},
								"west": {"uv": [8, 9], "uv_size": [2.5, 0.5]},
								"down": {"uv": [0, 12.5], "uv_size": [0.5, -2.5]}
							}
						},
						{
							"origin": [-0.5, -0.28581, -0.0125],
							"size": [0.99544, 0.09831, 3],
							"uv": {
								"east": {"uv": [4, 1], "uv_size": [3, 0.5]},
								"south": {"uv": [3, 10], "uv_size": [1, 0.5]},
								"west": {"uv": [4, 2], "uv_size": [3, 0.5]},
								"down": {"uv": [0, 3], "uv_size": [1, -3]}
							}
						},
						{
							"origin": [-0.63035, -0.23165, -0.0125],
							"size": [0.12615, 0.1326, 3],
							"pivot": [-0.5053, -0.0991, 1.6125],
							"rotation": [0, 0, -45],
							"uv": {
								"east": {"uv": [5, 4], "uv_size": [3, 0.5]},
								"south": {"uv": [2, 12], "uv_size": [0.5, 0.5]},
								"up": {"uv": [5, 5], "uv_size": [0.5, 3]}
							}
						},
						{
							"origin": [0.01609, -0.3781, -0.0125],
							"size": [0.12615, 0.1326, 3],
							"pivot": [0.14114, 0.25445, 1.6125],
							"rotation": [0, 0, -45],
							"uv": {
								"east": {"uv": [0, 6], "uv_size": [3, 0.5]},
								"south": {"uv": [12, 2], "uv_size": [0.5, 0.5]},
								"west": {"uv": [6, 5], "uv_size": [3, 0.5]},
								"down": {"uv": [6, 9], "uv_size": [0.5, -3]}
							}
						},
						{
							"origin": [-0.59375, -0.19206, -0.0125],
							"size": [1.18294, 0.16081, 3],
							"uv": {
								"north": {"uv": [10, 10], "uv_size": [1, 0.5]},
								"east": {"uv": [3, 12], "uv_size": [3, 0.5]},
								"south": {"uv": [11, 0], "uv_size": [1, 0.5]},
								"west": {"uv": [6, 12], "uv_size": [3, 0.5]},
								"up": {"uv": [12, 6], "uv_size": [1, 3]},
								"down": {"uv": [13, 9], "uv_size": [1, -3]}
							}
						},
						{
							"origin": [-0.5, -0.53546, -1.51075],
							"size": [0.99544, 0.19171, 3.24825],
							"pivot": [0, -1.40625, -0.5125],
							"rotation": [-22.5, 0, 0],
							"uv": {
								"east": {"uv": [7, 2], "uv_size": [3, 0.5]},
								"south": {"uv": [10, 8], "uv_size": [1, 0.5]},
								"west": {"uv": [7, 3], "uv_size": [3, 0.5]},
								"up": {"uv": [0, 3], "uv_size": [1, 3]},
								"down": {"uv": [3, 3], "uv_size": [1, -3]}
							}
						},
						{
							"origin": [-0.5, -0.53546, 1.73925],
							"size": [0.99544, 1.50421, 0.49825],
							"pivot": [0, -1.40625, -0.5125],
							"rotation": [-22.5, 0, 0],
							"uv": {
								"north": {"uv": [7, 6], "uv_size": [1, 1.5]},
								"east": {"uv": [1, 10], "uv_size": [0.5, 1.5]},
								"south": {"uv": [0, 8], "uv_size": [1, 1.5]},
								"west": {"uv": [10, 1], "uv_size": [0.5, 1.5]},
								"down": {"uv": [9, 10.5], "uv_size": [1, -0.5]}
							}
						},
						{
							"origin": [-0.5, -0.53447, -2.29053],
							"size": [0.99544, 0.25322, 0.24678],
							"pivot": [0, -0.375, -1.98125],
							"rotation": [-45, 0, 0],
							"uv": {
								"north": {"uv": [6, 47], "uv_size": [1, 0.5]},
								"east": {"uv": [52, 38], "uv_size": [0.5, 0.5]},
								"south": {"uv": [6, 48], "uv_size": [1, 0.5]},
								"west": {"uv": [52, 48], "uv_size": [0.5, 0.5]},
								"up": {"uv": [51, 38], "uv_size": [1, 0.5]},
								"down": {"uv": [51, 48.5], "uv_size": [1, -0.5]}
							}
						},
						{
							"origin": [-0.5, -0.78546, 1.8955],
							"size": [0.99544, 0.25421, 0.23263],
							"pivot": [0, -1.40625, -0.5125],
							"rotation": [-22.5, 0, 0],
							"uv": {
								"east": {"uv": [12, 12], "uv_size": [0.5, 0.5]},
								"south": {"uv": [11, 2], "uv_size": [1, 0.5]},
								"west": {"uv": [0, 13], "uv_size": [0.5, 0.5]},
								"down": {"uv": [3, 11.5], "uv_size": [1, -0.5]}
							}
						},
						{
							"origin": [-0.5, -1.72674, 1.90741],
							"size": [0.99544, 0.35309, 0.17875],
							"pivot": [0, -1.63403, 1.99766],
							"rotation": [22.5, 0, 0],
							"uv": {
								"north": {"uv": [11, 3], "uv_size": [1, 0.5]},
								"east": {"uv": [13, 0], "uv_size": [0.5, 0.5]},
								"west": {"uv": [1, 13], "uv_size": [0.5, 0.5]},
								"up": {"uv": [4, 11], "uv_size": [1, 0.5]},
								"down": {"uv": [11, 4.5], "uv_size": [1, -0.5]}
							}
						},
						{
							"origin": [-0.5, -1.82801, 2.08373],
							"size": [0.99544, 0.18022, 0.27397],
							"pivot": [0, -1.73629, 2.1442],
							"rotation": [45, 0, 0],
							"uv": {
								"north": {"uv": [5, 11], "uv_size": [1, 0.5]},
								"east": {"uv": [13, 1], "uv_size": [0.5, 0.5]},
								"west": {"uv": [2, 13], "uv_size": [0.5, 0.5]},
								"down": {"uv": [11, 6.5], "uv_size": [1, -0.5]}
							}
						},
						{
							"origin": [-0.375, -0.59796, -1.57325],
							"size": [0.74544, 0.31671, 3.37325],
							"pivot": [0, -1.40625, -0.5125],
							"rotation": [-22.5, 0, 0],
							"uv": {
								"north": {"uv": [13, 2], "uv_size": [0.5, 0.5]},
								"east": {"uv": [3, 3], "uv_size": [3.5, 0.5]},
								"west": {"uv": [4, 0], "uv_size": [3.5, 0.5]},
								"up": {"uv": [3, 4], "uv_size": [0.5, 3.5]},
								"down": {"uv": [4, 7.5], "uv_size": [0.5, -3.5]}
							}
						},
						{
							"origin": [-0.5, -0.30778, -0.03511],
							"size": [0.99544, 0.14385, 0.05928],
							"pivot": [0, -0.26549, -0.0774],
							"rotation": [-45, 0, 0],
							"uv": {
								"east": {"uv": [3, 13], "uv_size": [0.5, 0.5]},
								"south": {"uv": [11, 7], "uv_size": [1, 0.5]},
								"west": {"uv": [13, 3], "uv_size": [0.5, 0.5]}
							}
						},
						{
							"origin": [-0.5, -0.46207, -0.45602],
							"size": [0.99544, 0.19206, 0.42187],
							"uv": {
								"east": {"uv": [4, 13], "uv_size": [0.5, 0.5]},
								"south": {"uv": [8, 11], "uv_size": [1, 0.5]},
								"west": {"uv": [13, 4], "uv_size": [0.5, 0.5]}
							}
						},
						{
							"origin": [-0.5, -0.47382, 2.27884],
							"size": [0.99544, 0.33134, 0.15947],
							"pivot": [0, -0.33779, 2.34456],
							"rotation": [45, 0, 0],
							"uv": {
								"north": {"uv": [11, 8], "uv_size": [1, 0.5]},
								"east": {"uv": [5, 13], "uv_size": [0.5, 0.5]},
								"west": {"uv": [13, 5], "uv_size": [0.5, 0.5]}
							}
						}
					]
				},
				{
					"name": "bone18",
					"parent": "416d_light_grip",
					"pivot": [0.21783, -0.84375, -2.73038],
					"rotation": [45, 0, 0],
					"cubes": [
						{
							"origin": [-0.5, -1.03581, -2.2],
							"size": [0.99544, 0.31706, 0.1875],
							"uv": {
								"north": {"uv": [40, 23], "uv_size": [1, 0.5]},
								"east": {"uv": [42, 0], "uv_size": [0.5, 0.5]},
								"south": {"uv": [40, 28], "uv_size": [1, 0.5]},
								"west": {"uv": [7, 42], "uv_size": [0.5, 0.5]},
								"up": {"uv": [41, 0], "uv_size": [1, 0.5]},
								"down": {"uv": [7, 41.5], "uv_size": [1, -0.5]}
							}
						},
						{
							"origin": [-0.26563, -0.97331, -2.2625],
							"size": [0.52669, 0.28581, 0.21875],
							"uv": {
								"north": {"uv": [45, 23], "uv_size": [0.5, 0.5]},
								"east": {"uv": [45, 28], "uv_size": [0.5, 0.5]},
								"south": {"uv": [6, 46], "uv_size": [0.5, 0.5]},
								"west": {"uv": [53, 38], "uv_size": [0.5, 0.5]},
								"up": {"uv": [53, 48], "uv_size": [0.5, 0.5]},
								"down": {"uv": [54, 38.5], "uv_size": [0.5, -0.5]}
							}
						},
						{
							"origin": [-0.20313, -0.97331, -2.2],
							"size": [0.40169, 0.28581, 0.09375],
							"inflate": 0.001,
							"uv": {
								"up": {"uv": [6, 45], "uv_size": [0.5, 0.5]}
							}
						},
						{
							"origin": [-0.3125, -1.03581, -2.3875],
							"size": [0.62044, 0.31706, 0.1875],
							"uv": {
								"north": {"uv": [17, 41], "uv_size": [0.5, 0.5]},
								"east": {"uv": [18, 41], "uv_size": [0.5, 0.5]},
								"west": {"uv": [20, 41], "uv_size": [0.5, 0.5]},
								"up": {"uv": [41, 23], "uv_size": [0.5, 0.5]},
								"down": {"uv": [41, 28.5], "uv_size": [0.5, -0.5]}
							}
						},
						{
							"origin": [0.17995, -1.03581, -2.32938],
							"size": [0.26188, 0.31706, 0.26188],
							"pivot": [0.3125, -0.84375, -2.20005],
							"rotation": [0, -45, 0],
							"uv": {
								"north": {"uv": [17, 42], "uv_size": [0.5, 0.5]},
								"east": {"uv": [18, 42], "uv_size": [0.5, 0.5]},
								"west": {"uv": [20, 42], "uv_size": [0.5, 0.5]},
								"up": {"uv": [42, 23], "uv_size": [0.5, 0.5]},
								"down": {"uv": [42, 28.5], "uv_size": [0.5, -0.5]}
							}
						},
						{
							"origin": [0.08528, -1.03581, -2.10971],
							"size": [0.26188, 0.31706, 0.26188],
							"pivot": [0.21783, -0.84375, -2.73038],
							"rotation": [0, -45, 0],
							"uv": {
								"north": {"uv": [43, 0], "uv_size": [0.5, 0.5]},
								"east": {"uv": [43, 23], "uv_size": [0.5, 0.5]},
								"south": {"uv": [43, 28], "uv_size": [0.5, 0.5]},
								"up": {"uv": [44, 23], "uv_size": [0.5, 0.5]},
								"down": {"uv": [44, 28.5], "uv_size": [0.5, -0.5]}
							}
						}
					]
				},
				{
					"name": "bone20",
					"parent": "bone",
					"pivot": [0, -0.625, 0.5],
					"rotation": [45, 0, 0],
					"cubes": [
						{
							"origin": [-0.75, 1.125, -1.5625],
							"size": [1.5, 0.5, 0.125],
							"uv": {
								"north": {"uv": [0, 0], "uv_size": [1.5, 0.5]},
								"east": {"uv": [0, 0], "uv_size": [0.125, 0.5]},
								"south": {"uv": [0, 0], "uv_size": [1.5, 0.5]},
								"west": {"uv": [0, 0], "uv_size": [0.125, 0.5]},
								"up": {"uv": [1.5, 0.125], "uv_size": [-1.5, -0.125]},
								"down": {"uv": [1.5, 0.125], "uv_size": [-1.5, -0.125]}
							}
						}
					]
				},
				{
					"name": "bone19",
					"parent": "bone20",
					"pivot": [-0.63183, -0.15758, -1.5625],
					"rotation": [0, 30, 0],
					"cubes": [
						{
							"origin": [-0.9375, 1.0625, -1.625],
							"size": [0.375, 0.125, 0.125],
							"uv": {
								"north": {"uv": [0.375, 0], "uv_size": [0.375, 0.125]},
								"east": {"uv": [0.125, 0], "uv_size": [0.125, 0.125]},
								"south": {"uv": [0.375, 0], "uv_size": [0.375, 0.125]},
								"west": {"uv": [0.125, 0], "uv_size": [0.125, 0.125]},
								"up": {"uv": [0.75, 0.125], "uv_size": [-0.375, -0.125]},
								"down": {"uv": [0.75, 0.125], "uv_size": [-0.375, -0.125]}
							}
						},
						{
							"origin": [-0.6875, 1.1875, -1.625],
							"size": [0.125, 0.375, 0.125],
							"uv": {
								"north": {"uv": [0.125, 0], "uv_size": [0.125, 0.375]},
								"east": {"uv": [0.125, 0], "uv_size": [0.125, 0.375]},
								"south": {"uv": [0.125, 0], "uv_size": [0.125, 0.375]},
								"west": {"uv": [0.125, 0], "uv_size": [0.125, 0.375]},
								"up": {"uv": [0.25, 0.125], "uv_size": [-0.125, -0.125]},
								"down": {"uv": [0.25, 0.125], "uv_size": [-0.125, -0.125]}
							}
						},
						{
							"origin": [-1.69433, 1.65758, -1.625],
							"size": [0.5, 0.125, 0.125],
							"pivot": [-0.63183, 2.90758, -1.5625],
							"rotation": [0, 0, -12.5],
							"uv": {
								"north": {"uv": [0.5, 0.125], "uv_size": [0.5, 0.125]},
								"east": {"uv": [0.125, 0.125], "uv_size": [0.125, 0.125]},
								"south": {"uv": [0.5, 0.125], "uv_size": [0.5, 0.125]},
								"west": {"uv": [0.125, 0.125], "uv_size": [0.125, 0.125]},
								"up": {"uv": [1, 0.25], "uv_size": [-0.5, -0.125]},
								"down": {"uv": [1, 0.25], "uv_size": [-0.5, -0.125]}
							}
						},
						{
							"origin": [-0.9375, 1.5625, -1.625],
							"size": [0.375, 0.125, 0.125],
							"uv": {
								"north": {"uv": [0.375, 0], "uv_size": [0.375, 0.125]},
								"east": {"uv": [0.125, 0], "uv_size": [0.125, 0.125]},
								"south": {"uv": [0.375, 0], "uv_size": [0.375, 0.125]},
								"west": {"uv": [0.125, 0], "uv_size": [0.125, 0.125]},
								"up": {"uv": [0.75, 0.125], "uv_size": [-0.375, -0.125]},
								"down": {"uv": [0.75, 0.125], "uv_size": [-0.375, -0.125]}
							}
						},
						{
							"origin": [-1.42565, 1.17072, -1.625],
							"size": [0.125, 0.40856, 0.125],
							"uv": {
								"north": {"uv": [0.125, 0], "uv_size": [0.125, 0.40856]},
								"east": {"uv": [0.125, 0], "uv_size": [0.125, 0.40856]},
								"south": {"uv": [0.125, 0], "uv_size": [0.125, 0.40856]},
								"west": {"uv": [0.125, 0], "uv_size": [0.125, 0.40856]},
								"up": {"uv": [0.25, 0.125], "uv_size": [-0.125, -0.125]},
								"down": {"uv": [0.25, 0.125], "uv_size": [-0.125, -0.125]}
							}
						},
						{
							"origin": [-1.69433, 0.96742, -1.625],
							"size": [0.5, 0.125, 0.125],
							"pivot": [-0.63183, -0.15758, -1.5625],
							"rotation": [0, 0, 12.5],
							"uv": {
								"north": {"uv": [0.5, 0], "uv_size": [0.5, 0.125]},
								"east": {"uv": [0.125, 0], "uv_size": [0.125, 0.125]},
								"south": {"uv": [0.5, 0], "uv_size": [0.5, 0.125]},
								"west": {"uv": [0.125, 0], "uv_size": [0.125, 0.125]},
								"up": {"uv": [1, 0.125], "uv_size": [-0.5, -0.125]},
								"down": {"uv": [1, 0.125], "uv_size": [-0.5, -0.125]}
							}
						}
					]
				},
				{
					"name": "bone21",
					"parent": "bone20",
					"pivot": [0.63183, -0.15758, -1.5625],
					"rotation": [0, -30, 0],
					"cubes": [
						{
							"origin": [0.5625, 1.0625, -1.625],
							"size": [0.375, 0.125, 0.125],
							"uv": {
								"north": {"uv": [0.75, 0], "uv_size": [0.375, 0.125]},
								"east": {"uv": [0.25, 0], "uv_size": [0.125, 0.125]},
								"south": {"uv": [0.75, 0], "uv_size": [0.375, 0.125]},
								"west": {"uv": [0.25, 0], "uv_size": [0.125, 0.125]},
								"up": {"uv": [1.125, 0.125], "uv_size": [-0.375, -0.125]},
								"down": {"uv": [1.125, 0.125], "uv_size": [-0.375, -0.125]}
							}
						},
						{
							"origin": [0.5625, 1.1875, -1.625],
							"size": [0.125, 0.375, 0.125],
							"uv": {
								"north": {"uv": [0.25, 0], "uv_size": [0.125, 0.375]},
								"east": {"uv": [0.25, 0], "uv_size": [0.125, 0.375]},
								"south": {"uv": [0.25, 0], "uv_size": [0.125, 0.375]},
								"west": {"uv": [0.25, 0], "uv_size": [0.125, 0.375]},
								"up": {"uv": [0.375, 0.125], "uv_size": [-0.125, -0.125]},
								"down": {"uv": [0.375, 0.125], "uv_size": [-0.125, -0.125]}
							}
						},
						{
							"origin": [1.19433, 1.65758, -1.625],
							"size": [0.5, 0.125, 0.125],
							"pivot": [0.63183, 2.90758, -1.5625],
							"rotation": [0, 0, 12.5],
							"uv": {
								"north": {"uv": [1, 0.125], "uv_size": [0.5, 0.125]},
								"east": {"uv": [0.25, 0.125], "uv_size": [0.125, 0.125]},
								"south": {"uv": [1, 0.125], "uv_size": [0.5, 0.125]},
								"west": {"uv": [0.25, 0.125], "uv_size": [0.125, 0.125]},
								"up": {"uv": [1.5, 0.25], "uv_size": [-0.5, -0.125]},
								"down": {"uv": [1.5, 0.25], "uv_size": [-0.5, -0.125]}
							}
						},
						{
							"origin": [0.5625, 1.5625, -1.625],
							"size": [0.375, 0.125, 0.125],
							"uv": {
								"north": {"uv": [0.75, 0], "uv_size": [0.375, 0.125]},
								"east": {"uv": [0.25, 0], "uv_size": [0.125, 0.125]},
								"south": {"uv": [0.75, 0], "uv_size": [0.375, 0.125]},
								"west": {"uv": [0.25, 0], "uv_size": [0.125, 0.125]},
								"up": {"uv": [1.125, 0.125], "uv_size": [-0.375, -0.125]},
								"down": {"uv": [1.125, 0.125], "uv_size": [-0.375, -0.125]}
							}
						},
						{
							"origin": [1.30065, 1.17072, -1.625],
							"size": [0.125, 0.40856, 0.125],
							"uv": {
								"north": {"uv": [0.25, 0], "uv_size": [0.125, 0.40856]},
								"east": {"uv": [0.25, 0], "uv_size": [0.125, 0.40856]},
								"south": {"uv": [0.25, 0], "uv_size": [0.125, 0.40856]},
								"west": {"uv": [0.25, 0], "uv_size": [0.125, 0.40856]},
								"up": {"uv": [0.375, 0.125], "uv_size": [-0.125, -0.125]},
								"down": {"uv": [0.375, 0.125], "uv_size": [-0.125, -0.125]}
							}
						},
						{
							"origin": [1.19433, 0.96742, -1.625],
							"size": [0.5, 0.125, 0.125],
							"pivot": [0.63183, -0.15758, -1.5625],
							"rotation": [0, 0, -12.5],
							"uv": {
								"north": {"uv": [1, 0], "uv_size": [0.5, 0.125]},
								"east": {"uv": [0.25, 0], "uv_size": [0.125, 0.125]},
								"south": {"uv": [1, 0], "uv_size": [0.5, 0.125]},
								"west": {"uv": [0.25, 0], "uv_size": [0.125, 0.125]},
								"up": {"uv": [1.5, 0.125], "uv_size": [-0.5, -0.125]},
								"down": {"uv": [1.5, 0.125], "uv_size": [-0.5, -0.125]}
							}
						}
					]
				},
				{
					"name": "e23_illuminated",
					"parent": "hd",
					"pivot": [0, -20.625, -7.5625],
					"rotation": [-10, 0, 0],
					"cubes": [
						{
							"origin": [11.6025, 30.4975, -7.5625],
							"size": [16.065, 0.6425, 0],
							"pivot": [10.71, 31.14, -7.5625],
							"rotation": [0, 0, 40],
							"uv": {
								"north": {"uv": [0, 66], "uv_size": [6.5, 0.5]},
								"south": {"uv": [8, 70], "uv_size": [6.5, 0.5]}
							}
						},
						{
							"origin": [6.91688, 16.63687, -7.5625],
							"size": [14.05687, 0.3925, 0],
							"pivot": [6.02437, 18.42187, -7.5625],
							"rotation": [0, 0, 37],
							"uv": {
								"north": {"uv": [70, 12], "uv_size": [5.5, 0.5]},
								"south": {"uv": [70, 13], "uv_size": [5.5, 0.5]}
							}
						},
						{
							"origin": [14.15014, 28.06824, -7.5625],
							"size": [5.355, 0.6425, 0],
							"pivot": [13.25764, 29.85324, -7.5625],
							"rotation": [0, 0, 137.5],
							"uv": {
								"north": {"uv": [58, 39], "uv_size": [2, 0.5]},
								"south": {"uv": [58, 40], "uv_size": [2, 0.5]}
							}
						},
						{
							"origin": [19.40014, 28.44324, -7.5625],
							"size": [0.355, 0.2675, 0],
							"pivot": [13.25764, 29.85324, -7.5625],
							"rotation": [0, 0, 137.5],
							"uv": {
								"north": {"uv": [58, 39], "uv_size": [2, 0.5]},
								"south": {"uv": [58, 40], "uv_size": [2, 0.5]}
							}
						},
						{
							"origin": [10.25094, 25.73251, -7.5625],
							"size": [10.59844, 0.3925, 0],
							"pivot": [9.35844, 27.51751, -7.5625],
							"rotation": [0, 0, 100],
							"uv": {
								"north": {"uv": [39, 58], "uv_size": [4, 0.5]},
								"south": {"uv": [58, 65], "uv_size": [4, 0.5]}
							}
						},
						{
							"origin": [24.65496, 20.48776, -7.5625],
							"size": [11.6025, 0.6425, 0],
							"pivot": [23.76246, 21.13026, -7.5625],
							"rotation": [0, 0, 94],
							"uv": {
								"north": {"uv": [39, 70], "uv_size": [4.5, 0.5]},
								"south": {"uv": [70, 39], "uv_size": [4.5, 0.5]}
							}
						},
						{
							"origin": [24.67096, 8.36648, -7.5625],
							"size": [6.02437, 0.3925, 0],
							"pivot": [23.77846, 8.75898, -7.5625],
							"rotation": [0, 0, 174],
							"uv": {
								"north": {"uv": [0, 71], "uv_size": [2.5, 0.5]},
								"south": {"uv": [71, 0], "uv_size": [2.5, 0.5]}
							}
						},
						{
							"origin": [24.44783, 6.75086, -7.5625],
							"size": [5.96859, 0.3925, 0],
							"pivot": [23.77846, 7.64336, -7.5625],
							"rotation": [0, 0, 174],
							"uv": {
								"north": {"uv": [71, 1], "uv_size": [2.5, 0.5]},
								"south": {"uv": [3, 71], "uv_size": [2.5, 0.5]}
							}
						},
						{
							"origin": [18.75815, 7.42023, -7.5625],
							"size": [6.41484, 0.3925, 0],
							"pivot": [18.08877, 8.31273, -7.5625],
							"rotation": [0, 0, 101.5],
							"uv": {
								"north": {"uv": [71, 4], "uv_size": [2.5, 0.5]},
								"south": {"uv": [71, 5], "uv_size": [2.5, 0.5]}
							}
						},
						{
							"origin": [17.74394, 1.01631, -7.5625],
							"size": [12.43922, 0.3925, 0],
							"pivot": [17.07457, 1.90881, -7.5625],
							"rotation": [0, 0, 126.5],
							"uv": {
								"north": {"uv": [70, 27], "uv_size": [5, 0.5]},
								"south": {"uv": [70, 28], "uv_size": [5, 0.5]}
							}
						},
						{
							"origin": [27.61009, 2.52197, -7.5625],
							"size": [7.14, 0.8925, 0],
							"pivot": [27.83321, 3.41447, -7.5625],
							"rotation": [0, 0, -141],
							"uv": {
								"north": {"uv": [35, 70], "uv_size": [3, 0.5]},
								"south": {"uv": [70, 68], "uv_size": [3, 0.5]}
							}
						},
						{
							"origin": [34.73509, 3.02197, -7.5625],
							"size": [0.4525, 0.3925, 0],
							"pivot": [27.83321, 3.41447, -7.5625],
							"rotation": [0, 0, -141],
							"uv": {
								"north": {"uv": [35, 70], "uv_size": [3, 0.5]},
								"south": {"uv": [70, 68], "uv_size": [3, 0.5]}
							}
						},
						{
							"origin": [28.30067, 2.85651, -7.5625],
							"size": [13.16438, 0.8925, 0],
							"pivot": [28.5238, 3.74901, -7.5625],
							"rotation": [0, 0, 101.5],
							"uv": {
								"north": {"uv": [70, 29], "uv_size": [5, 0.5]},
								"south": {"uv": [30, 70], "uv_size": [5, 0.5]}
							}
						},
						{
							"origin": [26.29572, -9.77576, -7.5625],
							"size": [10.71, 0.8925, 0],
							"pivot": [26.10929, -8.83315, -7.5625],
							"rotation": [0, 0, 134],
							"uv": {
								"north": {"uv": [44, 70], "uv_size": [4, 0.5]},
								"south": {"uv": [70, 48], "uv_size": [4, 0.5]}
							}
						},
						{
							"origin": [18.82914, -17.71341, -7.5625],
							"size": [11.26781, 0.8925, 0],
							"pivot": [18.6427, -16.77079, -7.5625],
							"rotation": [0, 0, -151],
							"uv": {
								"north": {"uv": [70, 40], "uv_size": [4.5, 0.5]},
								"south": {"uv": [70, 41], "uv_size": [4.5, 0.5]}
							}
						},
						{
							"origin": [9.06742, -12.08153, -7.5625],
							"size": [3.06797, 0.3925, 0],
							"pivot": [8.60208, -11.63892, -7.5625],
							"rotation": [0, 0, -91],
							"uv": {
								"north": {"uv": [54, 48], "uv_size": [1, 0.5]},
								"south": {"uv": [40, 61], "uv_size": [1, 0.5]}
							}
						},
						{
							"origin": [-27.6675, 30.4975, -7.5625],
							"size": [16.065, 0.6425, 0],
							"pivot": [-10.71, 31.14, -7.5625],
							"rotation": [0, 0, -40],
							"uv": {
								"north": {"uv": [6.5, 66], "uv_size": [-6.5, 0.5]},
								"south": {"uv": [14.5, 70], "uv_size": [-6.5, 0.5]}
							}
						},
						{
							"origin": [-20.97375, 16.63687, -7.5625],
							"size": [14.05687, 0.3925, 0],
							"pivot": [-6.02437, 18.42187, -7.5625],
							"rotation": [0, 0, -37],
							"uv": {
								"north": {"uv": [75.5, 12], "uv_size": [-5.5, 0.5]},
								"south": {"uv": [75.5, 13], "uv_size": [-5.5, 0.5]}
							}
						},
						{
							"origin": [-36.25746, 20.48776, -7.5625],
							"size": [11.6025, 0.6425, 0],
							"pivot": [-23.76246, 21.13026, -7.5625],
							"rotation": [0, 0, -94],
							"uv": {
								"north": {"uv": [43.5, 70], "uv_size": [-4.5, 0.5]},
								"south": {"uv": [74.5, 39], "uv_size": [-4.5, 0.5]}
							}
						},
						{
							"origin": [-30.69533, 8.36648, -7.5625],
							"size": [6.02437, 0.3925, 0],
							"pivot": [-23.77846, 8.75898, -7.5625],
							"rotation": [0, 0, -174],
							"uv": {
								"north": {"uv": [2.5, 71], "uv_size": [-2.5, 0.5]},
								"south": {"uv": [73.5, 0], "uv_size": [-2.5, 0.5]}
							}
						},
						{
							"origin": [-30.41643, 6.75086, -7.5625],
							"size": [5.96859, 0.3925, 0],
							"pivot": [-23.77846, 7.64336, -7.5625],
							"rotation": [0, 0, -174],
							"uv": {
								"north": {"uv": [73.5, 1], "uv_size": [-2.5, 0.5]},
								"south": {"uv": [5.5, 71], "uv_size": [-2.5, 0.5]}
							}
						},
						{
							"origin": [-34.75009, 2.52197, -7.5625],
							"size": [7.14, 0.8925, 0],
							"pivot": [-27.83321, 3.41447, -7.5625],
							"rotation": [0, 0, 141],
							"uv": {
								"north": {"uv": [38, 70], "uv_size": [-3, 0.5]},
								"south": {"uv": [73, 68], "uv_size": [-3, 0.5]}
							}
						},
						{
							"origin": [-41.46505, 2.85651, -7.5625],
							"size": [13.16438, 0.8925, 0],
							"pivot": [-28.5238, 3.74901, -7.5625],
							"rotation": [0, 0, -101.5],
							"uv": {
								"north": {"uv": [75, 29], "uv_size": [-5, 0.5]},
								"south": {"uv": [35, 70], "uv_size": [-5, 0.5]}
							}
						},
						{
							"origin": [-37.00572, -9.77576, -7.5625],
							"size": [10.71, 0.8925, 0],
							"pivot": [-26.10929, -8.83315, -7.5625],
							"rotation": [0, 0, -134],
							"uv": {
								"north": {"uv": [48, 70], "uv_size": [-4, 0.5]},
								"south": {"uv": [74, 48], "uv_size": [-4, 0.5]}
							}
						},
						{
							"origin": [-30.09695, -17.71341, -7.5625],
							"size": [11.26781, 0.8925, 0],
							"pivot": [-18.6427, -16.77079, -7.5625],
							"rotation": [0, 0, 151],
							"uv": {
								"north": {"uv": [74.5, 40], "uv_size": [-4.5, 0.5]},
								"south": {"uv": [74.5, 41], "uv_size": [-4.5, 0.5]}
							}
						},
						{
							"origin": [-25.17299, 7.42023, -7.5625],
							"size": [6.41484, 0.3925, 0],
							"pivot": [-18.08877, 8.31273, -7.5625],
							"rotation": [0, 0, -101.5],
							"uv": {
								"north": {"uv": [73.5, 4], "uv_size": [-2.5, 0.5]},
								"south": {"uv": [73.5, 5], "uv_size": [-2.5, 0.5]}
							}
						},
						{
							"origin": [-35.18759, 3.02197, -7.5625],
							"size": [0.4525, 0.3925, 0],
							"pivot": [-27.83321, 3.41447, -7.5625],
							"rotation": [0, 0, 141],
							"uv": {
								"north": {"uv": [38, 70], "uv_size": [-3, 0.5]},
								"south": {"uv": [73, 68], "uv_size": [-3, 0.5]}
							}
						},
						{
							"origin": [-12.13539, -12.08153, -7.5625],
							"size": [3.06797, 0.3925, 0],
							"pivot": [-8.60208, -11.63892, -7.5625],
							"rotation": [0, 0, 91],
							"uv": {
								"north": {"uv": [55, 48], "uv_size": [-1, 0.5]},
								"south": {"uv": [41, 61], "uv_size": [-1, 0.5]}
							}
						},
						{
							"origin": [-30.18316, 1.01631, -7.5625],
							"size": [12.43922, 0.3925, 0],
							"pivot": [-17.07457, 1.90881, -7.5625],
							"rotation": [0, 0, -126.5],
							"uv": {
								"north": {"uv": [75, 27], "uv_size": [-5, 0.5]},
								"south": {"uv": [75, 28], "uv_size": [-5, 0.5]}
							}
						},
						{
							"origin": [-19.50514, 28.06824, -7.5625],
							"size": [5.355, 0.6425, 0],
							"pivot": [-13.25764, 29.85324, -7.5625],
							"rotation": [0, 0, -137.5],
							"uv": {
								"north": {"uv": [60, 39], "uv_size": [-2, 0.5]},
								"south": {"uv": [60, 40], "uv_size": [-2, 0.5]}
							}
						},
						{
							"origin": [-20.84937, 25.73251, -7.5625],
							"size": [10.59844, 0.3925, 0],
							"pivot": [-9.35844, 27.51751, -7.5625],
							"rotation": [0, 0, -100],
							"uv": {
								"north": {"uv": [43, 58], "uv_size": [-4, 0.5]},
								"south": {"uv": [62, 65], "uv_size": [-4, 0.5]}
							}
						},
						{
							"origin": [-19.75514, 28.44324, -7.5625],
							"size": [0.355, 0.2675, 0],
							"pivot": [-13.25764, 29.85324, -7.5625],
							"rotation": [0, 0, -137.5],
							"uv": {
								"north": {"uv": [60, 39], "uv_size": [-2, 0.5]},
								"south": {"uv": [60, 40], "uv_size": [-2, 0.5]}
							}
						},
						{
							"origin": [16.76177, 2.17225, -7.5625],
							"size": [12.43922, 0.3925, 0],
							"pivot": [16.09239, 2.56475, -7.5625],
							"rotation": [0, 0, 126.5],
							"uv": {
								"north": {"uv": [70, 35], "uv_size": [5, 0.5]},
								"south": {"uv": [70, 36], "uv_size": [5, 0.5]}
							}
						},
						{
							"origin": [17.53096, 7.92023, -7.5625],
							"size": [5.85703, 0.3925, 0],
							"pivot": [16.97315, 8.31273, -7.5625],
							"rotation": [0, 0, 101.5],
							"uv": {
								"north": {"uv": [45, 71], "uv_size": [2.5, 0.5]},
								"south": {"uv": [71, 64], "uv_size": [2.5, 0.5]}
							}
						},
						{
							"origin": [6.2475, 16.24437, -7.5625],
							"size": [14.16844, 0.3925, 0],
							"pivot": [5.355, 17.52937, -7.5625],
							"rotation": [0, 0, 37],
							"uv": {
								"north": {"uv": [70, 18], "uv_size": [5.5, 0.5]},
								"south": {"uv": [70, 19], "uv_size": [5.5, 0.5]}
							}
						},
						{
							"origin": [9.20957, -7.27026, -7.5625],
							"size": [2.62172, 0.3925, 0],
							"pivot": [8.5402, -6.87776, -7.5625],
							"rotation": [0, 0, 96.5],
							"uv": {
								"north": {"uv": [19, 64], "uv_size": [1, 0.5]},
								"south": {"uv": [65, 57], "uv_size": [1, 0.5]}
							}
						},
						{
							"origin": [-8.16764, -10.1477, -7.5625],
							"size": [16.33527, 0.8925, 0],
							"uv": {
								"north": {"uv": [70, 10], "uv_size": [6.5, 0.5]},
								"south": {"uv": [70, 11], "uv_size": [6.5, 0.5]}
							}
						},
						{
							"origin": [-1.16764, 0.8523, -7.5625],
							"size": [2.33527, 0.1425, 0],
							"uv": {
								"north": {"uv": [70, 10], "uv_size": [6.5, 0.5]},
								"south": {"uv": [70, 11], "uv_size": [6.5, 0.5]}
							}
						},
						{
							"origin": [-1.16764, 0.6023, -7.5625],
							"size": [0.08527, 0.6425, 0],
							"uv": {
								"north": {"uv": [70, 10], "uv_size": [6.5, 0.5]},
								"south": {"uv": [70, 11], "uv_size": [6.5, 0.5]}
							}
						},
						{
							"origin": [1.08236, 0.6023, -7.5625],
							"size": [0.08527, 0.6425, 0],
							"uv": {
								"north": {"uv": [76.5, 10], "uv_size": [-6.5, 0.5]},
								"south": {"uv": [76.5, 11], "uv_size": [-6.5, 0.5]}
							}
						},
						{
							"origin": [1.08236, -0.8977, -7.5625],
							"size": [0.08527, 0.6425, 0],
							"uv": {
								"north": {"uv": [76.5, 10], "uv_size": [-6.5, 0.5]},
								"south": {"uv": [76.5, 11], "uv_size": [-6.5, 0.5]}
							}
						},
						{
							"origin": [-1.16764, -0.6477, -7.5625],
							"size": [2.33527, 0.1425, 0],
							"uv": {
								"north": {"uv": [70, 10], "uv_size": [6.5, 0.5]},
								"south": {"uv": [70, 11], "uv_size": [6.5, 0.5]}
							}
						},
						{
							"origin": [-1.16764, -0.8977, -7.5625],
							"size": [0.08527, 0.6425, 0],
							"uv": {
								"north": {"uv": [70, 10], "uv_size": [6.5, 0.5]},
								"south": {"uv": [70, 11], "uv_size": [6.5, 0.5]}
							}
						},
						{
							"origin": [-11.83129, -7.27026, -7.5625],
							"size": [2.62172, 0.3925, 0],
							"pivot": [-8.5402, -6.87776, -7.5625],
							"rotation": [0, 0, -96.5],
							"uv": {
								"north": {"uv": [61, 40], "uv_size": [1, 0.5]},
								"south": {"uv": [64, 18], "uv_size": [1, 0.5]}
							}
						},
						{
							"origin": [-29.20099, 2.17225, -7.5625],
							"size": [12.43922, 0.3925, 0],
							"pivot": [-16.09239, 2.56475, -7.5625],
							"rotation": [0, 0, -126.5],
							"uv": {
								"north": {"uv": [70, 33], "uv_size": [5, 0.5]},
								"south": {"uv": [70, 34], "uv_size": [5, 0.5]}
							}
						},
						{
							"origin": [-23.38799, 7.92023, -7.5625],
							"size": [5.85703, 0.3925, 0],
							"pivot": [-16.97315, 8.31273, -7.5625],
							"rotation": [0, 0, -101.5],
							"uv": {
								"north": {"uv": [39, 71], "uv_size": [2.5, 0.5]},
								"south": {"uv": [42, 71], "uv_size": [2.5, 0.5]}
							}
						},
						{
							"origin": [9.35844, 26.67876, -7.5625],
							"size": [10.76578, 0.3925, 0],
							"pivot": [8.29859, 27.96376, -7.5625],
							"rotation": [0, 0, 100],
							"uv": {
								"north": {"uv": [70, 60], "uv_size": [4, 0.5]},
								"south": {"uv": [70, 61], "uv_size": [4, 0.5]}
							}
						},
						{
							"origin": [7.86234, 34.37529, -7.5625],
							"size": [3.40266, 0.6425, 0],
							"pivot": [-0.3375, 35.91029, -7.5625],
							"rotation": [0, 0, 45],
							"uv": {
								"north": {"uv": [60, 17], "uv_size": [1.5, 0.5]},
								"south": {"uv": [64, 65], "uv_size": [1.5, 0.5]}
							}
						},
						{
							"origin": [-11.265, 34.37529, -7.5625],
							"size": [3.40266, 0.6425, 0],
							"pivot": [0.3375, 35.91029, -7.5625],
							"rotation": [0, 0, -45],
							"uv": {
								"north": {"uv": [14, 60], "uv_size": [1.5, 0.5]},
								"south": {"uv": [17, 60], "uv_size": [1.5, 0.5]}
							}
						},
						{
							"origin": [-20.12422, 26.67876, -7.5625],
							"size": [10.76578, 0.3925, 0],
							"pivot": [-8.29859, 27.96376, -7.5625],
							"rotation": [0, 0, -100],
							"uv": {
								"north": {"uv": [70, 55], "uv_size": [4, 0.5]},
								"south": {"uv": [70, 59], "uv_size": [4, 0.5]}
							}
						},
						{
							"origin": [-5.36615, 16.47277, -7.5625],
							"size": [10.73231, 0.3925, 0],
							"uv": {
								"north": {"uv": [70, 51], "uv_size": [4, 0.5]},
								"south": {"uv": [70, 52], "uv_size": [4, 0.5]}
							}
						},
						{
							"origin": [-4.82957, 28.83854, -7.5625],
							"size": [9.65914, 0.6425, 0],
							"uv": {
								"north": {"uv": [70, 49], "uv_size": [4, 0.5]},
								"south": {"uv": [70, 50], "uv_size": [4, 0.5]}
							}
						},
						{
							"origin": [-5.53066, 15.88697, -7.5625],
							"size": [11.06132, 0.3925, 0],
							"uv": {
								"north": {"uv": [70, 42], "uv_size": [4.5, 0.5]},
								"south": {"uv": [70, 43], "uv_size": [4.5, 0.5]}
							}
						},
						{
							"origin": [-20.41594, 16.24437, -7.5625],
							"size": [14.16844, 0.3925, 0],
							"pivot": [-5.355, 17.52937, -7.5625],
							"rotation": [0, 0, -37],
							"uv": {
								"north": {"uv": [70, 16], "uv_size": [5.5, 0.5]},
								"south": {"uv": [70, 17], "uv_size": [5.5, 0.5]}
							}
						}
					]
				}
			]
		}
	]
}