{
	"format_version": "1.12.0",
	"minecraft:geometry": [
		{
			"description": {
				"identifier": "geometry.scope_standard_8x - Converted",
				"texture_width": 256,
				"texture_height": 256,
				"visible_bounds_width": 44,
				"visible_bounds_height": 9,
				"visible_bounds_offset": [0, 0.5, 0]
			},
			"bones": [
				{
					"name": "scope_body",
					"pivot": [0, 0.7625, 0.875]
				},
				{
					"name": "bone5",
					"parent": "scope_body",
					"pivot": [0, 5.7, 4.01563]
				},
				{
					"name": "bone7_illuminated",
					"parent": "scope_body",
					"pivot": [0, 0.7625, 0.875]
				},
				{
					"name": "bone20",
					"parent": "scope_body",
					"pivot": [0, 0.6875, -1.04687]
				},
				{
					"name": "bone7",
					"parent": "scope_body",
					"pivot": [1.6875, 0.9375, -1.04687],
					"rotation": [0, 0, -90]
				},
				{
					"name": "ocular",
					"pivot": [0, 1.075, 6.225],
					"cubes": [
						{
							"origin": [-1.4375, -0.45625, 13.3375],
							"size": [2.875, 3.125, 0.875],
							"uv": {
								"south": {"uv": [0, 2], "uv_size": [1, 1]}
							}
						}
					]
				},
				{
					"name": "division",
					"pivot": [0, 1, 0]
				},
				{
					"name": "bone72_illuminated",
					"parent": "division",
					"pivot": [0.125, -1, -44.825],
					"cubes": [
						{
							"origin": [-0.1563, 1.52344, -31],
							"size": [2.4688, 2.46875, 0.25],
							"pivot": [-0.29688, 2.46094, 89],
							"rotation": [0, 0, 90],
							"uv": {
								"south": {"uv": [6, 16], "uv_size": [32.5, 32.5]}
							}
						}
					]
				},
				{
					"name": "scope_view",
					"pivot": [0, 1.08438, 16.35313]
				}
			]
		}
	]
}