{
  "materials": [
    {
      "item": {
        "item": "minecraft:nether_star"
      },
      "count": 1
    },
    {
      "item": {
        "item": "minecraft:tnt"
      },
      "count": 128
    },
    {
      "item": {
        "item": "minecraft:redstone"
      },
      "count": 128
    },
    {
      "item": {
        "item": "minecraft:end_crystal"
      },
      "count": 16
    },
    {
      "item": {
        "item": "minecraft:netherite_ingot"
      },
      "count": 64
    },
    {
      "item": {
        "item": "minecraft:iron_ingot"
      },
      "count": 240
    }
  ],
  "result": {
    "type": "attachment",
    "id": "emxcust:stock_bomx"
  },
  "type": "tacz:gun_smith_table_crafting"
}