{
  "materials": [
    {
      "item": {
        "item": "minecraft:netherite_block"
      },
      "count": 1
    },
    {
      "item": {
        "item": "minecraft:pink_wool"
      },
      "count": 57  
   },
    {
      "item": {
        "item": "blue_archivescraft:cyanoaugite"
      },
      "count": 480  
    },
    {
      "item": {
        "item": "minecraft:diamond"
      },
      "count": 64
    },
    {
      "item": {
        "item": "blue_archivescraft:antikythera_1"
      },
      "count": 10
    }
  ],
  "result": {
    "type": "gun",
    "id": "bluearchive:mika"
  },
  "type": "tacz:gun_smith_table_crafting"
}