{
  "materials": [
    {
      "item": {
        "tag": "forge:ingots/iron"
      },
      "count": 128
    },
    {
      "item": {
        "item": "minecraft:redstone_lamp"
      },
      "count": 10
    },
    {
      "item": {
        "item": "blue_archivescraft:cyanoaugite"
      },
      "count": 200
    },
    {
      "item": {
        "tag": "forge:ingots/netherite"
      },
      "count": 1
    },
    {
      "item": {
        "item": "minecraft:diamond"
      },
      "count": 56
    },
    {
      "item": {
        "item": "blue_archivescraft:rohonc_1"
      },
      "count": 10
    }
  ],
  "result": {
    "type": "gun",
    "id": "bluearchive:miku"
  },
  "type": "tacz:gun_smith_table_crafting"
}