{
  "materials": [
    {
      "item": {
        "tag": "forge:ingots/iron"
      },
      "count": 64
    },
    {
      "item": {
        "item": "blue_archivescraft:cyanoaugite"
      },
      "count": 180
    },
    {
      "item": {
        "item": "blue_archivescraft:atlantismedal_1"
      },
      "count": 10
    },
    {
      "item": {
        "item": "minecraft:diamond"
      },
      "count": 14
    }
  ],
  "result": {
    "type": "gun",
    "id": "bluearchive:miyako"
  },
  "type": "tacz:gun_smith_table_crafting"
}