{
  "materials": [
    {
      "item": {
        "tag": "forge:ingots/iron"
      },
      "count": 128
    },
    {
      "item": {
        "item": "minecraft:green_dye"
      },
      "count": 10
    },
    {
      "item": {
        "item": "blue_archivescraft:cyanoaugite"
      },
      "count": 400
    },
    {
      "item": {
        "item": "blue_archivescraft:goldenfleece_1"
      },
      "count": 10
    },
    {
      "item": {
        "tag": "forge:ingots/netherite"
      },
      "count": 1
    },
    {
      "item": {
        "item": "minecraft:diamond"
      },
      "count": 56
    }
  ],
  "result": {
    "type": "gun",
    "id": "bluearchive:nonomi"
  },
  "type": "tacz:gun_smith_table_crafting"
}