{
  "materials": [
    {
      "item": {
        "tag": "forge:ingots/iron"
      },
      "count": 64
    },
    {
      "item": {
        "item": "blue_archivescraft:cyanoaugite"
      },
      "count": 240
    },
    {
      "item": {
        "item": "blue_archivescraft:phaistos_1"
      },
      "count": 10
    },
    {
      "item": {
        "item": "minecraft:gold_ingot"
      },
      "count": 64
    },
    {
      "item": {
        "item": "minecraft:diamond"
      },
      "count": 28
    },
    {
      "item": {
        "type": "forge:partial_nbt",
        "item": "tacz:modern_kinetic_gun",
        "nbt": {
          "GunId": "tacz:m16a4"
        }
      },
      "count": 1
    }
  ],
  "result": {
    "type": "gun",
    "id": "bluearchive:serika",
    "attachments": {
      "scope": "bluearchive:scope_serika"
    }
  },
  "type": "tacz:gun_smith_table_crafting"
}