{
  "materials": [
    {
      "item": {
        "tag": "forge:ingots/iron"
      },
      "count": 64
    },
    {
      "item": {
        "item": "minecraft:white_dye"
      },
      "count": 9
    },
    {
      "item": {
        "item": "blue_archivescraft:cyanoaugite"
      },
      "count": 240
    },
    {
      "item": {
        "item": "blue_archivescraft:compass_1"
      },
      "count": 10
    },
    {
      "item": {
        "item": "minecraft:gold_ingot"
      },
      "count": 64
    },
    {
      "item": {
        "item": "minecraft:diamond"
      },
      "count": 28
    }
  ],
  "result": {
    "type": "gun",
    "id": "bluearchive:toki",
    "attachments": {
      "scope": "bluearchive:scope_toki"
    }
  },
  "type": "tacz:gun_smith_table_crafting"
}