{
  "materials": [
    {
      "item": {
        "tag": "forge:ingots/netherite"
      },
      "count": 1
    },
    {
      "item": {
        "item": "minecraft:blue_dye"
      },
      "count": 5
    },
    {
      "item": {
        "item": "blue_archivescraft:cyanoaugite"
      },
      "count": 400
       },
    {
      "item": {
        "item": "minecraft:diamond"
      },
      "count": 56
    },
    {
      "item": {
        "item": "minecraft:gold_ingot"
      },
      "count": 64
    },
    {
      "item": {
        "type": "forge:partial_nbt",
        "item": "tacz:modern_kinetic_gun",
        "nbt": {
          "GunId": "bluearchive:wakamo"
        }
      },
      "count": 1
    },
    {
      "item": {
        "item": "blue_archivescraft:kikuko_2"
      },
      "count": 10
    }
  ],
  "result": {
    "type": "gun",
    "id": "bluearchive:wakamoswim"
  },
  "type": "tacz:gun_smith_table_crafting"
}