{
  "materials": [
    {
      "item": {
        "tag": "forge:ingots/iron"
      },
      "count": 128
    },
    {
      "item": {
        "item": "minecraft:red_dye"
      },
      "count": 5
    },
    {
      "item": {
        "item": "blue_archivescraft:cyanoaugite"
      },
      "count": 300
    },
    {
      "item": {
        "item": "blue_archivescraft:kikuko_1"
      },
      "count": 10
    },
    {
      "item": {
        "tag": "forge:ingots/netherite"
      },
      "count": 1
    },
    {
      "item": {
        "item": "minecraft:diamond"
      },
      "count": 28
    }
  ],
  "result": {
    "type": "gun",
    "id": "bluearchive:wakamo"
  },
  "type": "tacz:gun_smith_table_crafting"
}