{
	"format_version": "1.8.0",
	"animations": {
		"static_idle": {
			"loop": true,
			"animation_length": 0.4,
			"bones": {
				"righthand": {
					"rotation": [94.51712, 4.98455, -179.60671],
					"position": [-6.70625, -12.4, 7.4],
					"scale": [1, 1.5, 1]
				},
				"lefthand": {
					"rotation": [90.8048, -31.27324, -131.00752],
					"position": [8.525, -10, -6.2],
					"scale": [1, 1.5, 1]
				},
				"constraint": {
					"rotation": [0.05, 0.2, 0.2],
					"position": [0.02, 0.05, 0.1]
				},
				"constraint2": {
					"rotation": [0.2, 0.2, 0.2],
					"position": [0, 0, 0]
				}
			}
		},
		"static_bolt_caught": {
			"loop": true,
			"animation_length": 0.4,
			"bones": {
				"righthand": {
					"rotation": [94.51712, 4.98455, -179.60671],
					"position": [-6.70625, -12.4, 7.4],
					"scale": [1, 1.5, 1]
				},
				"lefthand": {
					"rotation": [90.8048, -31.27324, -131.00752],
					"position": [8.525, -10, -6.2],
					"scale": [1, 1.5, 1]
				},
				"constraint": {
					"rotation": [0.05, 0.2, 0.2],
					"position": [0.02, 0.05, 0.1]
				},
				"constraint2": {
					"rotation": [0.2, 0.2, 0.2],
					"position": [0, 0, 0]
				},
				"bone2": {
					"position": [0, 0, 3.625]
				}
			}
		},
		"put_away": {
			"animation_length": 0.6,
			"bones": {
				"righthand": {
					"rotation": [94.51712, 4.98455, -179.60671],
					"position": [-6.70625, -12.4, 7.4],
					"scale": [1, 1.5, 1]
				},
				"lefthand": {
					"rotation": {
						"0.0": [90.8048, -31.27324, -131.00752],
						"0.2": [112.81797, -22.00113, -177.77512]
					},
					"position": {
						"0.0": [8.525, -10, -6.2],
						"0.1": [9.07, -9.22, -5.17],
						"0.2": [9.005, -7.65, -4.15]
					},
					"scale": [1, 1.5, 1]
				},
				"root": {
					"rotation": {
						"0.0": {
							"post": [0, 0, 0],
							"lerp_mode": "catmullrom"
						},
						"0.05": {
							"post": [-0.51171, -3.6801, -4.19401],
							"lerp_mode": "catmullrom"
						},
						"0.2": {
							"post": [4.36882, -11.73179, -10.29382],
							"lerp_mode": "catmullrom"
						},
						"0.35": {
							"post": [11.60471, -21.56305, -3.66288],
							"lerp_mode": "catmullrom"
						},
						"0.45": {
							"post": [16.97, -33.62, 3.38],
							"lerp_mode": "catmullrom"
						},
						"0.6": {
							"post": [34.73, -44.04, -3.09],
							"lerp_mode": "catmullrom"
						}
					},
					"position": {
						"0.0": {
							"post": [0, 0, 0],
							"lerp_mode": "catmullrom"
						},
						"0.05": {
							"post": [0, -0.49, -0.02],
							"lerp_mode": "catmullrom"
						},
						"0.2": {
							"post": [-0.52, -1.47, -0.56],
							"lerp_mode": "catmullrom"
						},
						"0.35": {
							"post": [-0.36, -2.92, -0.84],
							"lerp_mode": "catmullrom"
						},
						"0.45": {
							"post": [0.13, -5.86, -0.16],
							"lerp_mode": "catmullrom"
						},
						"0.6": {
							"post": [1.72, -9.68, 0.16],
							"lerp_mode": "catmullrom"
						}
					}
				},
				"camera": {
					"rotation": {
						"0.0": {
							"post": [0, 0, 0],
							"lerp_mode": "catmullrom"
						},
						"0.2": {
							"post": [0.35, 0.025, -0.225],
							"lerp_mode": "catmullrom"
						},
						"0.4": {
							"post": [0.1, 0.025, 0.075],
							"lerp_mode": "catmullrom"
						},
						"0.6": {
							"post": [0, 0, 0],
							"lerp_mode": "catmullrom"
						}
					}
				}
			},
			"sound_effects": {
				"0.15": {
					"effect": "aa12_drop"
				}
			}
		},
		"draw": {
			"animation_length": 1.4333,
			"bones": {
				"root": {
					"rotation": {
						"0.0": [-67.88, -9.11, 3.86],
						"0.0333": [-67.94, -9.12, 3.86],
						"0.0667": [-68.11, -9.13, 3.87],
						"0.1": [-68.34, -9.16, 3.88],
						"0.1333": [-68.58, -9.19, 3.89],
						"0.1667": [-68.79, -9.21, 3.9],
						"0.2": [-68.93, -9.23, 3.91],
						"0.2333": [-68.95, -9.23, 3.91],
						"0.2667": [-68.81, -9.21, 3.91],
						"0.3": [-68.47, -9.17, 3.89],
						"0.3333": [-67.88, -9.11, 3.86],
						"0.3667": [-66.58, -8.95, 3.81],
						"0.4": [-64.83, -8.73, 3.76],
						"0.4333": [-62.74, -8.47, 3.69],
						"0.4667": [-60.43, -8.19, 3.6],
						"0.5": [-58.01, -7.92, 3.49],
						"0.5333": [-55.6, -7.67, 3.35],
						"0.5667": [-53.3, -7.48, 3.18],
						"0.6": [-49.46, -7.42, 2.77],
						"0.6333": [-45.55, -7.53, 2.25],
						"0.6667": [-41.47, -7.48, 1.7],
						"0.7": [-37.08, -6.91, 1.16],
						"0.7333": [-33.9, -6.03, 0.77],
						"0.7667": [-30.51, -4.77, 0.3],
						"0.8": [-27.01, -3.33, -0.16],
						"0.8333": [-23.48, -1.91, -0.56],
						"0.8667": [-20.02, -0.7, -0.82],
						"0.9": [-16.73, 0.1, -0.87],
						"0.9333": [-12.25, -0.05, -0.17],
						"0.9667": [-7.78, -0.2, 0.54],
						"1.0": [-3.31, -0.35, 1.24],
						"1.0333": [1.17, -0.5, 1.95],
						"1.0667": [0.64, -0.24, 2.05],
						"1.1": [0.11, 0.03, 2.14],
						"1.1333": [-0.25, 0.19, 0.21],
						"1.1667": [-0.61, 0.36, -1.72],
						"1.2": [-0.48, 0.29, -0.13],
						"1.2333": [-0.34, 0.21, 1.46],
						"1.2667": [-0.15, 0.1, 0.51],
						"1.3": [0, 0, -0.75],
						"1.3333": [0.02, -0.02, -0.75],
						"1.3667": [0.02, -0.01, -0.51],
						"1.4": [0.01, -0.01, -0.2],
						"1.4333": [0, 0, 0]
					},
					"position": {
						"0.0": [-5.2, -38.37, 2.9],
						"0.0333": [-5.08, -37.04, 2.94],
						"0.0667": [-4.93, -35.24, 3],
						"0.1": [-4.75, -33.08, 3.07],
						"0.1333": [-4.54, -30.65, 3.15],
						"0.1667": [-4.32, -28.04, 3.24],
						"0.2": [-4.09, -25.34, 3.33],
						"0.2333": [-3.85, -22.64, 3.41],
						"0.2667": [-3.62, -20.04, 3.49],
						"0.3": [-3.39, -17.64, 3.57],
						"0.3333": [-3.17, -15.51, 3.63],
						"0.3667": [-2.97, -13.76, 3.67],
						"0.4": [-2.8, -12.47, 3.7],
						"0.4333": [-2.49, -11.15, 3.7],
						"0.4667": [-2.2, -10.99, 3.66],
						"0.5": [-1.94, -11.58, 3.58],
						"0.5333": [-1.71, -12.54, 3.48],
						"0.5667": [-1.5, -13.44, 3.38],
						"0.6": [-1.34, -13.89, 3.29],
						"0.6333": [-1.18, -14.31, 3.31],
						"0.6667": [-1.16, -14.53, 3.32],
						"0.7": [-1.05, -13.55, 2.81],
						"0.7333": [-0.93, -12.43, 2.23],
						"0.7667": [-0.77, -10.85, 1.42],
						"0.8": [-0.6, -8.99, 0.47],
						"0.8333": [-0.42, -7.02, -0.51],
						"0.8667": [-0.24, -5.14, -1.4],
						"0.9": [-0.1, -3.53, -2.09],
						"0.9333": [0, -2.37, -2.47],
						"0.9667": [0.06, -1.53, -2.43],
						"1.0": [0.07, -1.26, -1.91],
						"1.0333": [0.04, -1.31, -1.16],
						"1.0667": [0, -1.43, -0.42],
						"1.1": [-0.02, -1.37, 0.05],
						"1.1333": [-0.02, -1.03, 0.23],
						"1.1667": [-0.02, -0.64, 0.22],
						"1.2": [-0.01, -0.29, 0.12],
						"1.2333": [-0.01, -0.04, 0.06],
						"1.2667": [-0.01, 0.07, 0.02],
						"1.3": [0, 0.04, -0.03],
						"1.3333": [0, 0, -0.06],
						"1.3667": [0, 0, -0.05],
						"1.4": [0, 0, -0.02],
						"1.4333": [0, 0, 0]
					}
				},
				"lefthand": {
					"rotation": {
						"0.0": [81.68615, -52.91828, -110.48624],
						"0.4667": [44.62, -16.27, -158.41],
						"0.5": [48.6, -15.59, -161.21],
						"0.5333": [56.38, -16.65, -162.6],
						"0.5667": [66.6, -18.89, -162.95],
						"0.6": [77.88, -21.77, -162.62],
						"0.6333": [88.86, -24.76, -161.99],
						"0.7": [90.8048, -31.27324, -131.00752]
					},
					"position": {
						"0.0": [7.4, -12.2, -4],
						"0.5": [7.1, -9.5, -7.6],
						"0.5333": [7.25, -9.71, -7.37],
						"0.5667": [7.49, -11.2, -6.8],
						"0.6": [7.77, -11.86, -6.02],
						"0.6333": [8.06, -12.55, -5.2],
						"0.7": [8.525, -10, -6.2]
					},
					"scale": [1, 1.5, 1]
				},
				"righthand": {
					"rotation": [94.51712, 4.98455, -179.60671],
					"position": [-6.70625, -12.4, 7.4],
					"scale": [1, 1.5, 1]
				},
				"camera": {
					"rotation": {
						"0.0": [0, 0, 0],
						"0.0333": [0.01, 0.01, -0.01],
						"0.0667": [0.03, 0.03, -0.01],
						"0.1": [0.1, 0.11, 0.03],
						"0.1333": [0.2, 0.24, 0.13],
						"0.1667": [0.33, 0.43, 0.29],
						"0.2": [0.47, 0.62, 0.42],
						"0.2333": [0.55, 0.74, 0.47],
						"0.2667": [0.61, 0.8, 0.32],
						"0.3": [0.62, 0.78, 0.06],
						"0.3333": [0.49, 0.74, -0.1],
						"0.3667": [0.36, 0.72, -0.09],
						"0.4": [0.18, 0.7, -0.04],
						"0.4333": [-0.03, 0.67, 0.03],
						"0.4667": [-0.25, 0.64, 0.11],
						"0.5": [-0.46, 0.62, 0.19],
						"0.5333": [-0.63, 0.59, 0.26],
						"0.5667": [-0.75, 0.56, 0.29],
						"0.6": [-0.82, 0.53, 0.29],
						"0.6333": [-0.84, 0.5, 0.27],
						"0.6667": [-0.8, 0.48, 0.22],
						"0.7": [-0.74, 0.45, 0.16],
						"0.7333": [-0.65, 0.43, 0.08],
						"0.7667": [-0.49, 0.41, -0.07],
						"0.8": [-0.26, 0.39, -0.28],
						"0.8333": [-0.03, 0.37, -0.46],
						"0.8667": [0.14, 0.35, -0.56],
						"0.9": [0.25, 0.33, -0.54],
						"0.9333": [0.32, 0.31, -0.44],
						"0.9667": [0.36, 0.29, -0.29],
						"1.0": [0.41, 0.27, -0.11],
						"1.0333": [0.54, 0.22, 0.5],
						"1.0667": [0.58, 0.17, 0.92],
						"1.1": [0.5, 0.14, 0.79],
						"1.1333": [0.38, 0.11, 0.49],
						"1.1667": [0.24, 0.07, 0.16],
						"1.2": [0.14, 0.05, -0.06],
						"1.2333": [0.08, 0.03, -0.12],
						"1.2667": [0.04, 0.02, -0.09],
						"1.3": [0.02, 0.01, -0.04],
						"1.3333": [0, 0, 0]
					}
				},
				"constraint": {
					"rotation": {
						"0.0": [1, 1, 1],
						"1.0667": [0.2, 0.2, 0.2]
					},
					"position": {
						"0.0": [1, 1, 1],
						"1.0667": [0.2, 0.2, 0.2]
					}
				},
				"bullet_chain_2": {
					"scale": 0
				}
			},
			"sound_effects": {
				"0.0": {
					"effect": "bruenmk9_raise"
				}
			}
		},
		"reload_tactical": {
			"animation_length": 5.95,
			"bones": {
				"righthand": {
					"rotation": [94.51712, 4.98455, -179.60671],
					"position": [-6.70625, -12.4, 7.4],
					"scale": [1, 1.5, 1]
				},
				"lefthand": {
					"rotation": {
						"0.0": [90.8048, -31.27324, -131.00752],
						"0.1": {
							"pre": [90.90379, -33.32282, -117.11885],
							"post": [90.90379, -33.32282, -117.11885],
							"lerp_mode": "catmullrom"
						},
						"0.3": [116.4136, -22.44744, -206.89084],
						"0.35": [118.07451, -29.11812, -210.70176],
						"0.5": {
							"pre": [90.8048, -31.27324, -131.00752],
							"post": [90.8048, -31.27324, -131.00752],
							"lerp_mode": "catmullrom"
						},
						"0.65": {
							"post": [118.49093, -23.96373, -176.7233],
							"lerp_mode": "catmullrom"
						},
						"0.8": [106.56923, -7.85181, -193.84542],
						"0.9": [106.56923, -7.85181, -193.84542],
						"1.0": [106.56923, -7.85181, -193.84542],
						"1.15": [106.56923, -7.85181, -193.84542],
						"4.15": {
							"pre": [104.99, -6.91, -195.53],
							"post": [104.99, -6.91, -195.53],
							"lerp_mode": "catmullrom"
						},
						"4.3": {
							"post": [110.28021, -42.51898, -208.67734],
							"lerp_mode": "catmullrom"
						},
						"4.45": {
							"post": [110.31599, -34.66734, -218.44448],
							"lerp_mode": "catmullrom"
						},
						"4.55": {
							"post": [108.25456, -32.79464, -204.78161],
							"lerp_mode": "catmullrom"
						},
						"4.7": {
							"post": [109.50334, -32.83852, -205.34122],
							"lerp_mode": "catmullrom"
						},
						"4.8": [129.74122, -28.25695, -209.97569],
						"4.9": [128.18542, -24.36787, -206.46872],
						"5.05": {
							"pre": [87.50262, -23.99609, -138.61183],
							"post": [87.50262, -23.99609, -138.61183],
							"lerp_mode": "catmullrom"
						},
						"5.15": [90.8048, -31.27324, -131.00752],
						"5.25": [90.8048, -31.27324, -131.00752]
					},
					"position": {
						"0.0": [8.525, -10, -6.2],
						"0.1": [8.525, -10, -6.2],
						"0.25": {
							"pre": [8.325, -8.8, 6.095],
							"post": [8.325, -8.8, 6.095],
							"lerp_mode": "catmullrom"
						},
						"0.4": {
							"post": [8.325, -8.8, 6.095],
							"lerp_mode": "catmullrom"
						},
						"0.55": {
							"post": [10.61, -11.63, 2.62],
							"lerp_mode": "catmullrom"
						},
						"0.6": {
							"post": [11.27, -12.68, 1.33],
							"lerp_mode": "catmullrom"
						},
						"0.7": {
							"post": [8.83971, -14.39591, -0.7183],
							"lerp_mode": "catmullrom"
						},
						"0.85": [8.38365, -13.93931, 0.43136],
						"0.9": [8.38365, -13.93931, 0.43136],
						"1.0": [8.38365, -13.93931, 0.43136],
						"1.15": {
							"pre": [8.38, -22.54, 0.43],
							"post": [8.38, -22.54, 0.43],
							"lerp_mode": "catmullrom"
						},
						"1.3": {
							"post": [10.11, -25.85, 1.03],
							"lerp_mode": "catmullrom"
						},
						"1.45": {
							"post": [8.38, -30.84, 5.23],
							"lerp_mode": "catmullrom"
						},
						"3.9": {
							"post": [8.38, -35.04, 8.13],
							"lerp_mode": "catmullrom"
						},
						"4.15": {
							"post": [7.98, -33.64, 2.73],
							"lerp_mode": "catmullrom"
						},
						"4.3": [8.68, -24.04, -1.87],
						"4.35": [8.72, -24.525, -2.1],
						"4.45": {
							"pre": [9.07, -23.2, -2.1],
							"post": [9.07, -23.2, -2.1],
							"lerp_mode": "catmullrom"
						},
						"4.55": {
							"post": [8.29, -22.83, -2.08],
							"lerp_mode": "catmullrom"
						},
						"4.65": [8.1, -21.67187, -2.04],
						"4.7": [8.08, -20.75562, -1.87],
						"4.8": [8.28, -14.14, -0.47],
						"4.9": [8.28, -14.14, -0.47],
						"5.05": {
							"pre": [8.64, -11.82, -3.34],
							"post": [8.64, -11.82, -3.34],
							"lerp_mode": "catmullrom"
						},
						"5.15": [8.525, -10, -6.2],
						"5.25": [8.525, -10, -6.2]
					},
					"scale": [1, 1.5, 1]
				},
				"root": {
					"rotation": {
						"0.0": {
							"post": [0, 0, 0],
							"lerp_mode": "catmullrom"
						},
						"0.1": {
							"post": [-2.26525, -2.37715, -5.04106],
							"lerp_mode": "catmullrom"
						},
						"0.6": {
							"post": [-13.34898, -0.63534, -29.48993],
							"lerp_mode": "catmullrom"
						},
						"0.7": {
							"post": [-14.30797, -1.31435, -28.46174],
							"lerp_mode": "catmullrom"
						},
						"0.8": {
							"post": [-14.35415, -1.25247, -30.51516],
							"lerp_mode": "catmullrom"
						},
						"0.9": {
							"post": [-15.05, -2.07828, -29.78],
							"lerp_mode": "catmullrom"
						},
						"1.0": {
							"post": [-16.71249, -4.04284, -31.45875],
							"lerp_mode": "catmullrom"
						},
						"1.1": {
							"post": [-17.77, -4.10828, -35.83],
							"lerp_mode": "catmullrom"
						},
						"1.2": {
							"post": [-17.72867, -3.92054, -32.45978],
							"lerp_mode": "catmullrom"
						},
						"1.3": {
							"post": [-17.43, -3.85828, -33.99],
							"lerp_mode": "catmullrom"
						},
						"1.4": {
							"post": [-16.83, -3.82828, -35.24],
							"lerp_mode": "catmullrom"
						},
						"1.6": {
							"post": [-16.75747, -3.10868, -35.18341],
							"lerp_mode": "catmullrom"
						},
						"2.0": {
							"post": [-16.94, -3.05, -35.07],
							"lerp_mode": "catmullrom"
						},
						"2.1": {
							"post": [-18.34, -3.15703, -34.44],
							"lerp_mode": "catmullrom"
						},
						"2.3": {
							"post": [-19.01, -5.25703, -35.87],
							"lerp_mode": "catmullrom"
						},
						"2.6": {
							"post": [-16.83, -3.82828, -35.24],
							"lerp_mode": "catmullrom"
						},
						"2.8": {
							"post": [-16.75747, -3.10868, -35.18341],
							"lerp_mode": "catmullrom"
						},
						"3.15": {
							"post": [-17.76, -2.96, -34.58],
							"lerp_mode": "catmullrom"
						},
						"3.95": {
							"post": [-18.34, -3.15703, -34.44],
							"lerp_mode": "catmullrom"
						},
						"4.15": {
							"post": [-19.01, -5.25703, -35.87],
							"lerp_mode": "catmullrom"
						},
						"4.3": {
							"post": [-19.00565, -5.03644, -37.49036],
							"lerp_mode": "catmullrom"
						},
						"4.4": {
							"post": [-20.42, -3.94703, -35.02],
							"lerp_mode": "catmullrom"
						},
						"4.5": {
							"post": [-20.51272, -3.25081, -36.33603],
							"lerp_mode": "catmullrom"
						},
						"4.65": {
							"post": [-19.88, -3.28703, -36.41],
							"lerp_mode": "catmullrom"
						},
						"4.75": {
							"post": [-19.42, -3.39703, -38.19],
							"lerp_mode": "catmullrom"
						},
						"4.8": {
							"post": [-19.2, -3.65703, -35.42],
							"lerp_mode": "catmullrom"
						},
						"5.1": {
							"post": [-20.43386, -2.85383, -35.8955],
							"lerp_mode": "catmullrom"
						},
						"5.15": {
							"post": [-18.93009, -4.62747, -37.24338],
							"lerp_mode": "catmullrom"
						},
						"5.25": {
							"post": [-14.39944, -3.25081, -27.73603],
							"lerp_mode": "catmullrom"
						},
						"5.35": {
							"post": [-3.21178, -0.31007, -3.2743],
							"lerp_mode": "catmullrom"
						},
						"5.5": {
							"post": [1.63475, 1.30484, 2.98881],
							"lerp_mode": "catmullrom"
						},
						"5.65": {
							"post": [0.60157, -0.76065, 0.92954],
							"lerp_mode": "catmullrom"
						},
						"5.7": {
							"post": [-1.09609, -0.51, 0.0475],
							"lerp_mode": "catmullrom"
						},
						"5.75": {
							"post": [-1.74609, 0, 1.08516],
							"lerp_mode": "catmullrom"
						},
						"5.85": {
							"post": [-0.2, 0, -0.09844],
							"lerp_mode": "catmullrom"
						},
						"5.95": {
							"post": [0, 0, 0],
							"lerp_mode": "catmullrom"
						}
					},
					"position": {
						"0.0": {
							"post": [0, 0, 0],
							"lerp_mode": "catmullrom"
						},
						"0.1": {
							"post": [0.31, -0.16625, -0.98],
							"lerp_mode": "catmullrom"
						},
						"0.55": {
							"post": [0.69729, -0.08395, -1.7],
							"lerp_mode": "catmullrom"
						},
						"0.65": {
							"post": [0.76538, 0.53752, -0.65],
							"lerp_mode": "catmullrom"
						},
						"0.75": {
							"post": [0.76538, 0.56799, 0.075],
							"lerp_mode": "catmullrom"
						},
						"0.9": {
							"post": [0.76409, 0.28728, -0.01],
							"lerp_mode": "catmullrom"
						},
						"1.05": {
							"post": [0.8, 0.06, -0.01],
							"lerp_mode": "catmullrom"
						},
						"1.1": {
							"post": [1.16216, -0.3007, 0],
							"lerp_mode": "catmullrom"
						},
						"1.25": {
							"post": [0.32922, 0.56157, 0.01],
							"lerp_mode": "catmullrom"
						},
						"1.45": {
							"post": [0.36682, 0.03011, 0],
							"lerp_mode": "catmullrom"
						},
						"1.55": {
							"post": [0.4642, -0.07667, 0.02031],
							"lerp_mode": "catmullrom"
						},
						"2.05": {
							"post": [0.87795, 0.15254, -0.04422],
							"lerp_mode": "catmullrom"
						},
						"2.2": {
							"post": [0.94795, 0.33832, 0],
							"lerp_mode": "catmullrom"
						},
						"2.65": {
							"post": [1.05432, 0.03011, 0],
							"lerp_mode": "catmullrom"
						},
						"2.75": {
							"post": [1.0892, -0.07667, 0.02031],
							"lerp_mode": "catmullrom"
						},
						"3.15": {
							"post": [1.1975, 0.07, -0.03],
							"lerp_mode": "catmullrom"
						},
						"3.9": {
							"post": [0.62795, 0.15254, -0.04422],
							"lerp_mode": "catmullrom"
						},
						"4.05": {
							"post": [1.01045, 0.33832, 0],
							"lerp_mode": "catmullrom"
						},
						"4.3": {
							"post": [0.95666, 0.40277, 0],
							"lerp_mode": "catmullrom"
						},
						"4.45": {
							"post": [1.14281, 0.49453, 0],
							"lerp_mode": "catmullrom"
						},
						"4.7": {
							"post": [1.16, 0.58, 0],
							"lerp_mode": "catmullrom"
						},
						"4.8": {
							"post": [1.58, -1.27734, 0.02],
							"lerp_mode": "catmullrom"
						},
						"5.15": {
							"post": [1.5253, -0.85543, 0],
							"lerp_mode": "catmullrom"
						},
						"5.35": {
							"post": [-0.58906, -1.87328, -0.8475],
							"lerp_mode": "catmullrom"
						},
						"5.45": {
							"post": [-0.42, -1.42, -0.92],
							"lerp_mode": "catmullrom"
						},
						"5.55": {
							"post": [-0.1, -0.27, -0.50094],
							"lerp_mode": "catmullrom"
						},
						"5.65": {
							"post": [0, 0, 0.36719],
							"lerp_mode": "catmullrom"
						},
						"5.75": {
							"post": [0, 0, -0.23437],
							"lerp_mode": "catmullrom"
						},
						"5.9": {
							"post": [0, 0, 0],
							"lerp_mode": "catmullrom"
						}
					}
				},
				"magazine_and_bullet": {
					"rotation": {
						"1.0": {
							"pre": [0, 0, 0],
							"post": [0, 0, 0],
							"lerp_mode": "catmullrom"
						},
						"1.15": {
							"post": [0, 0, 0],
							"lerp_mode": "catmullrom"
						},
						"1.35": {
							"post": [13, 0, -16],
							"lerp_mode": "catmullrom"
						},
						"1.5": {
							"post": [0, 0, 11],
							"lerp_mode": "catmullrom"
						},
						"4.1": {
							"post": [0, 0, 11],
							"lerp_mode": "catmullrom"
						},
						"4.3": [-4.97275, 0.52199, 1.97733],
						"4.45": [-5.75048, -0.69419, -9.56291],
						"4.55": [-4.67, 0, -1.33],
						"4.7": [0, 0, 0],
						"4.8": [0, 0, 0]
					},
					"position": {
						"1.0": {
							"pre": [0, 0, 0],
							"post": [0, 0, 0],
							"lerp_mode": "catmullrom"
						},
						"1.15": {
							"post": [0, -8.2, -0.61719],
							"lerp_mode": "catmullrom"
						},
						"1.35": {
							"post": [1.28045, -12.73791, 0.45742],
							"lerp_mode": "catmullrom"
						},
						"1.5": {
							"post": [-0.1, -22.6, 6.3],
							"lerp_mode": "catmullrom"
						},
						"4.1": {
							"post": [-0.1, -24.3, 3.8],
							"lerp_mode": "catmullrom"
						},
						"4.3": [0.4, -8.6, -0.7],
						"4.35": [0.41, -9.16812, -0.83],
						"4.45": [0.42, -7.93, -0.96],
						"4.55": [0.2, -7.3, -0.725],
						"4.7": [0.2, -5.5, -0.6],
						"4.8": {
							"pre": [0, 0, 0],
							"post": [0, 0, 0],
							"lerp_mode": "catmullrom"
						}
					}
				},
				"camera": {
					"relative_to": {
						"rotation": "entity"
					},
					"rotation": {
						"0.0": {
							"post": [0, 0, 0],
							"lerp_mode": "catmullrom"
						},
						"0.25": {
							"post": [2.28, 0.82813, -1.41797],
							"lerp_mode": "catmullrom"
						},
						"0.45": {
							"post": [2.7, 1.28516, -1.41797],
							"lerp_mode": "catmullrom"
						},
						"0.7": {
							"post": [2.43, 1.44922, -1.41797],
							"lerp_mode": "catmullrom"
						},
						"0.8": {
							"post": [3.14063, 1.16016, -2.4625],
							"lerp_mode": "catmullrom"
						},
						"0.95": {
							"post": [2.54813, 1.11719, -1.0625],
							"lerp_mode": "catmullrom"
						},
						"1.1": {
							"post": [2.89516, 1.19922, -1.74609],
							"lerp_mode": "catmullrom"
						},
						"1.35": {
							"post": [3.25016, 1.11719, -1.41797],
							"lerp_mode": "catmullrom"
						},
						"1.55": {
							"post": [2.91781, 1.03516, -1.41797],
							"lerp_mode": "catmullrom"
						},
						"4.0": {
							"post": [1.89, 1.12109, -1.41797],
							"lerp_mode": "catmullrom"
						},
						"4.05": {
							"post": [1.915, 1.11, -1.21094],
							"lerp_mode": "catmullrom"
						},
						"4.2": {
							"post": [2.22, 1.03906, -1.41797],
							"lerp_mode": "catmullrom"
						},
						"4.35": {
							"post": [2.135, 1.24609, -1.41797],
							"lerp_mode": "catmullrom"
						},
						"4.45": {
							"post": [2.77781, 1.41016, -2.38672],
							"lerp_mode": "catmullrom"
						},
						"4.6": {
							"post": [2.06312, 1.41016, -0.87109],
							"lerp_mode": "catmullrom"
						},
						"4.75": {
							"post": [2.475, 1.28516, -1.41797],
							"lerp_mode": "catmullrom"
						},
						"4.85": {
							"post": [2.305, 0.95313, -1.41797],
							"lerp_mode": "catmullrom"
						},
						"5.05": {
							"post": [0.16406, 0.12109, 0],
							"lerp_mode": "catmullrom"
						},
						"5.1": {
							"post": [0.24109, 0.02, 0.42969],
							"lerp_mode": "catmullrom"
						},
						"5.2": {
							"post": [-0.125, -0.00391, -0.17969],
							"lerp_mode": "catmullrom"
						},
						"5.35": {
							"post": [0, 0, 0],
							"lerp_mode": "catmullrom"
						}
					}
				},
				"bullet": {
					"rotation": {
						"0.45": [0, 0, 0],
						"0.6": [0, 0, 52.5],
						"4.8": [0, 0, 52.5],
						"4.95": [0, 0, 0]
					},
					"position": {
						"0.45": [0, 0, 0],
						"4.95": [0, 0, 0]
					}
				},
				"dl": {
					"rotation": {
						"0.45": [0, 0, 0],
						"0.6": [0, 0, 52.5],
						"4.8": [0, 0, 52.5],
						"4.95": [0, 0, 0]
					},
					"position": {
						"0.45": [0, 0, 0],
						"4.95": [0, 0, 0]
					}
				},
				"magazine": {
					"rotation": {
						"2.8": {
							"pre": [0, 0, 0],
							"post": [0, 0, 0],
							"lerp_mode": "catmullrom"
						},
						"3.6": {
							"post": [-360, 0, 0],
							"lerp_mode": "catmullrom"
						}
					},
					"position": {
						"2.55": {
							"pre": [0, 0, 0],
							"post": [0, 0, 0],
							"lerp_mode": "catmullrom"
						},
						"2.8": {
							"post": [0, 0, 0],
							"lerp_mode": "catmullrom"
						},
						"3.2": {
							"post": [10.14276, 23.82332, -7.65336],
							"lerp_mode": "catmullrom"
						},
						"3.6": {
							"post": [0, 0, 0],
							"lerp_mode": "catmullrom"
						},
						"3.9": {
							"post": [0, 0, 0],
							"lerp_mode": "catmullrom"
						}
					}
				}
			},
			"sound_effects": {
				"0.0": {
					"effect": "wfoly_sh_jak12_reload_raise"
				},
				"0.65": {
					"effect": "aa12_reload_fast_magout"
				},
				"1.35": {
					"effect": "aa12_inspect_mvmnt"
				},
				"4.0": {
					"effect": "aa12_reload_maghits"
				},
				"4.35": {
					"effect": "aa12_reload_end"
				},
				"4.4": {
					"effect": "aa12_reload_magin"
				}
			}
		},
		"reload_empty": {
			"animation_length": 7.65,
			"bones": {
				"righthand": {
					"rotation": [94.51712, 4.98455, -179.60671],
					"position": [-6.70625, -12.4, 7.4],
					"scale": [1, 1.5, 1]
				},
				"lefthand": {
					"rotation": {
						"0.6": [90.8048, -31.27324, -131.00752],
						"0.75": {
							"pre": [100.25482, -32.19326, -129.25715],
							"post": [100.25482, -32.19326, -129.25715],
							"lerp_mode": "catmullrom"
						},
						"0.9": {
							"post": [90.8048, -31.27324, -131.00752],
							"lerp_mode": "catmullrom"
						},
						"1.1": [116.4136, -22.44744, -206.89084],
						"1.15": [118.07451, -29.11812, -210.70176],
						"1.55": {
							"pre": [97.57293, -18.64279, -165.39321],
							"post": [97.57293, -18.64279, -165.39321],
							"lerp_mode": "catmullrom"
						},
						"1.65": [116.4136, -22.44744, -206.89084],
						"1.8": [116.4136, -22.44744, -206.89084],
						"1.85": {
							"pre": [99.16224, -31.98438, -203.31958],
							"post": [99.16224, -31.98438, -203.31958],
							"lerp_mode": "catmullrom"
						},
						"1.95": {
							"post": [98.63923, 0.60232, -225.61212],
							"lerp_mode": "catmullrom"
						},
						"2.0": {
							"post": [98.587, 1.12665, -229.07303],
							"lerp_mode": "catmullrom"
						},
						"2.25": {
							"post": [49.39288, 13.19295, -190.77813],
							"lerp_mode": "catmullrom"
						},
						"4.45": {
							"post": [49.39288, 13.19295, -190.77813],
							"lerp_mode": "catmullrom"
						},
						"4.85": [94.05549, -23.29996, -197.24305],
						"5.05": [102.26769, -40.586, -198.90312],
						"5.2": [102.26769, -40.586, -198.90312],
						"5.35": [92.16888, -46.1307, -190.21327],
						"5.4": [92.39061, -43.54599, -192.69253],
						"5.5": [117.47967, -40.72318, -192.47317],
						"5.55": [117.47967, -40.72318, -192.47317],
						"5.95": {
							"pre": [130.57577, -16.61419, -185.9138],
							"post": [130.57577, -16.61419, -185.9138],
							"lerp_mode": "catmullrom"
						},
						"6.1": [126.0773, 31.43308, -265.02005],
						"6.2": [120.10752, 21.7553, -271.9564],
						"6.3": [124.55644, 24.69941, -269.87717],
						"6.4": [87.77938, 30.00511, -272.20886],
						"6.45": {
							"pre": [105.95478, 31.45751, -276.95181],
							"post": [105.95478, 31.45751, -276.95181],
							"lerp_mode": "catmullrom"
						},
						"6.5": {
							"post": [117.51258, 28.78207, -266.6437],
							"lerp_mode": "catmullrom"
						},
						"6.55": {
							"post": [115.51258, 28.78207, -266.6437],
							"lerp_mode": "catmullrom"
						},
						"6.65": [147.60786, 32.07459, -271.38781],
						"6.7": [145.01258, 28.78207, -266.6437],
						"6.8": {
							"pre": [129.00265, -15.26395, -205.31163],
							"post": [129.00265, -15.26395, -205.31163],
							"lerp_mode": "catmullrom"
						},
						"6.85": {
							"post": [90.8048, -31.27324, -131.00752],
							"lerp_mode": "catmullrom"
						},
						"6.95": [90.8048, -31.27324, -131.00752]
					},
					"position": {
						"0.6": [8.525, -10, -6.2],
						"0.9": {
							"pre": [8.425, -9.5, -6.2],
							"post": [8.425, -9.5, -6.2],
							"lerp_mode": "catmullrom"
						},
						"1.05": {
							"post": [8.325, -8.8, 6.095],
							"lerp_mode": "catmullrom"
						},
						"1.2": {
							"post": [8.325, -8.8, 6.095],
							"lerp_mode": "catmullrom"
						},
						"1.35": {
							"post": [12.35, -9.06, 3.73],
							"lerp_mode": "catmullrom"
						},
						"1.5": {
							"post": [9.545, -12.14, -1.94],
							"lerp_mode": "catmullrom"
						},
						"1.6": {
							"post": [8.325, -12.8, -1.905],
							"lerp_mode": "catmullrom"
						},
						"1.75": [8.04453, -12.9, -1.5],
						"1.8": [8.04453, -12.9, -1.5],
						"1.85": {
							"pre": [8.74453, -17.9, 0],
							"post": [8.74453, -17.9, 0],
							"lerp_mode": "catmullrom"
						},
						"1.95": {
							"post": [11.34453, -19.1, 3.8],
							"lerp_mode": "catmullrom"
						},
						"2.0": {
							"post": [12.14453, -27.2, 2.6],
							"lerp_mode": "catmullrom"
						},
						"2.2": {
							"post": [13.84453, -24.9, 4.8],
							"lerp_mode": "catmullrom"
						},
						"2.25": {
							"post": [13.84453, -37.9, 4.8],
							"lerp_mode": "catmullrom"
						},
						"4.45": {
							"post": [11.84453, -30.9, 8.8],
							"lerp_mode": "catmullrom"
						},
						"4.85": [13.16982, -25.89335, 4.20178],
						"4.95": [11.18041, -22.78014, 0.21293],
						"5.05": [8.79344, -22.715, -0.98],
						"5.2": [9.07144, -22.02749, -1.25304],
						"5.35": [9.09344, -21.96, -0.68],
						"5.4": [8.79344, -21.99, -0.48],
						"5.5": [7.87344, -12.8, -0.6],
						"5.55": [7.87344, -12.8, -0.6],
						"5.9": {
							"pre": [8.59, -12.45, -0.82],
							"post": [8.59, -12.45, -0.82],
							"lerp_mode": "catmullrom"
						},
						"6.0": {
							"post": [9.49, -9.76, -1.13],
							"lerp_mode": "catmullrom"
						},
						"6.1": [9.15, -5.4, -4.1],
						"6.2": [9.17094, -5.4, -3.95313],
						"6.3": [9.57969, -5.4, -1.53282],
						"6.4": [9.41719, -5.4, 1.35625],
						"6.55": [9.41719, -5.4, 1.35625],
						"6.65": [9.23125, -5.4, -4.9],
						"6.7": [9.23125, -5.4, -4.9],
						"6.8": {
							"pre": [10, -8.92, -4.05],
							"post": [10, -8.92, -4.05],
							"lerp_mode": "catmullrom"
						},
						"6.85": {
							"post": [8.7, -10.775, -6.2],
							"lerp_mode": "catmullrom"
						},
						"6.95": [8.525, -10, -6.2]
					},
					"scale": [1, 1.5, 1]
				},
				"root": {
					"rotation": {
						"0.0": {
							"post": [0, 0, 0],
							"lerp_mode": "catmullrom"
						},
						"0.25": {
							"post": [-0.35281, 0.0222, 50.05108],
							"lerp_mode": "catmullrom"
						},
						"0.35": [-0.35281, 0.0222, 50.05108],
						"0.5": [-0.35287, 1.02218, 50.04492],
						"0.75": {
							"pre": [-3.20127, -3.07695, -1.78944],
							"post": [-3.20127, -3.07695, -1.78944],
							"lerp_mode": "catmullrom"
						},
						"0.9": {
							"post": [-13.97, -1.75125, -11.33],
							"lerp_mode": "catmullrom"
						},
						"0.95": {
							"post": [-16.41043, -2.87458, -15.099],
							"lerp_mode": "catmullrom"
						},
						"1.0": {
							"post": [-18.13432, -1.44164, -12.19443],
							"lerp_mode": "catmullrom"
						},
						"1.1": {
							"post": [-18.21036, -1.43855, -14.00979],
							"lerp_mode": "catmullrom"
						},
						"1.2": {
							"post": [-17.8, -2.04125, -12.49],
							"lerp_mode": "catmullrom"
						},
						"1.3": {
							"post": [-17.43666, -3.86167, -12.43741],
							"lerp_mode": "catmullrom"
						},
						"1.45": {
							"post": [-17.90681, -4.46077, -13.12473],
							"lerp_mode": "catmullrom"
						},
						"1.55": {
							"post": [-16.54, -5.07125, -18.03],
							"lerp_mode": "catmullrom"
						},
						"1.65": {
							"post": [-15.62692, -4.62862, -14.41546],
							"lerp_mode": "catmullrom"
						},
						"1.75": {
							"post": [-15.98028, -4.83815, -16.24945],
							"lerp_mode": "catmullrom"
						},
						"1.85": {
							"post": [-16.49, -4.10125, -14.39],
							"lerp_mode": "catmullrom"
						},
						"1.95": {
							"post": [-16.53832, -3.9979, -14.51685],
							"lerp_mode": "catmullrom"
						},
						"2.05": {
							"post": [-16.17556, -4.56457, -17.97802],
							"lerp_mode": "catmullrom"
						},
						"2.2": {
							"post": [-16.58255, -7.98343, -25.61325],
							"lerp_mode": "catmullrom"
						},
						"2.3": {
							"post": [-19.2722, -8.07671, -28.13582],
							"lerp_mode": "catmullrom"
						},
						"2.7": {
							"post": [-19.2722, -8.07671, -28.13582],
							"lerp_mode": "catmullrom"
						},
						"2.9": {
							"post": [-16.94, -3.05, -35.07],
							"lerp_mode": "catmullrom"
						},
						"3.0": {
							"post": [-18.34, -3.15703, -34.44],
							"lerp_mode": "catmullrom"
						},
						"3.2": {
							"post": [-19.01, -5.25703, -35.87],
							"lerp_mode": "catmullrom"
						},
						"3.5": {
							"post": [-16.83, -3.82828, -35.24],
							"lerp_mode": "catmullrom"
						},
						"3.7": {
							"post": [-16.75747, -3.10868, -35.18341],
							"lerp_mode": "catmullrom"
						},
						"4.05": {
							"post": [-17.76, -2.96, -34.58],
							"lerp_mode": "catmullrom"
						},
						"4.45": {
							"post": [-19.2722, -8.07671, -28.13582],
							"lerp_mode": "catmullrom"
						},
						"4.65": {
							"post": [-20.05845, -7.73942, -29.55901],
							"lerp_mode": "catmullrom"
						},
						"4.7": {
							"post": [-20.05812, -7.86125, -29.96375],
							"lerp_mode": "catmullrom"
						},
						"4.8": {
							"post": [-19.61203, -8.92125, -30.25375],
							"lerp_mode": "catmullrom"
						},
						"4.9": {
							"post": [-19.15594, -9.21125, -29.81375],
							"lerp_mode": "catmullrom"
						},
						"4.95": {
							"post": [-19.39933, -9.11526, -29.83487],
							"lerp_mode": "catmullrom"
						},
						"5.05": {
							"post": [-18.57817, -5.91257, -28.89092],
							"lerp_mode": "catmullrom"
						},
						"5.3": {
							"post": [-16.63017, -6.90509, -32.91995],
							"lerp_mode": "catmullrom"
						},
						"5.35": {
							"post": [-16.83766, -7.44125, -29.72375],
							"lerp_mode": "catmullrom"
						},
						"5.7": {
							"post": [-17.33766, -7.53125, -27.72375],
							"lerp_mode": "catmullrom"
						},
						"5.75": {
							"post": [-16.91609, -6.90481, -22.60174],
							"lerp_mode": "catmullrom"
						},
						"6.1": {
							"post": [-6.19875, -3.82658, -0.5644],
							"lerp_mode": "catmullrom"
						},
						"6.25": {
							"post": [-7.05067, -2.00156, 10.65747],
							"lerp_mode": "catmullrom"
						},
						"6.3": {
							"post": [-7.52844, -1.90953, 11],
							"lerp_mode": "catmullrom"
						},
						"6.4": {
							"post": [-8.53268, -3.27654, 12.62551],
							"lerp_mode": "catmullrom"
						},
						"6.45": {
							"post": [-8.72844, -2.73953, 13.74],
							"lerp_mode": "catmullrom"
						},
						"6.6": {
							"post": [-8.44775, -2.7528, 11.89159],
							"lerp_mode": "catmullrom"
						},
						"6.7": {
							"post": [-5.70228, -0.35019, 17.2522],
							"lerp_mode": "catmullrom"
						},
						"6.8": {
							"post": [-3.84844, -1.02953, 15.56],
							"lerp_mode": "catmullrom"
						},
						"6.9": {
							"post": [0.85156, -0.84953, 13.73],
							"lerp_mode": "catmullrom"
						},
						"7.1": {
							"post": [-6.17059, -1.3766, 4.49142],
							"lerp_mode": "catmullrom"
						},
						"7.25": {
							"post": [-0.25, -0.8, -1.3],
							"lerp_mode": "catmullrom"
						},
						"7.35": {
							"post": [0, 0.1, 0.9],
							"lerp_mode": "catmullrom"
						},
						"7.5": {
							"post": [0, 0, -0.2],
							"lerp_mode": "catmullrom"
						},
						"7.6": {
							"post": [0, 0, 0],
							"lerp_mode": "catmullrom"
						}
					},
					"position": {
						"0.0": {
							"post": [0, 0, 0],
							"lerp_mode": "catmullrom"
						},
						"0.25": {
							"post": [0, 0.01, 0],
							"lerp_mode": "catmullrom"
						},
						"0.5": {
							"post": [0, 0.01, 0],
							"lerp_mode": "catmullrom"
						},
						"0.7": {
							"post": [-0.07047, -1.25859, -0.14609],
							"lerp_mode": "catmullrom"
						},
						"0.85": {
							"post": [-0.29125, -1.09547, -1.6225],
							"lerp_mode": "catmullrom"
						},
						"0.95": {
							"post": [-0.30781, -0.04766, -1.825],
							"lerp_mode": "catmullrom"
						},
						"1.05": {
							"post": [-0.35781, 0.25234, -0.06719],
							"lerp_mode": "catmullrom"
						},
						"1.15": {
							"post": [-0.38281, 0.06234, 0.55281],
							"lerp_mode": "catmullrom"
						},
						"1.25": {
							"post": [-0.30781, 0.05234, 0.30781],
							"lerp_mode": "catmullrom"
						},
						"1.35": {
							"post": [-0.34, 0.08, 0.31],
							"lerp_mode": "catmullrom"
						},
						"1.4": {
							"post": [-0.18281, 0.08593, 0.30781],
							"lerp_mode": "catmullrom"
						},
						"1.55": {
							"post": [0.19219, -0.66953, 0.30781],
							"lerp_mode": "catmullrom"
						},
						"1.7": {
							"post": [0.04219, -0.94922, 0.30781],
							"lerp_mode": "catmullrom"
						},
						"1.9": {
							"post": [-0.30781, -0.33203, 0.30781],
							"lerp_mode": "catmullrom"
						},
						"2.05": {
							"post": [-0.30781, 0.10234, 0.30781],
							"lerp_mode": "catmullrom"
						},
						"2.15": {
							"post": [-0.60781, 0.30234, 0.30781],
							"lerp_mode": "catmullrom"
						},
						"2.3": {
							"post": [-0.58281, 0.75234, 0.30781],
							"lerp_mode": "catmullrom"
						},
						"2.7": {
							"post": [-0.58281, 0.75234, 0.30781],
							"lerp_mode": "catmullrom"
						},
						"2.95": {
							"post": [0.87795, 0.15254, -0.04422],
							"lerp_mode": "catmullrom"
						},
						"3.1": {
							"post": [0.94795, 0.33832, 0],
							"lerp_mode": "catmullrom"
						},
						"3.55": {
							"post": [1.05432, 0.03011, 0],
							"lerp_mode": "catmullrom"
						},
						"3.65": {
							"post": [0.9642, -0.07667, 0.02031],
							"lerp_mode": "catmullrom"
						},
						"4.05": {
							"post": [1.1975, 0.07, -0.03],
							"lerp_mode": "catmullrom"
						},
						"4.45": {
							"post": [-0.58281, 0.75234, 0.30781],
							"lerp_mode": "catmullrom"
						},
						"4.75": {
							"post": [-0.57781, 0.59234, 0.28781],
							"lerp_mode": "catmullrom"
						},
						"5.0": {
							"post": [-0.48281, 0.67734, 0.30781],
							"lerp_mode": "catmullrom"
						},
						"5.05": {
							"post": [-0.055, -0.31766, 0.60781],
							"lerp_mode": "catmullrom"
						},
						"5.35": {
							"post": [-0.19172, -0.79813, 0.1],
							"lerp_mode": "catmullrom"
						},
						"5.75": {
							"post": [-0.19172, -0.34188, 0.43594],
							"lerp_mode": "catmullrom"
						},
						"6.1": {
							"post": [-0.40172, -1.90984, 0.79438],
							"lerp_mode": "catmullrom"
						},
						"6.25": {
							"post": [-0.80281, -1.51594, 0.83438],
							"lerp_mode": "catmullrom"
						},
						"6.35": {
							"post": [-0.73, -1.37, 0.82],
							"lerp_mode": "catmullrom"
						},
						"6.4": {
							"post": [-0.68781, -1.89969, 0.35938],
							"lerp_mode": "catmullrom"
						},
						"6.5": {
							"post": [-0.71281, -1.29969, -0.00562],
							"lerp_mode": "catmullrom"
						},
						"6.6": {
							"post": [-0.78781, -1.32469, -0.06562],
							"lerp_mode": "catmullrom"
						},
						"6.7": {
							"post": [-0.78781, -1.35516, 0.69406],
							"lerp_mode": "catmullrom"
						},
						"6.8": {
							"post": [-0.98781, -1.87078, 0.49406],
							"lerp_mode": "catmullrom"
						},
						"6.95": {
							"post": [-0.70109, -4.88781, -1.05453],
							"lerp_mode": "catmullrom"
						},
						"7.1": {
							"post": [-0.50703, -1.30984, -2.51891],
							"lerp_mode": "catmullrom"
						},
						"7.2": {
							"post": [-0.28, -0.70906, -1.46719],
							"lerp_mode": "catmullrom"
						},
						"7.25": {
							"post": [-0.16, -0.55, 0.60407],
							"lerp_mode": "catmullrom"
						},
						"7.3": {
							"post": [-0.06641, -0.37187, 0.50312],
							"lerp_mode": "catmullrom"
						},
						"7.4": {
							"post": [-0.02, -0.1, -0.21594],
							"lerp_mode": "catmullrom"
						},
						"7.5": {
							"post": [0, 0, -0.13672],
							"lerp_mode": "catmullrom"
						},
						"7.65": {
							"post": [0, 0, 0],
							"lerp_mode": "catmullrom"
						}
					}
				},
				"magazine_and_bullet": {
					"rotation": {
						"1.8": [0, 0, 0],
						"1.9": [0, 0, 0],
						"2.05": [20, 0, 0],
						"4.75": [20, 0, 0],
						"4.85": [7.17591, 5.98372, -39.62446],
						"5.05": [-12, 0, 0],
						"5.2": [-9.84783, -0.35802, -2.97858],
						"5.3": [-3.92392, -0.17901, -1.48929],
						"5.4": [0, 0, 0],
						"5.5": [0, 0, 0]
					},
					"position": {
						"1.8": [0, 0, 0],
						"1.85": [0, -4.77, -0.37422],
						"1.9": [0, -9.11, -0.665],
						"2.0": [0, -17.8, -0.10781],
						"2.15": [-2.75869, -30.94359, 3.05816],
						"2.3": [1.69506, -22.27835, 9.04581],
						"4.75": [4.70351, -15.86903, 5.48137],
						"4.85": [4.2, -12.67344, 1.86375],
						"4.95": [2.1, -9.74, -1.35531],
						"5.05": [0, -8.08203, -1.09844],
						"5.2": [0.3, -7.43172, -0.92344],
						"5.3": [0.25, -7.09, -0.83984],
						"5.4": [0, -7.4, -0.74609],
						"5.5": [0, 0, 0]
					}
				},
				"bolt": {
					"position": {
						"0.6": [0, 0, -3.995],
						"5.6": [0, 0, -3.995],
						"5.65": [0, 0, 0]
					}
				},
				"bullet_in_mag": {
					"position": {
						"0.6": [0, -1, 0],
						"1.75": [0, -1, 0],
						"1.8": [0, 0, 0]
					}
				},
				"camera": {
					"rotation": {
						"0.6": {
							"pre": [0, 0, 0],
							"post": [0, 0, 0],
							"lerp_mode": "catmullrom"
						},
						"0.75": {
							"post": [0.21984, 0.11719, 0],
							"lerp_mode": "catmullrom"
						},
						"1.0": {
							"post": [2.63672, 0.65625, -1.04297],
							"lerp_mode": "catmullrom"
						},
						"1.35": {
							"post": [2.45641, 0.92578, -1.04297],
							"lerp_mode": "catmullrom"
						},
						"1.45": {
							"post": [3.08688, 0.69531, -0.42578],
							"lerp_mode": "catmullrom"
						},
						"1.6": {
							"post": [2.71969, 0.57813, -1.54687],
							"lerp_mode": "catmullrom"
						},
						"1.8": {
							"post": [2.97563, 0.69531, -1.04297],
							"lerp_mode": "catmullrom"
						},
						"2.15": {
							"post": [2.88906, 0.65625, -1.04297],
							"lerp_mode": "catmullrom"
						},
						"2.3": {
							"post": [3.37, 0.87, -1.04297],
							"lerp_mode": "catmullrom"
						},
						"4.65": {
							"post": [3.55, 0.95, -0.88672],
							"lerp_mode": "catmullrom"
						},
						"4.75": {
							"post": [3.85969, 1.08203, -1.08203],
							"lerp_mode": "catmullrom"
						},
						"5.0": {
							"post": [3.89, 1.08203, -1.04297],
							"lerp_mode": "catmullrom"
						},
						"5.1": {
							"post": [4.33266, 1.08203, -0.38672],
							"lerp_mode": "catmullrom"
						},
						"5.2": {
							"post": [3.57875, 1.08203, -1.46875],
							"lerp_mode": "catmullrom"
						},
						"5.35": {
							"post": [3.21875, 0.76953, -0.88672],
							"lerp_mode": "catmullrom"
						},
						"5.5": {
							"post": [1.45141, 0.50391, -1.04297],
							"lerp_mode": "catmullrom"
						},
						"5.6": {
							"post": [1.13, 0.49, -1.05297],
							"lerp_mode": "catmullrom"
						},
						"5.7": {
							"post": [1.10234, 0.50391, -0.61719],
							"lerp_mode": "catmullrom"
						},
						"5.75": {
							"post": [1.62, 0.50391, -1.35156],
							"lerp_mode": "catmullrom"
						},
						"5.9": {
							"post": [1.43, 0.50391, -1.04297],
							"lerp_mode": "catmullrom"
						},
						"6.0": {
							"post": [2.20437, 0.50391, -0.46484],
							"lerp_mode": "catmullrom"
						},
						"6.1": {
							"post": [1.90984, 0.50391, -1.08203],
							"lerp_mode": "catmullrom"
						},
						"6.25": {
							"post": [2.1, 0.24, -0.91531],
							"lerp_mode": "catmullrom"
						},
						"6.35": {
							"post": [2.195, 0.07813, -0.73437],
							"lerp_mode": "catmullrom"
						},
						"6.55": {
							"post": [-0.21094, 0, -0.30859],
							"lerp_mode": "catmullrom"
						},
						"6.65": {
							"post": [0.17188, 0, 0.38672],
							"lerp_mode": "catmullrom"
						},
						"6.75": {
							"post": [-0.14062, 0, -0.15625],
							"lerp_mode": "catmullrom"
						},
						"6.9": {
							"post": [0, 0, 0],
							"lerp_mode": "catmullrom"
						}
					}
				},
				"bullet": {
					"rotation": {
						"2.15": [0, 0, 52.5],
						"5.5": [0, 0, 52.5],
						"5.65": [0, 0, 0]
					},
					"scale": {
						"1.15": [0, 0, 0],
						"1.35": [0, 0, 0],
						"2.15": [0, 0, 0],
						"2.2": [1, 1, 1]
					}
				},
				"charge_handle": {
					"position": {
						"0.6": [0, 0, 0],
						"6.25": [0, 0, 0],
						"6.35": [0, 0, 5.0625],
						"6.55": [0, 0, 5.0625],
						"6.65": [0, 0, 0]
					}
				},
				"dl": {
					"rotation": {
						"1.15": [0, 0, 0],
						"1.35": [0, 0, 52.5],
						"5.5": [0, 0, 52.5],
						"5.65": [0, 0, 0]
					}
				},
				"magazine": {
					"rotation": {
						"3.0": {
							"pre": [0, 0, 0],
							"post": [0, 0, 0],
							"lerp_mode": "catmullrom"
						},
						"3.85": {
							"post": [-360, 0, 0],
							"lerp_mode": "catmullrom"
						}
					},
					"position": {
						"2.75": {
							"pre": [0, 0, 0],
							"post": [0, 0, 0],
							"lerp_mode": "catmullrom"
						},
						"3.0": {
							"post": [0, 0, 0],
							"lerp_mode": "catmullrom"
						},
						"3.45": {
							"post": [10.14276, 23.82332, -7.65336],
							"lerp_mode": "catmullrom"
						},
						"3.85": {
							"post": [0, 0, 0],
							"lerp_mode": "catmullrom"
						},
						"4.15": {
							"post": [0, 0, 0],
							"lerp_mode": "catmullrom"
						}
					}
				}
			},
			"sound_effects": {
				"0.6": {
					"effect": "aa12_reload_raise"
				},
				"1.35": {
					"effect": "aa12_reload_empty_magout"
				},
				"1.95": {
					"effect": "iw8_phys_mag_drop_br_poly_dirt_03"
				},
				"2.2": {
					"effect": "aa12_reload_drum_mvmnt"
				},
				"4.8": {
					"effect": "aa12_reload_empty_magin"
				},
				"5.4": {
					"effect": "wfoly_sh_jak12_reload_empty_boltpull"
				},
				"5.8": {
					"effect": "aa12_reload_empty_fast_drum_boltforward"
				},
				"6.05": {
					"effect": "aa12_reload_empty_end"
				}
			}
		},
		"shoot": {
			"loop": true,
			"animation_length": 0.75,
			"bones": {
				"root": {
					"rotation": {
						"0.0": [0, 0, 0],
						"0.0333": [1.225, 0, 0.725],
						"0.0667": [-0.595, 0, -1.175],
						"0.1": [-0.72, 0, -1.225],
						"0.1667": [0.18, 0, 0.525],
						"0.2667": [0.45, 0, -0.25],
						"0.3667": [0.225, -0.2, 0.25],
						"0.5": [0.055, -0.075, -0.075],
						"0.6333": [0, 0, 0]
					},
					"position": {
						"0.0": [0, 0, 0],
						"0.0333": [0, -0.025, 1.725],
						"0.0667": [0, -0.05, 1.38],
						"0.1333": [0, -0.05, -0.045],
						"0.2667": [0, -0.025, 0.1],
						"0.3667": [0, 0, 0]
					}
				},
				"bolt": {
					"position": {
						"0.0": [0, 0, 0],
						"0.0333": [0, 0, -3.425],
						"0.1": [0, 0, 0]
					}
				},
				"charge_handle": {
					"position": {
						"0.0": [0, 0, 0],
						"0.0333": [0, 0, 0.5],
						"0.0833": [0, 0, 0]
					}
				},
				"charge_l": {
					"rotation": {
						"0.0167": [0, 0, 0],
						"0.0667": [0, -17, 0],
						"0.1167": [0, 0, 0],
						"0.1833": [0, 0, 0],
						"0.25": [0, -8, 0],
						"0.3167": [0, 0, 0]
					}
				},
				"charge_r": {
					"rotation": {
						"0.0": [0, 0, 0],
						"0.05": [0, 10.65, 0],
						"0.1": [0, 0, 0],
						"0.1667": [0, 0, 0],
						"0.2333": [0, 7.05, 0],
						"0.3": [0, 0, 0]
					}
				},
				"camera": {
					"rotation": {
						"0.0": {
							"post": [0, 0, 0],
							"lerp_mode": "catmullrom"
						},
						"0.0333": {
							"post": [0, 0, 0.6],
							"lerp_mode": "catmullrom"
						},
						"0.0667": {
							"post": [0, 0, -0.4],
							"lerp_mode": "catmullrom"
						},
						"0.1333": {
							"post": [0, 0, 0.325],
							"lerp_mode": "catmullrom"
						},
						"0.2": {
							"post": [0, 0, -0.225],
							"lerp_mode": "catmullrom"
						},
						"0.2667": {
							"post": [0, 0, 0],
							"lerp_mode": "catmullrom"
						},
						"0.3667": {
							"post": [0, 0, 0],
							"lerp_mode": "catmullrom"
						}
					}
				},
				"bone2": {
					"position": {
						"0.0": [0, 0, 0],
						"0.0333": [0, 0, 3],
						"0.0667": [0, 0, 0]
					}
				}
			}
		},
		"inspect": {
			"animation_length": 7.2,
			"bones": {
				"m95_bolt": {
					"position": {
						"4.3": [0, 0, 0],
						"4.3667": [0, 0, 4.15],
						"4.4333": [0, 0, 4.5],
						"4.5667": [0, 0, 4.3],
						"4.7667": [0, 0, 4.15],
						"5.1": [0, 0, 4.175],
						"5.2": [0, 0, 0]
					}
				},
				"rotate": {
					"rotation": {
						"4.1667": [0, 0, 0],
						"4.2667": [0, 0, 50],
						"5.3": [0, 0, 50],
						"5.3667": [0, 0, 0]
					}
				},
				"l3": {
					"rotation": {
						"0.6": [0, 0, 0],
						"0.7333": [-3, 0, 0],
						"0.8667": [0, 0, 0],
						"1.0": [-2, 0, 0],
						"3.4333": [-2, 0, 0],
						"3.5667": [0, 0, 0],
						"3.7": [-2, 0, 0],
						"3.8333": [-0.75, 0, 0],
						"3.9333": [4.375, 0, 0],
						"4.1": [-1.025, 0, 0],
						"4.2333": [2.25, 0, 0],
						"4.3667": [1.25, 0, 0],
						"4.5667": [2.25, 0, 0],
						"4.7667": [0.25, 0, 0],
						"4.9333": [1.25, 0, 0],
						"5.1": [2.25, 0, 0],
						"5.2": [2.25, 0, 0],
						"5.3667": [-0.425, 0, 0],
						"5.5": [3.95, 0, 0],
						"5.6333": [0.6, 0, 0],
						"5.8": [1.75, 0, 0],
						"5.9333": [0, 0, 0],
						"6.1667": [0, 0, 0],
						"6.3": [-3, 0, 0],
						"6.4333": [-2, 0, 0],
						"6.5667": [0, 0, 0],
						"6.7333": [-1, 0, 0],
						"6.8667": [0, 0, 0]
					}
				},
				"shell_ejection": {
					"position": {
						"4.3": [0, 0, 0],
						"4.3667": [0, 0, 4.15],
						"4.4333": [0, 0, 4.5],
						"4.5667": [0, 0, 4.3],
						"4.7667": [0, 0, 4.15],
						"5.1": [0, 0, 4.175],
						"5.2": [0, 0, 0]
					}
				},
				"root": {
					"rotation": {
						"0.0": {
							"post": [0, 0, 0],
							"lerp_mode": "catmullrom"
						},
						"0.1667": {
							"post": [-1.38509, -1.24434, 4.29497],
							"lerp_mode": "catmullrom"
						},
						"0.2667": {
							"post": [-1.39, -1.24, 4.29],
							"lerp_mode": "catmullrom"
						},
						"0.4": {
							"post": [-3.91, -4.41, -2.02],
							"lerp_mode": "catmullrom"
						},
						"0.6667": {
							"post": [-10.80252, -12.68944, -19.80615],
							"lerp_mode": "catmullrom"
						},
						"0.8667": {
							"post": [-11.67934, -12.73253, -20.88586],
							"lerp_mode": "catmullrom"
						},
						"1.0": {
							"post": [-10.42561, -13.0448, -21.82949],
							"lerp_mode": "catmullrom"
						},
						"1.2": {
							"post": [-10.56428, -12.85979, -20.82188],
							"lerp_mode": "catmullrom"
						},
						"1.8667": {
							"post": [-10.39, -12.99, -21.57],
							"lerp_mode": "catmullrom"
						},
						"2.0333": {
							"post": [-10.9146, -13.35759, -23.13092],
							"lerp_mode": "catmullrom"
						},
						"2.3": {
							"post": [-10.25634, -13.50926, -24.0715],
							"lerp_mode": "catmullrom"
						},
						"2.6667": {
							"post": [-10.31, -13.4275, -24.0075],
							"lerp_mode": "catmullrom"
						},
						"2.7667": {
							"post": [-10.01823, -12.01652, -22.39677],
							"lerp_mode": "catmullrom"
						},
						"3.0": {
							"post": [-6.0733, -2.55567, -8.68449],
							"lerp_mode": "catmullrom"
						},
						"3.1667": {
							"post": [-3.30816, -6.55161, -3.15758],
							"lerp_mode": "catmullrom"
						},
						"3.3": {
							"post": [-11.99539, -6.2465, 14.78107],
							"lerp_mode": "catmullrom"
						},
						"3.4": {
							"post": [-24.07317, -0.97391, 28.22222],
							"lerp_mode": "catmullrom"
						},
						"3.6": {
							"post": [-32.28365, 5.59754, 44.62545],
							"lerp_mode": "catmullrom"
						},
						"3.7": {
							"post": [-32.44664, 5.36815, 46.1821],
							"lerp_mode": "catmullrom"
						},
						"3.7667": {
							"post": [-31.38661, 6.16105, 47.33802],
							"lerp_mode": "catmullrom"
						},
						"3.9": {
							"post": [-31.60382, 7.93459, 52.29084],
							"lerp_mode": "catmullrom"
						},
						"4.1667": {
							"post": [-33.84674, 6.64885, 47.50441],
							"lerp_mode": "catmullrom"
						},
						"4.3333": {
							"post": [-31.80789, 9.10999, 51.06287],
							"lerp_mode": "catmullrom"
						},
						"4.5": {
							"post": [-33.34556, 7.01589, 47.88054],
							"lerp_mode": "catmullrom"
						},
						"4.7333": {
							"post": [-32.04707, 7.50249, 48.73097],
							"lerp_mode": "catmullrom"
						},
						"5.4": {
							"post": [-32.7588, 8.96748, 49.78305],
							"lerp_mode": "catmullrom"
						},
						"5.6": {
							"post": [-21.80021, -1.92924, 39.7835],
							"lerp_mode": "catmullrom"
						},
						"5.7333": {
							"post": [-11.32385, -8.47574, 19.6574],
							"lerp_mode": "catmullrom"
						},
						"5.8333": {
							"post": [-3.97708, -7.46886, 2.34726],
							"lerp_mode": "catmullrom"
						},
						"5.9": {
							"post": [-2.77467, -6.47288, 5.91111],
							"lerp_mode": "catmullrom"
						},
						"5.9667": {
							"post": [-1.20016, -5.6579, 3.74312],
							"lerp_mode": "catmullrom"
						},
						"6.1": {
							"post": [1.76605, -3.2563, 4.9369],
							"lerp_mode": "catmullrom"
						},
						"6.1667": {
							"post": [1.78811, -2.65564, 4.66491],
							"lerp_mode": "catmullrom"
						},
						"6.2667": {
							"post": [0.8, -0.92, 3.05],
							"lerp_mode": "catmullrom"
						},
						"6.3333": {
							"post": [-0.30298, 0.34027, -1.56498],
							"lerp_mode": "catmullrom"
						},
						"6.4667": {
							"post": [0.2321, 0.0577, 2.25602],
							"lerp_mode": "catmullrom"
						},
						"6.6667": {
							"post": [0, 0, 0],
							"lerp_mode": "catmullrom"
						}
					},
					"position": {
						"0.0": {
							"post": [0, 0, 0],
							"lerp_mode": "catmullrom"
						},
						"0.1667": {
							"post": [-0.2, -0.31, 0],
							"lerp_mode": "catmullrom"
						},
						"0.3": {
							"post": [-0.2, -0.81, 0],
							"lerp_mode": "catmullrom"
						},
						"0.4": {
							"post": [-0.18, -0.4, 0],
							"lerp_mode": "catmullrom"
						},
						"0.5": {
							"post": [-0.14, 0.42, 0],
							"lerp_mode": "catmullrom"
						},
						"0.6667": {
							"post": [0, 2.8, 0],
							"lerp_mode": "catmullrom"
						},
						"0.7667": {
							"post": [0, 3.3, 0],
							"lerp_mode": "catmullrom"
						},
						"0.9667": {
							"post": [0, 3, 0],
							"lerp_mode": "catmullrom"
						},
						"1.2667": {
							"post": [0, 3.1, 0],
							"lerp_mode": "catmullrom"
						},
						"1.8667": {
							"post": [0, 3.17, 0],
							"lerp_mode": "catmullrom"
						},
						"2.0": {
							"post": [-0.1, 3.37, 0],
							"lerp_mode": "catmullrom"
						},
						"2.6": {
							"post": [-0.14, 3.53, -0.02],
							"lerp_mode": "catmullrom"
						},
						"2.7667": {
							"post": [-0.1, 3.345, 0],
							"lerp_mode": "catmullrom"
						},
						"2.8667": {
							"post": [0.4, 2.38, 0.23],
							"lerp_mode": "catmullrom"
						},
						"3.0": {
							"post": [1.875, -0.58, -0.855],
							"lerp_mode": "catmullrom"
						},
						"3.1667": {
							"post": [3.25, -1.13, -1.83],
							"lerp_mode": "catmullrom"
						},
						"3.4": {
							"post": [5.905, 3.385, -3.895],
							"lerp_mode": "catmullrom"
						},
						"3.5": {
							"post": [7.58, 4.975, -5.215],
							"lerp_mode": "catmullrom"
						},
						"3.6": {
							"post": [8.74, 4.71, -5.795],
							"lerp_mode": "catmullrom"
						},
						"3.7": {
							"post": [8.8, 3.5, -6.125],
							"lerp_mode": "catmullrom"
						},
						"3.8333": {
							"post": [8.8, 3.4, -6.4],
							"lerp_mode": "catmullrom"
						},
						"3.9667": {
							"post": [8.925, 3.975, -6.65],
							"lerp_mode": "catmullrom"
						},
						"4.1333": {
							"post": [8.775, 4.03, -6.145],
							"lerp_mode": "catmullrom"
						},
						"4.2667": {
							"post": [8.78, 4.07, -6.345],
							"lerp_mode": "catmullrom"
						},
						"4.4": {
							"post": [8.85625, 4.0125, -6.875],
							"lerp_mode": "catmullrom"
						},
						"4.5333": {
							"post": [8.7175, 3.995, -6.56375],
							"lerp_mode": "catmullrom"
						},
						"4.8333": {
							"post": [8.585, 3.88125, -6.685],
							"lerp_mode": "catmullrom"
						},
						"5.4667": {
							"post": [7.93, 2.62, -6.015],
							"lerp_mode": "catmullrom"
						},
						"5.6333": {
							"post": [5.525, -1.04, -4.065],
							"lerp_mode": "catmullrom"
						},
						"5.7667": {
							"post": [3.235, -5.1, -4.215],
							"lerp_mode": "catmullrom"
						},
						"5.9333": {
							"post": [2.36, -4.48, -4.4],
							"lerp_mode": "catmullrom"
						},
						"6.1": {
							"post": [1.305, -1.125, -4.24],
							"lerp_mode": "catmullrom"
						},
						"6.2333": {
							"post": [0.79, 0.215, -2.5],
							"lerp_mode": "catmullrom"
						},
						"6.4": {
							"post": [0.125, -0.575, 0.275],
							"lerp_mode": "catmullrom"
						},
						"6.5": {
							"post": [0, -0.32875, -0.44],
							"lerp_mode": "catmullrom"
						},
						"6.6333": {
							"post": [0, -0.02, 0.17],
							"lerp_mode": "catmullrom"
						},
						"6.8": {
							"post": [0, 0, 0],
							"lerp_mode": "catmullrom"
						}
					}
				},
				"bullet": {
					"scale": 0
				},
				"camera": {
					"rotation": {
						"0.0": {
							"post": [0, 0, 0],
							"lerp_mode": "catmullrom"
						},
						"0.2667": {
							"post": [0.55, 0, 0],
							"lerp_mode": "catmullrom"
						},
						"0.6667": {
							"post": [-2.425, -0.25, -0.85],
							"lerp_mode": "catmullrom"
						},
						"0.8": {
							"post": [-2.21, -0.31, -0.65],
							"lerp_mode": "catmullrom"
						},
						"1.0": {
							"post": [-2.895, -0.38, -0.86],
							"lerp_mode": "catmullrom"
						},
						"1.3667": {
							"post": [-2.455, -0.25, -0.85],
							"lerp_mode": "catmullrom"
						},
						"1.7333": {
							"post": [4.925, 3.15, -1.425],
							"lerp_mode": "catmullrom"
						},
						"2.1": {
							"post": [6.075, 3.65, -1.425],
							"lerp_mode": "catmullrom"
						},
						"2.7333": {
							"post": [6.075, 3.85, -1.35],
							"lerp_mode": "catmullrom"
						},
						"3.1333": {
							"post": [1.525, 0, 0],
							"lerp_mode": "catmullrom"
						},
						"3.4": {
							"post": [0.955, -1.9, 1.35],
							"lerp_mode": "catmullrom"
						},
						"3.6333": {
							"post": [1.64, -1.97, 1.74],
							"lerp_mode": "catmullrom"
						},
						"3.7333": {
							"post": [2.11, -1.9, 2.025],
							"lerp_mode": "catmullrom"
						},
						"3.8667": {
							"post": [1.665, -1.83, 1.515],
							"lerp_mode": "catmullrom"
						},
						"4.0667": {
							"post": [2.14, -1.975, 1.85],
							"lerp_mode": "catmullrom"
						},
						"4.2333": {
							"post": [3.62, -2.97, 2.02],
							"lerp_mode": "catmullrom"
						},
						"4.3333": {
							"post": [4.83, -3.62, 2.94],
							"lerp_mode": "catmullrom"
						},
						"4.4333": {
							"post": [4.55, -3.96, 1.625],
							"lerp_mode": "catmullrom"
						},
						"4.5667": {
							"post": [5.36, -3.99, 2.385],
							"lerp_mode": "catmullrom"
						},
						"4.7333": {
							"post": [5.21, -4.01, 2.22],
							"lerp_mode": "catmullrom"
						},
						"4.9333": {
							"post": [5.24, -4.05, 1.775],
							"lerp_mode": "catmullrom"
						},
						"5.3667": {
							"post": [1.46, -3.3, 1.675],
							"lerp_mode": "catmullrom"
						},
						"5.7": {
							"post": [1.11, 0, 0],
							"lerp_mode": "catmullrom"
						},
						"6.0": {
							"post": [-1.3, 0, -0.775],
							"lerp_mode": "catmullrom"
						},
						"6.2333": {
							"post": [-1.3, 0, 0],
							"lerp_mode": "catmullrom"
						},
						"6.3667": {
							"post": [-0.15, 0, 0.15],
							"lerp_mode": "catmullrom"
						},
						"6.4667": {
							"post": [0.48, 0, 0.6],
							"lerp_mode": "catmullrom"
						},
						"6.6": {
							"post": [-0.22, 0, -0.525],
							"lerp_mode": "catmullrom"
						},
						"6.7667": {
							"post": [0, 0, 0],
							"lerp_mode": "catmullrom"
						}
					}
				}
			},
			"sound_effects": {
				"0.0667": {
					"effect": "tacz:m95/m95_inspect_raise"
				},
				"2.8": {
					"effect": "tacz:m95/m95_inspect_rotate"
				},
				"3.2667": {
					"effect": "tacz:m95/m95_inspect_shoulder"
				},
				"6.3": {
					"effect": "tacz:m95/m95_inspect_end"
				}
			}
		},
		"inspect_empty": {
			"animation_length": 7.2,
			"bones": {
				"m95_bolt": {
					"position": {
						"4.3": [0, 0, 0],
						"4.3667": [0, 0, 4.15],
						"4.4333": [0, 0, 4.5],
						"4.5667": [0, 0, 4.3],
						"4.7667": [0, 0, 4.15],
						"5.1": [0, 0, 4.175],
						"5.2": [0, 0, 0]
					}
				},
				"rotate": {
					"rotation": {
						"4.1667": [0, 0, 0],
						"4.2667": [0, 0, 50],
						"5.3": [0, 0, 50],
						"5.3667": [0, 0, 0]
					}
				},
				"l3": {
					"rotation": {
						"0.6": [0, 0, 0],
						"0.7333": [-3, 0, 0],
						"0.8667": [0, 0, 0],
						"1.0": [-2, 0, 0],
						"3.4333": [-2, 0, 0],
						"3.5667": [0, 0, 0],
						"3.7": [-2, 0, 0],
						"3.8333": [-0.75, 0, 0],
						"3.9333": [4.375, 0, 0],
						"4.1": [-1.025, 0, 0],
						"4.2333": [2.25, 0, 0],
						"4.3667": [1.25, 0, 0],
						"4.5667": [2.25, 0, 0],
						"4.7667": [0.25, 0, 0],
						"4.9333": [1.25, 0, 0],
						"5.1": [2.25, 0, 0],
						"5.2": [2.25, 0, 0],
						"5.3667": [-0.425, 0, 0],
						"5.5": [3.95, 0, 0],
						"5.6333": [0.6, 0, 0],
						"5.8": [1.75, 0, 0],
						"5.9333": [0, 0, 0],
						"6.1667": [0, 0, 0],
						"6.3": [-3, 0, 0],
						"6.4333": [-2, 0, 0],
						"6.5667": [0, 0, 0],
						"6.7333": [-1, 0, 0],
						"6.8667": [0, 0, 0]
					}
				},
				"shell_ejection": {
					"position": {
						"4.3": [0, 0, 0],
						"4.3667": [0, 0, 4.15],
						"4.4333": [0, 0, 4.5],
						"4.5667": [0, 0, 4.3],
						"4.7667": [0, 0, 4.15],
						"5.1": [0, 0, 4.175],
						"5.2": [0, 0, 0]
					}
				},
				"root": {
					"rotation": {
						"0.0": {
							"post": [0, 0, 0],
							"lerp_mode": "catmullrom"
						},
						"0.1667": {
							"post": [-1.38509, -1.24434, 4.29497],
							"lerp_mode": "catmullrom"
						},
						"0.2667": {
							"post": [-1.39, -1.24, 4.29],
							"lerp_mode": "catmullrom"
						},
						"0.4": {
							"post": [-3.91, -4.41, -2.02],
							"lerp_mode": "catmullrom"
						},
						"0.6667": {
							"post": [-10.80252, -12.68944, -19.80615],
							"lerp_mode": "catmullrom"
						},
						"0.8667": {
							"post": [-11.67934, -12.73253, -20.88586],
							"lerp_mode": "catmullrom"
						},
						"1.0": {
							"post": [-10.42561, -13.0448, -21.82949],
							"lerp_mode": "catmullrom"
						},
						"1.2": {
							"post": [-10.56428, -12.85979, -20.82188],
							"lerp_mode": "catmullrom"
						},
						"1.8667": {
							"post": [-10.39, -12.99, -21.57],
							"lerp_mode": "catmullrom"
						},
						"2.0333": {
							"post": [-10.9146, -13.35759, -23.13092],
							"lerp_mode": "catmullrom"
						},
						"2.3": {
							"post": [-10.25634, -13.50926, -24.0715],
							"lerp_mode": "catmullrom"
						},
						"2.6667": {
							"post": [-10.31, -13.4275, -24.0075],
							"lerp_mode": "catmullrom"
						},
						"2.7667": {
							"post": [-10.01823, -12.01652, -22.39677],
							"lerp_mode": "catmullrom"
						},
						"3.0": {
							"post": [-6.0733, -2.55567, -8.68449],
							"lerp_mode": "catmullrom"
						},
						"3.1667": {
							"post": [-3.30816, -6.55161, -3.15758],
							"lerp_mode": "catmullrom"
						},
						"3.3": {
							"post": [-11.99539, -6.2465, 14.78107],
							"lerp_mode": "catmullrom"
						},
						"3.4": {
							"post": [-24.07317, -0.97391, 28.22222],
							"lerp_mode": "catmullrom"
						},
						"3.6": {
							"post": [-32.28365, 5.59754, 44.62545],
							"lerp_mode": "catmullrom"
						},
						"3.7": {
							"post": [-32.44664, 5.36815, 46.1821],
							"lerp_mode": "catmullrom"
						},
						"3.7667": {
							"post": [-31.38661, 6.16105, 47.33802],
							"lerp_mode": "catmullrom"
						},
						"3.9": {
							"post": [-31.60382, 7.93459, 52.29084],
							"lerp_mode": "catmullrom"
						},
						"4.1667": {
							"post": [-33.84674, 6.64885, 47.50441],
							"lerp_mode": "catmullrom"
						},
						"4.3333": {
							"post": [-31.80789, 9.10999, 51.06287],
							"lerp_mode": "catmullrom"
						},
						"4.5": {
							"post": [-33.34556, 7.01589, 47.88054],
							"lerp_mode": "catmullrom"
						},
						"4.7333": {
							"post": [-32.04707, 7.50249, 48.73097],
							"lerp_mode": "catmullrom"
						},
						"5.4": {
							"post": [-32.7588, 8.96748, 49.78305],
							"lerp_mode": "catmullrom"
						},
						"5.6": {
							"post": [-21.80021, -1.92924, 39.7835],
							"lerp_mode": "catmullrom"
						},
						"5.7333": {
							"post": [-11.32385, -8.47574, 19.6574],
							"lerp_mode": "catmullrom"
						},
						"5.8333": {
							"post": [-3.97708, -7.46886, 2.34726],
							"lerp_mode": "catmullrom"
						},
						"5.9": {
							"post": [-2.77467, -6.47288, 5.91111],
							"lerp_mode": "catmullrom"
						},
						"5.9667": {
							"post": [-1.20016, -5.6579, 3.74312],
							"lerp_mode": "catmullrom"
						},
						"6.1": {
							"post": [1.76605, -3.2563, 4.9369],
							"lerp_mode": "catmullrom"
						},
						"6.1667": {
							"post": [1.78811, -2.65564, 4.66491],
							"lerp_mode": "catmullrom"
						},
						"6.2667": {
							"post": [0.8, -0.92, 3.05],
							"lerp_mode": "catmullrom"
						},
						"6.3333": {
							"post": [-0.30298, 0.34027, -1.56498],
							"lerp_mode": "catmullrom"
						},
						"6.4667": {
							"post": [0.2321, 0.0577, 2.25602],
							"lerp_mode": "catmullrom"
						},
						"6.6667": {
							"post": [0, 0, 0],
							"lerp_mode": "catmullrom"
						}
					},
					"position": {
						"0.0": {
							"post": [0, 0, 0],
							"lerp_mode": "catmullrom"
						},
						"0.1667": {
							"post": [-0.2, -0.31, 0],
							"lerp_mode": "catmullrom"
						},
						"0.3": {
							"post": [-0.2, -0.81, 0],
							"lerp_mode": "catmullrom"
						},
						"0.4": {
							"post": [-0.18, -0.4, 0],
							"lerp_mode": "catmullrom"
						},
						"0.5": {
							"post": [-0.14, 0.42, 0],
							"lerp_mode": "catmullrom"
						},
						"0.6667": {
							"post": [0, 2.8, 0],
							"lerp_mode": "catmullrom"
						},
						"0.7667": {
							"post": [0, 3.3, 0],
							"lerp_mode": "catmullrom"
						},
						"0.9667": {
							"post": [0, 3, 0],
							"lerp_mode": "catmullrom"
						},
						"1.2667": {
							"post": [0, 3.1, 0],
							"lerp_mode": "catmullrom"
						},
						"1.8667": {
							"post": [0, 3.17, 0],
							"lerp_mode": "catmullrom"
						},
						"2.0": {
							"post": [-0.1, 3.37, 0],
							"lerp_mode": "catmullrom"
						},
						"2.6": {
							"post": [-0.14, 3.53, -0.02],
							"lerp_mode": "catmullrom"
						},
						"2.7667": {
							"post": [-0.1, 3.345, 0],
							"lerp_mode": "catmullrom"
						},
						"2.8667": {
							"post": [0.4, 2.38, 0.23],
							"lerp_mode": "catmullrom"
						},
						"3.0": {
							"post": [1.875, -0.58, -0.855],
							"lerp_mode": "catmullrom"
						},
						"3.1667": {
							"post": [3.25, -1.13, -1.83],
							"lerp_mode": "catmullrom"
						},
						"3.4": {
							"post": [5.905, 3.385, -3.895],
							"lerp_mode": "catmullrom"
						},
						"3.5": {
							"post": [7.58, 4.975, -5.215],
							"lerp_mode": "catmullrom"
						},
						"3.6": {
							"post": [8.74, 4.71, -5.795],
							"lerp_mode": "catmullrom"
						},
						"3.7": {
							"post": [8.8, 3.5, -6.125],
							"lerp_mode": "catmullrom"
						},
						"3.8333": {
							"post": [8.8, 3.4, -6.4],
							"lerp_mode": "catmullrom"
						},
						"3.9667": {
							"post": [8.925, 3.975, -6.65],
							"lerp_mode": "catmullrom"
						},
						"4.1333": {
							"post": [8.775, 4.03, -6.145],
							"lerp_mode": "catmullrom"
						},
						"4.2667": {
							"post": [8.78, 4.07, -6.345],
							"lerp_mode": "catmullrom"
						},
						"4.4": {
							"post": [8.85625, 4.0125, -6.875],
							"lerp_mode": "catmullrom"
						},
						"4.5333": {
							"post": [8.7175, 3.995, -6.56375],
							"lerp_mode": "catmullrom"
						},
						"4.8333": {
							"post": [8.585, 3.88125, -6.685],
							"lerp_mode": "catmullrom"
						},
						"5.4667": {
							"post": [7.93, 2.62, -6.015],
							"lerp_mode": "catmullrom"
						},
						"5.6333": {
							"post": [5.525, -1.04, -4.065],
							"lerp_mode": "catmullrom"
						},
						"5.7667": {
							"post": [3.235, -5.1, -4.215],
							"lerp_mode": "catmullrom"
						},
						"5.9333": {
							"post": [2.36, -4.48, -4.4],
							"lerp_mode": "catmullrom"
						},
						"6.1": {
							"post": [1.305, -1.125, -4.24],
							"lerp_mode": "catmullrom"
						},
						"6.2333": {
							"post": [0.79, 0.215, -2.5],
							"lerp_mode": "catmullrom"
						},
						"6.4": {
							"post": [0.125, -0.575, 0.275],
							"lerp_mode": "catmullrom"
						},
						"6.5": {
							"post": [0, -0.32875, -0.44],
							"lerp_mode": "catmullrom"
						},
						"6.6333": {
							"post": [0, -0.02, 0.17],
							"lerp_mode": "catmullrom"
						},
						"6.8": {
							"post": [0, 0, 0],
							"lerp_mode": "catmullrom"
						}
					}
				},
				"bullet": {
					"scale": 0
				},
				"camera": {
					"rotation": {
						"0.0": {
							"post": [0, 0, 0],
							"lerp_mode": "catmullrom"
						},
						"0.2667": {
							"post": [0.55, 0, 0],
							"lerp_mode": "catmullrom"
						},
						"0.6667": {
							"post": [-2.425, -0.25, -0.85],
							"lerp_mode": "catmullrom"
						},
						"0.8": {
							"post": [-2.21, -0.31, -0.65],
							"lerp_mode": "catmullrom"
						},
						"1.0": {
							"post": [-2.895, -0.38, -0.86],
							"lerp_mode": "catmullrom"
						},
						"1.3667": {
							"post": [-2.455, -0.25, -0.85],
							"lerp_mode": "catmullrom"
						},
						"1.7333": {
							"post": [4.925, 3.15, -1.425],
							"lerp_mode": "catmullrom"
						},
						"2.1": {
							"post": [6.075, 3.65, -1.425],
							"lerp_mode": "catmullrom"
						},
						"2.7333": {
							"post": [6.075, 3.85, -1.35],
							"lerp_mode": "catmullrom"
						},
						"3.1333": {
							"post": [1.525, 0, 0],
							"lerp_mode": "catmullrom"
						},
						"3.4": {
							"post": [0.955, -1.9, 1.35],
							"lerp_mode": "catmullrom"
						},
						"3.6333": {
							"post": [1.64, -1.97, 1.74],
							"lerp_mode": "catmullrom"
						},
						"3.7333": {
							"post": [2.11, -1.9, 2.025],
							"lerp_mode": "catmullrom"
						},
						"3.8667": {
							"post": [1.665, -1.83, 1.515],
							"lerp_mode": "catmullrom"
						},
						"4.0667": {
							"post": [2.14, -1.975, 1.85],
							"lerp_mode": "catmullrom"
						},
						"4.2333": {
							"post": [3.62, -2.97, 2.02],
							"lerp_mode": "catmullrom"
						},
						"4.3333": {
							"post": [4.83, -3.62, 2.94],
							"lerp_mode": "catmullrom"
						},
						"4.4333": {
							"post": [4.55, -3.96, 1.625],
							"lerp_mode": "catmullrom"
						},
						"4.5667": {
							"post": [5.36, -3.99, 2.385],
							"lerp_mode": "catmullrom"
						},
						"4.7333": {
							"post": [5.21, -4.01, 2.22],
							"lerp_mode": "catmullrom"
						},
						"4.9333": {
							"post": [5.24, -4.05, 1.775],
							"lerp_mode": "catmullrom"
						},
						"5.3667": {
							"post": [1.46, -3.3, 1.675],
							"lerp_mode": "catmullrom"
						},
						"5.7": {
							"post": [1.11, 0, 0],
							"lerp_mode": "catmullrom"
						},
						"6.0": {
							"post": [-1.3, 0, -0.775],
							"lerp_mode": "catmullrom"
						},
						"6.2333": {
							"post": [-1.3, 0, 0],
							"lerp_mode": "catmullrom"
						},
						"6.3667": {
							"post": [-0.15, 0, 0.15],
							"lerp_mode": "catmullrom"
						},
						"6.4667": {
							"post": [0.48, 0, 0.6],
							"lerp_mode": "catmullrom"
						},
						"6.6": {
							"post": [-0.22, 0, -0.525],
							"lerp_mode": "catmullrom"
						},
						"6.7667": {
							"post": [0, 0, 0],
							"lerp_mode": "catmullrom"
						}
					}
				}
			},
			"sound_effects": {
				"0.0667": {
					"effect": "tacz:m95/m95_inspect_raise"
				},
				"2.8": {
					"effect": "tacz:m95/m95_inspect_rotate"
				},
				"3.2667": {
					"effect": "tacz:m95/m95_inspect_shoulder"
				},
				"6.3": {
					"effect": "tacz:m95/m95_inspect_end"
				}
			}
		},
		"melee_stock": {
			"animation_length": 1.1,
			"bones": {
				"root": {
					"rotation": {
						"0.0": {
							"post": [0, 0, 0],
							"lerp_mode": "catmullrom"
						},
						"0.0667": {
							"post": [-0.91946, -0.68416, 4.52785],
							"lerp_mode": "catmullrom"
						},
						"0.1333": {
							"post": [-77.5, 0, 90],
							"lerp_mode": "catmullrom"
						},
						"0.2": {
							"post": [-150.93209, 7.3352, 102.10051],
							"lerp_mode": "catmullrom"
						},
						"0.3": {
							"post": [-150.74622, 9.84655, 100.15108],
							"lerp_mode": "catmullrom"
						},
						"0.4667": {
							"post": [-152.5, 0, 44],
							"lerp_mode": "catmullrom"
						},
						"0.6333": {
							"post": [0.20024, -1.98812, 22.79719],
							"lerp_mode": "catmullrom"
						},
						"0.8": {
							"post": [1.49985, -0.01745, 13.09985],
							"lerp_mode": "catmullrom"
						},
						"0.9333": {
							"post": [0, -0.375, 4.5],
							"lerp_mode": "catmullrom"
						},
						"1.0": {
							"post": [-0.09, -0.35, -0.46875],
							"lerp_mode": "catmullrom"
						},
						"1.1333": {
							"post": [0.01309, -0.25017, -0.42511],
							"lerp_mode": "catmullrom"
						}
					},
					"position": {
						"0.0": {
							"post": [0, 0, 0],
							"lerp_mode": "catmullrom"
						},
						"0.0667": {
							"post": [-2.11, -1.63, 1.31],
							"lerp_mode": "catmullrom"
						},
						"0.1333": {
							"post": [0, 0, 1],
							"lerp_mode": "catmullrom"
						},
						"0.2": {
							"post": [6, 0, -4],
							"lerp_mode": "catmullrom"
						},
						"0.3": {
							"post": [6, 0, -5],
							"lerp_mode": "catmullrom"
						},
						"0.3667": {
							"post": [6, 0, -4],
							"lerp_mode": "catmullrom"
						},
						"0.6333": {
							"post": [-0.21, -1.08, -2.375],
							"lerp_mode": "catmullrom"
						},
						"0.8": {
							"post": [0, -0.25, -0.025],
							"lerp_mode": "catmullrom"
						},
						"0.9333": {
							"post": [0, 0, 0.525],
							"lerp_mode": "catmullrom"
						},
						"1.1": {
							"post": [0, 0, -0.1],
							"lerp_mode": "catmullrom"
						}
					}
				},
				"righthand": {
					"rotation": {
						"0.0": [89.49625, 6.99973, -180.06139],
						"0.1333": [-33, 7, -180.06],
						"0.2333": [-33, 7, -180.06],
						"0.5333": [-33, 7, -180.06],
						"0.6": [89.49625, 6.99973, -180.06139],
						"1.0667": [89.49625, 6.99973, -180.06139]
					},
					"position": {
						"0.0": [-6.85, -14.075, 8.775],
						"0.2333": [-6.85, -8.07, 12.78],
						"0.5333": [-6.85, -8.07, 12.78],
						"0.6": [-6.85, -14.075, 8.775],
						"1.0667": [-6.85, -14.075, 8.775]
					},
					"scale": {
						"0.0": [1, 1.5, 1],
						"1.0667": [1, 1.5, 1]
					}
				},
				"camera": {
					"rotation": {
						"0.0": {
							"post": [0, 0, 0],
							"lerp_mode": "catmullrom"
						},
						"0.0667": {
							"post": [-0.325, -0.2, -0.4],
							"lerp_mode": "catmullrom"
						},
						"0.2": {
							"post": [0.455, -0.175, 0.7],
							"lerp_mode": "catmullrom"
						},
						"0.3333": {
							"post": [-0.195, 0.075, -0.45],
							"lerp_mode": "catmullrom"
						},
						"0.4667": {
							"post": [0.185, 0.175, 0.15],
							"lerp_mode": "catmullrom"
						},
						"0.7333": {
							"post": [0, 0, 0],
							"lerp_mode": "catmullrom"
						}
					}
				}
			},
			"sound_effects": {
				"0.0667": {
					"effect": "emxarms:emx_melee/emx_melee_02"
				}
			}
		},
		"melee_push": {
			"animation_length": 1,
			"bones": {
				"root": {
					"rotation": {
						"0.0": {
							"post": [0, 0, 0],
							"lerp_mode": "catmullrom"
						},
						"0.0833": {
							"post": [-0.91946, -25, 4.52785],
							"lerp_mode": "catmullrom"
						},
						"0.1667": {
							"post": [-0.58211, -80, 30.44834],
							"lerp_mode": "catmullrom"
						},
						"0.25": {
							"post": [-0.84898, -100, 31.61935],
							"lerp_mode": "catmullrom"
						},
						"0.375": {
							"post": [0.20024, -110, 22.79719],
							"lerp_mode": "catmullrom"
						},
						"0.4583": {
							"post": [1.49985, -90, 13.09985],
							"lerp_mode": "catmullrom"
						},
						"0.5833": {
							"post": [0, -45, 4.5],
							"lerp_mode": "catmullrom"
						},
						"0.6667": {
							"post": [-0.09, -15, -0.46875],
							"lerp_mode": "catmullrom"
						},
						"0.7917": {
							"post": [0.01309, -0.25017, -0.42511],
							"lerp_mode": "catmullrom"
						}
					},
					"position": {
						"0.0": {
							"post": [0, 0, 0],
							"lerp_mode": "catmullrom"
						},
						"0.0833": {
							"post": [-2.11, -1.63, 1.31],
							"lerp_mode": "catmullrom"
						},
						"0.1667": {
							"post": [-1.675, -0.95, -7.675],
							"lerp_mode": "catmullrom"
						},
						"0.25": {
							"post": [-1.02, -0.775, -4.52],
							"lerp_mode": "catmullrom"
						},
						"0.375": {
							"post": [-0.21, -1.08, -2.375],
							"lerp_mode": "catmullrom"
						},
						"0.4583": {
							"post": [0, -0.25, -0.025],
							"lerp_mode": "catmullrom"
						},
						"0.5833": {
							"post": [0, 0, 0.525],
							"lerp_mode": "catmullrom"
						},
						"0.75": {
							"post": [0, 0, -0.1],
							"lerp_mode": "catmullrom"
						}
					}
				},
				"camera": {
					"rotation": {
						"0.0": {
							"post": [0, 0, 0],
							"lerp_mode": "catmullrom"
						},
						"0.0833": {
							"post": [-0.325, -0.2, -0.4],
							"lerp_mode": "catmullrom"
						},
						"0.2083": {
							"post": [0.455, -0.175, 0.7],
							"lerp_mode": "catmullrom"
						},
						"0.3333": {
							"post": [-0.195, 0.075, -0.45],
							"lerp_mode": "catmullrom"
						},
						"0.4583": {
							"post": [0.185, 0.175, 0.15],
							"lerp_mode": "catmullrom"
						},
						"0.75": {
							"post": [0, 0, 0],
							"lerp_mode": "catmullrom"
						}
					}
				}
			},
			"sound_effects": {
				"0.0833": {
					"effect": "emxarms:emx_melee/emx_melee_02"
				}
			}
		}
	}
}