{
	"format_version": "1.8.0",
	"animations": {
		"static_idle": {
			"animation_length": 0.1,
			"bones": {
				"lefthand": {
					"rotation": [91.47237, -398.26212, -126.75784],
					"position": [7.75, -13, -3.5],
					"scale": [1, 1.5, 1]
				},
				"righthand": {
					"rotation": [100.21875, 11.81504, -177.88617],
					"position": [-6.6, -14.2, 2.2],
					"scale": [1, 1.5, 1]
				},
				"constraint": {
					"rotation": [0.05, 0.2, 0.1],
					"position": [0.15, 0.2, 0.35]
				}
			}
		},
		"static_bolt_caught": {
			"animation_length": 0.1,
			"bones": {
				"lefthand": {
					"rotation": [91.47237, -398.26212, -126.75784],
					"position": [7.75, -13, -3.5],
					"scale": [1, 1.5, 1]
				},
				"bullet": {
					"scale": 0
				},
				"righthand": {
					"rotation": [100.21875, 11.81504, -177.88617],
					"position": [-6.6, -14.2, 2.2],
					"scale": [1, 1.5, 1]
				},
				"bolt": {
					"position": [0, 0, -3]
				}
			}
		},
		"draw": {
			"animation_length": 0.6,
			"bones": {
				"root": {
					"rotation": {
						"0.0": [0.81, -32.64, 33.95],
						"0.0333": [0.27, -29.86, 31.4],
						"0.0667": [-0.53, -25.86, 27.73],
						"0.1": [-1.28, -21.36, 23.7],
						"0.1333": [-1.65, -17.06, 20.1],
						"0.1667": [-1.47, -12.69, 17.07],
						"0.2": [-0.93, -8.04, 14.24],
						"0.2333": [-0.31, -3.86, 11.52],
						"0.2667": [0.1, -0.92, 8.88],
						"0.3": [0.23, 0.25, 6.05],
						"0.3333": [0.22, 0.18, 3.17],
						"0.3667": [0.16, -0.37, 0.67],
						"0.4": [0.11, -0.62, -0.98],
						"0.4333": [0.05, -0.14, -0.96],
						"0.4667": [-0.01, 0.27, 0.27],
						"0.5": [-0.02, 0.27, 0.3],
						"0.5333": [-0.01, 0.19, 0.21],
						"0.5667": [0, 0.07, 0.08],
						"0.6": [0, 0, 0]
					},
					"position": {
						"0.0": [-3.18, -5.58, 24],
						"0.0333": [-2.73, -4.99, 20.05],
						"0.0667": [-2.08, -4.13, 14.3],
						"0.1": [-1.41, -3.22, 8.44],
						"0.1333": [-0.9, -2.45, 4.15],
						"0.1667": [-0.45, -1.32, 1.17],
						"0.2": [-0.25, -0.53, 0.54],
						"0.2333": [-0.14, -0.24, -0.06],
						"0.2667": [-0.07, -0.1, -0.38],
						"0.3": [-0.03, -0.04, -0.5],
						"0.3333": [-0.01, -0.05, -0.36],
						"0.3667": [-0.02, -0.14, -0.04],
						"0.4": [-0.03, -0.19, 0.17],
						"0.4333": [-0.02, -0.13, 0.02],
						"0.4667": [-0.01, -0.05, -0.18],
						"0.5": [-0.01, -0.02, -0.16],
						"0.5333": [0, -0.01, -0.07],
						"0.5667": [0, 0, 0]
					}
				},
				"lefthand": {
					"rotation": [91.47237, -398.26212, -126.75784],
					"position": [7.75, -13, -3.5],
					"scale": [1, 1.5, 1]
				},
				"righthand": {
					"rotation": {
						"0.0333": [125.83218, -9.9242, -160.40804],
						"0.1667": [100.21875, 11.81504, -177.88617],
						"0.3": [100.21875, 11.81504, -177.88617]
					},
					"position": {
						"0.0333": [-14, -15.4, 3.5],
						"0.1667": [-7.9, -14.2, 2.4],
						"0.3": [-6.6, -14.2, 2.2]
					},
					"scale": [1, 1.5, 1]
				},
				"camera": {
					"rotation": {
						"0.0": [0, 0, 0],
						"0.0333": [0.01, 0.01, 0.02],
						"0.0667": [0.03, 0.03, 0.06],
						"0.1": [0.11, 0.06, 0.13],
						"0.1333": [0.43, 0.14, 0.35],
						"0.1667": [0.76, 0.22, 0.53],
						"0.2": [0.91, 0.23, 0.52],
						"0.2333": [1.01, 0.22, 0.45],
						"0.2667": [1.02, 0.19, 0.35],
						"0.3": [0.79, 0.09, 0.05],
						"0.3333": [0.48, 0, -0.17],
						"0.3667": [0.31, -0.02, -0.02],
						"0.4": [0.17, -0.01, 0.19],
						"0.4333": [-0.17, -0.01, 0.09],
						"0.4667": [-0.11, 0, 0.01],
						"0.5": [0, 0, -0.05],
						"0.5333": [0.01, 0, -0.05],
						"0.5667": [0.01, 0, -0.02],
						"0.6": [0, 0, 0]
					}
				}
			},
			"sound_effects": {
				"0.0": {
					"effect": "wfoly_plr_sm_uzulu_raise_up"
				}
			}
		},
		"put_away": {
			"animation_length": 0.4333,
			"bones": {
				"root": {
					"rotation": {
						"0.0": [0, 0, 0],
						"0.0333": [-0.73, -0.37, 2.96],
						"0.0667": [-1.62, -0.81, 7.37],
						"0.1": [-3.72, -1.98, 11.25],
						"0.1333": [-8.1, -4.56, 12.61],
						"0.1667": [-16.37, -9.07, 10.1],
						"0.2": [-27.52, -15.04, 5.05],
						"0.2333": [-38.69, -21.66, -0.49],
						"0.2667": [-46.98, -28.1, -4.48],
						"0.3": [-51.39, -34.85, -6.32],
						"0.3333": [-53.55, -42.12, -7.11],
						"0.3667": [-54.49, -48.64, -7.37],
						"0.4": [-55.27, -53.19, -7.61],
						"0.4333": [-55.27, -53.19, -7.61]
					},
					"position": {
						"0.0": [0, 0, 0],
						"0.0333": [0.17, -0.22, 0],
						"0.0667": [0.4, -0.52, 0],
						"0.1": [0.69, -0.93, 0],
						"0.1333": [1.05, -1.48, 0],
						"0.1667": [1.62, -2.08, 0],
						"0.2": [2.3, -2.9, 0],
						"0.2333": [3.05, -5, 0],
						"0.2667": [3.49, -7.03, 0],
						"0.3": [3.99, -9.74, 0],
						"0.3333": [4.51, -12.77, 0],
						"0.3667": [5.01, -15.76, 0],
						"0.4": [5.43, -18.32, 0],
						"0.4333": [5.73, -20.1, 0]
					}
				},
				"lefthand": {
					"rotation": [91.47237, -398.26212, -126.75784],
					"position": [7.75, -13, -3.5],
					"scale": [1, 1.5, 1]
				},
				"righthand": {
					"rotation": {
						"0.0": [100.21875, 11.81504, -177.88617],
						"0.1": [105.94152, 22.99469, -163.42299],
						"0.2": [71.66157, 23.27575, -132.82994]
					},
					"position": {
						"0.0": [-6.6, -14.2, 2.2],
						"0.1": [-7.95823, -15.99396, 1.84695],
						"0.1333": [-8.89145, -16.58212, 3.16495],
						"0.2": [-12.4662, -13.51428, 7.08287],
						"0.3333": [-16.28427, -3.9932, 5.33164],
						"0.4333": [-16.28, -3.99, 5.33]
					},
					"scale": [1, 1.5, 1]
				},
				"camera": {
					"rotation": {
						"0.0": [0, 0, 0],
						"0.0333": [0.05, 0, -0.02],
						"0.0667": [0.12, 0, -0.04],
						"0.1": [0.18, 0, -0.07],
						"0.1333": [0.18, 0, -0.1],
						"0.1667": [0.07, 0, -0.14],
						"0.2": [-0.1, 0, -0.2],
						"0.2333": [-0.26, 0, -0.24],
						"0.2667": [-0.35, 0, -0.25],
						"0.3": [-0.32, 0, -0.21],
						"0.3333": [-0.21, 0, -0.13],
						"0.3667": [-0.08, 0, -0.05],
						"0.4": [0, 0, 0]
					}
				}
			},
			"sound_effects": {
				"0.0": {
					"effect": "wfoly_plr_sm_uzulu_drop_quick_down"
				}
			}
		},
		"reload_tactical": {
			"animation_length": 2.7,
			"bones": {
				"root": {
					"rotation": {
						"0.0": [0, 0, 0],
						"0.2333": [-2.96, -3.93, -5.41],
						"0.2667": [-7.29, -9.66, -13.24],
						"0.3": [-11.5, -15.43, -21.52],
						"0.3333": [-14.08, -19.5, -28.29],
						"0.3667": [-14.15, -21.15, -33.16],
						"0.4": [-12.68, -21.4, -37.14],
						"0.4333": [-10.89, -21.08, -40.32],
						"0.4667": [-9.98, -20.99, -42.81],
						"0.5": [-11.04, -21.21, -43.63],
						"0.5333": [-12.97, -21.38, -43.16],
						"0.5667": [-13.6, -22.02, -45.73],
						"0.6": [-11.05, -23.79, -55.8],
						"0.6333": [-7.21, -26.04, -68.91],
						"0.6667": [-5.65, -27.28, -75.93],
						"0.7": [-8.77, -26.42, -70.92],
						"0.7333": [-14.18, -24.55, -59.83],
						"0.7667": [-18.22, -23.52, -51.38],
						"0.8": [-19.32, -23.9, -49.44],
						"0.8333": [-19.57, -24.86, -49.31],
						"0.8667": [-19.23, -26.09, -50.03],
						"0.9": [-18.56, -27.31, -50.63],
						"0.9333": [-17.94, -28, -50.9],
						"0.9667": [-17.03, -28.78, -51.37],
						"1.0": [-15.95, -29.61, -51.94],
						"1.0333": [-14.8, -30.43, -52.51],
						"1.0667": [-13.72, -31.2, -52.98],
						"1.1": [-12.83, -31.87, -53.24],
						"1.1333": [-12.24, -32.39, -53.19],
						"1.1667": [-11.95, -32.87, -52.47],
						"1.2": [-12.07, -33.13, -51.19],
						"1.2333": [-12.41, -33.26, -49.69],
						"1.2667": [-12.78, -33.33, -48.28],
						"1.3": [-12.99, -33.41, -47.31],
						"1.3333": [-13.05, -33.52, -46.43],
						"1.3667": [-12.85, -33.53, -46.71],
						"1.4": [-11.93, -33.9, -48.59],
						"1.4333": [-11.41, -33.8, -50.07],
						"1.4667": [-12.22, -32.75, -49.21],
						"1.5": [-13.53, -31.28, -47.57],
						"1.5333": [-14.43, -30.2, -46.34],
						"1.5667": [-14.23, -30.17, -46.42],
						"1.6": [-13.72, -30.17, -46.35],
						"1.6333": [-13.76, -28.4, -43.68],
						"1.6667": [-14.24, -26.78, -41.42],
						"1.7": [-15.33, -27.73, -43.82],
						"1.7333": [-17.23187, -19.07921, -32.38322],
						"1.7667": [-14.09241, -19.3756, -25.95664],
						"1.8": [-12.50012, -19.21131, -30.14353],
						"1.8667": {
							"pre": [-7.31013, -16.97711, -23.25199],
							"post": [-7.31013, -16.97711, -23.25199],
							"lerp_mode": "catmullrom"
						},
						"1.9667": {
							"post": [-3.18201, -9.46254, -25.94723],
							"lerp_mode": "catmullrom"
						},
						"2.1": {
							"post": [-1.72689, -3.60464, -2.98213],
							"lerp_mode": "catmullrom"
						},
						"2.2": {
							"post": [-0.63203, -0.3656, 2.89976],
							"lerp_mode": "catmullrom"
						},
						"2.2667": {
							"post": [-0.62874, -0.45928, -0.97511],
							"lerp_mode": "catmullrom"
						},
						"2.4": {
							"post": [0, 0, 0.05],
							"lerp_mode": "catmullrom"
						},
						"2.5333": {
							"post": [0, 0, 0],
							"lerp_mode": "catmullrom"
						}
					},
					"position": {
						"0.0": [0, 0, 0],
						"0.2333": [-0.16, 0.25, 0.01],
						"0.2667": [-0.39, 0.62, 0.02],
						"0.3": [-0.62, 1, 0.03],
						"0.3333": [-0.81, 1.28, 0.02],
						"0.3667": [-0.95, 1.45, -0.02],
						"0.4": [-1.06, 1.56, -0.08],
						"0.4333": [-1.12, 1.59, -0.14],
						"0.4667": [-1.11, 1.55, -0.2],
						"0.5": [-0.85, 1.24, -0.26],
						"0.5333": [-0.47, 0.78, -0.3],
						"0.5667": [-0.37, 0.53, -0.35],
						"0.6": [-0.79, 0.65, -0.41],
						"0.6333": [-1.48, 0.97, -0.46],
						"0.6667": [-2.12, 1.25, -0.5],
						"0.7": [-2.63, 1.42, -0.5],
						"0.7333": [-3.1, 1.55, -0.49],
						"0.7667": [-3.42, 1.61, -0.47],
						"0.8": [-3.55, 1.54, -0.46],
						"0.8333": [-3.55, 1.39, -0.45],
						"0.8667": [-3.48, 1.29, -0.44],
						"0.9": [-3.31, 1.26, -0.41],
						"0.9333": [-3.08, 1.27, -0.38],
						"0.9667": [-2.92, 1.27, -0.35],
						"1.0": [-2.91, 1.27, -0.35],
						"1.0333": [-2.96, 1.26, -0.35],
						"1.0667": [-3.02, 1.25, -0.36],
						"1.1": [-3.06, 1.22, -0.36],
						"1.1333": [-3.04, 1.18, -0.35],
						"1.1667": [-2.88, 0.99, -0.3],
						"1.2": [-2.63, 0.76, -0.23],
						"1.2333": [-2.32, 0.66, -0.14],
						"1.2667": [-1.9, 0.78, -0.03],
						"1.3": [-1.43, 1.02, 0.11],
						"1.3333": [-1.1, 1.25, 0.24],
						"1.3667": [-1.01, 1.42, 0.37],
						"1.4": [-1.07, 1.58, 0.49],
						"1.4333": [-1.12, 1.69, 0.6],
						"1.4667": [-1.12, 1.72, 0.68],
						"1.5": [-1.12, 1.72, 0.75],
						"1.5333": [-1.13, 1.71, 0.8],
						"1.5667": [-1.17, 1.69, 0.83],
						"1.6": [-1.34, 1.72, 0.78],
						"1.6333": [-1.56, 1.74, 0.68],
						"1.6667": [-1.54, 1.62, 0.6],
						"1.7": [-0.73, 0.95, 0.6],
						"1.7333": {
							"pre": [-0.52, -0.215, 1.35],
							"post": [-0.52, -0.215, 1.35],
							"lerp_mode": "catmullrom"
						},
						"1.8": {
							"post": [-0.705, 0.16, 1.35],
							"lerp_mode": "catmullrom"
						},
						"1.8667": {
							"post": [-0.72, 0.265, 0.5],
							"lerp_mode": "catmullrom"
						},
						"1.9667": {
							"post": [-0.445, -0.3, 0.075],
							"lerp_mode": "catmullrom"
						},
						"2.1": {
							"post": [-0.31, -0.9, -1.705],
							"lerp_mode": "catmullrom"
						},
						"2.2": {
							"post": [-0.06, -0.65, -0.425],
							"lerp_mode": "catmullrom"
						},
						"2.2667": {
							"post": [-0.02, -0.315, 0.37],
							"lerp_mode": "catmullrom"
						},
						"2.3333": {
							"post": [0, -0.05, 0.25],
							"lerp_mode": "catmullrom"
						},
						"2.4": {
							"post": [0, -0.11, -0.09],
							"lerp_mode": "catmullrom"
						},
						"2.5": {
							"post": [0, 0, 0.025],
							"lerp_mode": "catmullrom"
						},
						"2.6": {
							"post": [0, 0, 0],
							"lerp_mode": "catmullrom"
						}
					}
				},
				"mag_and_lefthand": {
					"rotation": {
						"0.5667": [0, 0, 0],
						"0.6667": [29.89144, -32.81886, -97.59565],
						"0.7667": [25.07607, -50.47556, -102.01126],
						"0.9": [-16.29666, -12.01626, -43.30025],
						"1.0": [-8.82285, 20.3426, -42.76308],
						"1.1667": [0, 0, -38],
						"1.2667": [3.99908, -0.08689, -5.54804],
						"1.4333": [4.51527, 0.49834, -9.40841],
						"1.5333": [5.08356, 0.38599, -3.042],
						"1.6333": [0, 0, 0],
						"1.7333": [0, 0, 0]
					},
					"position": {
						"0.2": [0, 0, 0],
						"0.5": [0, 0, 0],
						"0.5667": [0, -4.13, 0],
						"0.6667": [3.21045, -7.32749, 0.35318],
						"0.7333": [3.74266, -11.1802, 1.66198],
						"0.9": [0.82236, -9.88378, 10.17692],
						"0.9667": [1.02616, -13.2634, 10.08992],
						"1.0667": [1.09378, -13.49864, 9.94847],
						"1.1667": [3.11625, -11.44778, 5.9778],
						"1.4333": [0.61, -4.3, 2],
						"1.5333": [0.345, -3.5275, 2.25],
						"1.6333": [0, -2.8, 1.5],
						"1.7333": [0, 0, 0]
					}
				},
				"lefthand": {
					"rotation": {
						"0.0": [91.47, -398.26, -126.76],
						"0.0667": [70.6045, -425.6528, -126.28413],
						"0.2333": [87.1, -402.46, -127.77],
						"0.2667": [95.35, -400.66, -145.23],
						"0.3": [107.17, -397.25, -169.35],
						"0.3333": [114.91, -392.23, -188.83],
						"0.3667": [114.32, -384.12, -199.07],
						"0.4": [109.66, -374.4, -204.66],
						"0.4333": [105.99, -367.43, -208.11],
						"0.4667": [105.99, -367.43, -208.11],
						"0.5": [105.99, -367.43, -208.11],
						"0.5333": [105.99, -367.43, -208.11],
						"0.5667": [105.99, -367.43, -208.11],
						"0.6": [105.99, -367.43, -208.11],
						"0.6333": [105.99, -367.43, -208.11],
						"0.6667": [105.99, -367.43, -208.11],
						"0.7": [105.99, -367.43, -208.11],
						"0.7333": [105.99, -367.43, -208.11],
						"0.7667": [105.99, -367.43, -208.11],
						"0.8": [105.99, -367.43, -208.11],
						"0.8333": [105.99, -367.43, -208.11],
						"0.8667": [105.99, -367.43, -208.11],
						"0.9": [105.99, -367.43, -208.11],
						"0.9333": [105.99, -367.43, -208.11],
						"0.9667": [105.99, -367.43, -208.11],
						"1.0": [88.38, -394.03, -99.63],
						"1.0333": [88.38, -394.03, -99.63],
						"1.0667": [88.38, -394.03, -99.63],
						"1.1": [88.38, -394.03, -99.63],
						"1.1333": [88.38, -394.03, -99.63],
						"1.1667": [88.38, -394.03, -99.63],
						"1.2": [88.38, -394.03, -99.63],
						"1.2333": [88.38, -394.03, -99.63],
						"1.2667": [88.38, -394.03, -99.63],
						"1.3": [88.38, -394.03, -99.63],
						"1.3333": [88.38, -394.03, -99.63],
						"1.3667": [88.38, -394.03, -99.63],
						"1.4": [88.38, -394.03, -99.63],
						"1.4333": [88.38, -394.03, -99.63],
						"1.4667": [88.38, -394.03, -99.63],
						"1.5": [88.38, -394.03, -99.63],
						"1.5333": [88.38, -394.03, -99.63],
						"1.5667": [88.38, -394.03, -99.63],
						"1.6": [88.38, -394.03, -99.63],
						"1.6333": [88.38, -394.03, -99.63],
						"1.6667": [88.38, -394.03, -99.63],
						"1.7": [88.38, -394.03, -99.63],
						"1.8667": [88.50165, -416.2867, -79.09184],
						"2.0": [114.26, -415.57, -164.59],
						"2.1": [114.26, -415.57, -164.59],
						"2.2": [105.98075, -404.16166, -134.24557],
						"2.2667": [91.47237, -398.26212, -126.75784]
					},
					"position": {
						"0.0": [7.75, -13, -3.5],
						"0.0667": [8.31, -10.71, -2.59],
						"0.1333": [8.47, -11.91, -0.34],
						"0.2": [8.63, -13.11, -0.08],
						"0.2333": [8.73, -14.25, -1.91],
						"0.2667": [9.08, -15.29, -1.37],
						"0.3": [9.43, -16.32, -0.83],
						"0.3333": [9.12, -16.95, -0.28],
						"0.3667": [8.81, -17.58, 0.27],
						"0.4": [7.61, -17.84, 0.84],
						"0.4333": [6.4, -18.1, 1.4],
						"0.4667": [6.4, -18.1, 1.4],
						"0.5": [6.4, -18.1, 1.4],
						"0.5333": [6.4, -18.1, 1.4],
						"0.5667": [6.4, -18.1, 1.4],
						"0.6": [6.4, -18.1, 1.4],
						"0.6333": [6.4, -18.1, 1.4],
						"0.6667": [6.4, -18.1, 1.4],
						"0.7": [6.4, -18.1, 1.4],
						"0.7333": [6.4, -18.1, 1.4],
						"0.7667": [6.4, -18.1, 1.4],
						"0.8": [6.4, -18.1, 1.4],
						"0.8333": [6.4, -18.1, 1.4],
						"0.8667": [6.4, -18.1, 1.4],
						"0.9": [6.4, -18.1, 1.4],
						"0.9333": [6.4, -18.1, 1.4],
						"0.9667": [6.4, -18.1, 1.4],
						"1.0": [6.83, -19.07, 1.4],
						"1.0333": [6.83, -19.07, 1.4],
						"1.0667": [6.83, -19.07, 1.4],
						"1.1": [6.83, -19.07, 1.4],
						"1.1333": [6.83, -19.07, 1.4],
						"1.1667": [6.83, -19.07, 1.4],
						"1.2": [6.83, -19.07, 1.4],
						"1.2333": [6.83, -19.07, 1.4],
						"1.2667": [6.83, -19.07, 1.4],
						"1.3": [6.83, -19.07, 1.4],
						"1.3333": [6.83, -19.07, 1.4],
						"1.3667": [6.83, -19.07, 1.4],
						"1.4": [6.83, -19.07, 1.4],
						"1.4333": [6.83, -19.07, 1.4],
						"1.4667": [6.83, -19.07, 1.4],
						"1.5": [6.83, -19.07, 1.4],
						"1.5333": [6.83, -19.07, 1.4],
						"1.5667": [6.83, -19.07, 1.4],
						"1.6": [6.83, -19.07, 1.4],
						"1.6333": [6.83, -19.07, 1.4],
						"1.6667": [6.83, -19.07, 1.4],
						"1.7": [6.83, -19.07, 1.4],
						"1.7333": [8.69, -19.31, 1.66],
						"1.8667": [8.68601, -19.30714, 1.65882],
						"2.0": [11.91, -26.01, 6.77],
						"2.1": [11.91, -26.01, 6.77],
						"2.1333": [13.16, -18.805, 0.89],
						"2.2": [9.1, -13.875, -4.7],
						"2.2667": [7.75, -13, -3.5]
					},
					"scale": [1, 1.5, 1]
				},
				"mag_and_bullet": {
					"scale": {
						"0.2": [0, 0, 0],
						"0.9": {
							"pre": [0, 0, 0],
							"post": [1, 1, 1]
						}
					}
				},
				"righthand": {
					"rotation": [100.21875, 11.81504, -177.88617],
					"position": {
						"0.2333": [-6.6, -14.2, 2.2],
						"0.3333": [-8.075, -14.2, 2.2],
						"2.0333": {
							"pre": [-8.075, -14.2, 2.2],
							"post": [-8.075, -14.2, 2.2],
							"lerp_mode": "catmullrom"
						},
						"2.2333": {
							"post": [-6.6, -14.2, 2.2],
							"lerp_mode": "catmullrom"
						}
					},
					"scale": [1, 1.5, 1]
				},
				"constraint": {
					"rotation": {
						"0.9": [0.05, 0.05, 0.08],
						"1.9": [0.05, 0.05, 0.08],
						"2.1": [0.1, 0.9, 0.8]
					},
					"position": {
						"0.9": [0.06, 0.06, 0.06],
						"1.9": [0.06, 0.06, 0.06],
						"2.1": [0.4, 0.6, 0.05]
					}
				},
				"bolt": {
					"position": {
						"2.1": [0, 0, -2.8],
						"2.1667": [0, 0, 0]
					}
				},
				"additional_magazine": {
					"rotation": {
						"0.5667": [0, 0, 0],
						"0.6": [2.5, 0.09, -6.98],
						"0.6333": [6, 0.6, -18.09],
						"0.6667": [9.03, 3.75, -37.08],
						"0.7": [11.28, 13.54, -65.52],
						"0.7333": [13.06, 25.96, -101.85],
						"0.7667": [13.81, 31.21, -145.19],
						"0.8": [13.55, 28.33, -172.06],
						"0.8333": [12.83, 22.25, -203.93],
						"0.8667": [11.86, 14.38, -237.56],
						"0.9": [10.82, 6.12, -269.68],
						"0.9333": [9.91, -1.1, -297.05],
						"0.9667": [9.31, -5.88, -316.41]
					},
					"position": {
						"0.5": [0, 0, 0],
						"0.5333": [0, -2.06, 0],
						"0.5667": [0, -4.13, 0],
						"0.6": [0.5, -5.06, 0.13],
						"0.6333": [1.27, -5.88, 0.31],
						"0.6667": [2.51, -7.33, 0.35],
						"0.7": [4.55, -9.59, 0.04],
						"0.7333": [7.06, -12.48, -0.41],
						"0.7667": [9.19, -16.13, -0.46],
						"0.8": [10.86, -20.58, -0.03],
						"0.8333": [12.15, -25.79, 0.8],
						"0.8667": [12.47, -31.74, 2.32],
						"0.9": [11.07, -39.5, 5.17],
						"0.9333": [8.68, -48, 8.71],
						"0.9667": [6.92, -54.03, 11.26]
					},
					"scale": {
						"0.2": [1, 1, 1],
						"0.9333": {
							"pre": [1, 1, 1],
							"post": [0, 0, 0]
						}
					}
				},
				"camera": {
					"rotation": {
						"0.2": [0, 0, 0],
						"0.2333": [0.01, -0.05, -0.04],
						"0.2667": [0.04, -0.11, -0.11],
						"0.3": [0.08, -0.07, -0.22],
						"0.3333": [0.16, 0.12, -0.39],
						"0.3667": [0.25, 0.41, -0.6],
						"0.4": [0.33, 0.65, -0.8],
						"0.4333": [0.31, 0.78, -1.01],
						"0.4667": [0.27, 0.86, -1.21],
						"0.5": [0.4, 0.9, -1.3],
						"0.5333": [1.29, 0.93, -1.02],
						"0.5667": [2.02, 0.84, -0.84],
						"0.6": [1.78, 0.67, -1.22],
						"0.6333": [1.23, 0.43, -1.79],
						"0.6667": [0.88, 0.2, -2.15],
						"0.7": [0.94, -0.03, -2.06],
						"0.7333": [1.19, -0.26, -1.75],
						"0.7667": [1.42, -0.44, -1.53],
						"0.8": [1.53, -0.54, -1.53],
						"0.8333": [1.62, -0.62, -1.59],
						"0.8667": [1.7, -0.66, -1.67],
						"0.9": [1.77, -0.65, -1.72],
						"0.9333": [1.81, -0.6, -1.74],
						"0.9667": [1.84, -0.5, -1.76],
						"1.0": [1.86, -0.38, -1.76],
						"1.0333": [1.88, -0.27, -1.76],
						"1.0667": [1.91, -0.18, -1.75],
						"1.1": [1.94, -0.13, -1.73],
						"1.1333": [1.97, -0.09, -1.71],
						"1.1667": [2, -0.06, -1.68],
						"1.2": [2.04, -0.04, -1.64],
						"1.2333": [2.1, -0.02, -1.6],
						"1.2667": [2.22, -0.03, -1.51],
						"1.3": [2.37, -0.06, -1.4],
						"1.3333": [2.51, -0.08, -1.3],
						"1.3667": [2.6, -0.1, -1.27],
						"1.4": [2.51, -0.08, -1.48],
						"1.4333": [2.4, -0.05, -1.75],
						"1.4667": [2.48, -0.04, -1.87],
						"1.5": [2.6, -0.04, -1.95],
						"1.5333": [2.63, -0.02, -1.97],
						"1.5667": [2.31, 0.02, -1.84],
						"1.6": [1.94, 0.07, -1.6],
						"1.6333": [1.73, 0.12, -1.19],
						"1.6667": [1.72, 0.18, -0.95],
						"1.7": [2.24, 0.25, -1.42],
						"1.7333": [1.93, -0.12, -1.2],
						"1.7667": [2.74, -0.1, -0.52],
						"1.8": [3.33, -0.07, -0.07],
						"1.8333": [2.87, -0.04, -0.9],
						"1.8667": [2.23, 0, -1.8],
						"1.9": [2.15, 0.01, -1.76],
						"1.9333": [2.18, 0.01, -1.48],
						"1.9667": [2.15, 0.02, -1.25],
						"2.0": [2, 0.03, -1.21],
						"2.0333": [1.79, 0.05, -1.23],
						"2.0667": [1.53, 0.05, -1.2],
						"2.1": [0.96, 0.03, -0.99],
						"2.1333": [0.41, 0.01, -0.72],
						"2.1667": [0.23, 0, -0.59],
						"2.2": [0.09, 0, -0.45],
						"2.2333": [-0.02, 0, -0.31],
						"2.2667": [-0.07, 0, -0.17],
						"2.3": [0.01, 0.01, 0.18],
						"2.3333": [0.12, 0.03, 0.35],
						"2.3667": [0.02, 0.03, 0.11],
						"2.4": [-0.12, 0.03, -0.29],
						"2.4333": [-0.2, 0.03, -0.52],
						"2.4667": [-0.16, 0.01, -0.47],
						"2.5": [-0.06, 0, -0.3],
						"2.5333": [0.04, -0.02, -0.11],
						"2.5667": [0.1, -0.02, 0.03],
						"2.6": [0.1, -0.02, 0.06],
						"2.6333": [0.07, -0.02, 0.05],
						"2.6667": [0.03, -0.01, 0.02],
						"2.7": [0, 0, 0]
					}
				},
				"bone5": {
					"position": {
						"0.0333": [0, 0, 0],
						"0.1": [0, 0, 1],
						"0.1333": [0, 0, 0]
					}
				}
			},
			"sound_effects": {
				"0.2": {
					"effect": "wfoly_plr_sm_uzulu_raise_up"
				},
				"0.4333": {
					"effect": "wfoly_plr_sm_uzulu_reload_empty_magout_01"
				},
				"1.1333": {
					"effect": "wfoly_plr_sm_uzulu_reload_empty_rattle"
				},
				"1.1667": {
					"effect": "iw8_phys_mag_drop_smg_metal_dirt_04"
				},
				"1.5": {
					"effect": "wfoly_plr_sm_uzulu_reload_empty_tilt"
				},
				"2.0333": {
					"effect": "wfoly_plr_sm_uzulu_reload_empty_fast_charge_01"
				},
				"2.5333": {
					"effect": "wfoly_plr_sm_uzulu_reload_empty_end"
				}
			}
		},
		"reload_empty": {
			"animation_length": 3.0333,
			"bones": {
				"root": {
					"rotation": {
						"0.0": [0, 0, 0],
						"0.2333": [-2.96, -3.93, -5.41],
						"0.2667": [-7.29, -9.66, -13.24],
						"0.3": [-11.5, -15.43, -21.52],
						"0.3333": [-14.08, -19.5, -28.29],
						"0.3667": [-14.15, -21.15, -33.16],
						"0.4": [-12.68, -21.4, -37.14],
						"0.4333": [-10.89, -21.08, -40.32],
						"0.4667": [-9.98, -20.99, -42.81],
						"0.5": [-11.04, -21.21, -43.63],
						"0.5333": [-12.97, -21.38, -43.16],
						"0.5667": [-13.6, -22.02, -45.73],
						"0.6": [-11.05, -23.79, -55.8],
						"0.6333": [-7.21, -26.04, -68.91],
						"0.6667": [-5.65, -27.28, -75.93],
						"0.7": [-8.77, -26.42, -70.92],
						"0.7333": [-14.18, -24.55, -59.83],
						"0.7667": [-18.22, -23.52, -51.38],
						"0.8": [-19.32, -23.9, -49.44],
						"0.8333": [-19.57, -24.86, -49.31],
						"0.8667": [-19.23, -26.09, -50.03],
						"0.9": [-18.56, -27.31, -50.63],
						"0.9333": [-17.94, -28, -50.9],
						"0.9667": [-17.03, -28.78, -51.37],
						"1.0": [-15.95, -29.61, -51.94],
						"1.0333": [-14.8, -30.43, -52.51],
						"1.0667": [-13.72, -31.2, -52.98],
						"1.1": [-12.83, -31.87, -53.24],
						"1.1333": [-12.24, -32.39, -53.19],
						"1.1667": [-11.95, -32.87, -52.47],
						"1.2": [-12.07, -33.13, -51.19],
						"1.2333": [-12.41, -33.26, -49.69],
						"1.2667": [-12.78, -33.33, -48.28],
						"1.6333": [-12.99, -33.41, -47.31],
						"1.6667": [-13.05, -33.52, -46.43],
						"1.7": [-12.85, -33.53, -46.71],
						"1.7333": [-11.93, -33.9, -48.59],
						"1.7667": [-11.41, -33.8, -50.07],
						"1.8": [-12.22, -32.75, -49.21],
						"1.8333": [-13.53, -31.28, -47.57],
						"1.8667": [-14.43, -30.2, -46.34],
						"1.9": [-14.23, -30.17, -46.42],
						"1.9333": [-13.72, -30.17, -46.35],
						"1.9667": [-13.76, -28.4, -43.68],
						"2.0": [-14.24, -26.78, -41.42],
						"2.0333": [-15.33, -27.73, -43.82],
						"2.0667": [-17.23187, -19.07921, -32.38322],
						"2.1": [-14.09241, -19.3756, -25.95664],
						"2.1333": [-12.50012, -19.21131, -30.14353],
						"2.2": {
							"pre": [-7.31013, -16.97711, -23.25199],
							"post": [-7.31013, -16.97711, -23.25199],
							"lerp_mode": "catmullrom"
						},
						"2.3": {
							"post": [-3.18201, -9.46254, -25.94723],
							"lerp_mode": "catmullrom"
						},
						"2.4333": {
							"post": [-1.72689, -3.60464, -2.98213],
							"lerp_mode": "catmullrom"
						},
						"2.5333": {
							"post": [-0.63203, -0.3656, 2.89976],
							"lerp_mode": "catmullrom"
						},
						"2.6": {
							"post": [-0.62874, -0.45928, -0.97511],
							"lerp_mode": "catmullrom"
						},
						"2.7333": {
							"post": [0, 0, 0.05],
							"lerp_mode": "catmullrom"
						},
						"2.8667": {
							"post": [0, 0, 0],
							"lerp_mode": "catmullrom"
						}
					},
					"position": {
						"0.0": [0, 0, 0],
						"0.2333": [-0.16, 0.25, 0.01],
						"0.2667": [-0.39, 0.62, 0.02],
						"0.3": [-0.62, 1, 0.03],
						"0.3333": [-0.81, 1.28, 0.02],
						"0.3667": [-0.95, 1.45, -0.02],
						"0.4": [-1.06, 1.56, -0.08],
						"0.4333": [-1.12, 1.59, -0.14],
						"0.4667": [-1.11, 1.55, -0.2],
						"0.5": [-0.85, 1.24, -0.26],
						"0.5333": [-0.47, 0.78, -0.3],
						"0.5667": [-0.37, 0.53, -0.35],
						"0.6": [-0.79, 0.65, -0.41],
						"0.6333": [-1.48, 0.97, -0.46],
						"0.6667": [-2.12, 1.25, -0.5],
						"0.7": [-2.63, 1.42, -0.5],
						"0.7333": [-3.1, 1.55, -0.49],
						"0.7667": [-3.42, 1.61, -0.47],
						"0.8": [-3.55, 1.54, -0.46],
						"0.8333": [-3.55, 1.39, -0.45],
						"0.8667": [-3.48, 1.29, -0.44],
						"0.9": [-3.31, 1.26, -0.41],
						"0.9333": [-3.08, 1.27, -0.38],
						"0.9667": [-2.92, 1.27, -0.35],
						"1.0": [-2.91, 1.27, -0.35],
						"1.0333": [-2.96, 1.26, -0.35],
						"1.0667": [-3.02, 1.25, -0.36],
						"1.1": [-3.06, 1.22, -0.36],
						"1.1333": [-3.04, 1.18, -0.35],
						"1.1667": [-2.88, 0.99, -0.3],
						"1.2": [-2.63, 0.76, -0.23],
						"1.2333": [-2.32, 0.66, -0.14],
						"1.2667": [-1.9, 0.78, -0.03],
						"1.6333": [-1.43, 1.02, 0.11],
						"1.6667": [-1.1, 1.25, 0.24],
						"1.7": [-1.01, 1.42, 0.37],
						"1.7333": [-1.07, 1.58, 0.49],
						"1.7667": [-1.12, 1.69, 0.6],
						"1.8": [-1.12, 1.72, 0.68],
						"1.8333": [-1.12, 1.72, 0.75],
						"1.8667": [-1.13, 1.71, 0.8],
						"1.9": [-1.17, 1.69, 0.83],
						"1.9333": [-1.34, 1.72, 0.78],
						"1.9667": [-1.56, 1.74, 0.68],
						"2.0": [-1.54, 1.62, 0.6],
						"2.0333": [-0.73, 0.95, 0.6],
						"2.0667": {
							"pre": [-0.52, -0.215, 1.35],
							"post": [-0.52, -0.215, 1.35],
							"lerp_mode": "catmullrom"
						},
						"2.1333": {
							"post": [-0.705, 0.16, 1.35],
							"lerp_mode": "catmullrom"
						},
						"2.2": {
							"post": [-0.72, 0.265, 0.5],
							"lerp_mode": "catmullrom"
						},
						"2.3": {
							"post": [-0.445, -0.3, 0.075],
							"lerp_mode": "catmullrom"
						},
						"2.4333": {
							"post": [-0.31, -0.9, -1.705],
							"lerp_mode": "catmullrom"
						},
						"2.5333": {
							"post": [-0.06, -0.65, -0.425],
							"lerp_mode": "catmullrom"
						},
						"2.6": {
							"post": [-0.02, -0.315, 0.37],
							"lerp_mode": "catmullrom"
						},
						"2.6667": {
							"post": [0, -0.05, 0.25],
							"lerp_mode": "catmullrom"
						},
						"2.7333": {
							"post": [0, -0.11, -0.09],
							"lerp_mode": "catmullrom"
						},
						"2.8333": {
							"post": [0, 0, 0.025],
							"lerp_mode": "catmullrom"
						},
						"2.9333": {
							"post": [0, 0, 0],
							"lerp_mode": "catmullrom"
						}
					}
				},
				"mag_and_lefthand": {
					"rotation": {
						"0.5667": [0, 0, 0],
						"0.6667": [29.89144, -32.81886, -97.59565],
						"0.7667": [25.07607, -50.47556, -102.01126],
						"0.9": [-16.29666, -12.01626, -43.30025],
						"1.0": [-8.82285, 20.3426, -42.76308],
						"1.0333": [17.97709, 10.91904, 42.02572],
						"1.5": [17.97709, 10.91904, 42.02572],
						"1.7": [4.51527, 0.49834, -9.40841],
						"1.8667": [5.08356, 0.38599, -3.042],
						"1.9667": [0, 0, 0],
						"2.0667": [0, 0, 0]
					},
					"position": {
						"0.2": [0, 0, 0],
						"0.5": [0, 0, 0],
						"0.5667": [0, -4.13, 0],
						"0.6667": [3.21045, -7.32749, 0.35318],
						"0.7333": [3.74266, -11.1802, 1.66198],
						"0.9": [0.82236, -9.88378, 10.17692],
						"0.9667": [1.02616, -13.2634, 10.08992],
						"1.5": [1.02616, -13.2634, 10.08992],
						"1.7": [0.61, -4.3, 2],
						"1.8667": [0.345, -3.5275, 2.25],
						"1.9667": [0, -2.8, 1.5],
						"2.0667": [0, 0, 0]
					}
				},
				"lefthand": {
					"rotation": {
						"0.0": [91.47, -398.26, -126.76],
						"0.0667": [70.6045, -425.6528, -126.28413],
						"0.2333": [87.1, -402.46, -127.77],
						"0.2667": [95.35, -400.66, -145.23],
						"0.3": [107.17, -397.25, -169.35],
						"0.3333": [114.91, -392.23, -188.83],
						"0.3667": [114.32, -384.12, -199.07],
						"0.4": [109.66, -374.4, -204.66],
						"0.4333": [105.99, -367.43, -208.11],
						"0.4667": [105.99, -367.43, -208.11],
						"0.5": [105.99, -367.43, -208.11],
						"0.5333": [105.99, -367.43, -208.11],
						"0.5667": [105.99, -367.43, -208.11],
						"0.6": [105.99, -367.43, -208.11],
						"0.6333": [105.99, -367.43, -208.11],
						"0.6667": [105.99, -367.43, -208.11],
						"0.7": [105.99, -367.43, -208.11],
						"0.7333": [105.99, -367.43, -208.11],
						"0.7667": [105.99, -367.43, -208.11],
						"0.8": [105.99, -367.43, -208.11],
						"0.8333": [105.99, -367.43, -208.11],
						"0.8667": [105.99, -367.43, -208.11],
						"0.9": [105.99, -367.43, -208.11],
						"0.9333": [105.99, -367.43, -208.11],
						"0.9667": [105.99, -367.43, -208.11],
						"1.0": [88.38, -394.03, -99.63],
						"1.0333": [88.38, -394.03, -99.63],
						"1.0667": [88.38, -394.03, -99.63],
						"1.1": [88.38, -394.03, -99.63],
						"1.1333": [88.38, -394.03, -99.63],
						"1.1667": [88.38, -394.03, -99.63],
						"1.2": [88.38, -394.03, -99.63],
						"1.2333": [88.38, -394.03, -99.63],
						"1.2667": [88.38, -394.03, -99.63],
						"1.6333": [88.38, -394.03, -99.63],
						"1.6667": [88.38, -394.03, -99.63],
						"1.7": [88.38, -394.03, -99.63],
						"1.7333": [88.38, -394.03, -99.63],
						"1.7667": [88.38, -394.03, -99.63],
						"1.8": [88.38, -394.03, -99.63],
						"1.8333": [88.38, -394.03, -99.63],
						"1.8667": [88.38, -394.03, -99.63],
						"1.9": [88.38, -394.03, -99.63],
						"1.9333": [88.38, -394.03, -99.63],
						"1.9667": [88.38, -394.03, -99.63],
						"2.0": [88.38, -394.03, -99.63],
						"2.0333": [88.38, -394.03, -99.63],
						"2.2": [88.50165, -416.2867, -79.09184],
						"2.3333": [114.26, -415.57, -164.59],
						"2.4333": [114.26, -415.57, -164.59],
						"2.5333": [105.98075, -404.16166, -134.24557],
						"2.6": [91.47237, -398.26212, -126.75784]
					},
					"position": {
						"0.0": [7.75, -13, -3.5],
						"0.0667": [8.31, -10.71, -2.59],
						"0.1333": [8.47, -11.91, -0.34],
						"0.2": [8.63, -13.11, -0.08],
						"0.2333": [8.73, -14.25, -1.91],
						"0.2667": [9.08, -15.29, -1.37],
						"0.3": [9.43, -16.32, -0.83],
						"0.3333": [9.12, -16.95, -0.28],
						"0.3667": [8.81, -17.58, 0.27],
						"0.4": [7.61, -17.84, 0.84],
						"0.4333": [6.4, -18.1, 1.4],
						"0.4667": [6.4, -18.1, 1.4],
						"0.5": [6.4, -18.1, 1.4],
						"0.5333": [6.4, -18.1, 1.4],
						"0.5667": [6.4, -18.1, 1.4],
						"0.6": [6.4, -18.1, 1.4],
						"0.6333": [6.4, -18.1, 1.4],
						"0.6667": [6.4, -18.1, 1.4],
						"0.7": [6.4, -18.1, 1.4],
						"0.7333": [6.4, -18.1, 1.4],
						"0.7667": [6.4, -18.1, 1.4],
						"0.8": [6.4, -18.1, 1.4],
						"0.8333": [6.4, -18.1, 1.4],
						"0.8667": [6.4, -18.1, 1.4],
						"0.9": [6.4, -18.1, 1.4],
						"0.9333": [6.4, -18.1, 1.4],
						"0.9667": [6.4, -18.1, 1.4],
						"1.0": [6.83, -19.07, 1.4],
						"1.0333": [6.83, -19.07, 1.4],
						"1.0667": [6.83, -19.07, 1.4],
						"1.1": [6.83, -19.07, 1.4],
						"1.1333": [6.83, -19.07, 1.4],
						"1.1667": [6.83, -19.07, 1.4],
						"1.2": [6.83, -19.07, 1.4],
						"1.2333": [6.83, -19.07, 1.4],
						"1.2667": [6.83, -19.07, 1.4],
						"1.6333": [6.83, -19.07, 1.4],
						"1.6667": [6.83, -19.07, 1.4],
						"1.7": [6.83, -19.07, 1.4],
						"1.7333": [6.83, -19.07, 1.4],
						"1.7667": [6.83, -19.07, 1.4],
						"1.8": [6.83, -19.07, 1.4],
						"1.8333": [6.83, -19.07, 1.4],
						"1.8667": [6.83, -19.07, 1.4],
						"1.9": [6.83, -19.07, 1.4],
						"1.9333": [6.83, -19.07, 1.4],
						"1.9667": [6.83, -19.07, 1.4],
						"2.0": [6.83, -19.07, 1.4],
						"2.0333": [6.83, -19.07, 1.4],
						"2.0667": [8.69, -19.31, 1.66],
						"2.2": [8.68601, -19.30714, 1.65882],
						"2.3333": [11.91, -26.01, 6.77],
						"2.4333": [11.91, -26.01, 6.77],
						"2.4667": [13.16, -18.805, 0.89],
						"2.5333": [9.1, -13.875, -4.7],
						"2.6": [7.75, -13, -3.5]
					},
					"scale": [1, 1.5, 1]
				},
				"mag_and_bullet": {
					"rotation": {
						"0.9667": [0, 0, 0],
						"1.4667": [-360, 0, 0]
					},
					"position": {
						"0.9667": {
							"pre": [0, 0, 0],
							"post": [0, 0, 0],
							"lerp_mode": "catmullrom"
						},
						"1.1": {
							"post": [0, 15.62, -8],
							"lerp_mode": "catmullrom"
						},
						"1.2": {
							"post": [0, 22.89, -9.81],
							"lerp_mode": "catmullrom"
						},
						"1.3": {
							"post": [0, 22, -8],
							"lerp_mode": "catmullrom"
						},
						"1.4667": {
							"post": [0, 0, 0],
							"lerp_mode": "catmullrom"
						}
					},
					"scale": {
						"0.2": [0, 0, 0],
						"0.9": {"pre": [0, 0, 0], "post": [1, 1, 1]}
					}
				},
				"righthand": {
					"rotation": [100.21875, 11.81504, -177.88617],
					"position": {
						"0.2333": [-6.6, -14.2, 2.2],
						"0.3333": [-8.075, -14.2, 2.2],
						"2.3667": {
							"pre": [-8.075, -14.2, 2.2],
							"post": [-8.075, -14.2, 2.2],
							"lerp_mode": "catmullrom"
						},
						"2.5667": {
							"post": [-6.6, -14.2, 2.2],
							"lerp_mode": "catmullrom"
						}
					},
					"scale": [1, 1.5, 1]
				},
				"constraint": {
					"rotation": {
						"0.9": [0.05, 0.05, 0.08],
						"2.2333": [0.05, 0.05, 0.08],
						"2.4333": [0.1, 0.9, 0.8]
					},
					"position": {
						"0.9": [0.06, 0.06, 0.06],
						"2.2333": [0.06, 0.06, 0.06],
						"2.4333": [0.4, 0.6, 0.05]
					}
				},
				"bolt": {
					"position": {
						"2.4333": [0, 0, -2.8],
						"2.5": [0, 0, 0]
					}
				},
				"additional_magazine": {
					"rotation": {
						"0.5667": [0, 0, 0],
						"0.6": [2.5, 0.09, -6.98],
						"0.6333": [6, 0.6, -18.09],
						"0.6667": [9.03, 3.75, -37.08],
						"0.7": [11.28, 13.54, -65.52],
						"0.7333": [13.06, 25.96, -101.85],
						"0.7667": [13.81, 31.21, -145.19],
						"0.8": [13.55, 28.33, -172.06],
						"0.8333": [12.83, 22.25, -203.93],
						"0.8667": [11.86, 14.38, -237.56],
						"0.9": [10.82, 6.12, -269.68],
						"0.9333": [9.91, -1.1, -297.05],
						"0.9667": [9.31, -5.88, -316.41]
					},
					"position": {
						"0.5": [0, 0, 0],
						"0.5333": [0, -2.06, 0],
						"0.5667": [0, -4.13, 0],
						"0.6": [0.5, -5.06, 0.13],
						"0.6333": [1.27, -5.88, 0.31],
						"0.6667": [2.51, -7.33, 0.35],
						"0.7": [4.55, -9.59, 0.04],
						"0.7333": [7.06, -12.48, -0.41],
						"0.7667": [9.19, -16.13, -0.46],
						"0.8": [10.86, -20.58, -0.03],
						"0.8333": [12.15, -25.79, 0.8],
						"0.8667": [12.47, -31.74, 2.32],
						"0.9": [11.07, -39.5, 5.17],
						"0.9333": [8.68, -48, 8.71],
						"0.9667": [6.92, -54.03, 11.26]
					},
					"scale": {
						"0.2": [1, 1, 1],
						"0.9333": {"pre": [1, 1, 1], "post": [0, 0, 0]}
					}
				},
				"camera": {
					"rotation": {
						"0.2": [0, 0, 0],
						"0.2333": [0.01, -0.05, -0.04],
						"0.2667": [0.04, -0.11, -0.11],
						"0.3": [0.08, -0.07, -0.22],
						"0.3333": [0.16, 0.12, -0.39],
						"0.3667": [0.25, 0.41, -0.6],
						"0.4": [0.33, 0.65, -0.8],
						"0.4333": [0.31, 0.78, -1.01],
						"0.4667": [0.27, 0.86, -1.21],
						"0.5": [0.4, 0.9, -1.3],
						"0.5333": [1.29, 0.93, -1.02],
						"0.5667": [2.02, 0.84, -0.84],
						"0.6": [1.78, 0.67, -1.22],
						"0.6333": [1.23, 0.43, -1.79],
						"0.6667": [0.88, 0.2, -2.15],
						"0.7": [0.94, -0.03, -2.06],
						"0.7333": [1.19, -0.26, -1.75],
						"0.7667": [1.42, -0.44, -1.53],
						"0.8": [1.53, -0.54, -1.53],
						"0.8333": [1.62, -0.62, -1.59],
						"0.8667": [1.7, -0.66, -1.67],
						"0.9": [1.77, -0.65, -1.72],
						"0.9333": [1.81, -0.6, -1.74],
						"0.9667": [1.84, -0.5, -1.76],
						"1.0": [1.86, -0.38, -1.76],
						"1.0333": [1.88, -0.27, -1.76],
						"1.0667": [1.91, -0.18, -1.75],
						"1.1": [1.94, -0.13, -1.73],
						"1.1333": [1.97, -0.09, -1.71],
						"1.1667": [2, -0.06, -1.68],
						"1.2": [2.04, -0.04, -1.64],
						"1.2333": [2.1, -0.02, -1.6],
						"1.2667": [2.22, -0.03, -1.51],
						"1.6333": [2.37, -0.06, -1.4],
						"1.6667": [2.51, -0.08, -1.3],
						"1.7": [2.6, -0.1, -1.27],
						"1.7333": [2.51, -0.08, -1.48],
						"1.7667": [2.4, -0.05, -1.75],
						"1.8": [2.48, -0.04, -1.87],
						"1.8333": [2.6, -0.04, -1.95],
						"1.8667": [2.63, -0.02, -1.97],
						"1.9": [2.31, 0.02, -1.84],
						"1.9333": [1.94, 0.07, -1.6],
						"1.9667": [1.73, 0.12, -1.19],
						"2.0": [1.72, 0.18, -0.95],
						"2.0333": [2.24, 0.25, -1.42],
						"2.0667": [1.93, -0.12, -1.2],
						"2.1": [2.74, -0.1, -0.52],
						"2.1333": [3.33, -0.07, -0.07],
						"2.1667": [2.87, -0.04, -0.9],
						"2.2": [2.23, 0, -1.8],
						"2.2333": [2.15, 0.01, -1.76],
						"2.2667": [2.18, 0.01, -1.48],
						"2.3": [2.15, 0.02, -1.25],
						"2.3333": [2, 0.03, -1.21],
						"2.3667": [1.79, 0.05, -1.23],
						"2.4": [1.53, 0.05, -1.2],
						"2.4333": [0.96, 0.03, -0.99],
						"2.4667": [0.41, 0.01, -0.72],
						"2.5": [0.23, 0, -0.59],
						"2.5333": [0.09, 0, -0.45],
						"2.5667": [-0.02, 0, -0.31],
						"2.6": [-0.07, 0, -0.17],
						"2.6333": [0.01, 0.01, 0.18],
						"2.6667": [0.12, 0.03, 0.35],
						"2.7": [0.02, 0.03, 0.11],
						"2.7333": [-0.12, 0.03, -0.29],
						"2.7667": [-0.2, 0.03, -0.52],
						"2.8": [-0.16, 0.01, -0.47],
						"2.8333": [-0.06, 0, -0.3],
						"2.8667": [0.04, -0.02, -0.11],
						"2.9": [0.1, -0.02, 0.03],
						"2.9333": [0.1, -0.02, 0.06],
						"2.9667": [0.07, -0.02, 0.05],
						"3.0": [0.03, -0.01, 0.02],
						"3.0333": [0, 0, 0]
					}
				},
				"bone5": {
					"position": {
						"0.0333": [0, 0, 0],
						"0.1": [0, 0, 1],
						"0.1333": [0, 0, 0]
					}
				}
			},
			"sound_effects": {
				"0.2": {
					"effect": "wfoly_plr_sm_uzulu_raise_up"
				},
				"0.4333": {
					"effect": "wfoly_plr_sm_uzulu_reload_empty_magout_01"
				},
				"1.1333": {
					"effect": "wfoly_plr_sm_uzulu_reload_empty_rattle"
				},
				"1.1667": {
					"effect": "iw8_phys_mag_drop_smg_metal_dirt_04"
				},
				"1.8333": {
					"effect": "wfoly_plr_sm_uzulu_reload_empty_tilt"
				},
				"2.3667": {
					"effect": "wfoly_plr_sm_uzulu_reload_empty_fast_charge_01"
				},
				"2.8667": {
					"effect": "wfoly_plr_sm_uzulu_reload_empty_end"
				}
			}
		},
		"inspect": {
			"animation_length": 5.1,
			"bones": {
				"root": {
					"rotation": {
						"0.0": {
							"post": [0, 0, 0],
							"lerp_mode": "catmullrom"
						},
						"0.2667": {
							"post": [-11.4, -39.17, -45.465],
							"lerp_mode": "catmullrom"
						},
						"0.4": {
							"post": [-12.09, -47.67, -53.42],
							"lerp_mode": "catmullrom"
						},
						"0.6": {
							"post": [-10.94, -48.79, -55.465],
							"lerp_mode": "catmullrom"
						},
						"0.8333": {
							"post": [-8.36907, -49.45083, -58.20011],
							"lerp_mode": "catmullrom"
						},
						"1.0667": {
							"post": [-8.975, -48.64, -58.35],
							"lerp_mode": "catmullrom"
						},
						"1.2333": {
							"post": [-16.26359, -34.63452, -39.31901],
							"lerp_mode": "catmullrom"
						},
						"1.4333": {
							"post": [-15.32021, -10.31204, -36.61094],
							"lerp_mode": "catmullrom"
						},
						"1.6667": {
							"post": [-15.32021, -10.31204, -36.61094],
							"lerp_mode": "catmullrom"
						},
						"1.7667": {
							"post": [-13.38322, -12.02676, -31.60918],
							"lerp_mode": "catmullrom"
						},
						"1.9667": {
							"post": [-14.66959, -13.28761, -38.49377],
							"lerp_mode": "catmullrom"
						},
						"2.2": {
							"post": [-13.61949, -11.00059, -35.08987],
							"lerp_mode": "catmullrom"
						},
						"2.4667": {
							"post": [-14.06914, -12.93791, -37.68337],
							"lerp_mode": "catmullrom"
						},
						"2.6667": {
							"post": [-18.25, -33.61, -42.14],
							"lerp_mode": "catmullrom"
						},
						"2.7667": {
							"post": [-19.31498, -37.24029, -41.82042],
							"lerp_mode": "catmullrom"
						},
						"2.8333": {
							"post": [-16.26, -37.08, -45.52],
							"lerp_mode": "catmullrom"
						},
						"2.8667": {
							"post": [-18.21179, -35.32332, -40.4917],
							"lerp_mode": "catmullrom"
						},
						"2.9": {
							"post": [-23.66338, -33.51494, -36.367],
							"lerp_mode": "catmullrom"
						},
						"3.0": {
							"post": [-17.3516, -34.24712, -46.35448],
							"lerp_mode": "catmullrom"
						},
						"3.1": {
							"post": [-18.69, -30.92, -37.02],
							"lerp_mode": "catmullrom"
						},
						"3.2333": {
							"post": [-18.27603, -30.1356, -34.42539],
							"lerp_mode": "catmullrom"
						},
						"3.3667": {
							"post": [-21.18, -29.07, -30.26],
							"lerp_mode": "catmullrom"
						},
						"3.5333": {
							"post": [-24.33938, -28.494, -28.39956],
							"lerp_mode": "catmullrom"
						},
						"3.6667": {
							"post": [-20.2, -29.55, -30.96],
							"lerp_mode": "catmullrom"
						},
						"4.0333": {
							"post": [-21.64066, -30.62855, -33.43114],
							"lerp_mode": "catmullrom"
						},
						"4.2333": {
							"post": [-20.10535, -28.88692, -32.59058],
							"lerp_mode": "catmullrom"
						},
						"4.3333": {
							"post": [-14.08, -23.34, -22.49],
							"lerp_mode": "catmullrom"
						},
						"4.5667": {
							"post": [2.51996, -7.02572, -0.01833],
							"lerp_mode": "catmullrom"
						},
						"4.6667": {
							"post": [0.25183, -0.82226, -1.85471],
							"lerp_mode": "catmullrom"
						},
						"4.7333": {
							"post": [-0.00274, -0.34214, 0.80421],
							"lerp_mode": "catmullrom"
						},
						"4.8333": {
							"post": [0, 0.08125, -0.775],
							"lerp_mode": "catmullrom"
						},
						"4.9667": {
							"post": [0, 0, 0.25],
							"lerp_mode": "catmullrom"
						},
						"5.1": {
							"post": [0, 0, 0],
							"lerp_mode": "catmullrom"
						}
					},
					"position": {
						"0.0": {
							"post": [0, 0, 0],
							"lerp_mode": "catmullrom"
						},
						"0.1333": {
							"post": [0.345, -0.28, -0.12],
							"lerp_mode": "catmullrom"
						},
						"0.3": {
							"post": [1.6, 3.75, 0.6],
							"lerp_mode": "catmullrom"
						},
						"0.4333": {
							"post": [2.325, 4.25, 1.18],
							"lerp_mode": "catmullrom"
						},
						"0.6": {
							"post": [2.545, 3.825, 1.53],
							"lerp_mode": "catmullrom"
						},
						"0.9": {
							"post": [2.54, 3.695, 1.68],
							"lerp_mode": "catmullrom"
						},
						"1.0333": {
							"post": [2.52, 3.925, 1.74],
							"lerp_mode": "catmullrom"
						},
						"1.1333": {
							"post": [2.395, 3.6, 1.68],
							"lerp_mode": "catmullrom"
						},
						"1.2667": {
							"post": [1.435, 1.145, 0.955],
							"lerp_mode": "catmullrom"
						},
						"1.4333": {
							"post": [-0.03, 0.85, 1.23],
							"lerp_mode": "catmullrom"
						},
						"1.5333": {
							"post": [-0.27, 0.98, 1.105],
							"lerp_mode": "catmullrom"
						},
						"1.6667": {
							"post": [-0.345, 0.48, 1.11],
							"lerp_mode": "catmullrom"
						},
						"1.7667": {
							"post": [-1.42, 1.93, 1.435],
							"lerp_mode": "catmullrom"
						},
						"1.8667": {
							"post": [-1.795, 1.76, 1.44],
							"lerp_mode": "catmullrom"
						},
						"2.0": {
							"post": [-1.62, 0.9, 1.44],
							"lerp_mode": "catmullrom"
						},
						"2.2667": {
							"post": [-1.47, 0.405, 1.44],
							"lerp_mode": "catmullrom"
						},
						"2.4667": {
							"post": [-1.475, 0.55, 1.44],
							"lerp_mode": "catmullrom"
						},
						"2.5667": {
							"post": [-1.295, 1.075, 0.885],
							"lerp_mode": "catmullrom"
						},
						"2.7": {
							"post": [-0.42, 2.775, 1.14],
							"lerp_mode": "catmullrom"
						},
						"2.8333": {
							"post": [0.105, 3.03, 1.315],
							"lerp_mode": "catmullrom"
						},
						"2.9": {
							"post": [1.105, 1.355, 1.32],
							"lerp_mode": "catmullrom"
						},
						"3.0333": {
							"post": [0.805, 2.355, 1.32],
							"lerp_mode": "catmullrom"
						},
						"3.1667": {
							"post": [0.135, 2.055, 0.995],
							"lerp_mode": "catmullrom"
						},
						"3.3": {
							"post": [0.14, 0.36, -0.425],
							"lerp_mode": "catmullrom"
						},
						"3.4333": {
							"post": [0.415, 3.785, 0.82],
							"lerp_mode": "catmullrom"
						},
						"3.5333": {
							"post": [0.49, 5.51, 1.605],
							"lerp_mode": "catmullrom"
						},
						"3.6333": {
							"post": [0.565, 5.485, 1.695],
							"lerp_mode": "catmullrom"
						},
						"3.8": {
							"post": [0.52, 5.075, 1.7],
							"lerp_mode": "catmullrom"
						},
						"4.1333": {
							"post": [0.47, 5.08, 1.3],
							"lerp_mode": "catmullrom"
						},
						"4.2333": {
							"post": [0.47, 4.82, 1.025],
							"lerp_mode": "catmullrom"
						},
						"4.3333": {
							"post": [0.53, 2.93, -0.6],
							"lerp_mode": "catmullrom"
						},
						"4.4667": {
							"post": [0.6, -2.65, -3.9],
							"lerp_mode": "catmullrom"
						},
						"4.5333": {
							"post": [0.51, -2.965, -2.34],
							"lerp_mode": "catmullrom"
						},
						"4.6": {
							"post": [0.31, -0.86, -0.41],
							"lerp_mode": "catmullrom"
						},
						"4.6667": {
							"post": [0, -0.05, 0.6],
							"lerp_mode": "catmullrom"
						},
						"4.7667": {
							"post": [0, -0.125, -0.15],
							"lerp_mode": "catmullrom"
						},
						"4.8667": {
							"post": [0, 0, 0.15],
							"lerp_mode": "catmullrom"
						},
						"5.0": {
							"post": [0, 0, 0],
							"lerp_mode": "catmullrom"
						}
					}
				},
				"mag_and_lefthand": {
					"rotation": {
						"1.6667": [0, 0, 0],
						"1.7333": [0, 0, 0],
						"1.8": [0.31838, -3.05966, -13.14528],
						"1.9333": [-22.93073, -9.02445, 14.64036],
						"2.5": [-22.93073, -9.02445, 14.64036],
						"2.5667": [-12.36449, -8.13627, -2.98672],
						"2.6667": [0, 0, 0],
						"2.8": [0, 0, 0],
						"2.8667": [0, 0, 0]
					},
					"position": {
						"1.6667": {
							"pre": [0, 0, 0],
							"post": [0, 0, 0],
							"lerp_mode": "catmullrom"
						},
						"1.7333": {
							"post": [0, -5.9, 3],
							"lerp_mode": "catmullrom"
						},
						"1.8": {
							"post": [1.86, -7.34, -0.07],
							"lerp_mode": "catmullrom"
						},
						"1.9333": {
							"post": [5.325, -3.575, -0.225],
							"lerp_mode": "catmullrom"
						},
						"2.0667": {
							"post": [6.45, -2.345, -0.24],
							"lerp_mode": "catmullrom"
						},
						"2.3": {
							"post": [6.39, -2.2, -0.25],
							"lerp_mode": "catmullrom"
						},
						"2.4667": {
							"post": [5.575, -2.775, -0.225],
							"lerp_mode": "catmullrom"
						},
						"2.5667": {
							"post": [3.42, -5.57, -0.14],
							"lerp_mode": "catmullrom"
						},
						"2.6667": [0, -3.9, 2],
						"2.8": [0, -3.0875, 1.625],
						"2.8667": [0, 0, 0]
					}
				},
				"lefthand": {
					"rotation": {
						"0.0": [91.47, -398.26, -126.76],
						"0.3": [135.4661, -414.89607, -145.74556],
						"1.2333": [91.47237, -398.26212, -126.75784],
						"1.3667": [67.94594, -402.21263, -86.55696],
						"1.4667": [100.88876, -412.25625, -127.33969],
						"1.6": [100.88876, -412.25625, -127.33969],
						"2.6667": [100.89, -412.26, -127.34],
						"2.8667": [96.58116, -360.91757, -108.72856],
						"3.0667": [96.58116, -360.91757, -108.72856],
						"3.3333": [59.69728, -406.36774, -57.74125],
						"3.4333": [59.69728, -406.36774, -57.74125],
						"4.2667": [59.69728, -406.36774, -57.74125],
						"4.3667": [91.47237, -398.26212, -126.75784]
					},
					"position": {
						"0.0": [7.75, -13, -3.5],
						"0.1333": [8.95872, -16.59584, 0.06092],
						"0.2": [7.77341, -22.66102, 3.20472],
						"0.3": [0.51156, -27.46069, 10.36215],
						"1.2333": [1.20272, -29.15603, 9.84726],
						"1.3667": [6.22787, -24.10779, 4.45804],
						"1.4667": [7.425, -18.7, 1.9],
						"1.6": [7.425, -18.7, 1.9],
						"2.6667": [7.43, -18.7, 1.9],
						"2.8667": [7.43, -19.55, 1.9],
						"3.0667": [7.43, -19.55, 1.9],
						"3.2": [8.30824, -19.45149, -0.07061],
						"3.3333": [9.90353, -15.15733, -2.18701],
						"3.4333": [9.59858, -16.27056, -1.45297],
						"4.2667": [9.59858, -16.27056, -1.45297],
						"4.3667": [8.8821, -15.1326, -2.56438],
						"4.4667": [7.75, -13, -3.5]
					},
					"scale": [1, 1.5, 1]
				},
				"mag_and_bullet": {
					"scale": {
						"0.0": [1, 1, 1],
						"3.0": {
							"pre": [1, 1, 1],
							"post": [0, 0, 0]
						},
						"4.7": {
							"pre": [0, 0, 0],
							"post": [1, 1, 1]
						}
					}
				},
				"gun_and_righthand": {
					"rotation": {
						"1.7": {
							"pre": [0, 0, 0],
							"post": [0, 0, 0],
							"lerp_mode": "catmullrom"
						},
						"1.7667": {
							"post": [1.02678, 0.00359, -3.14566],
							"lerp_mode": "catmullrom"
						},
						"1.8667": {
							"post": [2.27514, 0.29255, -8.26714],
							"lerp_mode": "catmullrom"
						},
						"2.1": {
							"post": [1.19454, 0.09593, -4.58574],
							"lerp_mode": "catmullrom"
						},
						"2.4333": {
							"post": [1.19454, 0.09593, -4.58574],
							"lerp_mode": "catmullrom"
						},
						"2.6667": [0, 0, 0],
						"3.2": [0, 0, 0],
						"3.3333": {
							"pre": [-12.98684, -1.05276, 70.22997],
							"post": [-12.98684, -1.05276, 70.22997],
							"lerp_mode": "catmullrom"
						},
						"3.4": {
							"post": [-26.82445, 6.74406, 100.13205],
							"lerp_mode": "catmullrom"
						},
						"3.4667": [-32.513, 21.027, 113.94539],
						"4.2667": [-32.513, 21.027, 113.94539],
						"4.4333": {
							"pre": [1.95012, 5.05678, 26.81178],
							"post": [1.95012, 5.05678, 26.81178],
							"lerp_mode": "catmullrom"
						},
						"4.5667": {
							"post": [0, 0, 0],
							"lerp_mode": "catmullrom"
						}
					}
				},
				"righthand": {
					"rotation": [100.21875, 11.81504, -177.88617],
					"position": {
						"0.0": [-6.6, -14.2, 2.2],
						"0.2": [-8.2, -14.2, 2.2],
						"0.9333": [-8.2, -14.2, 2.2],
						"1.0": [-8.2, -14.2, 2.2],
						"1.1": [-8.325, -14.2, 2.55],
						"1.2": [-8.2, -14.2, 2.2],
						"3.1333": [-8.2, -14.2, 2.2],
						"3.3": [-6.6, -14.2, 2.2]
					},
					"scale": [1, 1.5, 1]
				},
				"constraint": {
					"rotation": [0.05, 0.2, 0.1],
					"position": [0.15, 0.2, 0.35]
				},
				"additional_magazine": {
					"scale": {
						"0.0": [0, 0, 0],
						"3.0": {
							"pre": [0, 0, 0],
							"post": [1, 1, 1]
						}
					}
				},
				"camera": {
					"relative_to": {
						"rotation": "entity"
					},
					"rotation": {
						"0.0": {
							"post": [0, 0, 0],
							"lerp_mode": "catmullrom"
						},
						"0.4333": {
							"post": [3.275, 0.65, -0.225],
							"lerp_mode": "catmullrom"
						},
						"1.0667": {
							"post": [3.745, 0.65, -0.3],
							"lerp_mode": "catmullrom"
						},
						"1.3667": {
							"post": [1.415, 0.85, -0.8],
							"lerp_mode": "catmullrom"
						},
						"1.6333": {
							"post": [1.58, 0.82, -0.15],
							"lerp_mode": "catmullrom"
						},
						"1.7333": {
							"post": [2.86, 0.5, 0.525],
							"lerp_mode": "catmullrom"
						},
						"1.9": {
							"post": [2.24, -0.76, -0.895],
							"lerp_mode": "catmullrom"
						},
						"2.0667": {
							"post": [3.215, -2.375, -0.425],
							"lerp_mode": "catmullrom"
						},
						"2.2667": {
							"post": [3.695, -2.62, -1.12],
							"lerp_mode": "catmullrom"
						},
						"2.5": {
							"post": [3.465, -2.375, -0.925],
							"lerp_mode": "catmullrom"
						},
						"2.8": {
							"post": [0.985, 0, -0.575],
							"lerp_mode": "catmullrom"
						},
						"2.9": {
							"post": [1.78, 0.17, 0.54],
							"lerp_mode": "catmullrom"
						},
						"3.0333": {
							"post": [0.13, 0.13, -1.215],
							"lerp_mode": "catmullrom"
						},
						"3.2333": {
							"post": [0.605, 0, 0.175],
							"lerp_mode": "catmullrom"
						},
						"3.4": {
							"post": [-1.695, -0.13, -0.085],
							"lerp_mode": "catmullrom"
						},
						"3.6333": {
							"post": [-2.19, -0.2, 0.225],
							"lerp_mode": "catmullrom"
						},
						"4.0": {
							"post": [-1.49, -0.2, 0.225],
							"lerp_mode": "catmullrom"
						},
						"4.3333": {
							"post": [-0.905, -0.06, 0.18],
							"lerp_mode": "catmullrom"
						},
						"4.4667": {
							"post": [0.6, 0, 0.15],
							"lerp_mode": "catmullrom"
						},
						"4.6": {
							"post": [0.915, 0, 0.52],
							"lerp_mode": "catmullrom"
						},
						"4.7": {
							"post": [-0.3, 0, -0.275],
							"lerp_mode": "catmullrom"
						},
						"4.8333": {
							"post": [0.25, 0, 0.05],
							"lerp_mode": "catmullrom"
						},
						"5.0333": {
							"post": [0, 0, 0],
							"lerp_mode": "catmullrom"
						}
					}
				}
			},
			"sound_effects": {
				"0.0": {
					"effect": "wfoly_plr_sm_uzulu_raise_first_start"
				},
				"1.1667": {
					"effect": "wfoly_plr_sm_uzulu_reload_shake"
				},
				"1.5667": {
					"effect": "wfoly_plr_sm_uzulu_reload_fast_magout_01"
				},
				"2.6333": {
					"effect": "wfoly_plr_sm_uzulu_reload_fast_magin_01"
				},
				"3.3": {
					"effect": "wfoly_plr_sm_uzulu_reload_rattle"
				},
				"4.1667": {
					"effect": "wfoly_plr_sm_uzulu_reload_end"
				}
			}
		},
		"inspect_empty": {
			"animation_length": 5.1,
			"bones": {
				"root": {
					"rotation": {
						"0.0": {
							"post": [0, 0, 0],
							"lerp_mode": "catmullrom"
						},
						"0.2667": {
							"post": [-11.4, -39.17, -45.465],
							"lerp_mode": "catmullrom"
						},
						"0.4": {
							"post": [-12.09, -47.67, -53.42],
							"lerp_mode": "catmullrom"
						},
						"0.6": {
							"post": [-10.94, -48.79, -55.465],
							"lerp_mode": "catmullrom"
						},
						"0.8333": {
							"post": [-8.36907, -49.45083, -58.20011],
							"lerp_mode": "catmullrom"
						},
						"1.0667": {
							"post": [-8.975, -48.64, -58.35],
							"lerp_mode": "catmullrom"
						},
						"1.2333": {
							"post": [-16.26359, -34.63452, -39.31901],
							"lerp_mode": "catmullrom"
						},
						"1.4333": {
							"post": [-15.32021, -10.31204, -36.61094],
							"lerp_mode": "catmullrom"
						},
						"1.6667": {
							"post": [-15.32021, -10.31204, -36.61094],
							"lerp_mode": "catmullrom"
						},
						"1.7667": {
							"post": [-13.38322, -12.02676, -31.60918],
							"lerp_mode": "catmullrom"
						},
						"1.9667": {
							"post": [-14.66959, -13.28761, -38.49377],
							"lerp_mode": "catmullrom"
						},
						"2.2": {
							"post": [-13.61949, -11.00059, -35.08987],
							"lerp_mode": "catmullrom"
						},
						"2.4667": {
							"post": [-14.06914, -12.93791, -37.68337],
							"lerp_mode": "catmullrom"
						},
						"2.6667": {
							"post": [-18.25, -33.61, -42.14],
							"lerp_mode": "catmullrom"
						},
						"2.7667": {
							"post": [-19.31498, -37.24029, -41.82042],
							"lerp_mode": "catmullrom"
						},
						"2.8333": {
							"post": [-16.26, -37.08, -45.52],
							"lerp_mode": "catmullrom"
						},
						"2.8667": {
							"post": [-18.21179, -35.32332, -40.4917],
							"lerp_mode": "catmullrom"
						},
						"2.9": {
							"post": [-23.66338, -33.51494, -36.367],
							"lerp_mode": "catmullrom"
						},
						"3.0": {
							"post": [-17.3516, -34.24712, -46.35448],
							"lerp_mode": "catmullrom"
						},
						"3.1": {
							"post": [-18.69, -30.92, -37.02],
							"lerp_mode": "catmullrom"
						},
						"3.2333": {
							"post": [-18.27603, -30.1356, -34.42539],
							"lerp_mode": "catmullrom"
						},
						"3.3667": {
							"post": [-21.18, -29.07, -30.26],
							"lerp_mode": "catmullrom"
						},
						"3.5333": {
							"post": [-24.33938, -28.494, -28.39956],
							"lerp_mode": "catmullrom"
						},
						"3.6667": {
							"post": [-20.2, -29.55, -30.96],
							"lerp_mode": "catmullrom"
						},
						"4.0333": {
							"post": [-21.64066, -30.62855, -33.43114],
							"lerp_mode": "catmullrom"
						},
						"4.2333": {
							"post": [-20.10535, -28.88692, -32.59058],
							"lerp_mode": "catmullrom"
						},
						"4.3333": {
							"post": [-14.08, -23.34, -22.49],
							"lerp_mode": "catmullrom"
						},
						"4.5667": {
							"post": [2.51996, -7.02572, -0.01833],
							"lerp_mode": "catmullrom"
						},
						"4.6667": {
							"post": [0.25183, -0.82226, -1.85471],
							"lerp_mode": "catmullrom"
						},
						"4.7333": {
							"post": [-0.00274, -0.34214, 0.80421],
							"lerp_mode": "catmullrom"
						},
						"4.8333": {
							"post": [0, 0.08125, -0.775],
							"lerp_mode": "catmullrom"
						},
						"4.9667": {
							"post": [0, 0, 0.25],
							"lerp_mode": "catmullrom"
						},
						"5.1": {
							"post": [0, 0, 0],
							"lerp_mode": "catmullrom"
						}
					},
					"position": {
						"0.0": {
							"post": [0, 0, 0],
							"lerp_mode": "catmullrom"
						},
						"0.1333": {
							"post": [0.345, -0.28, -0.12],
							"lerp_mode": "catmullrom"
						},
						"0.3": {
							"post": [1.6, 3.75, 0.6],
							"lerp_mode": "catmullrom"
						},
						"0.4333": {
							"post": [2.325, 4.25, 1.18],
							"lerp_mode": "catmullrom"
						},
						"0.6": {
							"post": [2.545, 3.825, 1.53],
							"lerp_mode": "catmullrom"
						},
						"0.9": {
							"post": [2.54, 3.695, 1.68],
							"lerp_mode": "catmullrom"
						},
						"1.0333": {
							"post": [2.52, 3.925, 1.74],
							"lerp_mode": "catmullrom"
						},
						"1.1333": {
							"post": [2.395, 3.6, 1.68],
							"lerp_mode": "catmullrom"
						},
						"1.2667": {
							"post": [1.435, 1.145, 0.955],
							"lerp_mode": "catmullrom"
						},
						"1.4333": {
							"post": [-0.03, 0.85, 1.23],
							"lerp_mode": "catmullrom"
						},
						"1.5333": {
							"post": [-0.27, 0.98, 1.105],
							"lerp_mode": "catmullrom"
						},
						"1.6667": {
							"post": [-0.345, 0.48, 1.11],
							"lerp_mode": "catmullrom"
						},
						"1.7667": {
							"post": [-1.42, 1.93, 1.435],
							"lerp_mode": "catmullrom"
						},
						"1.8667": {
							"post": [-1.795, 1.76, 1.44],
							"lerp_mode": "catmullrom"
						},
						"2.0": {
							"post": [-1.62, 0.9, 1.44],
							"lerp_mode": "catmullrom"
						},
						"2.2667": {
							"post": [-1.47, 0.405, 1.44],
							"lerp_mode": "catmullrom"
						},
						"2.4667": {
							"post": [-1.475, 0.55, 1.44],
							"lerp_mode": "catmullrom"
						},
						"2.5667": {
							"post": [-1.295, 1.075, 0.885],
							"lerp_mode": "catmullrom"
						},
						"2.7": {
							"post": [-0.42, 2.775, 1.14],
							"lerp_mode": "catmullrom"
						},
						"2.8333": {
							"post": [0.105, 3.03, 1.315],
							"lerp_mode": "catmullrom"
						},
						"2.9": {
							"post": [1.105, 1.355, 1.32],
							"lerp_mode": "catmullrom"
						},
						"3.0333": {
							"post": [0.805, 2.355, 1.32],
							"lerp_mode": "catmullrom"
						},
						"3.1667": {
							"post": [0.135, 2.055, 0.995],
							"lerp_mode": "catmullrom"
						},
						"3.3": {
							"post": [0.14, 0.36, -0.425],
							"lerp_mode": "catmullrom"
						},
						"3.4333": {
							"post": [0.415, 3.785, 0.82],
							"lerp_mode": "catmullrom"
						},
						"3.5333": {
							"post": [0.49, 5.51, 1.605],
							"lerp_mode": "catmullrom"
						},
						"3.6333": {
							"post": [0.565, 5.485, 1.695],
							"lerp_mode": "catmullrom"
						},
						"3.8": {
							"post": [0.52, 5.075, 1.7],
							"lerp_mode": "catmullrom"
						},
						"4.1333": {
							"post": [0.47, 5.08, 1.3],
							"lerp_mode": "catmullrom"
						},
						"4.2333": {
							"post": [0.47, 4.82, 1.025],
							"lerp_mode": "catmullrom"
						},
						"4.3333": {
							"post": [0.53, 2.93, -0.6],
							"lerp_mode": "catmullrom"
						},
						"4.4667": {
							"post": [0.6, -2.65, -3.9],
							"lerp_mode": "catmullrom"
						},
						"4.5333": {
							"post": [0.51, -2.965, -2.34],
							"lerp_mode": "catmullrom"
						},
						"4.6": {
							"post": [0.31, -0.86, -0.41],
							"lerp_mode": "catmullrom"
						},
						"4.6667": {
							"post": [0, -0.05, 0.6],
							"lerp_mode": "catmullrom"
						},
						"4.7667": {
							"post": [0, -0.125, -0.15],
							"lerp_mode": "catmullrom"
						},
						"4.8667": {
							"post": [0, 0, 0.15],
							"lerp_mode": "catmullrom"
						},
						"5.0": {
							"post": [0, 0, 0],
							"lerp_mode": "catmullrom"
						}
					}
				},
				"mag_and_lefthand": {
					"rotation": {
						"1.6667": [0, 0, 0],
						"1.7333": [0, 0, 0],
						"1.8": [0.31838, -3.05966, -13.14528],
						"1.9333": [-22.93073, -9.02445, 14.64036],
						"2.5": [-22.93073, -9.02445, 14.64036],
						"2.5667": [-12.36449, -8.13627, -2.98672],
						"2.6667": [0, 0, 0],
						"2.8": [0, 0, 0],
						"2.8667": [0, 0, 0]
					},
					"position": {
						"1.6667": {
							"pre": [0, 0, 0],
							"post": [0, 0, 0],
							"lerp_mode": "catmullrom"
						},
						"1.7333": {
							"post": [0, -5.9, 3],
							"lerp_mode": "catmullrom"
						},
						"1.8": {
							"post": [1.86, -7.34, -0.07],
							"lerp_mode": "catmullrom"
						},
						"1.9333": {
							"post": [5.325, -3.575, -0.225],
							"lerp_mode": "catmullrom"
						},
						"2.0667": {
							"post": [6.45, -2.345, -0.24],
							"lerp_mode": "catmullrom"
						},
						"2.3": {
							"post": [6.39, -2.2, -0.25],
							"lerp_mode": "catmullrom"
						},
						"2.4667": {
							"post": [5.575, -2.775, -0.225],
							"lerp_mode": "catmullrom"
						},
						"2.5667": {
							"post": [3.42, -5.57, -0.14],
							"lerp_mode": "catmullrom"
						},
						"2.6667": [0, -3.9, 2],
						"2.8": [0, -3.0875, 1.625],
						"2.8667": [0, 0, 0]
					}
				},
				"lefthand": {
					"rotation": {
						"0.0": [91.47, -398.26, -126.76],
						"0.3": [135.4661, -414.89607, -145.74556],
						"1.2333": [91.47237, -398.26212, -126.75784],
						"1.3667": [67.94594, -402.21263, -86.55696],
						"1.4667": [100.88876, -412.25625, -127.33969],
						"1.6": [100.88876, -412.25625, -127.33969],
						"2.6667": [100.89, -412.26, -127.34],
						"2.8667": [96.58116, -360.91757, -108.72856],
						"3.0667": [96.58116, -360.91757, -108.72856],
						"3.3333": [59.69728, -406.36774, -57.74125],
						"3.4333": [59.69728, -406.36774, -57.74125],
						"4.2667": [59.69728, -406.36774, -57.74125],
						"4.3667": [91.47237, -398.26212, -126.75784]
					},
					"position": {
						"0.0": [7.75, -13, -3.5],
						"0.1333": [8.95872, -16.59584, 0.06092],
						"0.2": [7.77341, -22.66102, 3.20472],
						"0.3": [0.51156, -27.46069, 10.36215],
						"1.2333": [1.20272, -29.15603, 9.84726],
						"1.3667": [6.22787, -24.10779, 4.45804],
						"1.4667": [7.425, -18.7, 1.9],
						"1.6": [7.425, -18.7, 1.9],
						"2.6667": [7.43, -18.7, 1.9],
						"2.8667": [7.43, -19.55, 1.9],
						"3.0667": [7.43, -19.55, 1.9],
						"3.2": [8.30824, -19.45149, -0.07061],
						"3.3333": [9.90353, -15.15733, -2.18701],
						"3.4333": [9.59858, -16.27056, -1.45297],
						"4.2667": [9.59858, -16.27056, -1.45297],
						"4.3667": [8.8821, -15.1326, -2.56438],
						"4.4667": [7.75, -13, -3.5]
					},
					"scale": [1, 1.5, 1]
				},
				"mag_and_bullet": {
					"scale": {
						"0.0": [1, 1, 1],
						"3.0": {
							"pre": [1, 1, 1],
							"post": [0, 0, 0]
						},
						"4.7": {
							"pre": [0, 0, 0],
							"post": [1, 1, 1]
						}
					}
				},
				"gun_and_righthand": {
					"rotation": {
						"1.7": {
							"pre": [0, 0, 0],
							"post": [0, 0, 0],
							"lerp_mode": "catmullrom"
						},
						"1.7667": {
							"post": [1.02678, 0.00359, -3.14566],
							"lerp_mode": "catmullrom"
						},
						"1.8667": {
							"post": [2.27514, 0.29255, -8.26714],
							"lerp_mode": "catmullrom"
						},
						"2.1": {
							"post": [1.19454, 0.09593, -4.58574],
							"lerp_mode": "catmullrom"
						},
						"2.4333": {
							"post": [1.19454, 0.09593, -4.58574],
							"lerp_mode": "catmullrom"
						},
						"2.6667": [0, 0, 0],
						"3.2": [0, 0, 0],
						"3.3333": {
							"pre": [-12.98684, -1.05276, 70.22997],
							"post": [-12.98684, -1.05276, 70.22997],
							"lerp_mode": "catmullrom"
						},
						"3.4": {
							"post": [-26.82445, 6.74406, 100.13205],
							"lerp_mode": "catmullrom"
						},
						"3.4667": [-32.513, 21.027, 113.94539],
						"4.2667": [-32.513, 21.027, 113.94539],
						"4.4333": {
							"pre": [1.95012, 5.05678, 26.81178],
							"post": [1.95012, 5.05678, 26.81178],
							"lerp_mode": "catmullrom"
						},
						"4.5667": {
							"post": [0, 0, 0],
							"lerp_mode": "catmullrom"
						}
					}
				},
				"righthand": {
					"rotation": [100.21875, 11.81504, -177.88617],
					"position": {
						"0.0": [-6.6, -14.2, 2.2],
						"0.2": [-8.2, -14.2, 2.2],
						"0.9333": [-8.2, -14.2, 2.2],
						"1.0": [-8.2, -14.2, 2.2],
						"1.1": [-8.325, -14.2, 2.55],
						"1.2": [-8.2, -14.2, 2.2],
						"3.1333": [-8.2, -14.2, 2.2],
						"3.3": [-6.6, -14.2, 2.2]
					},
					"scale": [1, 1.5, 1]
				},
				"constraint": {
					"rotation": [0.05, 0.2, 0.1],
					"position": [0.15, 0.2, 0.35]
				},
				"additional_magazine": {
					"scale": {
						"0.0": [0, 0, 0],
						"3.0": {
							"pre": [0, 0, 0],
							"post": [1, 1, 1]
						}
					}
				},
				"camera": {
					"relative_to": {
						"rotation": "entity"
					},
					"rotation": {
						"0.0": {
							"post": [0, 0, 0],
							"lerp_mode": "catmullrom"
						},
						"0.4333": {
							"post": [3.275, 0.65, -0.225],
							"lerp_mode": "catmullrom"
						},
						"1.0667": {
							"post": [3.745, 0.65, -0.3],
							"lerp_mode": "catmullrom"
						},
						"1.3667": {
							"post": [1.415, 0.85, -0.8],
							"lerp_mode": "catmullrom"
						},
						"1.6333": {
							"post": [1.58, 0.82, -0.15],
							"lerp_mode": "catmullrom"
						},
						"1.7333": {
							"post": [2.86, 0.5, 0.525],
							"lerp_mode": "catmullrom"
						},
						"1.9": {
							"post": [2.24, -0.76, -0.895],
							"lerp_mode": "catmullrom"
						},
						"2.0667": {
							"post": [3.215, -2.375, -0.425],
							"lerp_mode": "catmullrom"
						},
						"2.2667": {
							"post": [3.695, -2.62, -1.12],
							"lerp_mode": "catmullrom"
						},
						"2.5": {
							"post": [3.465, -2.375, -0.925],
							"lerp_mode": "catmullrom"
						},
						"2.8": {
							"post": [0.985, 0, -0.575],
							"lerp_mode": "catmullrom"
						},
						"2.9": {
							"post": [1.78, 0.17, 0.54],
							"lerp_mode": "catmullrom"
						},
						"3.0333": {
							"post": [0.13, 0.13, -1.215],
							"lerp_mode": "catmullrom"
						},
						"3.2333": {
							"post": [0.605, 0, 0.175],
							"lerp_mode": "catmullrom"
						},
						"3.4": {
							"post": [-1.695, -0.13, -0.085],
							"lerp_mode": "catmullrom"
						},
						"3.6333": {
							"post": [-2.19, -0.2, 0.225],
							"lerp_mode": "catmullrom"
						},
						"4.0": {
							"post": [-1.49, -0.2, 0.225],
							"lerp_mode": "catmullrom"
						},
						"4.3333": {
							"post": [-0.905, -0.06, 0.18],
							"lerp_mode": "catmullrom"
						},
						"4.4667": {
							"post": [0.6, 0, 0.15],
							"lerp_mode": "catmullrom"
						},
						"4.6": {
							"post": [0.915, 0, 0.52],
							"lerp_mode": "catmullrom"
						},
						"4.7": {
							"post": [-0.3, 0, -0.275],
							"lerp_mode": "catmullrom"
						},
						"4.8333": {
							"post": [0.25, 0, 0.05],
							"lerp_mode": "catmullrom"
						},
						"5.0333": {
							"post": [0, 0, 0],
							"lerp_mode": "catmullrom"
						}
					}
				}
			},
			"sound_effects": {
				"0.0": {
					"effect": "wfoly_plr_sm_uzulu_raise_first_start"
				},
				"1.1667": {
					"effect": "wfoly_plr_sm_uzulu_reload_shake"
				},
				"1.5667": {
					"effect": "wfoly_plr_sm_uzulu_reload_fast_magout_01"
				},
				"2.6333": {
					"effect": "wfoly_plr_sm_uzulu_reload_fast_magin_01"
				},
				"3.3": {
					"effect": "wfoly_plr_sm_uzulu_reload_rattle"
				},
				"4.1667": {
					"effect": "wfoly_plr_sm_uzulu_reload_end"
				}
			}
		},
		"shoot": {
			"animation_length": 1.1333,
			"bones": {
				"root": {
					"rotation": {
						"0.0": [0, 0, 0],
						"0.0333": [-0.586, 0.022, -0.92],
						"0.0667": [-0.504, 0.013, -0.169],
						"0.1": [-0.273, 0.009, 0.812],
						"0.1333": [-0.014, 0.047, 1.048],
						"0.1667": [0.228, 0.118, 0.927],
						"0.2": [0.343, 0.179, 0.353],
						"0.2333": [0.458, 0.242, -0.221],
						"0.2667": [0.339, 0.226, -0.463],
						"0.3": [0.129, 0.177, -0.515],
						"0.3333": [-0.064, 0.105, -0.246],
						"0.3667": [-0.257, 0.034, 0.024],
						"0.4": [-0.21, -0.019, 0.183],
						"0.4333": [-0.162, -0.071, 0.343],
						"0.4667": [-0.098, -0.04, 0.194],
						"0.5": [-0.034, -0.008, 0.045],
						"0.5333": [0.03, 0.024, -0.104],
						"0.5667": [0.094, 0.056, -0.253],
						"0.6": [0.078, 0.045, -0.164],
						"0.6333": [0.062, 0.034, -0.075],
						"0.6667": [0.047, 0.023, 0.015],
						"0.7": [0.031, 0.011, 0.104],
						"0.7333": [0.022, 0.01, 0.058],
						"0.8": [0.013, 0.009, 0.011],
						"0.9": [0.003, 0.005, -0.103],
						"1.0": [0.002, 0.004, -0.077],
						"1.1333": [0, 0, 0]
					},
					"position": {
						"0.0": [0, 0, 0],
						"0.0333": {
							"pre": [0.002, 0.029, 1.2515],
							"post": [0.002, 0.029, 1.2515],
							"lerp_mode": "catmullrom"
						},
						"0.0667": {
							"post": [0.01, 0.05, 1.1175],
							"lerp_mode": "catmullrom"
						},
						"0.1": {
							"post": [0.007, 0.059, 0.539],
							"lerp_mode": "catmullrom"
						},
						"0.1667": {
							"post": [-0.003, -0.014, 0.11],
							"lerp_mode": "catmullrom"
						},
						"0.2": [-0.014, -0.034, 0.084],
						"0.2333": [-0.024, -0.055, 0.058],
						"0.2667": [-0.009, -0.03, 0.051],
						"0.3": [0.001, -0.014, 0.042],
						"0.3333": [0.003, 0.004, 0.034],
						"0.3667": [0.016, -0.009, 0.043],
						"0.4": [0.032, 0.003, 0.056],
						"0.4333": [0.048, 0.015, 0.069],
						"0.4667": [0.039, 0.012, 0.057],
						"0.5": [0.03, 0.01, 0.045],
						"0.5333": [0.022, 0.007, 0.034],
						"0.5667": [0.013, 0.004, 0.022],
						"0.6": [-0.003, -0.006, 0.009],
						"0.6333": [-0.005, -0.007, 0.007],
						"0.6667": [-0.007, -0.007, 0.006],
						"0.7": [-0.01, -0.007, 0.005],
						"0.7333": [-0.008, -0.008, 0.005],
						"0.8": [-0.007, -0.008, 0.004],
						"0.9": [-0.003, -0.009, 0.003],
						"1.0": [-0.003, -0.008, 0.003],
						"1.1333": [0, 0, 0]
					}
				},
				"camera": {
					"rotation": {
						"0.0": [0, 0, 0],
						"0.0333": [0, 0, 0.65],
						"0.0667": [0, 0, -0.37],
						"0.1": [0, 0, 0.41],
						"0.1333": [0, 0, -0.185],
						"0.1667": [0, 0, 0.2],
						"0.2": [0, 0, 0]
					}
				},
				"constraint": {
					"rotation": [0.05, 0.05, 0.05],
					"position": [0.05, 0.05, 0.05]
				}
			}
		},
		"over_heat": {
			"animation_length": 3.55,
			"bones": {
				"root": {
					"rotation": {
						"0.0": {
							"post": [0, 0, 0],
							"lerp_mode": "catmullrom"
						},
						"0.15": {
							"post": [-12.5, 0, 0],
							"lerp_mode": "catmullrom"
						},
						"0.25": {
							"post": [-11.27726, -1.27668, 1.22274],
							"lerp_mode": "catmullrom"
						},
						"0.35": {
							"post": [-12.10495, 0.5563, 0.40792],
							"lerp_mode": "catmullrom"
						},
						"0.55": {
							"post": [-10.43262, -0.11066, -0.42414],
							"lerp_mode": "catmullrom"
						},
						"1.0": {
							"post": [-8.47915, -3.5426, 7.57594],
							"lerp_mode": "catmullrom"
						},
						"1.35": {
							"post": [-7.46616, -3.71711, 6.47411],
							"lerp_mode": "catmullrom"
						},
						"1.9": {
							"post": [-7.93631, -3.17025, 5.43034],
							"lerp_mode": "catmullrom"
						},
						"2.25": {
							"post": [-8.41113, -1.56127, 3.69567],
							"lerp_mode": "catmullrom"
						},
						"2.65": {
							"post": [-5.24389, -1.98501, 4.70728],
							"lerp_mode": "catmullrom"
						},
						"2.95": {
							"post": [-13.36, -0.13, 2.725],
							"lerp_mode": "catmullrom"
						},
						"3.1": {
							"post": [-1.76804, 0.40298, -0.29141],
							"lerp_mode": "catmullrom"
						},
						"3.25": {
							"post": [0.15, 0.36, 1.105],
							"lerp_mode": "catmullrom"
						},
						"3.3": {
							"post": [0.63, 0.23, -0.38],
							"lerp_mode": "catmullrom"
						},
						"3.45": {
							"post": [0.375, 0, 0],
							"lerp_mode": "catmullrom"
						},
						"3.55": {
							"post": [0, 0, 0],
							"lerp_mode": "catmullrom"
						}
					},
					"position": {
						"0.0": {
							"post": [0, 0, 0],
							"lerp_mode": "catmullrom"
						},
						"0.15": {
							"post": [0, 0, 0],
							"lerp_mode": "catmullrom"
						},
						"0.3": {
							"post": [0, -0.3, 0.745],
							"lerp_mode": "catmullrom"
						},
						"0.45": {
							"post": [-0.225, -0.375, 0.475],
							"lerp_mode": "catmullrom"
						},
						"0.6": {
							"post": [-0.22, -0.35, 0.35],
							"lerp_mode": "catmullrom"
						},
						"1.2": {
							"post": [-0.13, -0.56, 0.22],
							"lerp_mode": "catmullrom"
						},
						"2.1": {
							"post": [-0.015, -0.59, 0.05],
							"lerp_mode": "catmullrom"
						},
						"2.45": {
							"post": [-0.04, -2.105, 0.01],
							"lerp_mode": "catmullrom"
						},
						"2.6": {
							"post": [-0.05, -2.07, -0.01],
							"lerp_mode": "catmullrom"
						},
						"2.65": {
							"post": [-0.06, -1.405, 0],
							"lerp_mode": "catmullrom"
						},
						"2.8": {
							"post": [-0.07, 0.16, 0.16],
							"lerp_mode": "catmullrom"
						},
						"2.95": {
							"post": [-0.09, 0.8, 0.28],
							"lerp_mode": "catmullrom"
						},
						"3.1": {
							"post": [-0.11, 0.54, 0.015],
							"lerp_mode": "catmullrom"
						},
						"3.15": {
							"post": [-0.11, 0.36, -0.03],
							"lerp_mode": "catmullrom"
						},
						"3.25": {
							"post": [-0.11, -0.34, -0.035],
							"lerp_mode": "catmullrom"
						},
						"3.45": {
							"post": [-0.05, -0.005, -0.02],
							"lerp_mode": "catmullrom"
						},
						"3.55": {
							"post": [0, 0, 0],
							"lerp_mode": "catmullrom"
						}
					}
				},
				"camera": {
					"rotation": {
						"0.15": {
							"pre": [0, 0, 0],
							"post": [0, 0, 0],
							"lerp_mode": "catmullrom"
						},
						"0.3": {
							"post": [-0.205, 0, 0.725],
							"lerp_mode": "catmullrom"
						},
						"0.4": {
							"post": [-0.11, -0.03, 0.095],
							"lerp_mode": "catmullrom"
						},
						"0.55": {
							"post": [0.355, -0.1, 0.475],
							"lerp_mode": "catmullrom"
						},
						"0.8": {
							"post": [3, -0.325, 0.675],
							"lerp_mode": "catmullrom"
						},
						"1.05": {
							"post": [3.61, -0.325, 0.725],
							"lerp_mode": "catmullrom"
						},
						"1.35": {
							"post": [2.95, -0.525, 1.05],
							"lerp_mode": "catmullrom"
						},
						"1.6": {
							"post": [2.195, -0.59, 1.06],
							"lerp_mode": "catmullrom"
						},
						"1.9": {
							"post": [2.58, -0.625, 1.025],
							"lerp_mode": "catmullrom"
						},
						"2.25": {
							"post": [2.59, -0.425, 1.025],
							"lerp_mode": "catmullrom"
						},
						"2.5": {
							"post": [3.51, -0.425, 0.875],
							"lerp_mode": "catmullrom"
						},
						"2.7": {
							"post": [2.68, -0.425, 0.625],
							"lerp_mode": "catmullrom"
						},
						"3.1": {
							"post": [-0.255, 0, 0],
							"lerp_mode": "catmullrom"
						},
						"3.25": {
							"post": [0.255, 0.02, 0.53],
							"lerp_mode": "catmullrom"
						},
						"3.4": {
							"post": [0, 0, -0.3],
							"lerp_mode": "catmullrom"
						},
						"3.55": {
							"post": [0, 0, 0],
							"lerp_mode": "catmullrom"
						}
					}
				}
			},
			"sound_effects": {
				"0.0": {
					"effect": "trisdyna:tris_hot1"
				}
			}
		}
	}
}