{
  "ammo": "emxarms:402x31rip",
  "rpm": 800,
  "bullet": {
    "life": 0.6,
    "bullet_amount": 5,
    "damage": 13.4,
    "tracer_count_interval": 0,
    "extra_damage": {
      "armor_ignore": 0.51,
      "head_shot_multiplier": 2.45,
      "damage_adjust": [
        {"distance": 15.0, "damage": 90.4},
        {"distance": 44.5, "damage": 86.8},
        {"distance": "infinite", "damage": 84.5}
      ]
    },
    // 点燃目标
    "ignite": false,
    // 点燃时间，默认为 2 秒，仅用于实体
    "ignite_entity_time": 8,
    "speed": 150,
    "gravity": 0.0245,
    "knockback": 0,
    "friction": 0.012,
    "ignite": false,
    "pierce": 1
  },
  "ammo_amount": 16,
  "extended_mag_ammo_amount": [
    20,
    24,
    30
  ],
  "bolt": "closed_bolt",
  "reload": {
    "type": "magazine",
    "feed": {
      "empty": 1.75,
      "tactical": 1
    },
    "cooldown": {
      "empty": 2.15,
      "tactical": 1.45
    }
  },
  "draw_time": 0.3,
  "put_away_time": 0.3,
  "aim_time": 0.125,
  "sprint_time": 0.08,
  //重量
  "weight": 1.15,
  "movement_speed": {
    "base": 0.0,
    "aim": -0.1,
    "reload": 0.1
  },
  "fire_mode": [
    "auto",
    "semi",
	"burst"
  ],
  "burst_data": {
    "continuous_shoot": true,
    "count": 1,
    "bpm": 600,
    "min_interval": 0.1
  },
  "melee": {
    // 枪械距离参数，用来延升近战攻击范围
    // 会与刺刀等配件的距离做加和
    "distance": 1,
    // 使用时的冷却时间
    "cooldown": 0.6,
    // 默认近战数据，会被配件的数据替换掉
    "default": {
      // 动画类型：没有枪托的为 melee_push，有枪托的为 melee_stock
      "animation_type": "melee_push",
      // 刺刀距离参数，枪械里还有个刺刀攻击距离参数，两者做加和
      "distance": 2,
      // 刺刀范围角度
      "range_angle": 30,
      // 伤害值
      "damage": 6.5,
      // 击退效果
      "knockback": 0.5,
      // 前摇时长，单位：秒
      "prep": 0.1
    }
  },
  "allow_attachment_types": [
    "scope",
	"grip",
	"muzzle",
	"stock",
    "extended_mag"
  ],
  "recoil": {
    "pitch": [
      {"time": 0, "value": [0.55, 0.55]},
      {"time": 0.35, "value": [0.55, 0.55]},
      {"time": 0.6, "value": [-0.175, -0.175]},
      {"time": 0.8, "value": [0.05, 0.05]},
      {"time": 1.0, "value": [0, 0]}
    ],
    "yaw": [
      {"time": 0, "value": [-0.2, 0.2]},
      {"time": 0.45, "value": [0, 0]}
    ]
  },
  "inaccuracy": {
    "stand": 2.0,
    "move": 2.1,
    "sneak": 1.8,
    "lie": 1.7,
    "aim": 0.6
  }
}