{
  "ammo": "emxarms:emx_tediore",
  "rpm": 80,
  "bullet": {
    "life": 0.6,
    "bullet_amount": 1,
    "damage": 15.0,
    "tracer_count_interval": 0,
    "extra_damage": {
      "armor_ignore": 0.05,
      "head_shot_multiplier": 2.65,
      "damage_adjust": [
        {"distance": 15.0, "damage": 25.0},
        {"distance": 25.5, "damage": 19.4},
        {"distance": 44.5, "damage": 17},
        {"distance": "infinite", "damage": 13.5}
      ]
    },
    "speed": 90,
    "gravity": 0.05,
    "knockback": 0,
    "friction": 0.012,
    "ignite": false,
    "pierce": 1
  },
  "ammo_amount": 5,
  "extended_mag_ammo_amount": [
    8,
    12,
    20
  ],
  "bolt": "closed_bolt",
  "reload": {
    "type": "magazine",
    "feed": {
      "empty": 1.3,
      "tactical": 1.3
    },
    "cooldown": {
      "empty": 1.4,
      "tactical": 1.4
    }
  },
  "draw_time": 1.25,
  "put_away_time": 0.5,
  "aim_time": 0.2,
  "sprint_time": 0.1,
  //重量
  "weight": 0.5,
  "movement_speed": {
    "base": 0.0,
    "aim": 0,
    "reload": 0.2
  },
  "fire_mode": [
    "semi"
  ],
  "burst_data": {
    "continuous_shoot": true,
    "count": 1,
    "bpm": 600,
    "min_interval": 0.1
  },
  "melee": {
    // 枪械距离参数，用来延升近战攻击范围
    // 会与刺刀等配件的距离做加和
    "distance": 1,
    // 使用时的冷却时间
    "cooldown": 0.6
    // 默认近战数据，会被配件的数据替换掉
  },
  "allow_attachment_types": [
	"muzzle",
    "extended_mag"
  ],
  "recoil": {
    "pitch": [
      {"time": 0, "value": [0.55, 0.55]},
      {"time": 0.35, "value": [0.55, 0.55]},
      {"time": 0.6, "value": [-0.175, -0.175]},
      {"time": 0.8, "value": [0.05, 0.05]},
      {"time": 1.0, "value": [0, 0]}
    ],
    "yaw": [
      {"time": 0, "value": [-0.2, 0.2]},
      {"time": 0.45, "value": [0, 0]}
    ]
  },
  "inaccuracy": {
    "stand": 0.3,
    "move": 0.3,
    "sneak": 0.3,
    "lie": 0.3,
    "aim": 0.25
  }
}