{
  "materials": [
    {
      "item": {
        "tag": "forge:ingots/iron"
      },
      "count": 64
    },
    {
      "item": {
        "tag": "forge:ingots/gold"
      },
      "count": 32
    },
    {
      "item": {
        "item": "blue_archivescraft:cyanoaugite"
      },
      "count": 30
    },
    {
      "item": {
        "item": "blue_archivescraft:totempole_1"
      },
      "count": 5
    }
  ],
  "result": {
    "type": "gun",
    "id": "cake:hk45",
    "attachments": {
      "muzzle": "cake:muzzle_hk45"
    }
  },
  "type": "tacz:gun_smith_table_crafting"
}