{
  "materials": [
    {
      "item": {
        "item": "blue_archivescraft:cyanoaugite"
      },
      "count": 180
    },
    {
      "item": {
        "tag": "forge:ingots/iron"
      },
      "count": 70
    },
    {
      "item": {
        "tag": "forge:gems/quartz"
      },
      "count": 16
    },
    {
      "item": {
        "item": "blue_archivescraft:compass_1"
      },
      "count": 5
    },
    {
      "item": {
        "item": "minecraft:diamond"
      },
      "count": 28
    }
  ],
  "result": {
    "type": "gun",
    "id": "cake:mpx"
  },
  "type": "tacz:gun_smith_table_crafting"
}