{
  "materials": [
    {
      "item": {
        "tag": "forge:ingots/iron"
      },
      "count": 64
    },
    {
      "item": {
        "tag": "forge:gems/lapis"
      },
      "count": 20
    },
    {
      "item": {
        "item": "blue_archivescraft:cyanoaugite"
      },
      "count": 240
    },
    {
      "item": {
        "item": "blue_archivescraft:goldenfleece_1"
      },
      "count": 10
    },
    {
      "item": {
        "item": "minecraft:gold_ingot"
      },
      "count": 64
    },
    {
      "item": {
        "item": "minecraft:diamond"
      },
      "count": 28
    }
  ],
  "result": {
    "type": "gun",
    "id": "cake:sig556",
    "attachments": {
      "grip": "cake:grip_sig556",
      "muzzle": "cake:muzzle_sig556",
      "scope": "cake:scope_sig556"
    }
  },
  "type": "tacz:gun_smith_table_crafting"
}