{
	"format_version": "1.12.0",
	"minecraft:geometry": [
		{
			"description": {
				"identifier": "geometry.unknown",
				"texture_width": 128,
				"texture_height": 128,
				"visible_bounds_width": 2,
				"visible_bounds_height": 1.5,
				"visible_bounds_offset": [0, 0.25, 0]
			},
			"bones": [
				{
					"name": "root",
					"pivot": [0, 0, 0]
				},
				{
					"name": "box",
					"parent": "root",
					"pivot": [0, 2.5, -0.75],
					"rotation": [-90, 0, 0]
				},
				{
					"name": "base",
					"parent": "box",
					"pivot": [0, 3, -0.25],
					"rotation": [-90, 0, 0],
					"cubes": [
						{
							"origin": [0.5, 2, -1.75],
							"size": [1.25, 0.25, 3],
							"uv": {
								"north": {"uv": [13, 14], "uv_size": [0.5, 1]},
								"east": {"uv": [7, 14], "uv_size": [1, 1]},
								"south": {"uv": [14, 13], "uv_size": [0.5, 1]},
								"west": {"uv": [14, 7], "uv_size": [1, 1]},
								"up": {"uv": [14, 14], "uv_size": [0.5, 1]},
								"down": {"uv": [0, 16], "uv_size": [0.5, -1]}
							}
						},
						{
							"origin": [-0.75, 1.5, -1.75],
							"size": [0.625, 0.125, 3],
							"uv": {
								"north": {"uv": [8, 14], "uv_size": [1, 1]},
								"east": {"uv": [14, 8], "uv_size": [1, 1]},
								"south": {"uv": [9, 14], "uv_size": [1, 1]},
								"west": {"uv": [14, 9], "uv_size": [1, 1]},
								"up": {"uv": [10, 14], "uv_size": [1, 1]},
								"down": {"uv": [14, 11], "uv_size": [1, -1]}
							}
						},
						{
							"origin": [-0.75, 2.375, -1.75],
							"size": [0.625, 0.125, 3],
							"uv": {
								"north": {"uv": [8, 14], "uv_size": [1, 1]},
								"east": {"uv": [14, 8], "uv_size": [1, 1]},
								"south": {"uv": [9, 14], "uv_size": [1, 1]},
								"west": {"uv": [14, 9], "uv_size": [1, 1]},
								"up": {"uv": [10, 14], "uv_size": [1, 1]},
								"down": {"uv": [14, 11], "uv_size": [1, -1]}
							}
						},
						{
							"origin": [-0.64062, 1.625, 0.29688],
							"size": [0.53125, 0.75, 0.90625],
							"uv": {
								"north": {"uv": [2, 17], "uv_size": [0.5, 2]},
								"east": {"uv": [1, 17], "uv_size": [1, 2]},
								"south": {"uv": [3, 17], "uv_size": [0.5, 2]},
								"west": {"uv": [17, 1], "uv_size": [1, 2]},
								"up": {"uv": [17, 3], "uv_size": [0.5, 1]},
								"down": {"uv": [4, 18], "uv_size": [0.5, -1]}
							}
						},
						{
							"origin": [-0.125, 2.25, -1.75],
							"size": [1.875, 0.25, 3],
							"uv": {
								"north": {"uv": [4, 4], "uv_size": [1.5, 1.5]},
								"east": {"uv": [10, 8], "uv_size": [1, 1.5]},
								"south": {"uv": [0, 5], "uv_size": [1.5, 1.5]},
								"west": {"uv": [11, 8], "uv_size": [1, 1.5]},
								"up": {"uv": [8, 10], "uv_size": [1.5, 1]},
								"down": {"uv": [10, 11], "uv_size": [1.5, -1]}
							}
						},
						{
							"origin": [-0.125, 1.5, -1.75],
							"size": [0.125, 0.75, 3],
							"uv": {
								"north": {"uv": [8, 14], "uv_size": [1, 1]},
								"east": {"uv": [14, 8], "uv_size": [1, 1]},
								"south": {"uv": [9, 14], "uv_size": [1, 1]},
								"west": {"uv": [14, 9], "uv_size": [1, 1]},
								"up": {"uv": [10, 14], "uv_size": [1, 1]},
								"down": {"uv": [14, 11], "uv_size": [1, -1]}
							}
						},
						{
							"origin": [-0.75, 1.625, -1.75],
							"size": [0.125, 0.75, 3],
							"uv": {
								"north": {"uv": [4, 4], "uv_size": [1.5, 1.5]},
								"east": {"uv": [10, 8], "uv_size": [1, 1.5]},
								"south": {"uv": [0, 5], "uv_size": [1.5, 1.5]},
								"west": {"uv": [11, 8], "uv_size": [1, 1.5]},
								"up": {"uv": [8, 10], "uv_size": [1.5, 1]},
								"down": {"uv": [10, 11], "uv_size": [1.5, -1]}
							}
						},
						{
							"origin": [-0.67187, 4.9375, 0.4375],
							"size": [0.625, 0.15625, 0.625],
							"uv": {
								"north": {"uv": [0, 13], "uv_size": [0.5, 0.5]},
								"east": {"uv": [1, 13], "uv_size": [0.5, 0.5]},
								"south": {"uv": [3, 13], "uv_size": [0.5, 0.5]},
								"west": {"uv": [4, 13], "uv_size": [0.5, 0.5]},
								"up": {"uv": [5, 13], "uv_size": [0.5, 0.5]},
								"down": {"uv": [6, 13.5], "uv_size": [0.5, -0.5]}
							}
						},
						{
							"origin": [-0.4375, 4.48438, -1.6875],
							"size": [1.875, 0.5, 2.875],
							"uv": {
								"north": {"uv": [3, 14], "uv_size": [1, 0.5]},
								"east": {"uv": [14, 3], "uv_size": [1, 0.5]},
								"south": {"uv": [4, 14], "uv_size": [1, 0.5]},
								"west": {"uv": [14, 4], "uv_size": [1, 0.5]},
								"up": {"uv": [13, 13], "uv_size": [1, 1]},
								"down": {"uv": [0, 15], "uv_size": [1, -1]}
							}
						},
						{
							"origin": [0, 1.51563, -0.64062],
							"size": [1.5625, 0.8125, 0.78125],
							"uv": {
								"north": {"uv": [11, 14], "uv_size": [0.5, 1]},
								"east": {"uv": [6, 14], "uv_size": [1, 1]},
								"south": {"uv": [14, 11], "uv_size": [0.5, 1]},
								"west": {"uv": [14, 6], "uv_size": [1, 1]},
								"up": {"uv": [12, 14], "uv_size": [0.5, 1]},
								"down": {"uv": [14, 13], "uv_size": [0.5, -1]}
							}
						},
						{
							"origin": [0, 2, -0.6875],
							"size": [0.5625, 0.10938, 0.875],
							"uv": {
								"north": {"uv": [10, 6], "uv_size": [0.5, 0.5]},
								"east": {"uv": [5, 0], "uv_size": [1, 0.5]},
								"south": {"uv": [7, 10], "uv_size": [0.5, 0.5]},
								"west": {"uv": [5, 1], "uv_size": [1, 0.5]},
								"up": {"uv": [5, 2], "uv_size": [0.5, 1]},
								"down": {"uv": [5, 4], "uv_size": [0.5, -1]}
							}
						},
						{
							"origin": [0, 1.75, -0.6875],
							"size": [1.625, 0.10938, 0.875],
							"uv": {
								"north": {"uv": [10, 5], "uv_size": [0.5, 0.5]},
								"east": {"uv": [4, 0], "uv_size": [1, 0.5]},
								"south": {"uv": [6, 10], "uv_size": [0.5, 0.5]},
								"west": {"uv": [4, 1], "uv_size": [1, 0.5]},
								"up": {"uv": [4, 2], "uv_size": [0.5, 1]},
								"down": {"uv": [4, 4], "uv_size": [0.5, -1]}
							}
						},
						{
							"origin": [0, 1.51563, -1.64062],
							"size": [1.5625, 0.8125, 0.78125],
							"uv": {
								"north": {"uv": [11, 14], "uv_size": [0.5, 1]},
								"east": {"uv": [6, 14], "uv_size": [1, 1]},
								"south": {"uv": [14, 11], "uv_size": [0.5, 1]},
								"west": {"uv": [14, 6], "uv_size": [1, 1]},
								"up": {"uv": [12, 14], "uv_size": [0.5, 1]},
								"down": {"uv": [14, 13], "uv_size": [0.5, -1]}
							}
						},
						{
							"origin": [0, 1.75, -1.6875],
							"size": [1.625, 0.10938, 0.875],
							"uv": {
								"north": {"uv": [10, 5], "uv_size": [0.5, 0.5]},
								"east": {"uv": [4, 0], "uv_size": [1, 0.5]},
								"south": {"uv": [6, 10], "uv_size": [0.5, 0.5]},
								"west": {"uv": [4, 1], "uv_size": [1, 0.5]},
								"up": {"uv": [4, 2], "uv_size": [0.5, 1]},
								"down": {"uv": [4, 4], "uv_size": [0.5, -1]}
							}
						},
						{
							"origin": [0, 2, -1.6875],
							"size": [0.5, 0.10938, 0.875],
							"uv": {
								"north": {"uv": [10, 6], "uv_size": [0.5, 0.5]},
								"east": {"uv": [5, 0], "uv_size": [1, 0.5]},
								"south": {"uv": [7, 10], "uv_size": [0.5, 0.5]},
								"west": {"uv": [5, 1], "uv_size": [1, 0.5]},
								"up": {"uv": [5, 2], "uv_size": [0.5, 1]},
								"down": {"uv": [5, 4], "uv_size": [0.5, -1]}
							}
						},
						{
							"origin": [0, 1.51563, 0.35938],
							"size": [1.5625, 0.8125, 0.78125],
							"uv": {
								"north": {"uv": [11, 14], "uv_size": [0.5, 1]},
								"east": {"uv": [6, 14], "uv_size": [1, 1]},
								"south": {"uv": [14, 11], "uv_size": [0.5, 1]},
								"west": {"uv": [14, 6], "uv_size": [1, 1]},
								"up": {"uv": [12, 14], "uv_size": [0.5, 1]},
								"down": {"uv": [14, 13], "uv_size": [0.5, -1]}
							}
						},
						{
							"origin": [0, 2, 0.3125],
							"size": [0.5, 0.10938, 0.875],
							"uv": {
								"north": {"uv": [10, 6], "uv_size": [0.5, 0.5]},
								"east": {"uv": [5, 0], "uv_size": [1, 0.5]},
								"south": {"uv": [7, 10], "uv_size": [0.5, 0.5]},
								"west": {"uv": [5, 1], "uv_size": [1, 0.5]},
								"up": {"uv": [5, 2], "uv_size": [0.5, 1]},
								"down": {"uv": [5, 4], "uv_size": [0.5, -1]}
							}
						},
						{
							"origin": [0, 1.75, 0.3125],
							"size": [1.625, 0.10938, 0.875],
							"uv": {
								"north": {"uv": [10, 5], "uv_size": [0.5, 0.5]},
								"east": {"uv": [4, 0], "uv_size": [1, 0.5]},
								"south": {"uv": [6, 10], "uv_size": [0.5, 0.5]},
								"west": {"uv": [4, 1], "uv_size": [1, 0.5]},
								"up": {"uv": [4, 2], "uv_size": [0.5, 1]},
								"down": {"uv": [4, 4], "uv_size": [0.5, -1]}
							}
						},
						{
							"origin": [-0.4375, 2.4375, 0.3125],
							"size": [0.875, 0.09375, 0.875],
							"uv": {
								"north": {"uv": [14, 0], "uv_size": [1, 0.5]},
								"east": {"uv": [1, 14], "uv_size": [1, 0.5]},
								"south": {"uv": [14, 1], "uv_size": [1, 0.5]},
								"west": {"uv": [14, 2], "uv_size": [1, 0.5]},
								"up": {"uv": [12, 13], "uv_size": [1, 1]},
								"down": {"uv": [13, 13], "uv_size": [1, -1]}
							}
						},
						{
							"origin": [0.5625, 2.4375, 0.3125],
							"size": [0.875, 0.09375, 0.875],
							"uv": {
								"north": {"uv": [14, 0], "uv_size": [1, 0.5]},
								"east": {"uv": [1, 14], "uv_size": [1, 0.5]},
								"south": {"uv": [14, 1], "uv_size": [1, 0.5]},
								"west": {"uv": [14, 2], "uv_size": [1, 0.5]},
								"up": {"uv": [12, 13], "uv_size": [1, 1]},
								"down": {"uv": [13, 13], "uv_size": [1, -1]}
							}
						},
						{
							"origin": [0.5625, 2.4375, -0.6875],
							"size": [0.875, 0.09375, 0.875],
							"uv": {
								"north": {"uv": [14, 0], "uv_size": [1, 0.5]},
								"east": {"uv": [1, 14], "uv_size": [1, 0.5]},
								"south": {"uv": [14, 1], "uv_size": [1, 0.5]},
								"west": {"uv": [14, 2], "uv_size": [1, 0.5]},
								"up": {"uv": [12, 13], "uv_size": [1, 1]},
								"down": {"uv": [13, 13], "uv_size": [1, -1]}
							}
						},
						{
							"origin": [0.5625, 2.4375, -1.6875],
							"size": [0.875, 0.09375, 0.875],
							"uv": {
								"north": {"uv": [14, 0], "uv_size": [1, 0.5]},
								"east": {"uv": [1, 14], "uv_size": [1, 0.5]},
								"south": {"uv": [14, 1], "uv_size": [1, 0.5]},
								"west": {"uv": [14, 2], "uv_size": [1, 0.5]},
								"up": {"uv": [12, 13], "uv_size": [1, 1]},
								"down": {"uv": [13, 13], "uv_size": [1, -1]}
							}
						},
						{
							"origin": [-0.4375, 2.4375, -1.6875],
							"size": [0.875, 0.09375, 0.875],
							"uv": {
								"north": {"uv": [14, 0], "uv_size": [1, 0.5]},
								"east": {"uv": [1, 14], "uv_size": [1, 0.5]},
								"south": {"uv": [14, 1], "uv_size": [1, 0.5]},
								"west": {"uv": [14, 2], "uv_size": [1, 0.5]},
								"up": {"uv": [12, 13], "uv_size": [1, 1]},
								"down": {"uv": [13, 13], "uv_size": [1, -1]}
							}
						},
						{
							"origin": [-0.4375, 2.4375, -0.6875],
							"size": [0.875, 0.09375, 0.875],
							"uv": {
								"north": {"uv": [14, 0], "uv_size": [1, 0.5]},
								"east": {"uv": [1, 14], "uv_size": [1, 0.5]},
								"south": {"uv": [14, 1], "uv_size": [1, 0.5]},
								"west": {"uv": [14, 2], "uv_size": [1, 0.5]},
								"up": {"uv": [12, 13], "uv_size": [1, 1]},
								"down": {"uv": [13, 13], "uv_size": [1, -1]}
							}
						},
						{
							"origin": [0.375, 4.5, -1.75],
							"size": [1.375, 0.5, 3],
							"uv": {
								"north": {"uv": [5, 14], "uv_size": [0.5, 0.5]},
								"east": {"uv": [4, 11], "uv_size": [1, 0.5]},
								"south": {"uv": [14, 5], "uv_size": [0.5, 0.5]},
								"west": {"uv": [6, 11], "uv_size": [1, 0.5]},
								"up": {"uv": [7, 11], "uv_size": [0.5, 1]},
								"down": {"uv": [8, 12], "uv_size": [0.5, -1]}
							}
						},
						{
							"origin": [0.25, 4.5, 0.25],
							"size": [0.125, 0.0625, 1],
							"uv": {
								"north": {"uv": [12, 11], "uv_size": [0.5, 0.5]},
								"east": {"uv": [11, 1], "uv_size": [1, 0.5]},
								"south": {"uv": [12, 12], "uv_size": [0.5, 0.5]},
								"west": {"uv": [11, 2], "uv_size": [1, 0.5]},
								"up": {"uv": [3, 11], "uv_size": [0.5, 1]},
								"down": {"uv": [11, 4], "uv_size": [0.5, -1]}
							}
						},
						{
							"origin": [-0.75, 4.5, -1.75],
							"size": [2, 0.5, 3],
							"uv": {
								"north": {"uv": [9, 11], "uv_size": [1, 0.5]},
								"east": {"uv": [3, 12], "uv_size": [1, 0.5]},
								"south": {"uv": [4, 12], "uv_size": [1, 0.5]},
								"west": {"uv": [11, 12], "uv_size": [1, 0.5]},
								"up": {"uv": [3, 10], "uv_size": [1, 1]},
								"down": {"uv": [11, 1], "uv_size": [1, -1]}
							}
						},
						{
							"origin": [-0.875, 4.6875, 0.35938],
							"size": [0.125, 0.15849, 0.78125],
							"uv": {
								"north": {"uv": [5, 16], "uv_size": [0.5, 0.5]},
								"east": {"uv": [15, 10], "uv_size": [1, 0.5]},
								"south": {"uv": [16, 5], "uv_size": [0.5, 0.5]},
								"west": {"uv": [11, 15], "uv_size": [1, 0.5]},
								"up": {"uv": [15, 11], "uv_size": [0.5, 1]},
								"down": {"uv": [12, 16], "uv_size": [0.5, -1]}
							}
						},
						{
							"origin": [-0.75, 4.90401, 0.35938],
							"size": [0.78125, 0.15849, 0.78125],
							"uv": {
								"north": {"uv": [15, 14], "uv_size": [1, 0.5]},
								"east": {"uv": [15, 15], "uv_size": [1, 0.5]},
								"south": {"uv": [0, 16], "uv_size": [1, 0.5]},
								"west": {"uv": [16, 0], "uv_size": [1, 0.5]},
								"up": {"uv": [11, 6], "uv_size": [1, 1]},
								"down": {"uv": [11, 8], "uv_size": [1, -1]}
							}
						},
						{
							"origin": [-0.82812, 3.6875, 0.35938],
							"size": [0.07813, 1.15849, 0.78125],
							"uv": {
								"north": {"uv": [15, 2], "uv_size": [0.5, 1]},
								"east": {"uv": [10, 7], "uv_size": [1, 1]},
								"south": {"uv": [3, 15], "uv_size": [0.5, 1]},
								"west": {"uv": [11, 5], "uv_size": [1, 1]},
								"up": {"uv": [15, 3], "uv_size": [0.5, 1]},
								"down": {"uv": [4, 16], "uv_size": [0.5, -1]}
							}
						},
						{
							"origin": [-0.875, 4.4375, 0.35938],
							"size": [0.125, 0.15849, 0.78125],
							"uv": {
								"north": {"uv": [4, 16], "uv_size": [0.5, 0.5]},
								"east": {"uv": [15, 8], "uv_size": [1, 0.5]},
								"south": {"uv": [16, 4], "uv_size": [0.5, 0.5]},
								"west": {"uv": [9, 15], "uv_size": [1, 0.5]},
								"up": {"uv": [15, 9], "uv_size": [0.5, 1]},
								"down": {"uv": [10, 16], "uv_size": [0.5, -1]}
							}
						},
						{
							"origin": [-0.875, 4.1875, 0.35938],
							"size": [0.125, 0.15849, 0.78125],
							"uv": {
								"north": {"uv": [3, 16], "uv_size": [0.5, 0.5]},
								"east": {"uv": [15, 6], "uv_size": [1, 0.5]},
								"south": {"uv": [16, 3], "uv_size": [0.5, 0.5]},
								"west": {"uv": [7, 15], "uv_size": [1, 0.5]},
								"up": {"uv": [15, 7], "uv_size": [0.5, 1]},
								"down": {"uv": [8, 16], "uv_size": [0.5, -1]}
							}
						},
						{
							"origin": [-0.875, 3.9375, 0.35938],
							"size": [0.125, 0.15849, 0.78125],
							"uv": {
								"north": {"uv": [2, 16], "uv_size": [0.5, 0.5]},
								"east": {"uv": [15, 4], "uv_size": [1, 0.5]},
								"south": {"uv": [16, 2], "uv_size": [0.5, 0.5]},
								"west": {"uv": [5, 15], "uv_size": [1, 0.5]},
								"up": {"uv": [15, 5], "uv_size": [0.5, 1]},
								"down": {"uv": [6, 16], "uv_size": [0.5, -1]}
							}
						},
						{
							"origin": [-0.875, 3.6875, 0.35938],
							"size": [0.125, 0.15849, 0.78125],
							"uv": {
								"north": {"uv": [1, 16], "uv_size": [0.5, 0.5]},
								"east": {"uv": [15, 0], "uv_size": [1, 0.5]},
								"south": {"uv": [16, 1], "uv_size": [0.5, 0.5]},
								"west": {"uv": [1, 15], "uv_size": [1, 0.5]},
								"up": {"uv": [15, 1], "uv_size": [0.5, 1]},
								"down": {"uv": [2, 16], "uv_size": [0.5, -1]}
							}
						},
						{
							"origin": [-0.84375, 1.9375, 0.95313],
							"size": [0.07813, 1.90849, 0.09375],
							"uv": {
								"north": {"uv": [16, 9], "uv_size": [0.5, 2]},
								"east": {"uv": [10, 16], "uv_size": [0.5, 2]},
								"south": {"uv": [11, 16], "uv_size": [0.5, 2]},
								"west": {"uv": [16, 11], "uv_size": [0.5, 2]},
								"up": {"uv": [0, 17], "uv_size": [0.5, 0.5]},
								"down": {"uv": [17, 0.5], "uv_size": [0.5, -0.5]}
							}
						},
						{
							"origin": [-0.84375, 1.9375, 0.45313],
							"size": [0.07813, 1.90849, 0.09375],
							"uv": {
								"north": {"uv": [7, 16], "uv_size": [0.5, 2]},
								"east": {"uv": [16, 7], "uv_size": [0.5, 2]},
								"south": {"uv": [8, 16], "uv_size": [0.5, 2]},
								"west": {"uv": [9, 16], "uv_size": [0.5, 2]},
								"up": {"uv": [16, 15], "uv_size": [0.5, 0.5]},
								"down": {"uv": [16, 16.5], "uv_size": [0.5, -0.5]}
							}
						},
						{
							"origin": [-0.84375, 1.9375, 0.54688],
							"size": [0.07813, 0.09599, 0.40625],
							"uv": {
								"north": {"uv": [12, 16], "uv_size": [0.5, 0.5]},
								"east": {"uv": [13, 16], "uv_size": [0.5, 0.5]},
								"south": {"uv": [16, 13], "uv_size": [0.5, 0.5]},
								"west": {"uv": [14, 16], "uv_size": [0.5, 0.5]},
								"up": {"uv": [16, 14], "uv_size": [0.5, 0.5]},
								"down": {"uv": [15, 16.5], "uv_size": [0.5, -0.5]}
							}
						},
						{
							"origin": [-0.84375, 2.1875, 0.54688],
							"size": [0.07813, 0.09599, 0.40625],
							"uv": {
								"north": {"uv": [12, 16], "uv_size": [0.5, 0.5]},
								"east": {"uv": [13, 16], "uv_size": [0.5, 0.5]},
								"south": {"uv": [16, 13], "uv_size": [0.5, 0.5]},
								"west": {"uv": [14, 16], "uv_size": [0.5, 0.5]},
								"up": {"uv": [16, 14], "uv_size": [0.5, 0.5]},
								"down": {"uv": [15, 16.5], "uv_size": [0.5, -0.5]}
							}
						},
						{
							"origin": [-0.84375, 3.59375, 0.54688],
							"size": [0.07813, 0.09599, 0.40625],
							"uv": {
								"north": {"uv": [12, 16], "uv_size": [0.5, 0.5]},
								"east": {"uv": [13, 16], "uv_size": [0.5, 0.5]},
								"south": {"uv": [16, 13], "uv_size": [0.5, 0.5]},
								"west": {"uv": [14, 16], "uv_size": [0.5, 0.5]},
								"up": {"uv": [16, 14], "uv_size": [0.5, 0.5]},
								"down": {"uv": [15, 16.5], "uv_size": [0.5, -0.5]}
							}
						},
						{
							"origin": [-2.47548, 4.87292, 0.35938],
							"size": [0.125, 0.25, 0.78125],
							"pivot": [-1.72548, 1.87292, 0.75],
							"rotation": [0, 0, 30],
							"uv": {
								"north": {"uv": [6, 16], "uv_size": [0.5, 0.5]},
								"east": {"uv": [15, 12], "uv_size": [1, 0.5]},
								"south": {"uv": [16, 6], "uv_size": [0.5, 0.5]},
								"west": {"uv": [13, 15], "uv_size": [1, 0.5]},
								"up": {"uv": [15, 13], "uv_size": [0.5, 1]},
								"down": {"uv": [14, 16], "uv_size": [0.5, -1]}
							}
						},
						{
							"origin": [-0.625, 4.375, -1.75],
							"size": [2.25, 0.125, 0],
							"uv": {
								"north": {"uv": [12, 9], "uv_size": [1.5, 0.5]},
								"east": {"uv": [0, 0], "uv_size": [0, 0.5]},
								"south": {"uv": [12, 10], "uv_size": [1.5, 0.5]},
								"west": {"uv": [0, 0], "uv_size": [0, 0.5]},
								"up": {"uv": [0, 0], "uv_size": [1.5, 0]},
								"down": {"uv": [0, 0], "uv_size": [1.5, 0]}
							}
						},
						{
							"origin": [-0.625, 4.375, 1.25],
							"size": [2.25, 0.125, 0],
							"uv": {
								"north": {"uv": [12, 8], "uv_size": [1.5, 0.5]},
								"east": {"uv": [0, 0], "uv_size": [0, 0.5]},
								"south": {"uv": [9, 12], "uv_size": [1.5, 0.5]},
								"west": {"uv": [0, 0], "uv_size": [0, 0.5]},
								"up": {"uv": [0, 0], "uv_size": [1.5, 0]},
								"down": {"uv": [0, 0], "uv_size": [1.5, 0]}
							}
						},
						{
							"origin": [1.75, 4.375, -1.625],
							"size": [0, 0.125, 2.75],
							"uv": {
								"north": {"uv": [0, 0], "uv_size": [0, 0.5]},
								"east": {"uv": [7, 12], "uv_size": [1.5, 0.5]},
								"south": {"uv": [0, 0], "uv_size": [0, 0.5]},
								"west": {"uv": [12, 7], "uv_size": [1.5, 0.5]},
								"up": {"uv": [0, 0], "uv_size": [0, 1.5]},
								"down": {"uv": [0, 1.5], "uv_size": [0, -1.5]}
							}
						},
						{
							"origin": [1.75, 2.5, -1.625],
							"size": [0, 0.125, 2.75],
							"uv": {
								"north": {"uv": [0, 0], "uv_size": [0, 0.5]},
								"east": {"uv": [12, 0], "uv_size": [1.5, 0.5]},
								"south": {"uv": [0, 0], "uv_size": [0, 0.5]},
								"west": {"uv": [12, 1], "uv_size": [1.5, 0.5]},
								"up": {"uv": [0, 0], "uv_size": [0, 1.5]},
								"down": {"uv": [0, 1.5], "uv_size": [0, -1.5]}
							}
						},
						{
							"origin": [-0.625, 2.5, 1.25],
							"size": [2.25, 0.125, 0],
							"uv": {
								"north": {"uv": [12, 2], "uv_size": [1.5, 0.5]},
								"east": {"uv": [0, 0], "uv_size": [0, 0.5]},
								"south": {"uv": [12, 3], "uv_size": [1.5, 0.5]},
								"west": {"uv": [0, 0], "uv_size": [0, 0.5]},
								"up": {"uv": [0, 0], "uv_size": [1.5, 0]},
								"down": {"uv": [0, 0], "uv_size": [1.5, 0]}
							}
						},
						{
							"origin": [-0.625, 2.5, -1.75],
							"size": [2.25, 0.125, 0],
							"uv": {
								"north": {"uv": [12, 4], "uv_size": [1.5, 0.5]},
								"east": {"uv": [0, 0], "uv_size": [0, 0.5]},
								"south": {"uv": [5, 12], "uv_size": [1.5, 0.5]},
								"west": {"uv": [0, 0], "uv_size": [0, 0.5]},
								"up": {"uv": [0, 0], "uv_size": [1.5, 0]},
								"down": {"uv": [0, 0], "uv_size": [1.5, 0]}
							}
						},
						{
							"origin": [-0.75, 4.375, -1.625],
							"size": [0, 0.125, 2.75],
							"uv": {
								"north": {"uv": [0, 0], "uv_size": [0, 0.5]},
								"east": {"uv": [12, 5], "uv_size": [1.5, 0.5]},
								"south": {"uv": [0, 0], "uv_size": [0, 0.5]},
								"west": {"uv": [12, 6], "uv_size": [1.5, 0.5]},
								"up": {"uv": [0, 0], "uv_size": [0, 1.5]},
								"down": {"uv": [0, 1.5], "uv_size": [0, -1.5]}
							}
						},
						{
							"origin": [-0.75, 2.5, -1.625],
							"size": [0, 0.125, 2.75],
							"uv": {
								"north": {"uv": [0, 0], "uv_size": [0, 0.5]},
								"east": {"uv": [12, 5], "uv_size": [1.5, 0.5]},
								"south": {"uv": [0, 0], "uv_size": [0, 0.5]},
								"west": {"uv": [12, 6], "uv_size": [1.5, 0.5]},
								"up": {"uv": [0, 0], "uv_size": [0, 1.5]},
								"down": {"uv": [0, 1.5], "uv_size": [0, -1.5]}
							}
						}
					]
				},
				{
					"name": "bone",
					"parent": "base",
					"pivot": [0, 1.5, 0.75],
					"cubes": [
						{
							"origin": [1.625, 2.5, -1.75],
							"size": [0.125, 2, 0],
							"uv": {
								"north": {"uv": [5, 6], "uv_size": [0.5, 5]},
								"east": {"uv": [0, 0], "uv_size": [0, 5]},
								"south": {"uv": [6, 5], "uv_size": [0.5, 5]},
								"west": {"uv": [0, 0], "uv_size": [0, 5]},
								"up": {"uv": [0, 0], "uv_size": [0.5, 0]},
								"down": {"uv": [0, 0], "uv_size": [0.5, 0]}
							}
						},
						{
							"origin": [1.75, 2.5, -1.75],
							"size": [0, 2, 0.125],
							"uv": {
								"north": {"uv": [0, 0], "uv_size": [0, 5]},
								"east": {"uv": [8, 0], "uv_size": [0.5, 5]},
								"south": {"uv": [0, 0], "uv_size": [0, 5]},
								"west": {"uv": [8, 5], "uv_size": [0.5, 5]},
								"up": {"uv": [0, 0], "uv_size": [0, 0.5]},
								"down": {"uv": [0, 0.5], "uv_size": [0, -0.5]}
							}
						},
						{
							"origin": [1.75, 2.5, 1.125],
							"size": [0, 2, 0.125],
							"uv": {
								"north": {"uv": [0, 0], "uv_size": [0, 5]},
								"east": {"uv": [10, 0], "uv_size": [0.5, 5]},
								"south": {"uv": [0, 0], "uv_size": [0, 5]},
								"west": {"uv": [2, 10], "uv_size": [0.5, 5]},
								"up": {"uv": [0, 0], "uv_size": [0, 0.5]},
								"down": {"uv": [0, 0.5], "uv_size": [0, -0.5]}
							}
						},
						{
							"origin": [1.625, 2.5, 1.25],
							"size": [0.125, 2, 0],
							"uv": {
								"north": {"uv": [6, 0], "uv_size": [0.5, 5]},
								"east": {"uv": [0, 0], "uv_size": [0, 5]},
								"south": {"uv": [4, 6], "uv_size": [0.5, 5]},
								"west": {"uv": [0, 0], "uv_size": [0, 5]},
								"up": {"uv": [0, 0], "uv_size": [0.5, 0]},
								"down": {"uv": [0, 0], "uv_size": [0.5, 0]}
							}
						},
						{
							"origin": [-0.75, 2.5, 1.25],
							"size": [0.125, 2, 0],
							"uv": {
								"north": {"uv": [2, 5], "uv_size": [0.5, 5]},
								"east": {"uv": [0, 0], "uv_size": [0, 5]},
								"south": {"uv": [3, 5], "uv_size": [0.5, 5]},
								"west": {"uv": [0, 0], "uv_size": [0, 5]},
								"up": {"uv": [0, 0], "uv_size": [0.5, 0]},
								"down": {"uv": [0, 0], "uv_size": [0.5, 0]}
							}
						},
						{
							"origin": [-0.75, 2.5, 1.125],
							"size": [0, 2, 0.125],
							"uv": {
								"north": {"uv": [0, 0], "uv_size": [0, 5]},
								"east": {"uv": [9, 0], "uv_size": [0.5, 5]},
								"south": {"uv": [0, 0], "uv_size": [0, 5]},
								"west": {"uv": [9, 5], "uv_size": [0.5, 5]},
								"up": {"uv": [0, 0], "uv_size": [0, 0.5]},
								"down": {"uv": [0, 0.5], "uv_size": [0, -0.5]}
							}
						},
						{
							"origin": [-0.75, 2.5, -1.75],
							"size": [0, 2, 0.125],
							"uv": {
								"north": {"uv": [0, 0], "uv_size": [0, 5]},
								"east": {"uv": [1, 7], "uv_size": [0.5, 5]},
								"south": {"uv": [0, 0], "uv_size": [0, 5]},
								"west": {"uv": [7, 5], "uv_size": [0.5, 5]},
								"up": {"uv": [0, 0], "uv_size": [0, 0.5]},
								"down": {"uv": [0, 0.5], "uv_size": [0, -0.5]}
							}
						},
						{
							"origin": [-0.75, 2.5, -1.75],
							"size": [0.125, 2, 0],
							"uv": {
								"north": {"uv": [0, 7], "uv_size": [0.5, 5]},
								"east": {"uv": [0, 0], "uv_size": [0, 5]},
								"south": {"uv": [7, 0], "uv_size": [0.5, 5]},
								"west": {"uv": [0, 0], "uv_size": [0, 5]},
								"up": {"uv": [0, 0], "uv_size": [0.5, 0]},
								"down": {"uv": [0, 0], "uv_size": [0.5, 0]}
							}
						}
					]
				},
				{
					"name": "bone_illuminated",
					"parent": "base",
					"pivot": [1.5, 1.5, 0.25],
					"cubes": [
						{
							"origin": [-0.475, 2.65, 0.525],
							"size": [0.8875, 1.95, 0.45],
							"inflate": 0.05,
							"uv": {
								"north": {"uv": [0, 0], "uv_size": [1, 4.5]},
								"east": {"uv": [1, 0], "uv_size": [1, 4.5]},
								"south": {"uv": [2, 0], "uv_size": [1, 4.5]},
								"west": {"uv": [3, 0], "uv_size": [1, 4.5]},
								"up": {"uv": [11, 4], "uv_size": [1, 1]},
								"down": {"uv": [5, 12], "uv_size": [1, -1]}
							}
						},
						{
							"origin": [0.5875, 2.65, 0.525],
							"size": [0.8875, 1.95, 0.45],
							"inflate": 0.05,
							"uv": {
								"north": {"uv": [0, 0], "uv_size": [1, 4.5]},
								"east": {"uv": [1, 0], "uv_size": [1, 4.5]},
								"south": {"uv": [2, 0], "uv_size": [1, 4.5]},
								"west": {"uv": [3, 0], "uv_size": [1, 4.5]},
								"up": {"uv": [11, 4], "uv_size": [1, 1]},
								"down": {"uv": [5, 12], "uv_size": [1, -1]}
							}
						},
						{
							"origin": [0.5875, 2.65, -0.475],
							"size": [0.8875, 1.95, 0.45],
							"inflate": 0.05,
							"uv": {
								"north": {"uv": [0, 0], "uv_size": [1, 4.5]},
								"east": {"uv": [1, 0], "uv_size": [1, 4.5]},
								"south": {"uv": [2, 0], "uv_size": [1, 4.5]},
								"west": {"uv": [3, 0], "uv_size": [1, 4.5]},
								"up": {"uv": [11, 4], "uv_size": [1, 1]},
								"down": {"uv": [5, 12], "uv_size": [1, -1]}
							}
						},
						{
							"origin": [0.5875, 2.65, -1.475],
							"size": [0.8875, 1.95, 0.45],
							"inflate": 0.05,
							"uv": {
								"north": {"uv": [0, 0], "uv_size": [1, 4.5]},
								"east": {"uv": [1, 0], "uv_size": [1, 4.5]},
								"south": {"uv": [2, 0], "uv_size": [1, 4.5]},
								"west": {"uv": [3, 0], "uv_size": [1, 4.5]},
								"up": {"uv": [11, 4], "uv_size": [1, 1]},
								"down": {"uv": [5, 12], "uv_size": [1, -1]}
							}
						},
						{
							"origin": [-0.475, 2.65, -1.475],
							"size": [0.8875, 1.95, 0.45],
							"inflate": 0.05,
							"uv": {
								"north": {"uv": [0, 0], "uv_size": [1, 4.5]},
								"east": {"uv": [1, 0], "uv_size": [1, 4.5]},
								"south": {"uv": [2, 0], "uv_size": [1, 4.5]},
								"west": {"uv": [3, 0], "uv_size": [1, 4.5]},
								"up": {"uv": [11, 4], "uv_size": [1, 1]},
								"down": {"uv": [5, 12], "uv_size": [1, -1]}
							}
						},
						{
							"origin": [-0.475, 2.65, -0.475],
							"size": [0.8875, 1.95, 0.45],
							"inflate": 0.05,
							"uv": {
								"north": {"uv": [0, 0], "uv_size": [1, 4.5]},
								"east": {"uv": [1, 0], "uv_size": [1, 4.5]},
								"south": {"uv": [2, 0], "uv_size": [1, 4.5]},
								"west": {"uv": [3, 0], "uv_size": [1, 4.5]},
								"up": {"uv": [11, 4], "uv_size": [1, 1]},
								"down": {"uv": [5, 12], "uv_size": [1, -1]}
							}
						},
						{
							"origin": [-0.13125, 1.525, 0.60312],
							"size": [-0.01875, -0.05, 0.29375],
							"inflate": 0.05,
							"uv": {
								"north": {"uv": [0, 0], "uv_size": [1, 4.5]},
								"east": {"uv": [1, 0], "uv_size": [1, 4.5]},
								"south": {"uv": [2, 0], "uv_size": [1, 4.5]},
								"west": {"uv": [3, 0], "uv_size": [1, 4.5]},
								"up": {"uv": [11, 4], "uv_size": [1, 1]},
								"down": {"uv": [5, 12], "uv_size": [1, -1]}
							}
						},
						{
							"origin": [-0.6, 1.525, 0.60312],
							"size": [-0.01875, -0.05, 0.29375],
							"inflate": 0.05,
							"uv": {
								"north": {"uv": [0, 0], "uv_size": [1, 4.5]},
								"east": {"uv": [1, 0], "uv_size": [1, 4.5]},
								"south": {"uv": [2, 0], "uv_size": [1, 4.5]},
								"west": {"uv": [3, 0], "uv_size": [1, 4.5]},
								"up": {"uv": [11, 4], "uv_size": [1, 1]},
								"down": {"uv": [5, 12], "uv_size": [1, -1]}
							}
						},
						{
							"origin": [-0.6, 1.525, 0.525],
							"size": [0.45, -0.05, -0.01875],
							"inflate": 0.05,
							"uv": {
								"north": {"uv": [0, 0], "uv_size": [1, 4.5]},
								"east": {"uv": [1, 0], "uv_size": [1, 4.5]},
								"south": {"uv": [2, 0], "uv_size": [1, 4.5]},
								"west": {"uv": [3, 0], "uv_size": [1, 4.5]},
								"up": {"uv": [11, 4], "uv_size": [1, 1]},
								"down": {"uv": [5, 12], "uv_size": [1, -1]}
							}
						},
						{
							"origin": [-0.6, 1.525, 0.99375],
							"size": [0.45, -0.05, -0.01875],
							"inflate": 0.05,
							"uv": {
								"north": {"uv": [0, 0], "uv_size": [1, 4.5]},
								"east": {"uv": [1, 0], "uv_size": [1, 4.5]},
								"south": {"uv": [2, 0], "uv_size": [1, 4.5]},
								"west": {"uv": [3, 0], "uv_size": [1, 4.5]},
								"up": {"uv": [11, 4], "uv_size": [1, 1]},
								"down": {"uv": [5, 12], "uv_size": [1, -1]}
							}
						},
						{
							"origin": [-0.6, 1.525, -1.00625],
							"size": [0.45, -0.05, -0.01875],
							"inflate": 0.05,
							"uv": {
								"north": {"uv": [0, 0], "uv_size": [1, 4.5]},
								"east": {"uv": [1, 0], "uv_size": [1, 4.5]},
								"south": {"uv": [2, 0], "uv_size": [1, 4.5]},
								"west": {"uv": [3, 0], "uv_size": [1, 4.5]},
								"up": {"uv": [11, 4], "uv_size": [1, 1]},
								"down": {"uv": [5, 12], "uv_size": [1, -1]}
							}
						},
						{
							"origin": [-0.6, 1.525, -1.39688],
							"size": [-0.01875, -0.05, 0.29375],
							"inflate": 0.05,
							"uv": {
								"north": {"uv": [0, 0], "uv_size": [1, 4.5]},
								"east": {"uv": [1, 0], "uv_size": [1, 4.5]},
								"south": {"uv": [2, 0], "uv_size": [1, 4.5]},
								"west": {"uv": [3, 0], "uv_size": [1, 4.5]},
								"up": {"uv": [11, 4], "uv_size": [1, 1]},
								"down": {"uv": [5, 12], "uv_size": [1, -1]}
							}
						},
						{
							"origin": [-0.6, 1.525, -1.475],
							"size": [0.45, -0.05, -0.01875],
							"inflate": 0.05,
							"uv": {
								"north": {"uv": [0, 0], "uv_size": [1, 4.5]},
								"east": {"uv": [1, 0], "uv_size": [1, 4.5]},
								"south": {"uv": [2, 0], "uv_size": [1, 4.5]},
								"west": {"uv": [3, 0], "uv_size": [1, 4.5]},
								"up": {"uv": [11, 4], "uv_size": [1, 1]},
								"down": {"uv": [5, 12], "uv_size": [1, -1]}
							}
						},
						{
							"origin": [-0.13125, 1.525, -1.39688],
							"size": [-0.01875, -0.05, 0.29375],
							"inflate": 0.05,
							"uv": {
								"north": {"uv": [0, 0], "uv_size": [1, 4.5]},
								"east": {"uv": [1, 0], "uv_size": [1, 4.5]},
								"south": {"uv": [2, 0], "uv_size": [1, 4.5]},
								"west": {"uv": [3, 0], "uv_size": [1, 4.5]},
								"up": {"uv": [11, 4], "uv_size": [1, 1]},
								"down": {"uv": [5, 12], "uv_size": [1, -1]}
							}
						},
						{
							"origin": [-0.6, 1.525, -0.00625],
							"size": [0.45, -0.05, -0.01875],
							"inflate": 0.05,
							"uv": {
								"north": {"uv": [0, 0], "uv_size": [1, 4.5]},
								"east": {"uv": [1, 0], "uv_size": [1, 4.5]},
								"south": {"uv": [2, 0], "uv_size": [1, 4.5]},
								"west": {"uv": [3, 0], "uv_size": [1, 4.5]},
								"up": {"uv": [11, 4], "uv_size": [1, 1]},
								"down": {"uv": [5, 12], "uv_size": [1, -1]}
							}
						},
						{
							"origin": [-0.6, 1.525, -0.39688],
							"size": [-0.01875, -0.05, 0.29375],
							"inflate": 0.05,
							"uv": {
								"north": {"uv": [0, 0], "uv_size": [1, 4.5]},
								"east": {"uv": [1, 0], "uv_size": [1, 4.5]},
								"south": {"uv": [2, 0], "uv_size": [1, 4.5]},
								"west": {"uv": [3, 0], "uv_size": [1, 4.5]},
								"up": {"uv": [11, 4], "uv_size": [1, 1]},
								"down": {"uv": [5, 12], "uv_size": [1, -1]}
							}
						},
						{
							"origin": [-0.6, 1.525, -0.475],
							"size": [0.45, -0.05, -0.01875],
							"inflate": 0.05,
							"uv": {
								"north": {"uv": [0, 0], "uv_size": [1, 4.5]},
								"east": {"uv": [1, 0], "uv_size": [1, 4.5]},
								"south": {"uv": [2, 0], "uv_size": [1, 4.5]},
								"west": {"uv": [3, 0], "uv_size": [1, 4.5]},
								"up": {"uv": [11, 4], "uv_size": [1, 1]},
								"down": {"uv": [5, 12], "uv_size": [1, -1]}
							}
						},
						{
							"origin": [-0.13125, 1.525, -0.39688],
							"size": [-0.01875, -0.05, 0.29375],
							"inflate": 0.05,
							"uv": {
								"north": {"uv": [0, 0], "uv_size": [1, 4.5]},
								"east": {"uv": [1, 0], "uv_size": [1, 4.5]},
								"south": {"uv": [2, 0], "uv_size": [1, 4.5]},
								"west": {"uv": [3, 0], "uv_size": [1, 4.5]},
								"up": {"uv": [11, 4], "uv_size": [1, 1]},
								"down": {"uv": [5, 12], "uv_size": [1, -1]}
							}
						}
					]
				},
				{
					"name": "bone2",
					"parent": "base",
					"pivot": [1.5, -0.75, 1.5],
					"cubes": [
						{
							"origin": [-0.4375, 2.78856, -0.03303],
							"size": [0.875, 0.21875, 0.125],
							"pivot": [-1.5, 1, 0],
							"rotation": [-35, 0, 0],
							"uv": {
								"north": {"uv": [9, 13], "uv_size": [0.5, 0.5]},
								"east": {"uv": [10, 13], "uv_size": [0.5, 0.5]},
								"south": {"uv": [7, 13], "uv_size": [0.5, 0.5]},
								"west": {"uv": [8, 13], "uv_size": [0.5, 0.5]},
								"up": {"uv": [11.5, 13.5], "uv_size": [-0.5, -0.5]},
								"down": {"uv": [13.5, 11], "uv_size": [-0.5, 0.5]}
							}
						},
						{
							"origin": [-0.4375, 2.78856, 1.40803],
							"size": [0.875, 0.21875, 0.125],
							"pivot": [1.5, 1, 1.5],
							"rotation": [35, 0, 0],
							"uv": {
								"north": {"uv": [7, 13], "uv_size": [0.5, 0.5]},
								"east": {"uv": [8, 13], "uv_size": [0.5, 0.5]},
								"south": {"uv": [9, 13], "uv_size": [0.5, 0.5]},
								"west": {"uv": [10, 13], "uv_size": [0.5, 0.5]},
								"up": {"uv": [11, 13], "uv_size": [0.5, 0.5]},
								"down": {"uv": [13, 11.5], "uv_size": [0.5, -0.5]}
							}
						},
						{
							"origin": [0.8125, 2.78856, 2.21697],
							"size": [0.375, 0.21875, 0.125],
							"pivot": [-0.5, 1, 2.25],
							"rotation": [0, 90, 35],
							"uv": {
								"north": {"uv": [9, 13], "uv_size": [0.5, 0.5]},
								"east": {"uv": [10, 13], "uv_size": [0.5, 0.5]},
								"south": {"uv": [7, 13], "uv_size": [0.5, 0.5]},
								"west": {"uv": [8, 13], "uv_size": [0.5, 0.5]},
								"up": {"uv": [11.5, 13.5], "uv_size": [-0.5, -0.5]},
								"down": {"uv": [13.5, 11], "uv_size": [-0.5, 0.5]}
							}
						},
						{
							"origin": [-1.1875, 2.78856, -0.84197],
							"size": [0.375, 0.21875, 0.125],
							"pivot": [0.5, 1, -0.75],
							"rotation": [0, 90, -35],
							"uv": {
								"north": {"uv": [7, 13], "uv_size": [0.5, 0.5]},
								"east": {"uv": [8, 13], "uv_size": [0.5, 0.5]},
								"south": {"uv": [9, 13], "uv_size": [0.5, 0.5]},
								"west": {"uv": [10, 13], "uv_size": [0.5, 0.5]},
								"up": {"uv": [11, 13], "uv_size": [0.5, 0.5]},
								"down": {"uv": [13, 11.5], "uv_size": [0.5, -0.5]}
							}
						},
						{
							"origin": [0.5625, 2.78856, -0.03303],
							"size": [0.875, 0.21875, 0.125],
							"pivot": [-1.5, 1, 0],
							"rotation": [-35, 0, 0],
							"uv": {
								"north": {"uv": [9, 13], "uv_size": [0.5, 0.5]},
								"east": {"uv": [10, 13], "uv_size": [0.5, 0.5]},
								"south": {"uv": [7, 13], "uv_size": [0.5, 0.5]},
								"west": {"uv": [8, 13], "uv_size": [0.5, 0.5]},
								"up": {"uv": [11.5, 13.5], "uv_size": [-0.5, -0.5]},
								"down": {"uv": [13.5, 11], "uv_size": [-0.5, 0.5]}
							}
						},
						{
							"origin": [0.5625, 2.78856, 1.40803],
							"size": [0.875, 0.21875, 0.125],
							"pivot": [1.5, 1, 1.5],
							"rotation": [35, 0, 0],
							"uv": {
								"north": {"uv": [7, 13], "uv_size": [0.5, 0.5]},
								"east": {"uv": [8, 13], "uv_size": [0.5, 0.5]},
								"south": {"uv": [9, 13], "uv_size": [0.5, 0.5]},
								"west": {"uv": [10, 13], "uv_size": [0.5, 0.5]},
								"up": {"uv": [11, 13], "uv_size": [0.5, 0.5]},
								"down": {"uv": [13, 11.5], "uv_size": [0.5, -0.5]}
							}
						},
						{
							"origin": [0.8125, 3.36214, 3.03612],
							"size": [0.375, 0.21875, 0.125],
							"pivot": [-0.5, 1, 2.25],
							"rotation": [0, 90, 35],
							"uv": {
								"north": {"uv": [9, 13], "uv_size": [0.5, 0.5]},
								"east": {"uv": [10, 13], "uv_size": [0.5, 0.5]},
								"south": {"uv": [7, 13], "uv_size": [0.5, 0.5]},
								"west": {"uv": [8, 13], "uv_size": [0.5, 0.5]},
								"up": {"uv": [11.5, 13.5], "uv_size": [-0.5, -0.5]},
								"down": {"uv": [13.5, 11], "uv_size": [-0.5, 0.5]}
							}
						},
						{
							"origin": [-1.1875, 2.21498, -0.02282],
							"size": [0.375, 0.21875, 0.125],
							"pivot": [0.5, 1, -0.75],
							"rotation": [0, 90, -35],
							"uv": {
								"north": {"uv": [7, 13], "uv_size": [0.5, 0.5]},
								"east": {"uv": [8, 13], "uv_size": [0.5, 0.5]},
								"south": {"uv": [9, 13], "uv_size": [0.5, 0.5]},
								"west": {"uv": [10, 13], "uv_size": [0.5, 0.5]},
								"up": {"uv": [11, 13], "uv_size": [0.5, 0.5]},
								"down": {"uv": [13, 11.5], "uv_size": [0.5, -0.5]}
							}
						},
						{
							"origin": [0.5625, 2.21498, -0.85218],
							"size": [0.875, 0.21875, 0.125],
							"pivot": [-1.5, 1, 0],
							"rotation": [-35, 0, 0],
							"uv": {
								"north": {"uv": [9, 13], "uv_size": [0.5, 0.5]},
								"east": {"uv": [10, 13], "uv_size": [0.5, 0.5]},
								"south": {"uv": [7, 13], "uv_size": [0.5, 0.5]},
								"west": {"uv": [8, 13], "uv_size": [0.5, 0.5]},
								"up": {"uv": [11.5, 13.5], "uv_size": [-0.5, -0.5]},
								"down": {"uv": [13.5, 11], "uv_size": [-0.5, 0.5]}
							}
						},
						{
							"origin": [0.5625, 3.36214, 0.58888],
							"size": [0.875, 0.21875, 0.125],
							"pivot": [1.5, 1, 1.5],
							"rotation": [35, 0, 0],
							"uv": {
								"north": {"uv": [7, 13], "uv_size": [0.5, 0.5]},
								"east": {"uv": [8, 13], "uv_size": [0.5, 0.5]},
								"south": {"uv": [9, 13], "uv_size": [0.5, 0.5]},
								"west": {"uv": [10, 13], "uv_size": [0.5, 0.5]},
								"up": {"uv": [11, 13], "uv_size": [0.5, 0.5]},
								"down": {"uv": [13, 11.5], "uv_size": [0.5, -0.5]}
							}
						},
						{
							"origin": [1.8125, 3.36214, 3.03612],
							"size": [0.375, 0.21875, 0.125],
							"pivot": [-0.5, 1, 2.25],
							"rotation": [0, 90, 35],
							"uv": {
								"north": {"uv": [9, 13], "uv_size": [0.5, 0.5]},
								"east": {"uv": [10, 13], "uv_size": [0.5, 0.5]},
								"south": {"uv": [7, 13], "uv_size": [0.5, 0.5]},
								"west": {"uv": [8, 13], "uv_size": [0.5, 0.5]},
								"up": {"uv": [11.5, 13.5], "uv_size": [-0.5, -0.5]},
								"down": {"uv": [13.5, 11], "uv_size": [-0.5, 0.5]}
							}
						},
						{
							"origin": [-0.1875, 2.21498, -0.02282],
							"size": [0.375, 0.21875, 0.125],
							"pivot": [0.5, 1, -0.75],
							"rotation": [0, 90, -35],
							"uv": {
								"north": {"uv": [7, 13], "uv_size": [0.5, 0.5]},
								"east": {"uv": [8, 13], "uv_size": [0.5, 0.5]},
								"south": {"uv": [9, 13], "uv_size": [0.5, 0.5]},
								"west": {"uv": [10, 13], "uv_size": [0.5, 0.5]},
								"up": {"uv": [11, 13], "uv_size": [0.5, 0.5]},
								"down": {"uv": [13, 11.5], "uv_size": [0.5, -0.5]}
							}
						},
						{
							"origin": [0.5625, 1.64141, -1.67133],
							"size": [0.875, 0.21875, 0.125],
							"pivot": [-1.5, 1, 0],
							"rotation": [-35, 0, 0],
							"uv": {
								"north": {"uv": [9, 13], "uv_size": [0.5, 0.5]},
								"east": {"uv": [10, 13], "uv_size": [0.5, 0.5]},
								"south": {"uv": [7, 13], "uv_size": [0.5, 0.5]},
								"west": {"uv": [8, 13], "uv_size": [0.5, 0.5]},
								"up": {"uv": [11.5, 13.5], "uv_size": [-0.5, -0.5]},
								"down": {"uv": [13.5, 11], "uv_size": [-0.5, 0.5]}
							}
						},
						{
							"origin": [0.5625, 3.93571, -0.23027],
							"size": [0.875, 0.21875, 0.125],
							"pivot": [1.5, 1, 1.5],
							"rotation": [35, 0, 0],
							"uv": {
								"north": {"uv": [7, 13], "uv_size": [0.5, 0.5]},
								"east": {"uv": [8, 13], "uv_size": [0.5, 0.5]},
								"south": {"uv": [9, 13], "uv_size": [0.5, 0.5]},
								"west": {"uv": [10, 13], "uv_size": [0.5, 0.5]},
								"up": {"uv": [11, 13], "uv_size": [0.5, 0.5]},
								"down": {"uv": [13, 11.5], "uv_size": [0.5, -0.5]}
							}
						},
						{
							"origin": [2.8125, 3.36214, 3.03612],
							"size": [0.375, 0.21875, 0.125],
							"pivot": [-0.5, 1, 2.25],
							"rotation": [0, 90, 35],
							"uv": {
								"north": {"uv": [9, 13], "uv_size": [0.5, 0.5]},
								"east": {"uv": [10, 13], "uv_size": [0.5, 0.5]},
								"south": {"uv": [7, 13], "uv_size": [0.5, 0.5]},
								"west": {"uv": [8, 13], "uv_size": [0.5, 0.5]},
								"up": {"uv": [11.5, 13.5], "uv_size": [-0.5, -0.5]},
								"down": {"uv": [13.5, 11], "uv_size": [-0.5, 0.5]}
							}
						},
						{
							"origin": [0.8125, 2.21498, -0.02282],
							"size": [0.375, 0.21875, 0.125],
							"pivot": [0.5, 1, -0.75],
							"rotation": [0, 90, -35],
							"uv": {
								"north": {"uv": [7, 13], "uv_size": [0.5, 0.5]},
								"east": {"uv": [8, 13], "uv_size": [0.5, 0.5]},
								"south": {"uv": [9, 13], "uv_size": [0.5, 0.5]},
								"west": {"uv": [10, 13], "uv_size": [0.5, 0.5]},
								"up": {"uv": [11, 13], "uv_size": [0.5, 0.5]},
								"down": {"uv": [13, 11.5], "uv_size": [0.5, -0.5]}
							}
						},
						{
							"origin": [-0.4375, 1.64141, -1.67133],
							"size": [0.875, 0.21875, 0.125],
							"pivot": [-1.5, 1, 0],
							"rotation": [-35, 0, 0],
							"uv": {
								"north": {"uv": [9, 13], "uv_size": [0.5, 0.5]},
								"east": {"uv": [10, 13], "uv_size": [0.5, 0.5]},
								"south": {"uv": [7, 13], "uv_size": [0.5, 0.5]},
								"west": {"uv": [8, 13], "uv_size": [0.5, 0.5]},
								"up": {"uv": [11.5, 13.5], "uv_size": [-0.5, -0.5]},
								"down": {"uv": [13.5, 11], "uv_size": [-0.5, 0.5]}
							}
						},
						{
							"origin": [-0.4375, 3.93571, -0.23027],
							"size": [0.875, 0.21875, 0.125],
							"pivot": [1.5, 1, 1.5],
							"rotation": [35, 0, 0],
							"uv": {
								"north": {"uv": [7, 13], "uv_size": [0.5, 0.5]},
								"east": {"uv": [8, 13], "uv_size": [0.5, 0.5]},
								"south": {"uv": [9, 13], "uv_size": [0.5, 0.5]},
								"west": {"uv": [10, 13], "uv_size": [0.5, 0.5]},
								"up": {"uv": [11, 13], "uv_size": [0.5, 0.5]},
								"down": {"uv": [13, 11.5], "uv_size": [0.5, -0.5]}
							}
						},
						{
							"origin": [2.8125, 2.78856, 2.21697],
							"size": [0.375, 0.21875, 0.125],
							"pivot": [-0.5, 1, 2.25],
							"rotation": [0, 90, 35],
							"uv": {
								"north": {"uv": [9, 13], "uv_size": [0.5, 0.5]},
								"east": {"uv": [10, 13], "uv_size": [0.5, 0.5]},
								"south": {"uv": [7, 13], "uv_size": [0.5, 0.5]},
								"west": {"uv": [8, 13], "uv_size": [0.5, 0.5]},
								"up": {"uv": [11.5, 13.5], "uv_size": [-0.5, -0.5]},
								"down": {"uv": [13.5, 11], "uv_size": [-0.5, 0.5]}
							}
						},
						{
							"origin": [0.8125, 2.78856, -0.84197],
							"size": [0.375, 0.21875, 0.125],
							"pivot": [0.5, 1, -0.75],
							"rotation": [0, 90, -35],
							"uv": {
								"north": {"uv": [7, 13], "uv_size": [0.5, 0.5]},
								"east": {"uv": [8, 13], "uv_size": [0.5, 0.5]},
								"south": {"uv": [9, 13], "uv_size": [0.5, 0.5]},
								"west": {"uv": [10, 13], "uv_size": [0.5, 0.5]},
								"up": {"uv": [11, 13], "uv_size": [0.5, 0.5]},
								"down": {"uv": [13, 11.5], "uv_size": [0.5, -0.5]}
							}
						},
						{
							"origin": [-0.4375, 2.21498, -0.85218],
							"size": [0.875, 0.21875, 0.125],
							"pivot": [-1.5, 1, 0],
							"rotation": [-35, 0, 0],
							"uv": {
								"north": {"uv": [9, 13], "uv_size": [0.5, 0.5]},
								"east": {"uv": [10, 13], "uv_size": [0.5, 0.5]},
								"south": {"uv": [7, 13], "uv_size": [0.5, 0.5]},
								"west": {"uv": [8, 13], "uv_size": [0.5, 0.5]},
								"up": {"uv": [11.5, 13.5], "uv_size": [-0.5, -0.5]},
								"down": {"uv": [13.5, 11], "uv_size": [-0.5, 0.5]}
							}
						},
						{
							"origin": [-0.4375, 3.36214, 0.58888],
							"size": [0.875, 0.21875, 0.125],
							"pivot": [1.5, 1, 1.5],
							"rotation": [35, 0, 0],
							"uv": {
								"north": {"uv": [7, 13], "uv_size": [0.5, 0.5]},
								"east": {"uv": [8, 13], "uv_size": [0.5, 0.5]},
								"south": {"uv": [9, 13], "uv_size": [0.5, 0.5]},
								"west": {"uv": [10, 13], "uv_size": [0.5, 0.5]},
								"up": {"uv": [11, 13], "uv_size": [0.5, 0.5]},
								"down": {"uv": [13, 11.5], "uv_size": [0.5, -0.5]}
							}
						},
						{
							"origin": [1.8125, 2.78856, 2.21697],
							"size": [0.375, 0.21875, 0.125],
							"pivot": [-0.5, 1, 2.25],
							"rotation": [0, 90, 35],
							"uv": {
								"north": {"uv": [9, 13], "uv_size": [0.5, 0.5]},
								"east": {"uv": [10, 13], "uv_size": [0.5, 0.5]},
								"south": {"uv": [7, 13], "uv_size": [0.5, 0.5]},
								"west": {"uv": [8, 13], "uv_size": [0.5, 0.5]},
								"up": {"uv": [11.5, 13.5], "uv_size": [-0.5, -0.5]},
								"down": {"uv": [13.5, 11], "uv_size": [-0.5, 0.5]}
							}
						},
						{
							"origin": [-0.1875, 2.78856, -0.84197],
							"size": [0.375, 0.21875, 0.125],
							"pivot": [0.5, 1, -0.75],
							"rotation": [0, 90, -35],
							"uv": {
								"north": {"uv": [7, 13], "uv_size": [0.5, 0.5]},
								"east": {"uv": [8, 13], "uv_size": [0.5, 0.5]},
								"south": {"uv": [9, 13], "uv_size": [0.5, 0.5]},
								"west": {"uv": [10, 13], "uv_size": [0.5, 0.5]},
								"up": {"uv": [11, 13], "uv_size": [0.5, 0.5]},
								"down": {"uv": [13, 11.5], "uv_size": [0.5, -0.5]}
							}
						}
					]
				},
				{
					"name": "bone3",
					"parent": "base",
					"pivot": [1.5, 7.25, 1.5],
					"cubes": [
						{
							"origin": [-0.4375, 4.21875, -0.75],
							"size": [0.875, 0.21875, 0.125],
							"pivot": [-1.5, 7.25, 0],
							"rotation": [35, 0, 0],
							"uv": {
								"north": {"uv": [9, 13.5], "uv_size": [0.5, -0.5]},
								"east": {"uv": [10, 13.5], "uv_size": [0.5, -0.5]},
								"south": {"uv": [7, 13.5], "uv_size": [0.5, -0.5]},
								"west": {"uv": [8, 13.5], "uv_size": [0.5, -0.5]},
								"up": {"uv": [13.5, 11.5], "uv_size": [-0.5, -0.5]},
								"down": {"uv": [11.5, 13], "uv_size": [-0.5, 0.5]}
							}
						},
						{
							"origin": [-0.4375, 4.21875, 2.125],
							"size": [0.875, 0.21875, 0.125],
							"pivot": [1.5, 7.25, 1.5],
							"rotation": [-35, 0, 0],
							"uv": {
								"north": {"uv": [7, 13.5], "uv_size": [0.5, -0.5]},
								"east": {"uv": [8, 13.5], "uv_size": [0.5, -0.5]},
								"south": {"uv": [9, 13.5], "uv_size": [0.5, -0.5]},
								"west": {"uv": [10, 13.5], "uv_size": [0.5, -0.5]},
								"up": {"uv": [13, 11], "uv_size": [0.5, 0.5]},
								"down": {"uv": [11, 13.5], "uv_size": [0.5, -0.5]}
							}
						},
						{
							"origin": [0.8125, 4.21875, 1.5],
							"size": [0.375, 0.21875, 0.125],
							"pivot": [-0.5, 7.25, 2.25],
							"rotation": [0, 90, -35],
							"uv": {
								"north": {"uv": [9, 13.5], "uv_size": [0.5, -0.5]},
								"east": {"uv": [10, 13.5], "uv_size": [0.5, -0.5]},
								"south": {"uv": [7, 13.5], "uv_size": [0.5, -0.5]},
								"west": {"uv": [8, 13.5], "uv_size": [0.5, -0.5]},
								"up": {"uv": [13.5, 11.5], "uv_size": [-0.5, -0.5]},
								"down": {"uv": [11.5, 13], "uv_size": [-0.5, 0.5]}
							}
						},
						{
							"origin": [-1.1875, 4.21875, -0.125],
							"size": [0.375, 0.21875, 0.125],
							"pivot": [0.5, 7.25, -0.75],
							"rotation": [0, 90, 35],
							"uv": {
								"north": {"uv": [7, 13.5], "uv_size": [0.5, -0.5]},
								"east": {"uv": [8, 13.5], "uv_size": [0.5, -0.5]},
								"south": {"uv": [9, 13.5], "uv_size": [0.5, -0.5]},
								"west": {"uv": [10, 13.5], "uv_size": [0.5, -0.5]},
								"up": {"uv": [13, 11], "uv_size": [0.5, 0.5]},
								"down": {"uv": [11, 13.5], "uv_size": [0.5, -0.5]}
							}
						},
						{
							"origin": [0.5625, 4.21875, -0.75],
							"size": [0.875, 0.21875, 0.125],
							"pivot": [-1.5, 7.25, 0],
							"rotation": [35, 0, 0],
							"uv": {
								"north": {"uv": [9, 13.5], "uv_size": [0.5, -0.5]},
								"east": {"uv": [10, 13.5], "uv_size": [0.5, -0.5]},
								"south": {"uv": [7, 13.5], "uv_size": [0.5, -0.5]},
								"west": {"uv": [8, 13.5], "uv_size": [0.5, -0.5]},
								"up": {"uv": [13.5, 11.5], "uv_size": [-0.5, -0.5]},
								"down": {"uv": [11.5, 13], "uv_size": [-0.5, 0.5]}
							}
						},
						{
							"origin": [0.5625, 4.21875, 2.125],
							"size": [0.875, 0.21875, 0.125],
							"pivot": [1.5, 7.25, 1.5],
							"rotation": [-35, 0, 0],
							"uv": {
								"north": {"uv": [7, 13.5], "uv_size": [0.5, -0.5]},
								"east": {"uv": [8, 13.5], "uv_size": [0.5, -0.5]},
								"south": {"uv": [9, 13.5], "uv_size": [0.5, -0.5]},
								"west": {"uv": [10, 13.5], "uv_size": [0.5, -0.5]},
								"up": {"uv": [13, 11], "uv_size": [0.5, 0.5]},
								"down": {"uv": [11, 13.5], "uv_size": [0.5, -0.5]}
							}
						},
						{
							"origin": [0.8125, 3.64517, 2.31915],
							"size": [0.375, 0.21875, 0.125],
							"pivot": [-0.5, 7.25, 2.25],
							"rotation": [0, 90, -35],
							"uv": {
								"north": {"uv": [9, 13.5], "uv_size": [0.5, -0.5]},
								"east": {"uv": [10, 13.5], "uv_size": [0.5, -0.5]},
								"south": {"uv": [7, 13.5], "uv_size": [0.5, -0.5]},
								"west": {"uv": [8, 13.5], "uv_size": [0.5, -0.5]},
								"up": {"uv": [13.5, 11.5], "uv_size": [-0.5, -0.5]},
								"down": {"uv": [11.5, 13], "uv_size": [-0.5, 0.5]}
							}
						},
						{
							"origin": [-1.1875, 4.79233, 0.69415],
							"size": [0.375, 0.21875, 0.125],
							"pivot": [0.5, 7.25, -0.75],
							"rotation": [0, 90, 35],
							"uv": {
								"north": {"uv": [7, 13.5], "uv_size": [0.5, -0.5]},
								"east": {"uv": [8, 13.5], "uv_size": [0.5, -0.5]},
								"south": {"uv": [9, 13.5], "uv_size": [0.5, -0.5]},
								"west": {"uv": [10, 13.5], "uv_size": [0.5, -0.5]},
								"up": {"uv": [13, 11], "uv_size": [0.5, 0.5]},
								"down": {"uv": [11, 13.5], "uv_size": [0.5, -0.5]}
							}
						},
						{
							"origin": [0.5625, 4.79233, -1.56915],
							"size": [0.875, 0.21875, 0.125],
							"pivot": [-1.5, 7.25, 0],
							"rotation": [35, 0, 0],
							"uv": {
								"north": {"uv": [9, 13.5], "uv_size": [0.5, -0.5]},
								"east": {"uv": [10, 13.5], "uv_size": [0.5, -0.5]},
								"south": {"uv": [7, 13.5], "uv_size": [0.5, -0.5]},
								"west": {"uv": [8, 13.5], "uv_size": [0.5, -0.5]},
								"up": {"uv": [13.5, 11.5], "uv_size": [-0.5, -0.5]},
								"down": {"uv": [11.5, 13], "uv_size": [-0.5, 0.5]}
							}
						},
						{
							"origin": [0.5625, 3.64517, 1.30585],
							"size": [0.875, 0.21875, 0.125],
							"pivot": [1.5, 7.25, 1.5],
							"rotation": [-35, 0, 0],
							"uv": {
								"north": {"uv": [7, 13.5], "uv_size": [0.5, -0.5]},
								"east": {"uv": [8, 13.5], "uv_size": [0.5, -0.5]},
								"south": {"uv": [9, 13.5], "uv_size": [0.5, -0.5]},
								"west": {"uv": [10, 13.5], "uv_size": [0.5, -0.5]},
								"up": {"uv": [13, 11], "uv_size": [0.5, 0.5]},
								"down": {"uv": [11, 13.5], "uv_size": [0.5, -0.5]}
							}
						},
						{
							"origin": [1.8125, 3.64517, 2.31915],
							"size": [0.375, 0.21875, 0.125],
							"pivot": [-0.5, 7.25, 2.25],
							"rotation": [0, 90, -35],
							"uv": {
								"north": {"uv": [9, 13.5], "uv_size": [0.5, -0.5]},
								"east": {"uv": [10, 13.5], "uv_size": [0.5, -0.5]},
								"south": {"uv": [7, 13.5], "uv_size": [0.5, -0.5]},
								"west": {"uv": [8, 13.5], "uv_size": [0.5, -0.5]},
								"up": {"uv": [13.5, 11.5], "uv_size": [-0.5, -0.5]},
								"down": {"uv": [11.5, 13], "uv_size": [-0.5, 0.5]}
							}
						},
						{
							"origin": [-0.1875, 4.79233, 0.69415],
							"size": [0.375, 0.21875, 0.125],
							"pivot": [0.5, 7.25, -0.75],
							"rotation": [0, 90, 35],
							"uv": {
								"north": {"uv": [7, 13.5], "uv_size": [0.5, -0.5]},
								"east": {"uv": [8, 13.5], "uv_size": [0.5, -0.5]},
								"south": {"uv": [9, 13.5], "uv_size": [0.5, -0.5]},
								"west": {"uv": [10, 13.5], "uv_size": [0.5, -0.5]},
								"up": {"uv": [13, 11], "uv_size": [0.5, 0.5]},
								"down": {"uv": [11, 13.5], "uv_size": [0.5, -0.5]}
							}
						},
						{
							"origin": [0.5625, 5.3659, -2.3883],
							"size": [0.875, 0.21875, 0.125],
							"pivot": [-1.5, 7.25, 0],
							"rotation": [35, 0, 0],
							"uv": {
								"north": {"uv": [9, 13.5], "uv_size": [0.5, -0.5]},
								"east": {"uv": [10, 13.5], "uv_size": [0.5, -0.5]},
								"south": {"uv": [7, 13.5], "uv_size": [0.5, -0.5]},
								"west": {"uv": [8, 13.5], "uv_size": [0.5, -0.5]},
								"up": {"uv": [13.5, 11.5], "uv_size": [-0.5, -0.5]},
								"down": {"uv": [11.5, 13], "uv_size": [-0.5, 0.5]}
							}
						},
						{
							"origin": [0.5625, 3.0716, 0.4867],
							"size": [0.875, 0.21875, 0.125],
							"pivot": [1.5, 7.25, 1.5],
							"rotation": [-35, 0, 0],
							"uv": {
								"north": {"uv": [7, 13.5], "uv_size": [0.5, -0.5]},
								"east": {"uv": [8, 13.5], "uv_size": [0.5, -0.5]},
								"south": {"uv": [9, 13.5], "uv_size": [0.5, -0.5]},
								"west": {"uv": [10, 13.5], "uv_size": [0.5, -0.5]},
								"up": {"uv": [13, 11], "uv_size": [0.5, 0.5]},
								"down": {"uv": [11, 13.5], "uv_size": [0.5, -0.5]}
							}
						},
						{
							"origin": [2.8125, 3.64517, 2.31915],
							"size": [0.375, 0.21875, 0.125],
							"pivot": [-0.5, 7.25, 2.25],
							"rotation": [0, 90, -35],
							"uv": {
								"north": {"uv": [9, 13.5], "uv_size": [0.5, -0.5]},
								"east": {"uv": [10, 13.5], "uv_size": [0.5, -0.5]},
								"south": {"uv": [7, 13.5], "uv_size": [0.5, -0.5]},
								"west": {"uv": [8, 13.5], "uv_size": [0.5, -0.5]},
								"up": {"uv": [13.5, 11.5], "uv_size": [-0.5, -0.5]},
								"down": {"uv": [11.5, 13], "uv_size": [-0.5, 0.5]}
							}
						},
						{
							"origin": [0.8125, 4.79233, 0.69415],
							"size": [0.375, 0.21875, 0.125],
							"pivot": [0.5, 7.25, -0.75],
							"rotation": [0, 90, 35],
							"uv": {
								"north": {"uv": [7, 13.5], "uv_size": [0.5, -0.5]},
								"east": {"uv": [8, 13.5], "uv_size": [0.5, -0.5]},
								"south": {"uv": [9, 13.5], "uv_size": [0.5, -0.5]},
								"west": {"uv": [10, 13.5], "uv_size": [0.5, -0.5]},
								"up": {"uv": [13, 11], "uv_size": [0.5, 0.5]},
								"down": {"uv": [11, 13.5], "uv_size": [0.5, -0.5]}
							}
						},
						{
							"origin": [-0.4375, 5.3659, -2.3883],
							"size": [0.875, 0.21875, 0.125],
							"pivot": [-1.5, 7.25, 0],
							"rotation": [35, 0, 0],
							"uv": {
								"north": {"uv": [9, 13.5], "uv_size": [0.5, -0.5]},
								"east": {"uv": [10, 13.5], "uv_size": [0.5, -0.5]},
								"south": {"uv": [7, 13.5], "uv_size": [0.5, -0.5]},
								"west": {"uv": [8, 13.5], "uv_size": [0.5, -0.5]},
								"up": {"uv": [13.5, 11.5], "uv_size": [-0.5, -0.5]},
								"down": {"uv": [11.5, 13], "uv_size": [-0.5, 0.5]}
							}
						},
						{
							"origin": [-0.4375, 3.0716, 0.4867],
							"size": [0.875, 0.21875, 0.125],
							"pivot": [1.5, 7.25, 1.5],
							"rotation": [-35, 0, 0],
							"uv": {
								"north": {"uv": [7, 13.5], "uv_size": [0.5, -0.5]},
								"east": {"uv": [8, 13.5], "uv_size": [0.5, -0.5]},
								"south": {"uv": [9, 13.5], "uv_size": [0.5, -0.5]},
								"west": {"uv": [10, 13.5], "uv_size": [0.5, -0.5]},
								"up": {"uv": [13, 11], "uv_size": [0.5, 0.5]},
								"down": {"uv": [11, 13.5], "uv_size": [0.5, -0.5]}
							}
						},
						{
							"origin": [2.8125, 4.21875, 1.5],
							"size": [0.375, 0.21875, 0.125],
							"pivot": [-0.5, 7.25, 2.25],
							"rotation": [0, 90, -35],
							"uv": {
								"north": {"uv": [9, 13.5], "uv_size": [0.5, -0.5]},
								"east": {"uv": [10, 13.5], "uv_size": [0.5, -0.5]},
								"south": {"uv": [7, 13.5], "uv_size": [0.5, -0.5]},
								"west": {"uv": [8, 13.5], "uv_size": [0.5, -0.5]},
								"up": {"uv": [13.5, 11.5], "uv_size": [-0.5, -0.5]},
								"down": {"uv": [11.5, 13], "uv_size": [-0.5, 0.5]}
							}
						},
						{
							"origin": [0.8125, 4.21875, -0.125],
							"size": [0.375, 0.21875, 0.125],
							"pivot": [0.5, 7.25, -0.75],
							"rotation": [0, 90, 35],
							"uv": {
								"north": {"uv": [7, 13.5], "uv_size": [0.5, -0.5]},
								"east": {"uv": [8, 13.5], "uv_size": [0.5, -0.5]},
								"south": {"uv": [9, 13.5], "uv_size": [0.5, -0.5]},
								"west": {"uv": [10, 13.5], "uv_size": [0.5, -0.5]},
								"up": {"uv": [13, 11], "uv_size": [0.5, 0.5]},
								"down": {"uv": [11, 13.5], "uv_size": [0.5, -0.5]}
							}
						},
						{
							"origin": [-0.4375, 4.79233, -1.56915],
							"size": [0.875, 0.21875, 0.125],
							"pivot": [-1.5, 7.25, 0],
							"rotation": [35, 0, 0],
							"uv": {
								"north": {"uv": [9, 13.5], "uv_size": [0.5, -0.5]},
								"east": {"uv": [10, 13.5], "uv_size": [0.5, -0.5]},
								"south": {"uv": [7, 13.5], "uv_size": [0.5, -0.5]},
								"west": {"uv": [8, 13.5], "uv_size": [0.5, -0.5]},
								"up": {"uv": [13.5, 11.5], "uv_size": [-0.5, -0.5]},
								"down": {"uv": [11.5, 13], "uv_size": [-0.5, 0.5]}
							}
						},
						{
							"origin": [-0.4375, 3.64517, 1.30585],
							"size": [0.875, 0.21875, 0.125],
							"pivot": [1.5, 7.25, 1.5],
							"rotation": [-35, 0, 0],
							"uv": {
								"north": {"uv": [7, 13.5], "uv_size": [0.5, -0.5]},
								"east": {"uv": [8, 13.5], "uv_size": [0.5, -0.5]},
								"south": {"uv": [9, 13.5], "uv_size": [0.5, -0.5]},
								"west": {"uv": [10, 13.5], "uv_size": [0.5, -0.5]},
								"up": {"uv": [13, 11], "uv_size": [0.5, 0.5]},
								"down": {"uv": [11, 13.5], "uv_size": [0.5, -0.5]}
							}
						},
						{
							"origin": [1.8125, 4.21875, 1.5],
							"size": [0.375, 0.21875, 0.125],
							"pivot": [-0.5, 7.25, 2.25],
							"rotation": [0, 90, -35],
							"uv": {
								"north": {"uv": [9, 13.5], "uv_size": [0.5, -0.5]},
								"east": {"uv": [10, 13.5], "uv_size": [0.5, -0.5]},
								"south": {"uv": [7, 13.5], "uv_size": [0.5, -0.5]},
								"west": {"uv": [8, 13.5], "uv_size": [0.5, -0.5]},
								"up": {"uv": [13.5, 11.5], "uv_size": [-0.5, -0.5]},
								"down": {"uv": [11.5, 13], "uv_size": [-0.5, 0.5]}
							}
						},
						{
							"origin": [-0.1875, 4.21875, -0.125],
							"size": [0.375, 0.21875, 0.125],
							"pivot": [0.5, 7.25, -0.75],
							"rotation": [0, 90, 35],
							"uv": {
								"north": {"uv": [7, 13.5], "uv_size": [0.5, -0.5]},
								"east": {"uv": [8, 13.5], "uv_size": [0.5, -0.5]},
								"south": {"uv": [9, 13.5], "uv_size": [0.5, -0.5]},
								"west": {"uv": [10, 13.5], "uv_size": [0.5, -0.5]},
								"up": {"uv": [13, 11], "uv_size": [0.5, 0.5]},
								"down": {"uv": [11, 13.5], "uv_size": [0.5, -0.5]}
							}
						}
					]
				},
				{
					"name": "positioning",
					"pivot": [-3.025, -8.95, -11.225]
				},
				{
					"name": "ground",
					"parent": "positioning",
					"pivot": [0, 0, 0]
				},
				{
					"name": "fixed",
					"parent": "positioning",
					"pivot": [0, 3.5, 0]
				},
				{
					"name": "thirdperson_hand",
					"parent": "positioning",
					"pivot": [-0.025, 2.05, -0.225],
					"rotation": [0, 90, 0]
				}
			]
		}
	]
}