{
	"format_version": "1.12.0",
	"minecraft:geometry": [
		{
			"description": {
				"identifier": "geometry.unknown",
				"texture_width": 64,
				"texture_height": 64,
				"visible_bounds_width": 2,
				"visible_bounds_height": 2.5,
				"visible_bounds_offset": [0, 0.75, 0]
			},
			"bones": [
				{
					"name": "root",
					"pivot": [0, 0, 0]
				},
				{
					"name": "bullet_in_barrel2",
					"parent": "root",
					"pivot": [-1, 0.55668, -0.3],
					"rotation": [90, 0, 0],
					"cubes": [
						{
							"origin": [-0.52394, -1.11974, -0.89376],
							"size": [1.1, 1.79064, 1.1],
							"uv": {
								"north": {"uv": [3, 13], "uv_size": [1, 1.75]},
								"east": {"uv": [13, 3], "uv_size": [1, 1.75]},
								"south": {"uv": [4, 13], "uv_size": [1, 1.75]},
								"west": {"uv": [5, 13], "uv_size": [1, 1.75]},
								"up": {"uv": [13, 8], "uv_size": [1, 1]},
								"down": {"uv": [13, 10], "uv_size": [1, -1]}
							}
						},
						{
							"origin": [0.57606, -4.61974, -0.53439],
							"size": [0.1875, 4.49377, 0.38125],
							"uv": {
								"north": {"uv": [4.73729, 8], "uv_size": [0.76271, 4.75]},
								"east": {"uv": [9, 9], "uv_size": [0.5, 4.75]},
								"south": {"uv": [8, 4], "uv_size": [0.76271, 4.75]},
								"west": {"uv": [10, 0], "uv_size": [0.5, 4.75]},
								"up": {"uv": [14.73729, 4], "uv_size": [0.76271, 0.5]},
								"down": {"uv": [6.73729, 14.5], "uv_size": [0.76271, -0.5]}
							}
						},
						{
							"origin": [-0.71144, -4.61974, -0.53439],
							"size": [0.17813, 4.49377, 0.38125],
							"uv": {
								"north": {"uv": [4, 8], "uv_size": [0.73729, 4.75]},
								"east": {"uv": [9, 9], "uv_size": [0.5, 4.75]},
								"south": {"uv": [8.76271, 4], "uv_size": [0.73729, 4.75]},
								"west": {"uv": [10, 0], "uv_size": [0.5, 4.75]},
								"up": {"uv": [14, 4], "uv_size": [0.73729, 0.5]},
								"down": {"uv": [6, 14.5], "uv_size": [0.73729, -0.5]}
							}
						},
						{
							"origin": [-0.16457, -4.61974, -1.05001],
							"size": [0.38125, 4.49377, 0.15625],
							"uv": {
								"north": {"uv": [10, 5], "uv_size": [0.5, 4.75]},
								"east": {"uv": [6.66667, 8], "uv_size": [0.83333, 4.75]},
								"south": {"uv": [10, 10], "uv_size": [0.5, 4.75]},
								"west": {"uv": [0, 9], "uv_size": [0.83333, 4.75]},
								"up": {"uv": [14, 6.66667], "uv_size": [0.5, 0.83333]},
								"down": {"uv": [14, 9.5], "uv_size": [0.5, -0.83333]}
							}
						},
						{
							"origin": [-0.16457, -4.61974, 0.19999],
							"size": [0.38125, 4.49377, 0.1625],
							"uv": {
								"north": {"uv": [10, 5], "uv_size": [0.5, 4.75]},
								"east": {"uv": [6, 8], "uv_size": [0.66667, 4.75]},
								"south": {"uv": [10, 10], "uv_size": [0.5, 4.75]},
								"west": {"uv": [0.83333, 9], "uv_size": [0.66667, 4.75]},
								"up": {"uv": [14, 6], "uv_size": [0.5, 0.66667]},
								"down": {"uv": [14, 8.66667], "uv_size": [0.5, -0.66667]}
							}
						},
						{
							"origin": [-0.77394, -0.11974, -0.89376],
							"size": [1.6, 0.29064, 1.1],
							"uv": {
								"north": {"uv": [16, 11], "uv_size": [1.5, 0.25]},
								"east": {"uv": [4, 17], "uv_size": [1, 0.25]},
								"south": {"uv": [16, 12], "uv_size": [1.5, 0.25]},
								"west": {"uv": [17, 4], "uv_size": [1, 0.25]},
								"up": {"uv": [13, 5], "uv_size": [1.5, 1]},
								"down": {"uv": [6, 14], "uv_size": [1.5, -1]}
							}
						},
						{
							"origin": [5.63908, -0.11974, -0.60599],
							"size": [1.90919, 0.29064, 0.35355],
							"pivot": [3.41302, -1.5, 7.54132],
							"rotation": [0, 45, 0],
							"uv": {
								"north": {"uv": [16, 11], "uv_size": [1.5, 0.25]},
								"east": {"uv": [4, 17], "uv_size": [1, 0.25]},
								"south": {"uv": [16, 12], "uv_size": [1.5, 0.25]},
								"west": {"uv": [17, 4], "uv_size": [1, 0.25]},
								"up": {"uv": [13, 5], "uv_size": [1.5, 1]},
								"down": {"uv": [6, 14], "uv_size": [1.5, -1]}
							}
						},
						{
							"origin": [-7.51445, -0.11974, -0.65018],
							"size": [1.90919, 0.29064, 0.35355],
							"pivot": [-3.4234, -1.5, 7.54132],
							"rotation": [0, -45, 0],
							"uv": {
								"north": {"uv": [17.5, 11], "uv_size": [-1.5, 0.25]},
								"east": {"uv": [18, 4], "uv_size": [-1, 0.25]},
								"south": {"uv": [17.5, 12], "uv_size": [-1.5, 0.25]},
								"west": {"uv": [5, 17], "uv_size": [-1, 0.25]},
								"up": {"uv": [14.5, 5], "uv_size": [-1.5, 1]},
								"down": {"uv": [7.5, 14], "uv_size": [-1.5, -1]}
							}
						},
						{
							"origin": [-0.52394, -0.11974, -1.14376],
							"size": [1.1, 0.29064, 1.6],
							"uv": {
								"north": {"uv": [5, 17], "uv_size": [1, 0.25]},
								"east": {"uv": [16, 13], "uv_size": [1.5, 0.25]},
								"south": {"uv": [17, 5], "uv_size": [1, 0.25]},
								"west": {"uv": [16, 14], "uv_size": [1.5, 0.25]},
								"up": {"uv": [13, 6], "uv_size": [1, 1.5]},
								"down": {"uv": [8, 14.5], "uv_size": [1, -1.5]}
							}
						},
						{
							"origin": [-0.52394, 3.00526, -0.89376],
							"size": [1.1, 0.41564, 1.1],
							"uv": {
								"north": {"uv": [16, 8], "uv_size": [1, 0.5]},
								"east": {"uv": [9, 16], "uv_size": [1, 0.5]},
								"south": {"uv": [16, 9], "uv_size": [1, 0.5]},
								"west": {"uv": [16, 10], "uv_size": [1, 0.5]},
								"up": {"uv": [13, 10], "uv_size": [1, 1]},
								"down": {"uv": [13, 12], "uv_size": [1, -1]}
							}
						},
						{
							"origin": [-0.58644, 0.00526, -0.95626],
							"size": [1.225, 0.41564, 1.225],
							"uv": {
								"north": {"uv": [16, 8], "uv_size": [1, 0.5]},
								"east": {"uv": [9, 16], "uv_size": [1, 0.5]},
								"south": {"uv": [16, 9], "uv_size": [1, 0.5]},
								"west": {"uv": [16, 10], "uv_size": [1, 0.5]},
								"up": {"uv": [13, 10], "uv_size": [1, 1]},
								"down": {"uv": [13, 12], "uv_size": [1, -1]}
							}
						},
						{
							"origin": [-0.37082, 1.03964, -0.74064],
							"size": [0.79376, 2.72186, 0.79376],
							"uv": {
								"north": {"uv": [11, 0], "uv_size": [0.75, 2.75]},
								"east": {"uv": [11, 3], "uv_size": [0.75, 2.75]},
								"south": {"uv": [11, 6], "uv_size": [0.75, 2.75]},
								"west": {"uv": [11, 9], "uv_size": [0.75, 2.75]},
								"up": {"uv": [4, 16], "uv_size": [0.75, 0.75]},
								"down": {"uv": [5, 16.75], "uv_size": [0.75, -0.75]}
							}
						},
						{
							"origin": [-0.37082, 1.03964, -0.49064],
							"size": [0.79376, 2.22186, 0.29376],
							"inflate": 0.001,
							"uv": {
								"north": {"uv": [4, 4], "uv_size": [0.75, 2.25]},
								"east": {"uv": [2, 5], "uv_size": [0.25, 2.25]},
								"south": {"uv": [0, 5], "uv_size": [0.75, 2.25]},
								"west": {"uv": [3, 5], "uv_size": [0.25, 2.25]},
								"up": {"uv": [6, 3], "uv_size": [0.75, 0.25]},
								"down": {"uv": [6, 4.25], "uv_size": [0.75, -0.25]}
							}
						},
						{
							"origin": [-0.12082, 1.03964, -0.74064],
							"size": [0.29376, 2.22186, 0.79376],
							"inflate": 0.001,
							"uv": {
								"north": {"uv": [5, 3], "uv_size": [0.25, 2.25]},
								"east": {"uv": [5, 0], "uv_size": [0.75, 2.25]},
								"south": {"uv": [6, 0], "uv_size": [0.25, 2.25]},
								"west": {"uv": [1, 5], "uv_size": [0.75, 2.25]},
								"up": {"uv": [5, 6], "uv_size": [0.25, 0.75]},
								"down": {"uv": [6, 5.75], "uv_size": [0.25, -0.75]}
							}
						},
						{
							"origin": [-0.37082, -5.85128, -3.77032],
							"size": [0.79376, 0.4875, 0.24374],
							"pivot": [-1, -9.82102, 14.0625],
							"rotation": [-22.5, 0, 0],
							"uv": {
								"north": {"uv": [13, 16], "uv_size": [0.75, 0.5]},
								"east": {"uv": [18, 11], "uv_size": [0.25, 0.5]},
								"south": {"uv": [15, 16], "uv_size": [0.75, 0.5]},
								"west": {"uv": [12, 18], "uv_size": [0.25, 0.5]}
							}
						},
						{
							"origin": [-0.37082, 5.22261, 5.04182],
							"size": [0.79376, 0.4875, 0.24374],
							"pivot": [-1, -9.82102, 14.1875],
							"rotation": [22.5, 0, 0],
							"uv": {
								"north": {"uv": [16, 15], "uv_size": [0.75, 0.5]},
								"east": {"uv": [18, 12], "uv_size": [0.25, 0.5]},
								"south": {"uv": [16, 16], "uv_size": [0.75, 0.5]},
								"west": {"uv": [13, 18], "uv_size": [0.25, 0.5]}
							}
						},
						{
							"origin": [-0.24892, 4.24276, -0.61876],
							"size": [0.54998, 1.60938, 0.54998],
							"uv": {
								"north": {"uv": [9, 14], "uv_size": [0.5, 1.5]},
								"east": {"uv": [14, 10], "uv_size": [0.5, 1.5]},
								"south": {"uv": [14, 12], "uv_size": [0.5, 1.5]},
								"west": {"uv": [13, 14], "uv_size": [0.5, 1.5]},
								"up": {"uv": [6, 17], "uv_size": [0.5, 0.5]}
							}
						},
						{
							"origin": [-0.188, 4.85214, -0.55784],
							"size": [0.42814, 1.8992, 0.42814],
							"uv": {
								"north": {"uv": [13, 12], "uv_size": [0.5, 2]},
								"east": {"uv": [0, 14], "uv_size": [0.5, 2]},
								"south": {"uv": [14, 0], "uv_size": [0.5, 2]},
								"west": {"uv": [1, 14], "uv_size": [0.5, 2]},
								"up": {"uv": [17, 6], "uv_size": [0.5, 0.5]}
							}
						},
						{
							"origin": [-0.0966, 5.09588, -0.46642],
							"size": [0.24532, 2.6828, 0.24532],
							"uv": {
								"north": {"uv": [10, 15], "uv_size": [0.25, 2.75]},
								"east": {"uv": [15, 10], "uv_size": [0.25, 2.75]},
								"south": {"uv": [11, 15], "uv_size": [0.25, 2.75]},
								"west": {"uv": [12, 15], "uv_size": [0.25, 2.75]},
								"up": {"uv": [18, 15], "uv_size": [0.25, 0.25]}
							}
						},
						{
							"origin": [-4.58, 0.07832, -0.74064],
							"size": [0.24374, 0.4875, 0.79376],
							"pivot": [-1.0625, -9.82102, 14.125],
							"rotation": [0, 0, 22.5],
							"uv": {
								"north": {"uv": [18, 13], "uv_size": [0.25, 0.5]},
								"east": {"uv": [17, 0], "uv_size": [0.75, 0.5]},
								"south": {"uv": [14, 18], "uv_size": [0.25, 0.5]},
								"west": {"uv": [17, 1], "uv_size": [0.75, 0.5]}
							}
						},
						{
							"origin": [4.23217, -0.70699, -0.74064],
							"size": [0.24374, 0.4875, 0.79376],
							"pivot": [-0.9375, -9.82102, 14.125],
							"rotation": [0, 0, -22.5],
							"uv": {
								"north": {"uv": [18, 14], "uv_size": [0.25, 0.5]},
								"east": {"uv": [17, 2], "uv_size": [0.75, 0.5]},
								"south": {"uv": [15, 18], "uv_size": [0.25, 0.5]},
								"west": {"uv": [17, 3], "uv_size": [0.75, 0.5]}
							}
						},
						{
							"origin": [-4.19732, -2.84556, -0.74064],
							"size": [0.24374, 2.4875, 0.79376],
							"pivot": [-1.0625, -9.82102, 14.125],
							"rotation": [0, 0, 22.5],
							"uv": {
								"north": {"uv": [15, 13], "uv_size": [0.25, 2.5]},
								"east": {"uv": [12, 0], "uv_size": [0.75, 2.5]},
								"south": {"uv": [14, 15], "uv_size": [0.25, 2.5]},
								"west": {"uv": [12, 3], "uv_size": [0.75, 2.5]},
								"down": {"uv": [18, 3.75], "uv_size": [0.25, -0.75]}
							}
						},
						{
							"origin": [-0.37082, 2.29873, 4.65914],
							"size": [0.79376, 2.4875, 0.24374],
							"pivot": [-1, -9.82102, 14.1875],
							"rotation": [22.5, 0, 0],
							"uv": {
								"north": {"uv": [12, 6], "uv_size": [0.75, 2.5]},
								"east": {"uv": [0, 16], "uv_size": [0.25, 2.5]},
								"south": {"uv": [12, 9], "uv_size": [0.75, 2.5]},
								"west": {"uv": [16, 0], "uv_size": [0.25, 2.5]},
								"down": {"uv": [4, 18.25], "uv_size": [0.75, -0.25]}
							}
						},
						{
							"origin": [-0.37082, -8.77516, -3.38764],
							"size": [0.79376, 2.4875, 0.24374],
							"pivot": [-1, -9.82102, 14.0625],
							"rotation": [-22.5, 0, 0],
							"uv": {
								"north": {"uv": [11, 12], "uv_size": [0.75, 2.5]},
								"east": {"uv": [1, 16], "uv_size": [0.25, 2.5]},
								"south": {"uv": [12, 12], "uv_size": [0.75, 2.5]},
								"west": {"uv": [2, 16], "uv_size": [0.25, 2.5]},
								"down": {"uv": [18, 4.25], "uv_size": [0.75, -0.25]}
							}
						},
						{
							"origin": [3.84949, -3.63087, -0.74064],
							"size": [0.24374, 2.4875, 0.79376],
							"pivot": [-0.9375, -9.82102, 14.125],
							"rotation": [0, 0, -22.5],
							"uv": {
								"north": {"uv": [3, 16], "uv_size": [0.25, 2.5]},
								"east": {"uv": [13, 0], "uv_size": [0.75, 2.5]},
								"south": {"uv": [16, 3], "uv_size": [0.25, 2.5]},
								"west": {"uv": [2, 13], "uv_size": [0.75, 2.5]},
								"down": {"uv": [5, 18.75], "uv_size": [0.25, -0.75]}
							}
						},
						{
							"origin": [-3.10308, -4.42478, -0.74064],
							"size": [0.24374, 1.425, 0.79376],
							"pivot": [-1.0625, -9.82102, 14.125],
							"rotation": [0, 0, 22.5],
							"uv": {
								"north": {"uv": [7, 17], "uv_size": [0.25, 1]},
								"east": {"uv": [14, 14], "uv_size": [0.75, 1]},
								"south": {"uv": [17, 7], "uv_size": [0.25, 1]},
								"west": {"uv": [15, 0], "uv_size": [0.75, 1]},
								"down": {"uv": [18, 5.75], "uv_size": [0.25, -0.75]}
							}
						},
						{
							"origin": [-0.37082, 0.71951, 3.5649],
							"size": [0.79376, 1.425, 0.24374],
							"pivot": [-1, -9.82102, 14.1875],
							"rotation": [22.5, 0, 0],
							"uv": {
								"north": {"uv": [15, 1], "uv_size": [0.75, 1]},
								"east": {"uv": [8, 17], "uv_size": [0.25, 1]},
								"south": {"uv": [15, 2], "uv_size": [0.75, 1]},
								"west": {"uv": [17, 8], "uv_size": [0.25, 1]},
								"down": {"uv": [6, 18.25], "uv_size": [0.75, -0.25]}
							}
						},
						{
							"origin": [-0.37082, -10.35438, -2.2934],
							"size": [0.79376, 1.425, 0.24374],
							"pivot": [-1, -9.82102, 14.0625],
							"rotation": [-22.5, 0, 0],
							"uv": {
								"north": {"uv": [3, 15], "uv_size": [0.75, 1]},
								"east": {"uv": [9, 17], "uv_size": [0.25, 1]},
								"south": {"uv": [15, 3], "uv_size": [0.75, 1]},
								"west": {"uv": [17, 9], "uv_size": [0.25, 1]},
								"down": {"uv": [18, 6.25], "uv_size": [0.75, -0.25]}
							}
						},
						{
							"origin": [2.75525, -5.21009, -0.74064],
							"size": [0.24374, 1.425, 0.79376],
							"pivot": [-0.9375, -9.82102, 14.125],
							"rotation": [0, 0, -22.5],
							"uv": {
								"north": {"uv": [17, 10], "uv_size": [0.25, 1]},
								"east": {"uv": [4, 15], "uv_size": [0.75, 1]},
								"south": {"uv": [13, 17], "uv_size": [0.25, 1]},
								"west": {"uv": [5, 15], "uv_size": [0.75, 1]},
								"down": {"uv": [7, 18.75], "uv_size": [0.25, -0.75]}
							}
						},
						{
							"origin": [-4.55608, -0.50808, -0.74064],
							"size": [0.24374, 1.05, 0.79376],
							"pivot": [-1.0625, 9.82102, 14.125],
							"rotation": [0, 0, -22.5],
							"uv": {
								"north": {"uv": [15, 17], "uv_size": [0.25, 1]},
								"east": {"uv": [15, 5], "uv_size": [0.75, 1]},
								"south": {"uv": [17, 15], "uv_size": [0.25, 1]},
								"west": {"uv": [6, 15], "uv_size": [0.75, 1]},
								"up": {"uv": [18, 7], "uv_size": [0.25, 0.75]}
							}
						},
						{
							"origin": [-0.37082, -5.65237, 5.0179],
							"size": [0.79376, 1.05, 0.24374],
							"pivot": [-1, 9.82102, 14.1875],
							"rotation": [-22.5, 0, 0],
							"uv": {
								"north": {"uv": [15, 6], "uv_size": [0.75, 1]},
								"east": {"uv": [16, 17], "uv_size": [0.25, 1]},
								"south": {"uv": [7, 15], "uv_size": [0.75, 1]},
								"west": {"uv": [17, 16], "uv_size": [0.25, 1]},
								"up": {"uv": [8, 18], "uv_size": [0.75, 0.25]}
							}
						},
						{
							"origin": [4.20825, 0.27723, -0.74064],
							"size": [0.24374, 1.05, 0.79376],
							"pivot": [-0.9375, 9.82102, 14.125],
							"rotation": [0, 0, 22.5],
							"uv": {
								"north": {"uv": [17, 17], "uv_size": [0.25, 1]},
								"east": {"uv": [15, 7], "uv_size": [0.75, 1]},
								"south": {"uv": [18, 0], "uv_size": [0.25, 1]},
								"west": {"uv": [8, 15], "uv_size": [0.75, 1]},
								"up": {"uv": [18, 8], "uv_size": [0.25, 0.75]}
							}
						},
						{
							"origin": [-0.37082, 5.42152, -3.7464],
							"size": [0.79376, 1.05, 0.24374],
							"pivot": [-1, 9.82102, 14.0625],
							"rotation": [22.5, 0, 0],
							"uv": {
								"north": {"uv": [15, 8], "uv_size": [0.75, 1]},
								"east": {"uv": [18, 1], "uv_size": [0.25, 1]},
								"south": {"uv": [15, 9], "uv_size": [0.75, 1]},
								"west": {"uv": [18, 2], "uv_size": [0.25, 1]},
								"up": {"uv": [9, 18], "uv_size": [0.75, 0.25]}
							}
						},
						{
							"origin": [-0.52394, -4.48538, -0.89376],
							"size": [1.1, 1.5, 1.1],
							"uv": {
								"north": {"uv": [3, 0], "uv_size": [1, 1.5]},
								"east": {"uv": [1, 3], "uv_size": [1, 1.5]},
								"south": {"uv": [2, 3], "uv_size": [1, 1.5]},
								"west": {"uv": [3, 2], "uv_size": [1, 1.5]},
								"up": {"uv": [0, 4], "uv_size": [1, 1]},
								"down": {"uv": [4, 1], "uv_size": [1, -1]}
							}
						},
						{
							"origin": [-0.52394, -2.79788, -0.89376],
							"size": [1.1, 1.4953, 1.1],
							"uv": {
								"north": {"uv": [0, 0], "uv_size": [1, 1.5]},
								"east": {"uv": [1, 0], "uv_size": [1, 1.5]},
								"south": {"uv": [0, 2], "uv_size": [1, 1.5]},
								"west": {"uv": [2, 0], "uv_size": [1, 1.5]},
								"up": {"uv": [1, 2], "uv_size": [1, 1]},
								"down": {"uv": [2, 3], "uv_size": [1, -1]}
							}
						},
						{
							"origin": [-0.52394, -1.67288, -0.89376],
							"size": [1.1, 0.1828, 1.1],
							"inflate": 0.001,
							"uv": {
								"north": {"uv": [4, 1], "uv_size": [1, 0.25]},
								"east": {"uv": [4, 2], "uv_size": [1, 0.25]},
								"south": {"uv": [3, 4], "uv_size": [1, 0.25]},
								"west": {"uv": [4, 3], "uv_size": [1, 0.25]}
							}
						},
						{
							"origin": [-0.52394, -4.23538, -0.89376],
							"size": [1.1, 0.1828, 1.1],
							"inflate": 0.001,
							"uv": {
								"north": {"uv": [4, 1], "uv_size": [1, 0.25]},
								"east": {"uv": [4, 2], "uv_size": [1, 0.25]},
								"south": {"uv": [3, 4], "uv_size": [1, 0.25]},
								"west": {"uv": [4, 3], "uv_size": [1, 0.25]}
							}
						}
					]
				},
				{
					"name": "bone18_illuminated2",
					"parent": "bullet_in_barrel2",
					"pivot": [-1, 0.55668, -0.3],
					"cubes": [
						{
							"origin": [-0.40208, -3.1135, -0.77188],
							"size": [0.85626, 1.99376, 0.85626],
							"uv": {
								"north": {"uv": [18, 9], "uv_size": [0.75, 0.25]},
								"east": {"uv": [10, 18], "uv_size": [0.75, 0.25]},
								"south": {"uv": [18, 10], "uv_size": [0.75, 0.25]},
								"west": {"uv": [11, 18], "uv_size": [0.75, 0.25]}
							}
						},
						{
							"origin": [-0.30986, 3.51148, -0.6797],
							"size": [0.67186, 0.73126, 0.67186],
							"uv": {
								"north": {"uv": [6, 16], "uv_size": [0.75, 0.75]},
								"east": {"uv": [16, 6], "uv_size": [0.75, 0.75]},
								"south": {"uv": [7, 16], "uv_size": [0.75, 0.75]},
								"west": {"uv": [16, 7], "uv_size": [0.75, 0.75]},
								"up": {"uv": [8, 16], "uv_size": [0.75, 0.75]}
							}
						}
					]
				},
				{
					"name": "positioning",
					"pivot": [-3.025, -8.95, -11.225]
				},
				{
					"name": "ground",
					"parent": "positioning",
					"pivot": [0, 0, 0]
				},
				{
					"name": "fixed",
					"parent": "positioning",
					"pivot": [0, 0, 0]
				},
				{
					"name": "thirdperson_hand",
					"parent": "positioning",
					"pivot": [-1.025, 0.55, -0.225],
					"rotation": [90, 0, -90]
				}
			]
		}
	]
}