{
	"format_version": "1.8.0",
	"animations": {
		"static_idle": {
			"loop": true,
			"bones": {
				"lefthand": {
					"rotation": [107.69108, -32.75736, -156.00452],
					"position": [6.5, -16.6, -7.4],
					"scale": [1, 1.5, 1]
				},
				"righthand": {
					"rotation": [89.49998, -0.49998, -179.99563],
					"position": [-6.85, -16.775, 3.175],
					"scale": [1, 1.5, 1]
				}
			}
		},
		"shoot": {
			"animation_length": 1.125,
			"bones": {
				"camera": {
					"rotation": {
						"0.0": [0, 0, 0],
						"0.0417": [0, 0, 0.65],
						"0.0833": [0, 0, 0.41],
						"0.125": [0, 0, -0.185],
						"0.1667": [0, 0, 0.2],
						"0.2083": [0, 0, 0]
					}
				},
				"root": {
					"rotation": {
						"0.0": [0, 0, 0],
						"0.0417": [-0.586, 0.022, -0.92],
						"0.0833": [-0.273, 0.009, 0.812],
						"0.125": [-0.014, 0.047, 1.048],
						"0.1667": [0.228, 0.118, 0.927],
						"0.2083": [0.343, 0.179, 0.353],
						"0.25": [0.339, 0.226, -0.463],
						"0.2917": [0.129, 0.177, -0.515],
						"0.3333": [-0.064, 0.105, -0.246],
						"0.375": [-0.257, 0.034, 0.024],
						"0.4167": [-0.162, -0.071, 0.343],
						"0.4583": [-0.098, -0.04, 0.194],
						"0.5": [-0.034, -0.008, 0.045],
						"0.5417": [0.03, 0.024, -0.104],
						"0.5833": [0.078, 0.045, -0.164],
						"0.625": [0.062, 0.034, -0.075],
						"0.6667": [0.047, 0.023, 0.015],
						"0.7083": [0.031, 0.011, 0.104],
						"0.75": [0.022, 0.01, 0.058],
						"0.7917": [0.013, 0.009, 0.011],
						"0.9167": [0.003, 0.005, -0.103],
						"1.0": [0.002, 0.004, -0.077],
						"1.125": [0, 0, 0]
					},
					"position": {
						"0.0": [0, 0, 0],
						"0.0417": [0.002, 0.029, 1.064],
						"0.0833": [0.012, 0.082, 0.258],
						"0.125": [0, 0.036, 0.272],
						"0.1667": [-0.003, -0.014, 0.11],
						"0.2083": [-0.014, -0.034, 0.084],
						"0.25": [-0.009, -0.03, 0.051],
						"0.2917": [0.001, -0.014, 0.042],
						"0.3333": [0.003, 0.004, 0.034],
						"0.375": [0.016, -0.009, 0.043],
						"0.4167": [0.048, 0.015, 0.069],
						"0.4583": [0.039, 0.012, 0.057],
						"0.5": [0.03, 0.01, 0.045],
						"0.5417": [0.022, 0.007, 0.034],
						"0.5833": [-0.003, -0.006, 0.009],
						"0.625": [-0.005, -0.007, 0.007],
						"0.6667": [-0.007, -0.007, 0.006],
						"0.7083": [-0.01, -0.007, 0.005],
						"0.75": [-0.008, -0.008, 0.005],
						"0.7917": [-0.007, -0.008, 0.004],
						"0.9167": [-0.003, -0.009, 0.003],
						"1.0": [-0.003, -0.008, 0.003],
						"1.125": [0, 0, 0]
					}
				},
				"bolt": {
					"position": {
						"0.0": [0, 0, 0],
						"0.0417": [0, 0, 3],
						"0.0833": [0, 0, 0]
					}
				},
				"constraint": {
					"position": {
						"0.0": [0, 0, 0],
						"0.0417": [0, 0, 0.3],
						"0.0833": [0, 0, 0]
					}
				},
				"zhuan": {
					"rotation": {
						"0.4167": {
							"pre": [0, 0, 0],
							"post": [0, 0, 0],
							"lerp_mode": "catmullrom"
						},
						"0.5417": {
							"post": [0, 0, 94.44],
							"lerp_mode": "catmullrom"
						},
						"0.75": {
							"post": [0, 0, 90],
							"lerp_mode": "catmullrom"
						}
					}
				},
				"bone28": {
					"scale": {
						"0.0": [67, 1, 1],
						"0.0833": [1, 1, 1],
						"0.125": [1, 1, 1]
					}
				}
			}
		},
		"static_bolt_caught": {
			"loop": true,
			"bones": {
				"bolt": {
					"position": [0, 0, 3]
				},
				"bullet_in_mag": {
					"scale": 0
				},
				"bullet": {
					"scale": 0
				}
			}
		},
		"draw": {
			"animation_length": 0.75,
			"bones": {
				"root": {
					"rotation": {
						"0.0": {
							"post": [0.811, -32.64455, 33.95463],
							"lerp_mode": "catmullrom"
						},
						"0.0833": {
							"post": [5.88301, -29.75023, 5.08656],
							"lerp_mode": "catmullrom"
						},
						"0.25": {
							"post": [0.28514, -4.44535, -0.52252],
							"lerp_mode": "catmullrom"
						},
						"0.375": {
							"post": [-0.8526, -0.39013, -4.13439],
							"lerp_mode": "catmullrom"
						},
						"0.4167": {
							"post": [-0.01, -0.435, -0.76],
							"lerp_mode": "catmullrom"
						},
						"0.5": {
							"post": [1.01337, -0.38036, -1.29904],
							"lerp_mode": "catmullrom"
						},
						"0.625": {
							"post": [0, 0.25, -1.25],
							"lerp_mode": "catmullrom"
						},
						"0.75": {
							"post": [0, 0, 0],
							"lerp_mode": "catmullrom"
						}
					},
					"position": {
						"0.0": {
							"post": [-3.18, -5.58, 13.525],
							"lerp_mode": "catmullrom"
						},
						"0.0833": {
							"post": [-0.9, -2.45, 2.7],
							"lerp_mode": "catmullrom"
						},
						"0.25": {
							"post": [-0.25, -0.9425, -1.14],
							"lerp_mode": "catmullrom"
						},
						"0.2917": {
							"post": [-0.03, -0.3025, -0.8],
							"lerp_mode": "catmullrom"
						},
						"0.4167": {
							"post": [-0.03, -0.1475, -0.145],
							"lerp_mode": "catmullrom"
						},
						"0.5": {
							"post": [-0.01, -0.2, 0.065],
							"lerp_mode": "catmullrom"
						},
						"0.5833": {
							"post": [0, -0.08125, 0],
							"lerp_mode": "catmullrom"
						},
						"0.75": {
							"post": [0, 0, 0],
							"lerp_mode": "catmullrom"
						}
					}
				},
				"lefthand": {
					"rotation": {
						"0.0": [69.98299, -8.73294, -148.53469],
						"0.3333": [107.69108, -32.75736, -156.00452]
					},
					"position": {
						"0.0": [12.2, -15.9, -8.2],
						"0.3333": [6.5, -16.6, -7.4]
					},
					"scale": [1, 1.5, 1]
				},
				"righthand": {
					"rotation": [89.49998, -0.49998, -179.99563],
					"position": [-6.85, -16.775, 3.175],
					"scale": [1, 1.5, 1]
				},
				"camera": {
					"rotation": {
						"0.0": {
							"post": [0, 0, 0],
							"lerp_mode": "catmullrom"
						},
						"0.1667": {
							"post": [0.45, -0.175, 0.6],
							"lerp_mode": "catmullrom"
						},
						"0.4167": {
							"post": [-0.1, 0.05, -0.175],
							"lerp_mode": "catmullrom"
						},
						"0.5": {
							"post": [0.05, 0, 0.05],
							"lerp_mode": "catmullrom"
						},
						"0.6667": {
							"post": [0, 0, 0],
							"lerp_mode": "catmullrom"
						}
					}
				}
			},
			"sound_effects": {
				"0.0": {
					"effect": "tacz:p90/p90_draw"
				}
			}
		},
		"put_away": {
			"animation_length": 0.4583,
			"bones": {
				"root": {
					"rotation": {
						"0.0": {
							"post": [0, 0, 0],
							"lerp_mode": "catmullrom"
						},
						"0.0833": {
							"post": [-0.51171, -3.6801, -4.19401],
							"lerp_mode": "catmullrom"
						},
						"0.1667": {
							"post": [4.36882, -11.73179, -10.29382],
							"lerp_mode": "catmullrom"
						},
						"0.25": {
							"post": [11.60471, -21.56305, -3.66288],
							"lerp_mode": "catmullrom"
						},
						"0.3333": {
							"post": [16.97, -33.62, 3.38],
							"lerp_mode": "catmullrom"
						},
						"0.4167": {
							"post": [44.73, -44.04, -3.09],
							"lerp_mode": "catmullrom"
						}
					},
					"position": {
						"0.0": {
							"post": [0, 0, 0],
							"lerp_mode": "catmullrom"
						},
						"0.0833": {
							"post": [0, -0.49, -0.02],
							"lerp_mode": "catmullrom"
						},
						"0.1667": {
							"post": [-0.52, -1.47, -0.56],
							"lerp_mode": "catmullrom"
						},
						"0.25": {
							"post": [-0.36, -2.92, -0.84],
							"lerp_mode": "catmullrom"
						},
						"0.3333": {
							"post": [0.13, -5.86, -0.16],
							"lerp_mode": "catmullrom"
						},
						"0.4167": {
							"post": [1.72, -10.68, 1.16],
							"lerp_mode": "catmullrom"
						}
					}
				},
				"lefthand": {
					"rotation": {
						"0.0": [107.69108, -32.75736, -156.00452],
						"0.0833": [114.23028, -51.49073, -165.60854],
						"0.1667": [144.20977, -13.85704, -215.90833]
					},
					"position": {
						"0.0": [6.5, -16.6, -7.4],
						"0.0833": [10.2, -12.9, -6.2],
						"0.1667": [7.2, -10.9, -5.2]
					},
					"scale": [1, 1.5, 1]
				},
				"righthand": {
					"rotation": [89.49998, -0.49998, -179.99563],
					"position": [-6.85, -16.775, 3.175],
					"scale": [1, 1.5, 1]
				},
				"camera": {
					"rotation": {
						"0.0": {
							"post": [0, 0, 0],
							"lerp_mode": "catmullrom"
						},
						"0.125": {
							"post": [0.35, 0.025, -0.225],
							"lerp_mode": "catmullrom"
						},
						"0.2917": {
							"post": [0.1, 0.025, 0.075],
							"lerp_mode": "catmullrom"
						},
						"0.4167": {
							"post": [0, 0, 0],
							"lerp_mode": "catmullrom"
						}
					}
				}
			},
			"sound_effects": {
				"0.0": {
					"effect": "tacz:p90/p90_put_away"
				}
			}
		},
		"reload_tactical": {
			"animation_length": 4.5,
			"bones": {
				"lefthand": {
					"rotation": {
						"0.0": [107.69108, -32.75736, -156.00452],
						"0.2667": {
							"pre": [159.6679, 0.82508, -244.66064],
							"post": [159.6679, 0.82508, -244.66064],
							"lerp_mode": "catmullrom"
						},
						"0.4": {
							"post": [159.67, 0.83, -244.66],
							"lerp_mode": "catmullrom"
						},
						"0.5667": {
							"post": [154.47682, -36.26968, -228.5793],
							"lerp_mode": "catmullrom"
						},
						"0.7": {
							"post": [154.48, -36.27, -228.58],
							"lerp_mode": "catmullrom"
						},
						"0.9": {
							"post": [164.26478, -28.04751, -224.98092],
							"lerp_mode": "catmullrom"
						},
						"2.0333": {
							"post": [164.26, -28.05, -244.78],
							"lerp_mode": "catmullrom"
						},
						"2.2": {
							"post": [164.26, -28.05, -244.78],
							"lerp_mode": "catmullrom"
						},
						"2.2667": [135.72492, -13.13967, -207.78916],
						"2.4": [135.72, -13.14, -207.79],
						"2.5667": {
							"pre": [135.72, -13.14, -207.79],
							"post": [135.72, -13.14, -207.79],
							"lerp_mode": "catmullrom"
						},
						"2.8333": {
							"post": [164.26, -28.05, -244.78],
							"lerp_mode": "catmullrom"
						},
						"3.0": {
							"post": [159.6679, 0.82508, -244.66064],
							"lerp_mode": "catmullrom"
						},
						"3.2": [107.69108, -32.75736, -156.00452]
					},
					"position": {
						"0.0": [6.5, -16.6, -7.4],
						"0.2667": {
							"pre": [6.5, -9.6, 2.6],
							"post": [6.5, -9.6, 2.6],
							"lerp_mode": "catmullrom"
						},
						"0.4": {
							"post": [6.5, -9.6, 2.6],
							"lerp_mode": "catmullrom"
						},
						"0.5667": {
							"post": [6.5, -2.6, -4.4],
							"lerp_mode": "catmullrom"
						},
						"0.7": {
							"post": [6.5, -2.6, -4.4],
							"lerp_mode": "catmullrom"
						},
						"0.8": {
							"post": [8.5, -12.6, -2.4],
							"lerp_mode": "catmullrom"
						},
						"0.9": {
							"post": [6.5, -11.6, -0.4],
							"lerp_mode": "catmullrom"
						},
						"2.4": [6.5, -11.6, -0.4],
						"2.5667": {
							"pre": [6.5, -11.6, -0.4],
							"post": [6.5, -11.6, -0.4],
							"lerp_mode": "catmullrom"
						},
						"2.8333": {
							"post": [6.5, -1.6, -3.4],
							"lerp_mode": "catmullrom"
						},
						"3.0": {
							"post": [6.5, -9.6, 2.6],
							"lerp_mode": "catmullrom"
						},
						"3.1": [6.5, -16.6, -7.4]
					},
					"scale": {
						"0.0": [1, 1.5, 1],
						"3.2": [1, 1.5, 1]
					}
				},
				"righthand": {
					"rotation": {
						"0.0": [89.49998, -0.49998, -179.99563],
						"3.1": [89.49998, -0.49998, -179.99563],
						"3.2": [120.50449, 2.47405, -98.74171],
						"3.3333": [118.87373, -10.57327, -76.14209],
						"3.3667": [118.87373, -10.57327, -76.14209],
						"3.4667": [118.87373, -10.57327, -76.14209],
						"3.5333": [128.70408, 25.91809, -148.67814],
						"3.7": [134.75972, 28.43589, -146.36771],
						"3.8667": [89.49998, -0.49998, -179.99563]
					},
					"position": {
						"0.0": [-6.85, -16.775, 3.175],
						"3.1": [-6.85, -16.775, 3.175],
						"3.2": {
							"pre": [-11.1, -14.79, 7.46],
							"post": [-11.1, -14.79, 7.46],
							"lerp_mode": "catmullrom"
						},
						"3.2667": {
							"post": [-9.55, -12.46, 8.89],
							"lerp_mode": "catmullrom"
						},
						"3.3333": [-7.64385, -11.51607, 5.16676],
						"3.3667": [-7.64385, -11.51607, 5.16676],
						"3.4667": [-7.925, -11.51, 9.74],
						"3.5333": [-11.715, -13.1, 15.87],
						"3.7333": {
							"pre": [-11.465, -17.64, 10.525],
							"post": [-11.465, -17.64, 10.525],
							"lerp_mode": "catmullrom"
						},
						"3.8667": {
							"post": [-6.87, -14.67, 4.935],
							"lerp_mode": "catmullrom"
						},
						"4.0333": [-6.85, -16.775, 3.175]
					},
					"scale": [1, 1.5, 1]
				},
				"root": {
					"rotation": {
						"0.0": [0, 0, 0],
						"0.1": {
							"pre": [-0.8, -3.08, 0.9],
							"post": [-0.8, -3.08, 0.9],
							"lerp_mode": "catmullrom"
						},
						"0.2333": {
							"post": [0, -7.5, -0.6],
							"lerp_mode": "catmullrom"
						},
						"0.3333": {
							"post": [0, -7.5, 0],
							"lerp_mode": "catmullrom"
						},
						"0.4": {
							"post": [3, -7.5, 0],
							"lerp_mode": "catmullrom"
						},
						"0.5": {
							"post": [-5.53, -7.5, 0],
							"lerp_mode": "catmullrom"
						},
						"0.6333": {
							"post": [0.68, -7.39, 1.63],
							"lerp_mode": "catmullrom"
						},
						"0.8667": {
							"post": [-1.85, -7.2, -1.46],
							"lerp_mode": "catmullrom"
						},
						"1.0667": {
							"post": [-2.22, -7.36, 0.13],
							"lerp_mode": "catmullrom"
						},
						"1.2333": {
							"post": [0.13, -7.5, 7.35],
							"lerp_mode": "catmullrom"
						},
						"1.3667": {
							"post": [-1.81, -7.55, 5.35],
							"lerp_mode": "catmullrom"
						},
						"1.5": {
							"post": [-1.54, -7.57, 6.04],
							"lerp_mode": "catmullrom"
						},
						"1.6333": {
							"post": [4.01, -7.6, 5.14],
							"lerp_mode": "catmullrom"
						},
						"1.7333": {
							"post": [7.93, -7.6, 6.48],
							"lerp_mode": "catmullrom"
						},
						"1.8667": {
							"post": [6.74, -7.54, 7.51],
							"lerp_mode": "catmullrom"
						},
						"2.0333": {
							"post": [8.49, -7.46, 5.98],
							"lerp_mode": "catmullrom"
						},
						"2.2333": {
							"post": [8.47, -7.5, 5],
							"lerp_mode": "catmullrom"
						},
						"2.3333": {
							"post": [7.97016, -8.5, -2.04326],
							"lerp_mode": "catmullrom"
						},
						"2.4333": {
							"post": [8, -6.1, 1.7],
							"lerp_mode": "catmullrom"
						},
						"2.5": {
							"post": [8.04, -6.71, -1.26],
							"lerp_mode": "catmullrom"
						},
						"2.6": {
							"post": [8.13, -6.3, 0.05],
							"lerp_mode": "catmullrom"
						},
						"2.8": {
							"post": [-0.05, -5.2, 1.9],
							"lerp_mode": "catmullrom"
						},
						"2.9667": {
							"post": [0, -4.5, 0],
							"lerp_mode": "catmullrom"
						},
						"3.0": {
							"post": [-5, -5.57, 0],
							"lerp_mode": "catmullrom"
						},
						"3.3": {
							"post": [7.28088, -8.33013, 5.61688],
							"lerp_mode": "catmullrom"
						},
						"3.4": {
							"post": [10.72465, -8.27132, 6.36668],
							"lerp_mode": "catmullrom"
						},
						"3.4667": {
							"post": [9.46254, -6.43066, -2.89125],
							"lerp_mode": "catmullrom"
						},
						"3.5333": {
							"post": [8.4356, -7.45221, 0.63854],
							"lerp_mode": "catmullrom"
						},
						"3.6": {
							"post": [12.85386, -8.05388, 5.41473],
							"lerp_mode": "catmullrom"
						},
						"3.6667": {
							"post": [13.191, -6.78448, -0.62876],
							"lerp_mode": "catmullrom"
						},
						"3.7333": {
							"post": [10.7074, -7.54448, 0.95859],
							"lerp_mode": "catmullrom"
						},
						"3.8333": {
							"post": [3.24432, -7.52563, -0.52333],
							"lerp_mode": "catmullrom"
						},
						"3.9667": {
							"post": [0.57, 0.55, -2.295],
							"lerp_mode": "catmullrom"
						},
						"4.0333": {
							"post": [-0.5, -1.225, 1.2],
							"lerp_mode": "catmullrom"
						},
						"4.1667": {
							"post": [0, 0, 0.05],
							"lerp_mode": "catmullrom"
						},
						"4.3333": {
							"post": [0, 0, -0.09],
							"lerp_mode": "catmullrom"
						},
						"4.4667": {
							"post": [0, 0, 0],
							"lerp_mode": "catmullrom"
						}
					},
					"position": {
						"0.0": [0, 0, 0],
						"0.2333": [0, -3, 0],
						"1.4333": [0, -3, 0],
						"1.7333": {
							"pre": [0, -3, 2],
							"post": [0, -3, 2],
							"lerp_mode": "catmullrom"
						},
						"2.5667": {
							"post": [0, -3, 2],
							"lerp_mode": "catmullrom"
						},
						"2.9667": [0, -3, 0],
						"3.0": [0, -3.3, 0],
						"3.0333": [0, -3, 0],
						"3.3": {
							"pre": [0.47, -2.045, -0.705],
							"post": [0.47, -2.045, -0.705],
							"lerp_mode": "catmullrom"
						},
						"3.4": {
							"post": [0.47, -2.045, -0.705],
							"lerp_mode": "catmullrom"
						},
						"3.5": {
							"post": [0.47, -2.265, -0.465],
							"lerp_mode": "catmullrom"
						},
						"3.5667": {
							"post": [0.33, -1.77, -0.41],
							"lerp_mode": "catmullrom"
						},
						"3.7333": {
							"post": [0.45, -2.37, -0.36],
							"lerp_mode": "catmullrom"
						},
						"3.9": {
							"post": [0.055, -0.705, -0.245],
							"lerp_mode": "catmullrom"
						},
						"4.0333": {
							"post": [-0.07, -0.12, 0.695],
							"lerp_mode": "catmullrom"
						},
						"4.1667": {
							"post": [0, 0.055, 0.055],
							"lerp_mode": "catmullrom"
						},
						"4.4": {
							"post": [0, 0, 0],
							"lerp_mode": "catmullrom"
						}
					}
				},
				"gun_and_righthand": {
					"rotation": {
						"0.0": [0, 0, 0],
						"0.2333": [15, 0, 0],
						"1.0": [15, 0, 0],
						"1.1": {
							"pre": [14.78217, -2.57594, 9.6658],
							"post": [14.78217, -2.57594, 9.6658],
							"lerp_mode": "catmullrom"
						},
						"1.3": {
							"post": [15, 0, 0],
							"lerp_mode": "catmullrom"
						},
						"2.9667": [15, 0, 0],
						"3.2": [0, 0, 0]
					},
					"position": [0, 0, 0]
				},
				"upper": {
					"rotation": {
						"0.4": [0, 0, 0],
						"0.5667": [40, 0, 0],
						"0.9": [40, 0, 0],
						"2.8333": [40, 0, 0],
						"2.9667": [0, 0, 0]
					},
					"position": {
						"0.4": [0, 0, 0],
						"2.9667": [0, 0, 0]
					}
				},
				"mag_and_lefthand": {
					"rotation": {
						"0.2333": [0, 0, 0],
						"0.9": [0, 0, 0],
						"1.0": [0, 0, 0],
						"1.1333": [0, 17.5, 0],
						"1.9": {
							"pre": [0, 30, 0],
							"post": [0, 30, 0],
							"lerp_mode": "catmullrom"
						},
						"2.0667": {
							"post": [0, 17.5, 0],
							"lerp_mode": "catmullrom"
						},
						"2.2333": [0, 17.5, 0],
						"2.3": [0, 0, 0],
						"2.9667": [0, 0, 0]
					},
					"position": {
						"1.0": [0, 0, 0],
						"1.1333": [6, 0, 0],
						"1.2667": [5, -18, 6],
						"1.6": {
							"pre": [5, -18, 8],
							"post": [5, -18, 8],
							"lerp_mode": "catmullrom"
						},
						"1.7333": [6.6, -2.25, 8.58],
						"1.9": [7, 3, 8],
						"2.0667": [3, 0, 0],
						"2.2333": [3, 0, 0],
						"2.3": [0, 0, 0]
					}
				},
				"bolt": {
					"position": {
						"0.0": [0, 0, 3],
						"0.4": [0, 0, 3],
						"0.4333": [0, 0, 0],
						"3.3667": [0, 0, 0],
						"3.4667": [0, 0, 2.4],
						"3.5": [0, 0, 0]
					}
				},
				"camera": {
					"rotation": {
						"0.0": {
							"post": [0, 0, 0],
							"lerp_mode": "catmullrom"
						},
						"0.2333": {
							"post": [2, 0, 0],
							"lerp_mode": "catmullrom"
						},
						"0.4333": {
							"post": [2, 0, 0],
							"lerp_mode": "catmullrom"
						},
						"0.5": {
							"post": [2.9, 0, 0],
							"lerp_mode": "catmullrom"
						},
						"0.5667": {
							"post": [2, 0, 0],
							"lerp_mode": "catmullrom"
						},
						"0.9333": {
							"post": [2, 0, 0],
							"lerp_mode": "catmullrom"
						},
						"1.1333": {
							"post": [2, -2.5, 0],
							"lerp_mode": "catmullrom"
						},
						"1.3": {
							"post": [3.99, -2.65, 0],
							"lerp_mode": "catmullrom"
						},
						"1.8667": {
							"post": [3.82, -2.57, 0],
							"lerp_mode": "catmullrom"
						},
						"2.1": {
							"post": [2, -2.5, 0],
							"lerp_mode": "catmullrom"
						},
						"2.1667": {
							"post": [3, -2.5, 0],
							"lerp_mode": "catmullrom"
						},
						"2.2333": {
							"post": [2, -2.5, 0],
							"lerp_mode": "catmullrom"
						},
						"2.3": {
							"post": [2, 1.5, 0],
							"lerp_mode": "catmullrom"
						},
						"2.3667": {
							"post": [2, -0.6, 0],
							"lerp_mode": "catmullrom"
						},
						"2.4333": {
							"post": [2, 0, 0],
							"lerp_mode": "catmullrom"
						},
						"2.9": {
							"post": [2, 0, 0],
							"lerp_mode": "catmullrom"
						},
						"2.9667": {
							"post": [4, 0, 0],
							"lerp_mode": "catmullrom"
						},
						"3.0667": {
							"post": [0, 0, 0],
							"lerp_mode": "catmullrom"
						},
						"3.2333": {
							"post": [1.94, -0.18, 0.11],
							"lerp_mode": "catmullrom"
						},
						"3.3667": {
							"post": [2.455, -0.195, 0.4],
							"lerp_mode": "catmullrom"
						},
						"3.4667": {
							"post": [2.51, -0.2, 0.49],
							"lerp_mode": "catmullrom"
						},
						"3.5333": {
							"post": [3.095, -0.2, 1.54],
							"lerp_mode": "catmullrom"
						},
						"3.6333": {
							"post": [1.77, -0.21, -0.08],
							"lerp_mode": "catmullrom"
						},
						"3.7667": {
							"post": [2.25, -0.195, 0.65],
							"lerp_mode": "catmullrom"
						},
						"3.9": {
							"post": [1.41, -0.13, 0.215],
							"lerp_mode": "catmullrom"
						},
						"4.1333": {
							"post": [-0.325, 0, -0.225],
							"lerp_mode": "catmullrom"
						},
						"4.2": {
							"post": [0.12, 0.01, 0.33],
							"lerp_mode": "catmullrom"
						},
						"4.3": {
							"post": [-0.125, 0, -0.175],
							"lerp_mode": "catmullrom"
						},
						"4.4": {
							"post": [0, 0, 0],
							"lerp_mode": "catmullrom"
						}
					}
				},
				"mag_and_bullet": {
					"rotation": {
						"0.0": [0, 0, 0],
						"0.2333": [15, 0, 0],
						"1.0": [15, 0, 0],
						"1.1": {
							"pre": [14.78217, -2.57594, 0],
							"post": [14.78217, -2.57594, 0],
							"lerp_mode": "catmullrom"
						},
						"1.3": {
							"post": [15, 0, 0],
							"lerp_mode": "catmullrom"
						},
						"2.9667": [15, 0, 0],
						"3.2": [0, 0, 0]
					},
					"position": {
						"0.0": [0, 0, 0],
						"0.2333": [0, 0, -1.9],
						"2.9667": [0, 0, -1.9],
						"3.2": [0, 0, 0]
					}
				},
				"bullet": {
					"scale": {
						"0.0": [0, 0, 0],
						"1.6667": [0, 0, 0],
						"1.7": [1, 1, 1]
					}
				},
				"zhuan": {
					"rotation": {
						"2.8667": [0, 0, 0],
						"2.9667": {
							"pre": [0, 0, 0],
							"post": [0, 0, 0],
							"lerp_mode": "catmullrom"
						},
						"3.3667": {
							"post": [0, 0, 384.35],
							"lerp_mode": "catmullrom"
						},
						"3.9": {
							"post": [0, 0, 360],
							"lerp_mode": "catmullrom"
						}
					}
				},
				"pull": {
					"position": {
						"3.3667": [0, 0, 0],
						"3.4667": [0, 0, 2.4],
						"3.5": [0, 0, 0]
					}
				},
				"gaizi": {
					"rotation": {
						"0.4333": {
							"pre": [0, 0, 0],
							"post": [0, 0, 0],
							"lerp_mode": "catmullrom"
						},
						"0.5333": {
							"post": [0, 0, 118.25],
							"lerp_mode": "catmullrom"
						},
						"0.6": {
							"post": [0, 0, 94.5],
							"lerp_mode": "catmullrom"
						},
						"0.6333": [0, 0, 94.5],
						"2.9333": [0, 0, 94.5],
						"3.0333": [0, 0, 0]
					}
				}
			},
			"sound_effects": {
				"0.0": {
					"effect": "trisdyna:iras/p90_reload_raise"
				},
				"0.1333": {
					"effect": "trisdyna:iras/m249_reload_cover_open"
				},
				"0.8333": {
					"effect": "trisdyna:iras/p90_reload_magout"
				},
				"1.0": {
					"effect": "trisdyna:iras/p90_reload_rattlearm1"
				},
				"1.4": {
					"effect": "trisdyna:iras/p90_inspect_raise"
				},
				"1.8667": {
					"effect": "trisdyna:iras/p90_reload_magin"
				},
				"2.3": {
					"effect": "trisdyna:iras/p90_reload_maghitwell"
				},
				"2.7": {
					"effect": "trisdyna:emx_sf7b/md5"
				},
				"2.7667": {
					"effect": "trisdyna:iras/m249_reload_empty_cover_close"
				},
				"3.0": {
					"effect": "trisdyna:iras/p90_reload_rattlearm2"
				},
				"3.4": {
					"effect": "trisdyna:emx_sf7b/emi_reload_2"
				},
				"3.3": {
					"effect": "trisdyna:iras/p90_reload_empty_handlegrab"
				},
				"3.3667": {
					"effect": "trisdyna:iras/p90_reload_empty_boltcharge"
				},
				"3.7": {
					"effect": "trisdyna:iras/p90_reload_empty_end"
				}
			}
		},
		"reload_empty": {
			"animation_length": 4.5,
			"bones": {
				"lefthand": {
					"rotation": {
						"0.0": [107.69108, -32.75736, -156.00452],
						"0.2667": {
							"pre": [159.6679, 0.82508, -244.66064],
							"post": [159.6679, 0.82508, -244.66064],
							"lerp_mode": "catmullrom"
						},
						"0.4": {
							"post": [159.67, 0.83, -244.66],
							"lerp_mode": "catmullrom"
						},
						"0.5667": {
							"post": [154.47682, -36.26968, -228.5793],
							"lerp_mode": "catmullrom"
						},
						"0.7": {
							"post": [154.48, -36.27, -228.58],
							"lerp_mode": "catmullrom"
						},
						"0.9": {
							"post": [164.26478, -28.04751, -224.98092],
							"lerp_mode": "catmullrom"
						},
						"2.0333": {
							"post": [164.26, -28.05, -244.78],
							"lerp_mode": "catmullrom"
						},
						"2.2": {
							"post": [164.26, -28.05, -244.78],
							"lerp_mode": "catmullrom"
						},
						"2.2667": [135.72492, -13.13967, -207.78916],
						"2.4": [135.72, -13.14, -207.79],
						"2.5667": {
							"pre": [135.72, -13.14, -207.79],
							"post": [135.72, -13.14, -207.79],
							"lerp_mode": "catmullrom"
						},
						"2.8333": {
							"post": [164.26, -28.05, -244.78],
							"lerp_mode": "catmullrom"
						},
						"3.0": {
							"post": [159.6679, 0.82508, -244.66064],
							"lerp_mode": "catmullrom"
						},
						"3.2": [107.69108, -32.75736, -156.00452]
					},
					"position": {
						"0.0": [6.5, -16.6, -7.4],
						"0.2667": {
							"pre": [6.5, -9.6, 2.6],
							"post": [6.5, -9.6, 2.6],
							"lerp_mode": "catmullrom"
						},
						"0.4": {
							"post": [6.5, -9.6, 2.6],
							"lerp_mode": "catmullrom"
						},
						"0.5667": {
							"post": [6.5, -2.6, -4.4],
							"lerp_mode": "catmullrom"
						},
						"0.7": {
							"post": [6.5, -2.6, -4.4],
							"lerp_mode": "catmullrom"
						},
						"0.8": {
							"post": [8.5, -12.6, -2.4],
							"lerp_mode": "catmullrom"
						},
						"0.9": {
							"post": [6.5, -11.6, -0.4],
							"lerp_mode": "catmullrom"
						},
						"2.4": [6.5, -11.6, -0.4],
						"2.5667": {
							"pre": [6.5, -11.6, -0.4],
							"post": [6.5, -11.6, -0.4],
							"lerp_mode": "catmullrom"
						},
						"2.8333": {
							"post": [6.5, -1.6, -3.4],
							"lerp_mode": "catmullrom"
						},
						"3.0": {
							"post": [6.5, -9.6, 2.6],
							"lerp_mode": "catmullrom"
						},
						"3.1": [6.5, -16.6, -7.4]
					},
					"scale": {
						"0.0": [1, 1.5, 1],
						"3.2": [1, 1.5, 1]
					}
				},
				"righthand": {
					"rotation": {
						"0.0": [89.49998, -0.49998, -179.99563],
						"3.1": [89.49998, -0.49998, -179.99563],
						"3.2": [120.50449, 2.47405, -98.74171],
						"3.3333": [118.87373, -10.57327, -76.14209],
						"3.3667": [118.87373, -10.57327, -76.14209],
						"3.4667": [118.87373, -10.57327, -76.14209],
						"3.5333": [128.70408, 25.91809, -148.67814],
						"3.7": [134.75972, 28.43589, -146.36771],
						"3.8667": [89.49998, -0.49998, -179.99563]
					},
					"position": {
						"0.0": [-6.85, -16.775, 3.175],
						"3.1": [-6.85, -16.775, 3.175],
						"3.2": {
							"pre": [-11.1, -14.79, 7.46],
							"post": [-11.1, -14.79, 7.46],
							"lerp_mode": "catmullrom"
						},
						"3.2667": {
							"post": [-9.55, -12.46, 8.89],
							"lerp_mode": "catmullrom"
						},
						"3.3333": [-7.64385, -11.51607, 5.16676],
						"3.3667": [-7.64385, -11.51607, 5.16676],
						"3.4667": [-7.925, -11.51, 9.74],
						"3.5333": [-11.715, -13.1, 15.87],
						"3.7333": {
							"pre": [-11.465, -17.64, 10.525],
							"post": [-11.465, -17.64, 10.525],
							"lerp_mode": "catmullrom"
						},
						"3.8667": {
							"post": [-6.87, -14.67, 4.935],
							"lerp_mode": "catmullrom"
						},
						"4.0333": [-6.85, -16.775, 3.175]
					},
					"scale": [1, 1.5, 1]
				},
				"root": {
					"rotation": {
						"0.0": [0, 0, 0],
						"0.1": {
							"pre": [-0.8, -3.08, 0.9],
							"post": [-0.8, -3.08, 0.9],
							"lerp_mode": "catmullrom"
						},
						"0.2333": {
							"post": [0, -7.5, -0.6],
							"lerp_mode": "catmullrom"
						},
						"0.3333": {
							"post": [0, -7.5, 0],
							"lerp_mode": "catmullrom"
						},
						"0.4": {
							"post": [3, -7.5, 0],
							"lerp_mode": "catmullrom"
						},
						"0.5": {
							"post": [-5.53, -7.5, 0],
							"lerp_mode": "catmullrom"
						},
						"0.6333": {
							"post": [0.68, -7.39, 1.63],
							"lerp_mode": "catmullrom"
						},
						"0.8667": {
							"post": [-1.85, -7.2, -1.46],
							"lerp_mode": "catmullrom"
						},
						"1.0667": {
							"post": [-2.22, -7.36, 0.13],
							"lerp_mode": "catmullrom"
						},
						"1.2333": {
							"post": [0.13, -7.5, 7.35],
							"lerp_mode": "catmullrom"
						},
						"1.3667": {
							"post": [-1.81, -7.55, 5.35],
							"lerp_mode": "catmullrom"
						},
						"1.5": {
							"post": [-1.54, -7.57, 6.04],
							"lerp_mode": "catmullrom"
						},
						"1.6333": {
							"post": [4.01, -7.6, 5.14],
							"lerp_mode": "catmullrom"
						},
						"1.7333": {
							"post": [7.93, -7.6, 6.48],
							"lerp_mode": "catmullrom"
						},
						"1.8667": {
							"post": [6.74, -7.54, 7.51],
							"lerp_mode": "catmullrom"
						},
						"2.0333": {
							"post": [8.49, -7.46, 5.98],
							"lerp_mode": "catmullrom"
						},
						"2.2333": {
							"post": [8.47, -7.5, 5],
							"lerp_mode": "catmullrom"
						},
						"2.3333": {
							"post": [7.97016, -8.5, -2.04326],
							"lerp_mode": "catmullrom"
						},
						"2.4333": {
							"post": [8, -6.1, 1.7],
							"lerp_mode": "catmullrom"
						},
						"2.5": {
							"post": [8.04, -6.71, -1.26],
							"lerp_mode": "catmullrom"
						},
						"2.6": {
							"post": [8.13, -6.3, 0.05],
							"lerp_mode": "catmullrom"
						},
						"2.8": {
							"post": [-0.05, -5.2, 1.9],
							"lerp_mode": "catmullrom"
						},
						"2.9667": {
							"post": [0, -4.5, 0],
							"lerp_mode": "catmullrom"
						},
						"3.0": {
							"post": [-5, -5.57, 0],
							"lerp_mode": "catmullrom"
						},
						"3.3": {
							"post": [7.28088, -8.33013, 5.61688],
							"lerp_mode": "catmullrom"
						},
						"3.4": {
							"post": [10.72465, -8.27132, 6.36668],
							"lerp_mode": "catmullrom"
						},
						"3.4667": {
							"post": [9.46254, -6.43066, -2.89125],
							"lerp_mode": "catmullrom"
						},
						"3.5333": {
							"post": [8.4356, -7.45221, 0.63854],
							"lerp_mode": "catmullrom"
						},
						"3.6": {
							"post": [12.85386, -8.05388, 5.41473],
							"lerp_mode": "catmullrom"
						},
						"3.6667": {
							"post": [13.191, -6.78448, -0.62876],
							"lerp_mode": "catmullrom"
						},
						"3.7333": {
							"post": [10.7074, -7.54448, 0.95859],
							"lerp_mode": "catmullrom"
						},
						"3.8333": {
							"post": [3.24432, -7.52563, -0.52333],
							"lerp_mode": "catmullrom"
						},
						"3.9667": {
							"post": [0.57, 0.55, -2.295],
							"lerp_mode": "catmullrom"
						},
						"4.0333": {
							"post": [-0.5, -1.225, 1.2],
							"lerp_mode": "catmullrom"
						},
						"4.1667": {
							"post": [0, 0, 0.05],
							"lerp_mode": "catmullrom"
						},
						"4.3333": {
							"post": [0, 0, -0.09],
							"lerp_mode": "catmullrom"
						},
						"4.4667": {
							"post": [0, 0, 0],
							"lerp_mode": "catmullrom"
						}
					},
					"position": {
						"0.0": [0, 0, 0],
						"0.2333": [0, -3, 0],
						"1.4333": [0, -3, 0],
						"1.7333": {
							"pre": [0, -3, 2],
							"post": [0, -3, 2],
							"lerp_mode": "catmullrom"
						},
						"2.5667": {
							"post": [0, -3, 2],
							"lerp_mode": "catmullrom"
						},
						"2.9667": [0, -3, 0],
						"3.0": [0, -3.3, 0],
						"3.0333": [0, -3, 0],
						"3.3": {
							"pre": [0.47, -2.045, -0.705],
							"post": [0.47, -2.045, -0.705],
							"lerp_mode": "catmullrom"
						},
						"3.4": {
							"post": [0.47, -2.045, -0.705],
							"lerp_mode": "catmullrom"
						},
						"3.5": {
							"post": [0.47, -2.265, -0.465],
							"lerp_mode": "catmullrom"
						},
						"3.5667": {
							"post": [0.33, -1.77, -0.41],
							"lerp_mode": "catmullrom"
						},
						"3.7333": {
							"post": [0.45, -2.37, -0.36],
							"lerp_mode": "catmullrom"
						},
						"3.9": {
							"post": [0.055, -0.705, -0.245],
							"lerp_mode": "catmullrom"
						},
						"4.0333": {
							"post": [-0.07, -0.12, 0.695],
							"lerp_mode": "catmullrom"
						},
						"4.1667": {
							"post": [0, 0.055, 0.055],
							"lerp_mode": "catmullrom"
						},
						"4.4": {
							"post": [0, 0, 0],
							"lerp_mode": "catmullrom"
						}
					}
				},
				"gun_and_righthand": {
					"rotation": {
						"0.0": [0, 0, 0],
						"0.2333": [15, 0, 0],
						"1.0": [15, 0, 0],
						"1.1": {
							"pre": [14.78217, -2.57594, 9.6658],
							"post": [14.78217, -2.57594, 9.6658],
							"lerp_mode": "catmullrom"
						},
						"1.3": {
							"post": [15, 0, 0],
							"lerp_mode": "catmullrom"
						},
						"2.9667": [15, 0, 0],
						"3.2": [0, 0, 0]
					},
					"position": [0, 0, 0]
				},
				"upper": {
					"rotation": {
						"0.4": [0, 0, 0],
						"0.5667": [40, 0, 0],
						"0.9": [40, 0, 0],
						"2.8333": [40, 0, 0],
						"2.9667": [0, 0, 0]
					},
					"position": {
						"0.4": [0, 0, 0],
						"2.9667": [0, 0, 0]
					}
				},
				"mag_and_lefthand": {
					"rotation": {
						"0.2333": [0, 0, 0],
						"0.9": [0, 0, 0],
						"1.0": [0, 0, 0],
						"1.1333": [0, 17.5, 0],
						"1.9": {
							"pre": [0, 30, 0],
							"post": [0, 30, 0],
							"lerp_mode": "catmullrom"
						},
						"2.0667": {
							"post": [0, 17.5, 0],
							"lerp_mode": "catmullrom"
						},
						"2.2333": [0, 17.5, 0],
						"2.3": [0, 0, 0],
						"2.9667": [0, 0, 0]
					},
					"position": {
						"1.0": [0, 0, 0],
						"1.1333": [6, 0, 0],
						"1.2667": [5, -18, 6],
						"1.6": {
							"pre": [5, -18, 8],
							"post": [5, -18, 8],
							"lerp_mode": "catmullrom"
						},
						"1.7333": [6.6, -2.25, 8.58],
						"1.9": [7, 3, 8],
						"2.0667": [3, 0, 0],
						"2.2333": [3, 0, 0],
						"2.3": [0, 0, 0]
					}
				},
				"bolt": {
					"position": {
						"0.0": [0, 0, 3],
						"0.4": [0, 0, 3],
						"0.4333": [0, 0, 0],
						"3.3667": [0, 0, 0],
						"3.4667": [0, 0, 2.4],
						"3.5": [0, 0, 0]
					}
				},
				"camera": {
					"rotation": {
						"0.0": {
							"post": [0, 0, 0],
							"lerp_mode": "catmullrom"
						},
						"0.2333": {
							"post": [2, 0, 0],
							"lerp_mode": "catmullrom"
						},
						"0.4333": {
							"post": [2, 0, 0],
							"lerp_mode": "catmullrom"
						},
						"0.5": {
							"post": [2.9, 0, 0],
							"lerp_mode": "catmullrom"
						},
						"0.5667": {
							"post": [2, 0, 0],
							"lerp_mode": "catmullrom"
						},
						"0.9333": {
							"post": [2, 0, 0],
							"lerp_mode": "catmullrom"
						},
						"1.1333": {
							"post": [2, -2.5, 0],
							"lerp_mode": "catmullrom"
						},
						"1.3": {
							"post": [3.99, -2.65, 0],
							"lerp_mode": "catmullrom"
						},
						"1.8667": {
							"post": [3.82, -2.57, 0],
							"lerp_mode": "catmullrom"
						},
						"2.1": {
							"post": [2, -2.5, 0],
							"lerp_mode": "catmullrom"
						},
						"2.1667": {
							"post": [3, -2.5, 0],
							"lerp_mode": "catmullrom"
						},
						"2.2333": {
							"post": [2, -2.5, 0],
							"lerp_mode": "catmullrom"
						},
						"2.3": {
							"post": [2, 1.5, 0],
							"lerp_mode": "catmullrom"
						},
						"2.3667": {
							"post": [2, -0.6, 0],
							"lerp_mode": "catmullrom"
						},
						"2.4333": {
							"post": [2, 0, 0],
							"lerp_mode": "catmullrom"
						},
						"2.9": {
							"post": [2, 0, 0],
							"lerp_mode": "catmullrom"
						},
						"2.9667": {
							"post": [4, 0, 0],
							"lerp_mode": "catmullrom"
						},
						"3.0667": {
							"post": [0, 0, 0],
							"lerp_mode": "catmullrom"
						},
						"3.2333": {
							"post": [1.94, -0.18, 0.11],
							"lerp_mode": "catmullrom"
						},
						"3.3667": {
							"post": [2.455, -0.195, 0.4],
							"lerp_mode": "catmullrom"
						},
						"3.4667": {
							"post": [2.51, -0.2, 0.49],
							"lerp_mode": "catmullrom"
						},
						"3.5333": {
							"post": [3.095, -0.2, 1.54],
							"lerp_mode": "catmullrom"
						},
						"3.6333": {
							"post": [1.77, -0.21, -0.08],
							"lerp_mode": "catmullrom"
						},
						"3.7667": {
							"post": [2.25, -0.195, 0.65],
							"lerp_mode": "catmullrom"
						},
						"3.9": {
							"post": [1.41, -0.13, 0.215],
							"lerp_mode": "catmullrom"
						},
						"4.1333": {
							"post": [-0.325, 0, -0.225],
							"lerp_mode": "catmullrom"
						},
						"4.2": {
							"post": [0.12, 0.01, 0.33],
							"lerp_mode": "catmullrom"
						},
						"4.3": {
							"post": [-0.125, 0, -0.175],
							"lerp_mode": "catmullrom"
						},
						"4.4": {
							"post": [0, 0, 0],
							"lerp_mode": "catmullrom"
						}
					}
				},
				"mag_and_bullet": {
					"rotation": {
						"0.0": [0, 0, 0],
						"0.2333": [15, 0, 0],
						"1.0": [15, 0, 0],
						"1.1": {
							"pre": [14.78217, -2.57594, 0],
							"post": [14.78217, -2.57594, 0],
							"lerp_mode": "catmullrom"
						},
						"1.3": {
							"post": [15, 0, 0],
							"lerp_mode": "catmullrom"
						},
						"2.9667": [15, 0, 0],
						"3.2": [0, 0, 0]
					},
					"position": {
						"0.0": [0, 0, 0],
						"0.2333": [0, 0, -1.9],
						"2.9667": [0, 0, -1.9],
						"3.2": [0, 0, 0]
					}
				},
				"bullet": {
					"scale": {
						"0.0": [0, 0, 0],
						"1.6667": [0, 0, 0],
						"1.7": [1, 1, 1]
					}
				},
				"zhuan": {
					"rotation": {
						"2.8667": [0, 0, 0],
						"2.9667": {
							"pre": [0, 0, 0],
							"post": [0, 0, 0],
							"lerp_mode": "catmullrom"
						},
						"3.3667": {
							"post": [0, 0, 384.35],
							"lerp_mode": "catmullrom"
						},
						"3.9": {
							"post": [0, 0, 360],
							"lerp_mode": "catmullrom"
						}
					}
				},
				"pull": {
					"position": {
						"3.3667": [0, 0, 0],
						"3.4667": [0, 0, 2.4],
						"3.5": [0, 0, 0]
					}
				},
				"gaizi": {
					"rotation": {
						"0.4333": {
							"pre": [0, 0, 0],
							"post": [0, 0, 0],
							"lerp_mode": "catmullrom"
						},
						"0.5333": {
							"post": [0, 0, 118.25],
							"lerp_mode": "catmullrom"
						},
						"0.6": {
							"post": [0, 0, 94.5],
							"lerp_mode": "catmullrom"
						},
						"0.6333": [0, 0, 94.5],
						"2.9333": [0, 0, 94.5],
						"3.0333": [0, 0, 0]
					}
				}
			},
			"sound_effects": {
				"0.0": {
					"effect": "trisdyna:iras/p90_reload_raise"
				},
				"0.1333": {
					"effect": "trisdyna:iras/m249_reload_cover_open"
				},
				"0.8333": {
					"effect": "trisdyna:iras/p90_reload_magout"
				},
				"1.0": {
					"effect": "trisdyna:iras/p90_reload_rattlearm1"
				},
				"1.4": {
					"effect": "trisdyna:iras/p90_inspect_raise"
				},
				"1.8667": {
					"effect": "trisdyna:iras/p90_reload_magin"
				},
				"2.3": {
					"effect": "trisdyna:iras/p90_reload_maghitwell"
				},
				"2.7": {
					"effect": "trisdyna:emx_sf7b/md5"
				},
				"2.7667": {
					"effect": "trisdyna:iras/m249_reload_empty_cover_close"
				},
				"3.0": {
					"effect": "trisdyna:iras/p90_reload_rattlearm2"
				},
				"3.3": {
					"effect": "trisdyna:iras/p90_reload_empty_handlegrab"
				},
				"3.3667": {
					"effect": "trisdyna:iras/p90_reload_empty_boltcharge"
				},
				"3.4": {
					"effect": "trisdyna:emx_sf7b/emi_reload_2"
				},
				"3.7": {
					"effect": "trisdyna:iras/p90_reload_empty_end"
				}
			}
		},
		"inspect": {
			"animation_length": 4,
			"bones": {
				"lefthand": {
					"rotation": {
						"0.0": [107.69108, -32.75736, -156.00452],
						"1.3667": [107.69108, -32.75736, -167.00452],
						"1.6333": [119.17409, -0.96827, -257.06444],
						"1.9333": [119.17409, -0.96827, -257.06444],
						"2.6667": [119.17409, -0.96827, -257.06444],
						"2.7333": [124.11777, -4.72958, -284.99142],
						"2.9667": [119.17409, -0.96827, -257.06444],
						"3.1": [101.85565, -31.6009, -145.88105],
						"3.2": [107.69108, -32.75736, -156.00452]
					},
					"position": {
						"0.0": [6.5, -16.6, -7.4],
						"1.4": [6.5, -16.6, -7.4],
						"1.6333": [7.7075, -11.845, 5.18625],
						"1.9333": [7.7075, -11.845, 5.18625],
						"2.0667": [7.7075, -11.85, 6.49125],
						"2.1667": [7.7075, -11.85, 6.66625],
						"2.3333": [7.7075, -11.85, 6.53625],
						"2.6667": [7.7075, -11.85, 6.61625],
						"2.7333": [9.37348, -10.84595, 13.2499],
						"2.9667": [11.96372, -13.47086, 13.03675],
						"3.1": [10.1575, -14.86, -1.01375],
						"3.2": [6.5, -16.6, -7.4]
					},
					"scale": [1, 1.5, 1]
				},
				"righthand": {
					"rotation": [89.49998, -0.49998, -179.99563],
					"position": [-6.85, -16.775, 3.175],
					"scale": [1, 1.5, 1]
				},
				"root": {
					"rotation": {
						"0.0": {
							"post": [0, 0, 0],
							"lerp_mode": "catmullrom"
						},
						"0.1667": {
							"post": [-16.47921, -9.81655, -15.02475],
							"lerp_mode": "catmullrom"
						},
						"0.2667": {
							"post": [-18.40736, -26.44069, -37.68703],
							"lerp_mode": "catmullrom"
						},
						"0.4": {
							"post": [-15.96715, -36.09364, -52.92512],
							"lerp_mode": "catmullrom"
						},
						"0.5333": {
							"post": [-17.36928, -38.19063, -51.80192],
							"lerp_mode": "catmullrom"
						},
						"0.7": {
							"post": [-16.11701, -39.38218, -53.47447],
							"lerp_mode": "catmullrom"
						},
						"1.0333": {
							"post": [-18.99466, -38.25032, -48.88535],
							"lerp_mode": "catmullrom"
						},
						"1.2333": {
							"post": [-22.69787, -19.70601, -35.21184],
							"lerp_mode": "catmullrom"
						},
						"1.4": {
							"post": [-20.58, -5.66, -11.65],
							"lerp_mode": "catmullrom"
						},
						"1.6": {
							"post": [-27.50449, 20.26323, 17.53224],
							"lerp_mode": "catmullrom"
						},
						"1.7667": {
							"post": [-29.845, 29.5325, 29.3125],
							"lerp_mode": "catmullrom"
						},
						"1.9": {
							"post": [-30.9525, 30.24, 29.36375],
							"lerp_mode": "catmullrom"
						},
						"2.0333": {
							"post": [-29.02324, 30.06323, 31.64474],
							"lerp_mode": "catmullrom"
						},
						"2.1333": {
							"post": [-27.4675, 31.795, 33.36125],
							"lerp_mode": "catmullrom"
						},
						"2.2333": {
							"post": [-29.76875, 30.67875, 29.32],
							"lerp_mode": "catmullrom"
						},
						"2.3667": {
							"post": [-29.56373, 29.96896, 30.37586],
							"lerp_mode": "catmullrom"
						},
						"2.7": {
							"post": [-29.225, 29.555, 28.43],
							"lerp_mode": "catmullrom"
						},
						"2.7333": {
							"post": [-32.11369, 26.47641, 23.25753],
							"lerp_mode": "catmullrom"
						},
						"2.7667": {
							"post": [-29.9871, 29.19678, 29.03653],
							"lerp_mode": "catmullrom"
						},
						"2.8333": {
							"post": [-31.2741, 26.7239, 23.10799],
							"lerp_mode": "catmullrom"
						},
						"2.8667": {
							"post": [-25.24, 23.75, 21.28],
							"lerp_mode": "catmullrom"
						},
						"3.0667": {
							"post": [-9.2, 3.79, 8.05],
							"lerp_mode": "catmullrom"
						},
						"3.1333": {
							"post": [-5.15505, -0.93208, 3.01761],
							"lerp_mode": "catmullrom"
						},
						"3.2667": {
							"post": [-3.63, 2.24125, -3.92],
							"lerp_mode": "catmullrom"
						},
						"3.3667": {
							"post": [-0.79712, 1.52875, -1.1995],
							"lerp_mode": "catmullrom"
						},
						"3.4333": {
							"post": [0.595, 0.64, 2.28],
							"lerp_mode": "catmullrom"
						},
						"3.4667": {
							"post": [0.835, 0.19, -0.9525],
							"lerp_mode": "catmullrom"
						},
						"3.5667": {
							"post": [0, 0, 0.73125],
							"lerp_mode": "catmullrom"
						},
						"3.7": {
							"post": [0, 0, 0],
							"lerp_mode": "catmullrom"
						}
					},
					"position": {
						"0.0": {
							"post": [0, 0, 0],
							"lerp_mode": "catmullrom"
						},
						"0.1": {
							"post": [-0.13, -0.34125, -0.285],
							"lerp_mode": "catmullrom"
						},
						"0.2333": {
							"post": [-0.315, 0.6675, -0.6875],
							"lerp_mode": "catmullrom"
						},
						"0.3667": {
							"post": [-0.6, -0.04375, -0.75625],
							"lerp_mode": "catmullrom"
						},
						"0.5": {
							"post": [-0.6, 0.38125, -0.97],
							"lerp_mode": "catmullrom"
						},
						"0.7333": {
							"post": [-0.7, 0.33, -0.965],
							"lerp_mode": "catmullrom"
						},
						"1.0": {
							"post": [-0.725, 0.33, -0.965],
							"lerp_mode": "catmullrom"
						},
						"1.2": {
							"post": [-0.68, -0.245, -0.79],
							"lerp_mode": "catmullrom"
						},
						"1.5": {
							"post": [-0.61, -1.28, -0.69],
							"lerp_mode": "catmullrom"
						},
						"1.6667": {
							"post": [-0.31, 0.9375, -1.19],
							"lerp_mode": "catmullrom"
						},
						"1.7667": {
							"post": [-0.19, 1.37, -1.22],
							"lerp_mode": "catmullrom"
						},
						"1.8667": {
							"post": [-0.11, 1.3, -1.19],
							"lerp_mode": "catmullrom"
						},
						"1.9667": {
							"post": [-0.11, 1.2875, -1.19],
							"lerp_mode": "catmullrom"
						},
						"2.0333": {
							"post": [-0.09, 1.165, -1.32],
							"lerp_mode": "catmullrom"
						},
						"2.1333": {
							"post": [-0.06, 1.55, -1.515],
							"lerp_mode": "catmullrom"
						},
						"2.2667": {
							"post": [-0.06, 1.61, -1.48],
							"lerp_mode": "catmullrom"
						},
						"2.4": {
							"post": [-0.06, 1.53625, -1.42875],
							"lerp_mode": "catmullrom"
						},
						"2.6667": {
							"post": [-0.06, 1.51, -1.43],
							"lerp_mode": "catmullrom"
						},
						"2.7": {
							"post": [-0.06, 1.54125, -1.58],
							"lerp_mode": "catmullrom"
						},
						"2.7333": {
							"post": [-0.06, 1.37875, -1.705],
							"lerp_mode": "catmullrom"
						},
						"2.8333": {
							"post": [-0.06, 1.13, -1.42875],
							"lerp_mode": "catmullrom"
						},
						"3.1333": {
							"post": [-0.07, -1.21, -1.71],
							"lerp_mode": "catmullrom"
						},
						"3.3": {
							"post": [0, -0.5, -1.75],
							"lerp_mode": "catmullrom"
						},
						"3.4333": {
							"post": [0, 0, 0.5],
							"lerp_mode": "catmullrom"
						},
						"3.5333": {
							"post": [0, 0, -0.10625],
							"lerp_mode": "catmullrom"
						},
						"3.6667": {
							"post": [0, 0, 0.025],
							"lerp_mode": "catmullrom"
						},
						"3.8": {
							"post": [0, 0, 0],
							"lerp_mode": "catmullrom"
						}
					}
				},
				"bolt": {
					"position": {
						"1.9333": [0, 0, 0],
						"2.0667": [0, 0, 1.7],
						"2.7": [0, 0, 1.7],
						"2.7333": [0, 0, 0]
					}
				},
				"camera": {
					"rotation": {
						"0.0": {
							"post": [0, 0, 0],
							"lerp_mode": "catmullrom"
						},
						"0.1333": {
							"post": [0.42, 0.12, -0.16],
							"lerp_mode": "catmullrom"
						},
						"0.3": {
							"post": [2, 0.275, -0.375],
							"lerp_mode": "catmullrom"
						},
						"0.4333": {
							"post": [2.7, 0.33, -0.2],
							"lerp_mode": "catmullrom"
						},
						"0.5667": {
							"post": [2.345, 0.37, -0.695],
							"lerp_mode": "catmullrom"
						},
						"0.7333": {
							"post": [2.23, 0.4, -0.575],
							"lerp_mode": "catmullrom"
						},
						"1.0667": {
							"post": [2.4, 0.49, -0.79],
							"lerp_mode": "catmullrom"
						},
						"1.4": {
							"post": [2.16, 0.35, -0.925],
							"lerp_mode": "catmullrom"
						},
						"1.8667": {
							"post": [3.265, 2.9, 0.575],
							"lerp_mode": "catmullrom"
						},
						"1.9667": {
							"post": [3.3, 2.96, 0.66],
							"lerp_mode": "catmullrom"
						},
						"2.0667": {
							"post": [3.37, 2.97, 1.205],
							"lerp_mode": "catmullrom"
						},
						"2.1667": {
							"post": [4.16, 2.96, 0.27],
							"lerp_mode": "catmullrom"
						},
						"2.5": {
							"post": [3.66, 2.96, 0.82],
							"lerp_mode": "catmullrom"
						},
						"2.7": {
							"post": [3.535, 2.85, 0.975],
							"lerp_mode": "catmullrom"
						},
						"2.7667": {
							"post": [4.09, 2.75, 1.895],
							"lerp_mode": "catmullrom"
						},
						"2.8667": {
							"post": [2.74, 2.27, 0.1],
							"lerp_mode": "catmullrom"
						},
						"3.0667": {
							"post": [2.405, 0.185, 1.37],
							"lerp_mode": "catmullrom"
						},
						"3.3": {
							"post": [-0.33, -0.04, 0.51],
							"lerp_mode": "catmullrom"
						},
						"3.5": {
							"post": [-0.125, 0, -0.275],
							"lerp_mode": "catmullrom"
						},
						"3.6": {
							"post": [0.44, 0.04, 0.25],
							"lerp_mode": "catmullrom"
						},
						"3.7333": {
							"post": [-0.065, 0.02, -0.095],
							"lerp_mode": "catmullrom"
						},
						"3.8667": {
							"post": [0, 0, 0],
							"lerp_mode": "catmullrom"
						}
					}
				},
				"pull": {
					"position": {
						"1.9333": [0, 0, 0],
						"2.0667": [0, 0, 1.7],
						"2.7": [0, 0, 1.7],
						"2.7333": [0, 0, 0]
					}
				}
			},
			"sound_effects": {
				"0.0": {
					"effect": "trisdyna:iras/p90_inspect_raise"
				},
				"1.9": {
					"effect": "trisdyna:iras/p90_reload_empty_boltcharge"
				},
				"2.3": {
					"effect": "trisdyna:iras/hk_g3_reload_carrierrelease"
				},
				"2.8333": {
					"effect": "trisdyna:iras/p90_inspect_end"
				}
			}
		},
		"inspect_empty": {
			"animation_length": 4,
			"bones": {
				"lefthand": {
					"rotation": {
						"0.0": [107.69108, -32.75736, -156.00452],
						"1.3667": [107.69108, -32.75736, -167.00452],
						"1.6333": [119.17409, -0.96827, -257.06444],
						"1.9333": [119.17409, -0.96827, -257.06444],
						"2.6667": [119.17409, -0.96827, -257.06444],
						"2.7333": [124.11777, -4.72958, -284.99142],
						"2.9667": [119.17409, -0.96827, -257.06444],
						"3.1": [101.85565, -31.6009, -145.88105],
						"3.2": [107.69108, -32.75736, -156.00452]
					},
					"position": {
						"0.0": [6.5, -16.6, -7.4],
						"1.4": [6.5, -16.6, -7.4],
						"1.6333": [8.7075, -11.845, 6.18625],
						"1.9333": [8.7075, -11.845, 6.18625],
						"2.0667": [8.7075, -11.85, 7.49125],
						"2.1667": [8.7075, -11.85, 7.66625],
						"2.3333": [8.7075, -11.85, 7.53625],
						"2.6667": [8.7075, -11.85, 7.61625],
						"2.7333": [9.37348, -10.84595, 13.2499],
						"2.9667": [11.96372, -13.47086, 13.03675],
						"3.1": [10.1575, -14.86, -1.01375],
						"3.2": [6.5, -16.6, -7.4]
					},
					"scale": [1, 1.5, 1]
				},
				"righthand": {
					"rotation": [89.49998, -0.49998, -179.99563],
					"position": [-6.85, -16.775, 3.175],
					"scale": [1, 1.5, 1]
				},
				"root": {
					"rotation": {
						"0.0": {
							"post": [0, 0, 0],
							"lerp_mode": "catmullrom"
						},
						"0.1667": {
							"post": [-16.47921, -9.81655, -15.02475],
							"lerp_mode": "catmullrom"
						},
						"0.2667": {
							"post": [-18.40736, -26.44069, -37.68703],
							"lerp_mode": "catmullrom"
						},
						"0.4": {
							"post": [-15.96715, -36.09364, -52.92512],
							"lerp_mode": "catmullrom"
						},
						"0.5333": {
							"post": [-17.36928, -38.19063, -51.80192],
							"lerp_mode": "catmullrom"
						},
						"0.7": {
							"post": [-16.11701, -39.38218, -53.47447],
							"lerp_mode": "catmullrom"
						},
						"1.0333": {
							"post": [-18.99466, -38.25032, -48.88535],
							"lerp_mode": "catmullrom"
						},
						"1.2333": {
							"post": [-22.69787, -19.70601, -35.21184],
							"lerp_mode": "catmullrom"
						},
						"1.4": {
							"post": [-20.58, -5.66, -11.65],
							"lerp_mode": "catmullrom"
						},
						"1.6": {
							"post": [-27.50449, 20.26323, 17.53224],
							"lerp_mode": "catmullrom"
						},
						"1.7667": {
							"post": [-29.845, 29.5325, 29.3125],
							"lerp_mode": "catmullrom"
						},
						"1.9": {
							"post": [-30.9525, 30.24, 29.36375],
							"lerp_mode": "catmullrom"
						},
						"2.0333": {
							"post": [-29.02324, 30.06323, 31.64474],
							"lerp_mode": "catmullrom"
						},
						"2.1333": {
							"post": [-27.4675, 31.795, 33.36125],
							"lerp_mode": "catmullrom"
						},
						"2.2333": {
							"post": [-29.76875, 30.67875, 29.32],
							"lerp_mode": "catmullrom"
						},
						"2.3667": {
							"post": [-29.56373, 29.96896, 30.37586],
							"lerp_mode": "catmullrom"
						},
						"2.7": {
							"post": [-29.225, 29.555, 28.43],
							"lerp_mode": "catmullrom"
						},
						"2.7333": {
							"post": [-32.11369, 26.47641, 23.25753],
							"lerp_mode": "catmullrom"
						},
						"2.7667": {
							"post": [-29.9871, 29.19678, 29.03653],
							"lerp_mode": "catmullrom"
						},
						"2.8333": {
							"post": [-31.2741, 26.7239, 23.10799],
							"lerp_mode": "catmullrom"
						},
						"2.8667": {
							"post": [-25.24, 23.75, 21.28],
							"lerp_mode": "catmullrom"
						},
						"3.0667": {
							"post": [-9.2, 3.79, 8.05],
							"lerp_mode": "catmullrom"
						},
						"3.1333": {
							"post": [-5.15505, -0.93208, 3.01761],
							"lerp_mode": "catmullrom"
						},
						"3.2667": {
							"post": [-3.63, 2.24125, -3.92],
							"lerp_mode": "catmullrom"
						},
						"3.3667": {
							"post": [-0.79712, 1.52875, -1.1995],
							"lerp_mode": "catmullrom"
						},
						"3.4333": {
							"post": [0.595, 0.64, 2.28],
							"lerp_mode": "catmullrom"
						},
						"3.4667": {
							"post": [0.835, 0.19, -0.9525],
							"lerp_mode": "catmullrom"
						},
						"3.5667": {
							"post": [0, 0, 0.73125],
							"lerp_mode": "catmullrom"
						},
						"3.7": {
							"post": [0, 0, 0],
							"lerp_mode": "catmullrom"
						}
					},
					"position": {
						"0.0": {
							"post": [0, 0, 0],
							"lerp_mode": "catmullrom"
						},
						"0.1": {
							"post": [-0.13, -0.34125, -0.285],
							"lerp_mode": "catmullrom"
						},
						"0.2333": {
							"post": [-0.315, 0.6675, -0.6875],
							"lerp_mode": "catmullrom"
						},
						"0.3667": {
							"post": [-0.6, -0.04375, -0.75625],
							"lerp_mode": "catmullrom"
						},
						"0.5": {
							"post": [-0.6, 0.38125, -0.97],
							"lerp_mode": "catmullrom"
						},
						"0.7333": {
							"post": [-0.7, 0.33, -0.965],
							"lerp_mode": "catmullrom"
						},
						"1.0": {
							"post": [-0.725, 0.33, -0.965],
							"lerp_mode": "catmullrom"
						},
						"1.2": {
							"post": [-0.68, -0.245, -0.79],
							"lerp_mode": "catmullrom"
						},
						"1.5": {
							"post": [-0.61, -1.28, -0.69],
							"lerp_mode": "catmullrom"
						},
						"1.6667": {
							"post": [-0.31, 0.9375, -1.19],
							"lerp_mode": "catmullrom"
						},
						"1.7667": {
							"post": [-0.19, 1.37, -1.22],
							"lerp_mode": "catmullrom"
						},
						"1.8667": {
							"post": [-0.11, 1.3, -1.19],
							"lerp_mode": "catmullrom"
						},
						"1.9667": {
							"post": [-0.11, 1.2875, -1.19],
							"lerp_mode": "catmullrom"
						},
						"2.0333": {
							"post": [-0.09, 1.165, -1.32],
							"lerp_mode": "catmullrom"
						},
						"2.1333": {
							"post": [-0.06, 1.55, -1.515],
							"lerp_mode": "catmullrom"
						},
						"2.2667": {
							"post": [-0.06, 1.61, -1.48],
							"lerp_mode": "catmullrom"
						},
						"2.4": {
							"post": [-0.06, 1.53625, -1.42875],
							"lerp_mode": "catmullrom"
						},
						"2.6667": {
							"post": [-0.06, 1.51, -1.43],
							"lerp_mode": "catmullrom"
						},
						"2.7": {
							"post": [-0.06, 1.54125, -1.58],
							"lerp_mode": "catmullrom"
						},
						"2.7333": {
							"post": [-0.06, 1.37875, -1.705],
							"lerp_mode": "catmullrom"
						},
						"2.8333": {
							"post": [-0.06, 1.13, -1.42875],
							"lerp_mode": "catmullrom"
						},
						"3.1333": {
							"post": [-0.07, -1.21, -1.71],
							"lerp_mode": "catmullrom"
						},
						"3.3": {
							"post": [0, -0.5, -1.75],
							"lerp_mode": "catmullrom"
						},
						"3.4333": {
							"post": [0, 0, 0.5],
							"lerp_mode": "catmullrom"
						},
						"3.5333": {
							"post": [0, 0, -0.10625],
							"lerp_mode": "catmullrom"
						},
						"3.6667": {
							"post": [0, 0, 0.025],
							"lerp_mode": "catmullrom"
						},
						"3.8": {
							"post": [0, 0, 0],
							"lerp_mode": "catmullrom"
						}
					}
				},
				"bolt": {
					"position": {
						"1.9333": [0, 0, 0],
						"2.0667": [0, 0, 1.7],
						"2.7": [0, 0, 1.7],
						"2.7333": [0, 0, 0]
					}
				},
				"camera": {
					"rotation": {
						"0.0": {
							"post": [0, 0, 0],
							"lerp_mode": "catmullrom"
						},
						"0.1333": {
							"post": [0.42, 0.12, -0.16],
							"lerp_mode": "catmullrom"
						},
						"0.3": {
							"post": [2, 0.275, -0.375],
							"lerp_mode": "catmullrom"
						},
						"0.4333": {
							"post": [2.7, 0.33, -0.2],
							"lerp_mode": "catmullrom"
						},
						"0.5667": {
							"post": [2.345, 0.37, -0.695],
							"lerp_mode": "catmullrom"
						},
						"0.7333": {
							"post": [2.23, 0.4, -0.575],
							"lerp_mode": "catmullrom"
						},
						"1.0667": {
							"post": [2.4, 0.49, -0.79],
							"lerp_mode": "catmullrom"
						},
						"1.4": {
							"post": [2.16, 0.35, -0.925],
							"lerp_mode": "catmullrom"
						},
						"1.8667": {
							"post": [3.265, 2.9, 0.575],
							"lerp_mode": "catmullrom"
						},
						"1.9667": {
							"post": [3.3, 2.96, 0.66],
							"lerp_mode": "catmullrom"
						},
						"2.0667": {
							"post": [3.37, 2.97, 1.205],
							"lerp_mode": "catmullrom"
						},
						"2.1667": {
							"post": [4.16, 2.96, 0.27],
							"lerp_mode": "catmullrom"
						},
						"2.5": {
							"post": [3.66, 2.96, 0.82],
							"lerp_mode": "catmullrom"
						},
						"2.7": {
							"post": [3.535, 2.85, 0.975],
							"lerp_mode": "catmullrom"
						},
						"2.7667": {
							"post": [4.09, 2.75, 1.895],
							"lerp_mode": "catmullrom"
						},
						"2.8667": {
							"post": [2.74, 2.27, 0.1],
							"lerp_mode": "catmullrom"
						},
						"3.0667": {
							"post": [2.405, 0.185, 1.37],
							"lerp_mode": "catmullrom"
						},
						"3.3": {
							"post": [-0.33, -0.04, 0.51],
							"lerp_mode": "catmullrom"
						},
						"3.5": {
							"post": [-0.125, 0, -0.275],
							"lerp_mode": "catmullrom"
						},
						"3.6": {
							"post": [0.44, 0.04, 0.25],
							"lerp_mode": "catmullrom"
						},
						"3.7333": {
							"post": [-0.065, 0.02, -0.095],
							"lerp_mode": "catmullrom"
						},
						"3.8667": {
							"post": [0, 0, 0],
							"lerp_mode": "catmullrom"
						}
					}
				},
				"pull": {
					"position": {
						"1.9333": [0, 0, 0],
						"2.0667": [0, 0, 1.7],
						"2.7": [0, 0, 1.7],
						"2.7333": [0, 0, 0]
					}
				}
			},
			"sound_effects": {
				"0.0": {
					"effect": "trisdyna:iras/p90_inspect_raise"
				},
				"1.9": {
					"effect": "trisdyna:iras/p90_reload_empty_boltcharge"
				},
				"2.3": {
					"effect": "trisdyna:iras/hk_g3_reload_carrierrelease"
				},
				"2.8333": {
					"effect": "trisdyna:iras/p90_inspect_end"
				}
			}
		},
		"over_heat": {
			"animation_length": 2.1,
			"bones": {
				"root": {
					"rotation": {
						"0.0": {
							"post": [0, 0, 0],
							"lerp_mode": "catmullrom"
						},
						"0.15": {
							"post": [-12.5, 0, 0],
							"lerp_mode": "catmullrom"
						},
						"0.25": {
							"post": [-11.27726, -1.27668, 1.22274],
							"lerp_mode": "catmullrom"
						},
						"0.35": {
							"post": [-12.10495, 0.5563, 0.40792],
							"lerp_mode": "catmullrom"
						},
						"0.55": {
							"post": [-10.43262, -0.11066, -0.42414],
							"lerp_mode": "catmullrom"
						},
						"0.7": {
							"post": [-7.46616, -3.71711, 6.47411],
							"lerp_mode": "catmullrom"
						},
						"0.9": {
							"post": [-7.93631, -3.17025, 5.43034],
							"lerp_mode": "catmullrom"
						},
						"1.25": {
							"post": [-8.41113, -1.56127, 3.69567],
							"lerp_mode": "catmullrom"
						},
						"1.65": {
							"post": [-1.76804, 0.40298, -0.29141],
							"lerp_mode": "catmullrom"
						},
						"1.8": {
							"post": [0.15, 0.36, 1.105],
							"lerp_mode": "catmullrom"
						},
						"1.85": {
							"post": [0.63, 0.23, -0.38],
							"lerp_mode": "catmullrom"
						},
						"2.0": {
							"post": [0.375, 0, 0],
							"lerp_mode": "catmullrom"
						},
						"2.1": {
							"post": [0, 0, 0],
							"lerp_mode": "catmullrom"
						}
					},
					"position": {
						"0.0": {
							"post": [0, 0, 0],
							"lerp_mode": "catmullrom"
						},
						"0.15": {
							"post": [0, 0, 0],
							"lerp_mode": "catmullrom"
						},
						"0.3": {
							"post": [0, -0.3, 0.745],
							"lerp_mode": "catmullrom"
						},
						"0.45": {
							"post": [-0.225, -0.375, 0.475],
							"lerp_mode": "catmullrom"
						},
						"0.6": {
							"post": [-0.22, -0.35, 0.35],
							"lerp_mode": "catmullrom"
						},
						"1.1": {
							"post": [-0.015, -0.59, 0.05],
							"lerp_mode": "catmullrom"
						},
						"1.4": {
							"post": [-0.04, -2.105, 0.01],
							"lerp_mode": "catmullrom"
						},
						"1.65": {
							"post": [-0.11, 0.54, 0.015],
							"lerp_mode": "catmullrom"
						},
						"1.7": {
							"post": [-0.11, 0.36, -0.03],
							"lerp_mode": "catmullrom"
						},
						"1.8": {
							"post": [-0.11, -0.34, -0.035],
							"lerp_mode": "catmullrom"
						},
						"2.0": {
							"post": [-0.05, -0.005, -0.02],
							"lerp_mode": "catmullrom"
						},
						"2.1": {
							"post": [0, 0, 0],
							"lerp_mode": "catmullrom"
						}
					}
				},
				"camera": {
					"rotation": {
						"0.15": {
							"pre": [0, 0, 0],
							"post": [0, 0, 0],
							"lerp_mode": "catmullrom"
						},
						"0.3": {
							"post": [-0.205, 0, 0.725],
							"lerp_mode": "catmullrom"
						},
						"0.4": {
							"post": [-0.11, -0.03, 0.095],
							"lerp_mode": "catmullrom"
						},
						"0.55": {
							"post": [0.355, -0.1, 0.475],
							"lerp_mode": "catmullrom"
						},
						"0.7": {
							"post": [2.95, -0.525, 1.05],
							"lerp_mode": "catmullrom"
						},
						"0.9": {
							"post": [2.58, -0.625, 1.025],
							"lerp_mode": "catmullrom"
						},
						"1.25": {
							"post": [2.59, -0.425, 1.025],
							"lerp_mode": "catmullrom"
						},
						"1.45": {
							"post": [3.51, -0.425, 0.875],
							"lerp_mode": "catmullrom"
						},
						"1.65": {
							"post": [-0.255, 0, 0],
							"lerp_mode": "catmullrom"
						},
						"1.8": {
							"post": [0.255, 0.02, 0.53],
							"lerp_mode": "catmullrom"
						},
						"1.95": {
							"post": [0, 0, -0.3],
							"lerp_mode": "catmullrom"
						},
						"2.1": {
							"post": [0, 0, 0],
							"lerp_mode": "catmullrom"
						}
					}
				}
			},
			"sound_effects": {
				"0.0": {
					"effect": "trisdyna:tris_hot1"
				}
			}
		}
	}
}