{
	"format_version": "1.8.0",
	"animations": {
		"static_idle": {
			"animation_length": 2.25,
			"bones": {
				"righthand": {
					"rotation": [73, 0, -162.5],
					"position": [-6.5, -9.1, 11.7],
					"scale": [1, 1.5, 1]
				},
				"lefthand": {
					"rotation": [99.50245, -1.00134, -272.2184],
					"position": [14.63, -14.65, -4.72],
					"scale": [1, 1.5, 1]
				}
			}
		},
		"draw": {
			"animation_length": 7.2917,
			"bones": {
				"1": {
					"position": {
						"1.9583": {
							"pre": [-2.5, 0, 0],
							"post": [-2.5, 0, 0],
							"lerp_mode": "catmullrom"
						},
						"2.0833": {
							"post": [-0.45, 0, 0],
							"lerp_mode": "catmullrom"
						},
						"2.5": {
							"post": [0, 0, 0],
							"lerp_mode": "catmullrom"
						}
					},
					"scale": {
						"1.875": [0, 0, 0],
						"1.9583": {"pre": [0, 0, 0], "post": [1, 1, 1]}
					}
				},
				"2": {
					"position": {
						"1.9583": {
							"pre": [2.5, 0, 0],
							"post": [2.5, 0, 0],
							"lerp_mode": "catmullrom"
						},
						"2.0833": {
							"post": [0.34, 0, 0],
							"lerp_mode": "catmullrom"
						},
						"2.5": {
							"post": [0, 0, 0],
							"lerp_mode": "catmullrom"
						}
					},
					"scale": {
						"1.875": [0, 0, 0],
						"1.9583": {"pre": [0, 0, 0], "post": [1, 1, 1]}
					}
				},
				"root": {
					"rotation": {
						"0.0417": {
							"pre": [27.63626, -12.39732, 1.96667],
							"post": [27.63626, -12.39732, 1.96667],
							"lerp_mode": "catmullrom"
						},
						"0.4167": {
							"post": [18.10484, -16.709, 1.64115],
							"lerp_mode": "catmullrom"
						},
						"0.75": {
							"post": [-4.28446, -3.0823, 5.70013],
							"lerp_mode": "catmullrom"
						},
						"1.0": {
							"post": [-2.93983, -1.1144, 5.20444],
							"lerp_mode": "catmullrom"
						},
						"1.0833": {
							"post": [0.90314, -1.29549, 0.97824],
							"lerp_mode": "catmullrom"
						},
						"1.1667": {
							"post": [1.01, -1.16, -0.39],
							"lerp_mode": "catmullrom"
						},
						"1.25": {
							"post": [0.7, -0.76, 1.725],
							"lerp_mode": "catmullrom"
						},
						"1.4167": {
							"post": [-0.06693, 0.15151, -0.28733],
							"lerp_mode": "catmullrom"
						},
						"1.5833": {
							"post": [0, 0, 0],
							"lerp_mode": "catmullrom"
						}
					},
					"position": {
						"0.0417": {
							"pre": [-6.8, -8.2, 6.7],
							"post": [-6.8, -8.2, 6.7],
							"lerp_mode": "catmullrom"
						},
						"0.75": {
							"post": [-0.45, 0.175, 0.675],
							"lerp_mode": "catmullrom"
						},
						"1.0417": {
							"post": [-0.33, -0.38, 0.64],
							"lerp_mode": "catmullrom"
						},
						"1.1667": {
							"post": [-0.31, -1.165, 0.51],
							"lerp_mode": "catmullrom"
						},
						"1.25": {
							"post": [-0.27, -0.655, 0.35],
							"lerp_mode": "catmullrom"
						},
						"1.4583": {
							"post": [-0.06, -0.04, 0.025],
							"lerp_mode": "catmullrom"
						},
						"1.5833": {
							"post": [0, 0, 0],
							"lerp_mode": "catmullrom"
						}
					}
				},
				"righthand": {
					"rotation": [73, 0, -162.5],
					"position": [-6.5, -9.1, 11.7],
					"scale": [1, 1.5, 1]
				},
				"lefthand": {
					"rotation": [99.50245, -1.00134, -272.2184],
					"position": [14.63, -14.65, -4.72],
					"scale": [1, 1.5, 1]
				},
				"camera": {
					"rotation": {
						"0.0": {
							"post": [0, 0, 0],
							"lerp_mode": "catmullrom"
						},
						"0.25": {
							"post": [-0.3, -0.05, 0.125],
							"lerp_mode": "catmullrom"
						},
						"0.5": {
							"post": [1.535, -0.425, 0.85],
							"lerp_mode": "catmullrom"
						},
						"0.6667": {
							"post": [2.175, -0.45, 1.3],
							"lerp_mode": "catmullrom"
						},
						"0.8333": {
							"post": [2.55, -0.275, 0.85],
							"lerp_mode": "catmullrom"
						},
						"1.0833": {
							"post": [1.03, -0.2, 0],
							"lerp_mode": "catmullrom"
						},
						"1.2083": {
							"post": [-0.45, 0.05, 0.325],
							"lerp_mode": "catmullrom"
						},
						"1.2917": {
							"post": [0.325, 0, -0.375],
							"lerp_mode": "catmullrom"
						},
						"1.4583": {
							"post": [-0.075, 0, 0.075],
							"lerp_mode": "catmullrom"
						},
						"1.5833": {
							"post": [0, 0, 0],
							"lerp_mode": "catmullrom"
						}
					}
				},
				"bone84": {
					"scale": {
						"1.8333": {
							"pre": [0, 0, 0],
							"post": [0, 0, 0],
							"lerp_mode": "catmullrom"
						},
						"2.0": {
							"post": [0.7969, 0.7969, 0.7969],
							"lerp_mode": "catmullrom"
						},
						"2.1667": {
							"post": [1, 1, 1],
							"lerp_mode": "catmullrom"
						}
					}
				},
				"bone45": {
					"scale": {
						"1.8333": {
							"pre": [0, 0, 0],
							"post": [0, 0, 0],
							"lerp_mode": "catmullrom"
						},
						"2.0": {
							"post": [0.7969, 0.7969, 0.7969],
							"lerp_mode": "catmullrom"
						},
						"2.1667": {
							"post": [1, 1, 1],
							"lerp_mode": "catmullrom"
						}
					}
				},
				"bone83": {
					"scale": {
						"1.8333": {
							"pre": [0, 0, 0],
							"post": [0, 0, 0],
							"lerp_mode": "catmullrom"
						},
						"2.0": {
							"post": [0.7969, 0.7969, 0.7969],
							"lerp_mode": "catmullrom"
						},
						"2.1667": {
							"post": [1, 1, 1],
							"lerp_mode": "catmullrom"
						}
					}
				},
				"bone82": {
					"scale": {
						"1.8333": {
							"pre": [0, 0, 0],
							"post": [0, 0, 0],
							"lerp_mode": "catmullrom"
						},
						"2.0": {
							"post": [0.7969, 0.7969, 0.7969],
							"lerp_mode": "catmullrom"
						},
						"2.1667": {
							"post": [1, 1, 1],
							"lerp_mode": "catmullrom"
						}
					}
				},
				"wz1_illuminated": {
					"rotation": {
						"0.0": [0, 0, 0],
						"0.2083": {"pre": [0, 0, 0], "post": [-17.5, -90, 0]}
					},
					"position": {
						"0.0": [0, 0, 0],
						"0.2083": {"pre": [0, 0, 0], "post": [0, 12.86115, -9.09788]}
					},
					"scale": {
						"0.2083": [1, 1, 1],
						"0.25": {"pre": [1, 1, 1], "post": [0, 0, 0]},
						"0.2917": {"pre": [0, 0, 0], "post": [1, 1, 1]},
						"0.3333": {"pre": [1, 1, 1], "post": [0, 0, 0]},
						"0.375": {"pre": [0, 0, 0], "post": [1, 1, 1]},
						"1.875": {"pre": [1, 1, 1], "post": [0, 0, 0]}
					}
				},
				"wz2_illuminated": {
					"rotation": {
						"1.2917": [0, 0, 0],
						"1.875": {"pre": [0, 0, 0], "post": [-17.5, -90, 0]}
					},
					"position": {
						"1.2917": [0, 0, 0],
						"1.875": {"pre": [0, 0, 0], "post": [0, 12.86115, -9.09788]}
					},
					"scale": {
						"1.875": [1, 1, 1],
						"1.9167": {"pre": [1, 1, 1], "post": [0, 0, 0]},
						"1.9583": {"pre": [0, 0, 0], "post": [1, 1, 1]},
						"2.0": {"pre": [1, 1, 1], "post": [0, 0, 0]},
						"2.0417": {"pre": [0, 0, 0], "post": [1, 1, 1]},
						"3.625": {"pre": [1, 1, 1], "post": [0, 0, 0]},
						"3.6667": {"pre": [0, 0, 0], "post": [1, 1, 1]},
						"3.7083": {"pre": [1, 1, 1], "post": [0, 0, 0]},
						"3.75": {"pre": [0, 0, 0], "post": [1, 1, 1]}
					}
				},
				"hud_illuminated": {
					"scale": {
						"0.5417": [0, 0, 0],
						"2.0833": {"pre": [0, 0, 0], "post": [1, 1, 1]},
						"2.1667": {"pre": [1, 1, 1], "post": [0, 0, 0]},
						"2.25": {"pre": [0, 0, 0], "post": [1, 1, 1]},
						"2.2917": {"pre": [1, 1, 1], "post": [0, 0, 0]},
						"2.3333": {"pre": [0, 0, 0], "post": [1, 1, 1]}
					}
				},
				"kedu": {
					"scale": {
						"2.375": [0, 0, 0],
						"2.4167": {"pre": [0, 0, 0], "post": [1, 1, 1]},
						"2.4583": {"pre": [1, 1, 1], "post": [0, 0, 0]},
						"2.5": {"pre": [0, 0, 0], "post": [1, 1, 1]},
						"2.5417": {"pre": [1, 1, 1], "post": [0, 0, 0]},
						"2.5833": {"pre": [0, 0, 0], "post": [1, 1, 1]}
					}
				},
				"jiantou": {
					"position": {
						"2.4167": {
							"pre": [0, -2, 0],
							"post": [0, -2, 0],
							"lerp_mode": "catmullrom"
						},
						"2.6667": {
							"post": [0, 0.2625, 0],
							"lerp_mode": "catmullrom"
						},
						"3.0833": {
							"post": [0, 0, 0],
							"lerp_mode": "catmullrom"
						}
					},
					"scale": {
						"2.3333": [0, 0, 0],
						"2.4167": {"pre": [0, 0, 0], "post": [1, 1, 1]}
					}
				},
				"biaochi": {
					"position": {
						"1.875": {
							"pre": [1, 0, 0],
							"post": [1, 0, 0],
							"lerp_mode": "catmullrom"
						},
						"2.0417": {
							"post": [1.035, 0, 0],
							"lerp_mode": "catmullrom"
						},
						"2.1667": {
							"post": [-0.01, 0, 0],
							"lerp_mode": "catmullrom"
						},
						"2.375": {
							"post": [0, 0, 0],
							"lerp_mode": "catmullrom"
						}
					},
					"scale": {
						"1.9583": [0, 0, 0],
						"2.125": {
							"pre": [1, 1, 1],
							"post": [1, 1, 1],
							"lerp_mode": "catmullrom"
						}
					}
				},
				"jd1": {
					"position": [6, 12, 0],
					"scale": {
						"0.0": [1, 1, 1],
						"2.0": [140, 1, 1]
					}
				},
				"jindutiao": {
					"scale": {
						"1.8333": [1, 1, 1],
						"1.875": {"pre": [1, 1, 1], "post": [0, 0, 0]}
					}
				},
				"jd2": {
					"position": [-6, 12, 0],
					"scale": {
						"0.0": [1, 1, 1],
						"2.0": [140, 1, 1]
					}
				},
				"bone85": {
					"scale": {
						"1.8333": {
							"pre": [0, 0, 0],
							"post": [0, 0, 0],
							"lerp_mode": "catmullrom"
						},
						"2.0": {
							"post": [0.7969, 0.7969, 0.7969],
							"lerp_mode": "catmullrom"
						},
						"2.1667": {
							"post": [1, 1, 1],
							"lerp_mode": "catmullrom"
						}
					}
				},
				"overhothud": {
					"scale": {
						"0.0": [0, 0, 0],
						"2.1667": {"pre": [0, 0, 0], "post": [1, 1, 1]}
					}
				},
				"wzs2_illuminated": {
					"rotation": {
						"1.2917": [0, 0, 0],
						"1.875": {"pre": [0, 0, 0], "post": [0, -90, 0]}
					},
					"position": {
						"1.2917": [0, 0, 0],
						"1.875": {"pre": [0, 0, 0], "post": [6, 5.36115, -4.09788]}
					},
					"scale": {
						"1.875": [1, 1, 1],
						"1.9167": {"pre": [1, 1, 1], "post": [0, 0, 0]},
						"1.9583": {"pre": [0, 0, 0], "post": [1, 1, 1]},
						"2.0": {"pre": [1, 1, 1], "post": [0, 0, 0]},
						"2.0417": {"pre": [0, 0, 0], "post": [1, 1, 1]},
						"3.625": {"pre": [1, 1, 1], "post": [0, 0, 0]},
						"3.6667": {"pre": [0, 0, 0], "post": [1, 1, 1]},
						"3.7083": {"pre": [1, 1, 1], "post": [0, 0, 0]},
						"3.75": {"pre": [0, 0, 0], "post": [1, 1, 1]},
						"3.7917": {"pre": [1, 1, 1], "post": [0, 0, 0]}
					}
				},
				"wzs1_illuminated": {
					"rotation": {
						"0.0": [0, 0, 0],
						"0.2083": {"pre": [0, 0, 0], "post": [0, -90, 0]}
					},
					"position": {
						"0.0": [0, 0, 0],
						"0.2083": {"pre": [0, 0, 0], "post": [6, 4.36115, -4.09788]}
					},
					"scale": {
						"0.2083": [1, 1, 1],
						"0.25": {"pre": [1, 1, 1], "post": [0, 0, 0]},
						"0.2917": {"pre": [0, 0, 0], "post": [1, 1, 1]},
						"0.3333": {"pre": [1, 1, 1], "post": [0, 0, 0]},
						"0.375": {"pre": [0, 0, 0], "post": [1, 1, 1]},
						"1.875": {"pre": [1, 1, 1], "post": [0, 0, 0]}
					}
				}
			},
			"sound_effects": {
				"0.0": {
					"effect": "trisdyna:rc/aegis_on"
				},
				"0.0417": {
					"effect": "trisdyna:emx_sf7b/md4"
				},
				"0.25": {
					"effect": "trisdyna:emx_sf7b/tris_mod1"
				}
			}
		},
		"put_away": {
			"animation_length": 1.85,
			"bones": {
				"righthand": {
					"rotation": [73, 0, -162.5],
					"position": [-6.5, -9.1, 11.7],
					"scale": [1, 1.5, 1]
				},
				"lefthand": {
					"rotation": [99.50245, -1.00134, -272.2184],
					"position": [14.63, -14.65, -4.72],
					"scale": [1, 1.5, 1]
				},
				"root": {
					"rotation": {
						"0.0": {
							"post": [0, 0, 0],
							"lerp_mode": "catmullrom"
						},
						"0.3": {
							"post": [0.7, -0.76, 1.725],
							"lerp_mode": "catmullrom"
						},
						"0.7": {
							"post": [1.01, -1.16, -0.39],
							"lerp_mode": "catmullrom"
						},
						"1.0": {
							"post": [-4.28446, -3.0823, 5.70013],
							"lerp_mode": "catmullrom"
						},
						"1.3": {
							"post": [18.10484, -16.709, 1.64115],
							"lerp_mode": "catmullrom"
						},
						"1.55": {
							"post": [27.63626, -12.39732, 1.96667],
							"lerp_mode": "catmullrom"
						},
						"1.85": {
							"post": [60.13626, -12.39732, 1.96667],
							"lerp_mode": "catmullrom"
						}
					},
					"position": {
						"0.0": {
							"post": [0, 0, 0],
							"lerp_mode": "catmullrom"
						},
						"0.3": {
							"post": [-0.27, -0.655, 0.35],
							"lerp_mode": "catmullrom"
						},
						"0.7": {
							"post": [-0.31, -1.165, 0.51],
							"lerp_mode": "catmullrom"
						},
						"1.0": {
							"post": [-0.45, -4.825, 0.675],
							"lerp_mode": "catmullrom"
						},
						"1.55": {
							"post": [-6.8, -8.2, 6.7],
							"lerp_mode": "catmullrom"
						},
						"1.85": {
							"post": [-6.8, -32.2, 6.7],
							"lerp_mode": "catmullrom"
						}
					}
				},
				"camera": {
					"rotation": {
						"0.0": {
							"post": [0, 0, 0],
							"lerp_mode": "catmullrom"
						},
						"0.65": {
							"post": [0.3, 0.05, -0.125],
							"lerp_mode": "catmullrom"
						},
						"0.95": {
							"post": [-0.7, 0.225, -0.45],
							"lerp_mode": "catmullrom"
						},
						"1.3": {
							"post": [0.1, -0.03, 0.05],
							"lerp_mode": "catmullrom"
						},
						"1.55": {
							"post": [0, 0, 0],
							"lerp_mode": "catmullrom"
						}
					}
				},
				"hud_illuminated": {
					"scale": {
						"0.05": [0, 0, 0],
						"0.1": {
							"pre": [0, 0, 0],
							"post": [1, 1, 1]
						},
						"0.2": {
							"pre": [1, 1, 1],
							"post": [0, 0, 0]
						},
						"0.25": {
							"pre": [0, 0, 0],
							"post": [1, 1, 1]
						},
						"0.3": {
							"pre": [1, 1, 1],
							"post": [0, 0, 0]
						}
					}
				},
				"bchud_illuminated": {
					"scale": {
						"0.0": [0, 0, 0],
						"0.05": {
							"pre": [0, 0, 0],
							"post": [1, 1, 1]
						},
						"0.15": {
							"pre": [1, 1, 1],
							"post": [0, 0, 0]
						},
						"0.2": {
							"pre": [0, 0, 0],
							"post": [1, 1, 1]
						},
						"0.25": {
							"pre": [1, 1, 1],
							"post": [0, 0, 0]
						}
					}
				},
				"bone89": {
					"scale": {
						"0.0": [0, 0, 0],
						"0.05": {
							"pre": [0, 0, 0],
							"post": [1, 1, 1]
						},
						"0.15": {
							"pre": [1, 1, 1],
							"post": [0, 0, 0]
						},
						"0.2": {
							"pre": [0, 0, 0],
							"post": [1, 1, 1]
						},
						"0.25": {
							"pre": [1, 1, 1],
							"post": [0, 0, 0]
						}
					}
				},
				"overhothud": {
					"scale": {
						"0.0": [0, 0, 0],
						"0.05": {
							"pre": [0, 0, 0],
							"post": [1, 1, 1]
						},
						"0.15": {
							"pre": [1, 1, 1],
							"post": [0, 0, 0]
						},
						"0.2": {
							"pre": [0, 0, 0],
							"post": [1, 1, 1]
						},
						"0.25": {
							"pre": [1, 1, 1],
							"post": [0, 0, 0]
						}
					}
				},
				"wz3_illuminated": {
					"rotation": [-17.5, -90, 0],
					"position": [0, 14.5, -9.4375],
					"scale": {
						"0.0": [1, 1, 1],
						"0.05": {
							"pre": [1, 1, 1],
							"post": [0, 0, 0]
						},
						"0.1": {
							"pre": [0, 0, 0],
							"post": [1, 1, 1]
						},
						"0.15": {
							"pre": [1, 1, 1],
							"post": [0, 0, 0]
						},
						"0.2": {
							"pre": [0, 0, 0],
							"post": [1, 1, 1]
						}
					}
				},
				"wzs3_illuminated": {
					"rotation": [0, -90, 0],
					"position": [6, 5.5, -4.4375],
					"scale": {
						"0.0": [1, 1, 1],
						"0.05": {
							"pre": [1, 1, 1],
							"post": [0, 0, 0]
						},
						"0.1": {
							"pre": [0, 0, 0],
							"post": [1, 1, 1]
						},
						"0.15": {
							"pre": [1, 1, 1],
							"post": [0, 0, 0]
						},
						"0.2": {
							"pre": [0, 0, 0],
							"post": [1, 1, 1]
						}
					}
				}
			},
			"sound_effects": {
				"0.0": {
					"effect": "trisdyna:emx_sf7b/p05_ar_schotel_ubgl_drop_rattle"
				},
				"0.11": {
					"effect": "trisdyna:rc/aegis_off"
				},
				"0.5": {
					"effect": "trisdyna:emx_sf7b/p05_ar_schotel_reload_end"
				},
				"1.0": {
					"effect": "trisdyna:emx_sf7b/p05_ar_schotel_branched_reload_magin"
				}
			}
		},
		"inspect": {
			"animation_length": 13.1,
			"bones": {
				"barrel_rotate": {
					"rotation": {
						"3.2": [0, 0, 0],
						"3.25": [0, 0, 4.82149],
						"3.3": [0, 0, 19.0621],
						"3.35": [0, 0, 42.52514],
						"3.4": [0, 0, 74.95371],
						"3.45": [0, 0, 116.03084],
						"3.5": [0, 0, 165.38067],
						"3.55": [0, 0, 222.57074],
						"3.6": [0, 0, 287.11535],
						"3.65": [0, 0, 358.48005],
						"3.7": [0, 0, 436.08703],
						"3.75": [0, 0, 519.32143],
						"3.8": [0, 0, 607.53837],
						"3.85": [0, 0, 700.07062],
						"3.9": [0, 0, 796.23648],
						"3.95": [0, 0, 895.34805],
						"4.0": [0, 0, 996.71932],
						"4.05": [0, 0, 1099.67411],
						"4.1": [0, 0, 1203.55355],
						"4.15": [0, 0, 1307.72118],
						"4.2": [0, 0, 1411.5658],
						"4.25": [0, 0, 1514.51573],
						"4.3": [0, 0, 1616.03965],
						"4.35": [0, 0, 1715.63136],
						"4.4": [0, 0, 1812.83024],
						"4.45": [0, 0, 1907.25302],
						"4.5": [0, 0, 1998.46587],
						"4.55": [0, 0, 2086.20723],
						"4.6": [0, 0, 2170.12441],
						"4.65": [0, 0, 2249.9928],
						"4.7": [0, 0, 2325.60515],
						"4.75": [0, 0, 2396.76707],
						"4.8": [0, 0, 2463.29134],
						"4.85": [0, 0, 2525.0786],
						"4.9": [0, 0, 2582.03421],
						"4.95": [0, 0, 2634.08396],
						"5.0": [0, 0, 2681.14225],
						"5.05": [0, 0, 2723.18425],
						"5.1": [0, 0, 2760.21622],
						"5.15": [0, 0, 2792.25373],
						"5.2": [0, 0, 2819.22502],
						"5.25": [0, 0, 2841.21657],
						"5.3": [0, 0, 2858.25223],
						"5.35": [0, 0, 2870.34617],
						"5.4": [0, 0, 2877.55783],
						"5.45": [0, 0, 2880],
						"5.7": [0, 0, 2880]
					}
				},
				"root": {
					"rotation": {
						"0.0": {
							"post": [0, 0, 0],
							"lerp_mode": "catmullrom"
						},
						"0.2": {
							"post": [-7.53, 2.06, 6.33],
							"lerp_mode": "catmullrom"
						},
						"0.65": {
							"post": [-46.90635, 14.39361, 40.14991],
							"lerp_mode": "catmullrom"
						},
						"0.9": {
							"post": [-53.88135, 16.79361, 47.89991],
							"lerp_mode": "catmullrom"
						},
						"1.15": {
							"post": [-50.33135, 14.39361, 44.32491],
							"lerp_mode": "catmullrom"
						},
						"1.5": {
							"post": [-52.73876, 14.33138, 43.92205],
							"lerp_mode": "catmullrom"
						},
						"1.95": {
							"post": [-51.50635, 14.39361, 44.32491],
							"lerp_mode": "catmullrom"
						},
						"2.35": {
							"post": [-50.39877, 12.46385, 47.21199],
							"lerp_mode": "catmullrom"
						},
						"2.7": {
							"post": [-50.44, 12.52, 53.02],
							"lerp_mode": "catmullrom"
						},
						"3.0": {
							"post": [-50.74, 12.8, 51.04],
							"lerp_mode": "catmullrom"
						},
						"3.2": {
							"post": [-50.98052, 13.07674, 49.58782],
							"lerp_mode": "catmullrom"
						},
						"3.35": {
							"post": [-51.05197, 13.59797, 51.00398],
							"lerp_mode": "catmullrom"
						},
						"3.75": {
							"post": [-51.6076, 13.33594, 50.56181],
							"lerp_mode": "catmullrom"
						},
						"4.05": {
							"post": [-51.53088, 12.84293, 52.03216],
							"lerp_mode": "catmullrom"
						},
						"4.45": {
							"post": [-51.88206, 13.82305, 51.48602],
							"lerp_mode": "catmullrom"
						},
						"5.05": {
							"post": [-51.91702, 11.94942, 49.18673],
							"lerp_mode": "catmullrom"
						},
						"5.25": {
							"post": [-49.68261, 8.72538, 27.85099],
							"lerp_mode": "catmullrom"
						},
						"5.45": {
							"post": [-48.85506, 4.30821, -12.882],
							"lerp_mode": "catmullrom"
						},
						"5.7": {
							"post": [-53.43252, 5.86129, -12.4471],
							"lerp_mode": "catmullrom"
						},
						"5.9": {
							"post": [-60.33268, -2.64802, -9.41123],
							"lerp_mode": "catmullrom"
						},
						"6.1": {
							"post": [-55.70822, -16.24947, -6.9095],
							"lerp_mode": "catmullrom"
						},
						"6.4": {
							"post": [-50.4389, -9.63016, -5.36891],
							"lerp_mode": "catmullrom"
						},
						"6.7": {
							"post": [-58.23507, -12.5907, -1.27345],
							"lerp_mode": "catmullrom"
						},
						"6.95": {
							"post": [-59.06358, -11.53237, -3.00883],
							"lerp_mode": "catmullrom"
						},
						"7.1": {
							"post": [-56.95, -11.53, -3.01],
							"lerp_mode": "catmullrom"
						},
						"7.35": {
							"post": [-59.09032, -7.89975, -8.47851],
							"lerp_mode": "catmullrom"
						},
						"7.5": {
							"post": [-63.79083, -8.60564, -9.18731],
							"lerp_mode": "catmullrom"
						},
						"7.65": {
							"post": [-60.27034, -10.02911, -6.22647],
							"lerp_mode": "catmullrom"
						},
						"7.9": {
							"post": [-60.78226, -11.56835, -6.01915],
							"lerp_mode": "catmullrom"
						},
						"8.15": {
							"post": [-53.06, -25.65, -18.25],
							"lerp_mode": "catmullrom"
						},
						"8.3": {
							"post": [-52.15193, -35.19132, -23.43936],
							"lerp_mode": "catmullrom"
						},
						"8.45": {
							"post": [-55.62617, -33.96184, -26.26068],
							"lerp_mode": "catmullrom"
						},
						"8.65": {
							"post": [-45.61158, -28.1773, -34.67242],
							"lerp_mode": "catmullrom"
						},
						"8.9": {
							"post": [-43.10983, -29.61027, -40.59077],
							"lerp_mode": "catmullrom"
						},
						"9.3": {
							"post": [-41.35623, -31.57189, -42.63073],
							"lerp_mode": "catmullrom"
						},
						"9.75": {
							"post": [-41.30934, -31.24285, -43.10959],
							"lerp_mode": "catmullrom"
						},
						"10.15": {
							"post": [-41.05168, -30.86506, -45.16957],
							"lerp_mode": "catmullrom"
						},
						"10.55": {
							"post": [-41.97721, -30.69337, -41.79584],
							"lerp_mode": "catmullrom"
						},
						"10.75": {
							"post": [-53.71656, -29.96107, -29.54],
							"lerp_mode": "catmullrom"
						},
						"10.95": {
							"post": [-61.62038, -22.37034, -19.70797],
							"lerp_mode": "catmullrom"
						},
						"11.1": {
							"post": [-63.62959, -10.93403, -10.76845],
							"lerp_mode": "catmullrom"
						},
						"11.4": {
							"post": [-66.74723, -14.03135, 1.11545],
							"lerp_mode": "catmullrom"
						},
						"11.7": {
							"post": [-66.74723, -14.03135, 1.11545],
							"lerp_mode": "catmullrom"
						},
						"12.05": {
							"post": [-52.42247, 0.14597, 3.55472],
							"lerp_mode": "catmullrom"
						},
						"12.4": {
							"post": [0, 0, 5],
							"lerp_mode": "catmullrom"
						},
						"12.55": {
							"post": [0, 0, 4],
							"lerp_mode": "catmullrom"
						},
						"12.7": {
							"post": [0, 0, 2],
							"lerp_mode": "catmullrom"
						},
						"12.9": {
							"post": [0, 0, 0],
							"lerp_mode": "catmullrom"
						},
						"13.1": {
							"post": [0, 0, 0],
							"lerp_mode": "catmullrom"
						}
					},
					"position": {
						"0.0": {
							"post": [0, 0, 0],
							"lerp_mode": "catmullrom"
						},
						"0.2": {
							"post": [0.665, -1.36, -0.82],
							"lerp_mode": "catmullrom"
						},
						"0.4": {
							"post": [0.65, -0.075, -2.12],
							"lerp_mode": "catmullrom"
						},
						"0.7": {
							"post": [0.25, 6.425, -4.375],
							"lerp_mode": "catmullrom"
						},
						"0.9": {
							"post": [1, 5.7, -6.075],
							"lerp_mode": "catmullrom"
						},
						"1.0": {
							"post": [1.08, 5.12, -6.105],
							"lerp_mode": "catmullrom"
						},
						"1.15": {
							"post": [1.075, 5.05, -6.175],
							"lerp_mode": "catmullrom"
						},
						"1.5": {
							"post": [1.2, 5.355, -6.07],
							"lerp_mode": "catmullrom"
						},
						"1.85": {
							"post": [1.17, 5.265, -6.05],
							"lerp_mode": "catmullrom"
						},
						"2.15": {
							"post": [1.22, 4.215, -6.1],
							"lerp_mode": "catmullrom"
						},
						"2.55": {
							"post": [1.705, 5.895, -6.12],
							"lerp_mode": "catmullrom"
						},
						"2.85": {
							"post": [1.77, 5.63, -6.13],
							"lerp_mode": "catmullrom"
						},
						"3.2": {
							"post": [1.76, 5.88, -6.13],
							"lerp_mode": "catmullrom"
						},
						"3.5": {
							"post": [1.56, 5.575, -6.13],
							"lerp_mode": "catmullrom"
						},
						"3.75": {
							"post": [1.56765, 5.76736, -6.10658],
							"lerp_mode": "catmullrom"
						},
						"4.1": {
							"post": [1.485, 5.77, -6.11],
							"lerp_mode": "catmullrom"
						},
						"4.6": {
							"post": [1.465, 5.62, -5.945],
							"lerp_mode": "catmullrom"
						},
						"5.0": {
							"post": [1.78, 6.27, -6.14],
							"lerp_mode": "catmullrom"
						},
						"5.15": {
							"post": [1.75, 5, -6.15],
							"lerp_mode": "catmullrom"
						},
						"5.25": {
							"post": [1.44, -0.09, -6.585],
							"lerp_mode": "catmullrom"
						},
						"5.35": {
							"post": [1.375, -2.525, -7.425],
							"lerp_mode": "catmullrom"
						},
						"5.45": {
							"post": [1.085, -3.285, -7.915],
							"lerp_mode": "catmullrom"
						},
						"5.65": {
							"post": [0.97005, -2.42713, -7.59487],
							"lerp_mode": "catmullrom"
						},
						"5.9": {
							"post": [1.3, 1.33638, -7.60978],
							"lerp_mode": "catmullrom"
						},
						"6.1": {
							"post": [1.43, 5.705, -6.975],
							"lerp_mode": "catmullrom"
						},
						"6.25": {
							"post": [0.74, 5.97, -6.975],
							"lerp_mode": "catmullrom"
						},
						"6.35": {
							"post": [0.66, 4.75, -7.02],
							"lerp_mode": "catmullrom"
						},
						"6.4": {
							"post": [0.6316, 2.24402, -7.11855],
							"lerp_mode": "catmullrom"
						},
						"6.45": {
							"post": [0.63, 0.88, -7.13],
							"lerp_mode": "catmullrom"
						},
						"6.55": {
							"post": [0.62, 0.075, -7.13],
							"lerp_mode": "catmullrom"
						},
						"6.7": {
							"post": [0.63218, 0.94519, -7.11783],
							"lerp_mode": "catmullrom"
						},
						"6.9": {
							"post": [0.53644, 0.91409, -7.08961],
							"lerp_mode": "catmullrom"
						},
						"7.1": {
							"post": [0.5147, -0.56652, -6.98589],
							"lerp_mode": "catmullrom"
						},
						"7.35": {
							"post": [0.46926, 5.71964, -7.75835],
							"lerp_mode": "catmullrom"
						},
						"7.5": {
							"post": [0.23784, 5.37144, -8.23419],
							"lerp_mode": "catmullrom"
						},
						"7.65": {
							"post": [0.32313, 3.81362, -8.12357],
							"lerp_mode": "catmullrom"
						},
						"7.8": {
							"post": [0.09525, 4.36452, -6.90257],
							"lerp_mode": "catmullrom"
						},
						"8.05": {
							"post": [0.11486, 4.49226, -6.20198],
							"lerp_mode": "catmullrom"
						},
						"8.3": {
							"post": [-0.19633, 8.13351, -6.7741],
							"lerp_mode": "catmullrom"
						},
						"8.55": {
							"post": [-0.09642, 6.96442, -6.68511],
							"lerp_mode": "catmullrom"
						},
						"8.85": {
							"post": [-0.11257, 7.10381, -7.12992],
							"lerp_mode": "catmullrom"
						},
						"9.25": {
							"post": [-0.24239, 6.8252, -7.04196],
							"lerp_mode": "catmullrom"
						},
						"9.65": {
							"post": [-0.27877, 6.93813, -7.02347],
							"lerp_mode": "catmullrom"
						},
						"10.0": {
							"post": [-0.27, 7.89, -6.995],
							"lerp_mode": "catmullrom"
						},
						"10.3": {
							"post": [-0.28, 7.84, -6.985],
							"lerp_mode": "catmullrom"
						},
						"10.55": {
							"post": [-0.39675, 7.29211, -6.98858],
							"lerp_mode": "catmullrom"
						},
						"10.75": {
							"post": [0.03653, 5.69181, -7.25638],
							"lerp_mode": "catmullrom"
						},
						"10.95": {
							"post": [0.45963, 8.30368, -7.48489],
							"lerp_mode": "catmullrom"
						},
						"11.1": {
							"post": [0.83148, 7.81031, -7.94703],
							"lerp_mode": "catmullrom"
						},
						"11.25": {
							"post": [0.99355, 6.06914, -8.65988],
							"lerp_mode": "catmullrom"
						},
						"11.4": {
							"post": [2.13768, 4.90785, -9.14244],
							"lerp_mode": "catmullrom"
						},
						"11.55": {
							"post": [2.48481, 5.01267, -9.15161],
							"lerp_mode": "catmullrom"
						},
						"11.7": {
							"post": [2.3933, 6.05469, -9.24278],
							"lerp_mode": "catmullrom"
						},
						"11.9": {
							"post": [2.43307, 5.56114, -7.72698],
							"lerp_mode": "catmullrom"
						},
						"12.15": {
							"post": [1.76906, 0.21886, -3.54155],
							"lerp_mode": "catmullrom"
						},
						"12.4": {
							"post": [0.70636, -0.61344, 0.05367],
							"lerp_mode": "catmullrom"
						},
						"12.55": {
							"post": [-0.24314, -0.94619, 0.08278],
							"lerp_mode": "catmullrom"
						},
						"12.75": {
							"post": [-0.15, -0.17, 0.02],
							"lerp_mode": "catmullrom"
						},
						"12.9": {
							"post": [0, 0, 0],
							"lerp_mode": "catmullrom"
						},
						"13.1": {
							"post": [0, 0, 0],
							"lerp_mode": "catmullrom"
						}
					}
				},
				"righthand": {
					"rotation": {
						"0.0": [73, 0, -162.5],
						"5.4": [73, 0, -162.5],
						"5.7": [95.9707, 0.09922, -82.77473],
						"6.5": [112.60595, -14.0338, -82.39176],
						"7.2": [112.60595, -14.0338, -82.39176],
						"7.5": [92.52111, 19.38644, -83.52096],
						"7.75": [92.52111, 19.38644, -83.52096],
						"7.95": [90.02042, 13.64, -83.52271],
						"8.15": [99.70165, 1.81703, -85.11054],
						"8.4": [98.4904, 14.6473, -83.96647],
						"8.6": [98.47143, 15.64485, -84.03908],
						"11.05": [98.47, 15.64, -84.04],
						"11.3": [107.28, 8.27, -86.87],
						"11.45": [110.32824, 7.22078, -87.27434],
						"11.7": [110.32824, 7.22078, -87.27434],
						"12.0": [73, 0, -162.5]
					},
					"position": {
						"0.0": [-6.5, -9.1, 11.7],
						"5.4": [-6.5, -9.1, 11.7],
						"5.7": [-8.26752, -9.88334, -3.78898],
						"7.15": [-8.26752, -9.88334, -3.78898],
						"7.4": [-8.26752, -9.88334, -3.78898],
						"8.1": [-8.26752, -9.88334, -3.78898],
						"8.3": [-6.69252, -9.88334, -3.78898],
						"11.45": [-6.69252, -9.88334, -3.78898],
						"11.7": [-8.01, -7.13, -0.95],
						"12.0": [-6.5, -9.1, 11.7]
					},
					"scale": [1, 1.5, 1]
				},
				"lefthand": {
					"rotation": {
						"0.0": [99.50245, -1.00134, -272.2184],
						"0.55": [99.50245, -1.00134, -272.2184],
						"5.55": [99.50245, -1.00134, -272.2184],
						"5.8": [119.4, -7.67, -266.67],
						"6.0": [128.4, -7.67, -266.67],
						"6.15": [129.6871, -14.9367, -260.05587],
						"6.35": [117.83263, -11.84455, -257.44714],
						"6.65": [127.83263, -11.84455, -257.44714],
						"7.1": [127.83263, -11.84455, -257.44714],
						"7.3": {
							"pre": [76.88204, -16.85716, -179.71313],
							"post": [76.88204, -16.85716, -179.71313],
							"lerp_mode": "catmullrom"
						},
						"7.5": [60.39844, 46.07812, -76.17936],
						"10.9": [60.39844, 46.07812, -76.17936],
						"11.05": {
							"pre": [73.25628, -18.29651, -176.53857],
							"post": [73.25628, -18.29651, -176.53857],
							"lerp_mode": "catmullrom"
						},
						"11.3": [111.45435, 12.44678, -272.22006],
						"12.05": [111.45435, 12.44678, -272.22006],
						"12.25": [112.3997, 10.57857, -267.48668],
						"12.5": [99.50245, -1.00134, -272.2184]
					},
					"position": {
						"0.0": [14.63, -14.65, -4.72],
						"0.55": [14.63, -14.65, -4.72],
						"5.55": [14.63, -14.65, -4.72],
						"7.1": [14.63, -14.65, -4.72],
						"7.4": {
							"pre": [14.53, -20.75, 5.93],
							"post": [14.53, -20.75, 5.93],
							"lerp_mode": "catmullrom"
						},
						"7.5": [8.23333, -23.11729, 6.21872],
						"10.9": [8.23333, -23.11729, 6.21872],
						"11.05": {
							"pre": [12.88521, -18.44677, 4.97505],
							"post": [12.88521, -18.44677, 4.97505],
							"lerp_mode": "catmullrom"
						},
						"11.3": [14.63, -14.65, -4.72],
						"12.05": [14.63, -14.65, -4.72],
						"12.25": [14.63, -14.65, -4.72],
						"12.5": [14.63, -14.65, -4.72]
					},
					"scale": {
						"0.0": [1, 1.5, 1],
						"12.5": [1, 1.5, 1]
					}
				},
				"camera": {
					"rotation": {
						"0.0": {
							"post": [0, 0, 0],
							"lerp_mode": "catmullrom"
						},
						"0.2": {
							"post": [0.03462, 0.14934, -1.17477],
							"lerp_mode": "catmullrom"
						},
						"0.4": {
							"post": [-0.535, 0.22, -1.75],
							"lerp_mode": "catmullrom"
						},
						"0.65": {
							"post": [1.85771, 0.29868, -2.34954],
							"lerp_mode": "catmullrom"
						},
						"0.95": {
							"post": [7.98464, 0.47291, -3.7201],
							"lerp_mode": "catmullrom"
						},
						"1.05": {
							"post": [6.10962, 0.43149, -4.82481],
							"lerp_mode": "catmullrom"
						},
						"1.25": {
							"post": [7.45, 0.56, -3.11],
							"lerp_mode": "catmullrom"
						},
						"1.45": {
							"post": [7.47, 0.73, -3.91],
							"lerp_mode": "catmullrom"
						},
						"1.65": {
							"post": [6.88453, -0.5006, -3.74835],
							"lerp_mode": "catmullrom"
						},
						"2.05": {
							"post": [2.04387, -5.10576, -1.69632],
							"lerp_mode": "catmullrom"
						},
						"2.6": {
							"post": [1.04472, -5.60568, -1.70547],
							"lerp_mode": "catmullrom"
						},
						"3.1": {
							"post": [3.28949, -4.35724, -1.64435],
							"lerp_mode": "catmullrom"
						},
						"3.25": {
							"post": [3.71, -4.01, -1.62],
							"lerp_mode": "catmullrom"
						},
						"3.35": {
							"post": [2.415, -3.78, -0.775],
							"lerp_mode": "catmullrom"
						},
						"3.55": {
							"post": [3.03336, -3.3609, -1.55635],
							"lerp_mode": "catmullrom"
						},
						"3.8": {
							"post": [2.635, -3.39, -1.61],
							"lerp_mode": "catmullrom"
						},
						"4.1": {
							"post": [3.03417, -3.61055, -1.56961],
							"lerp_mode": "catmullrom"
						},
						"5.0": {
							"post": [4.1332, -4.59724, -1.64125],
							"lerp_mode": "catmullrom"
						},
						"5.35": {
							"post": [5.15, -0.65, -1.54],
							"lerp_mode": "catmullrom"
						},
						"5.45": {
							"post": [3.59, 0.75, -0.235],
							"lerp_mode": "catmullrom"
						},
						"5.55": {
							"post": [3.25, 1.6, -2.515],
							"lerp_mode": "catmullrom"
						},
						"5.7": {
							"post": [4.41, 2.63, -0.13],
							"lerp_mode": "catmullrom"
						},
						"5.9": {
							"post": [5.29, 2.45, 0.38],
							"lerp_mode": "catmullrom"
						},
						"6.15": {
							"post": [11.87, 1.97, 2.1],
							"lerp_mode": "catmullrom"
						},
						"6.25": {
							"post": [11.01467, 1.96069, 0.95425],
							"lerp_mode": "catmullrom"
						},
						"6.45": {
							"post": [10.96, 2.64, 1.39],
							"lerp_mode": "catmullrom"
						},
						"6.65": {
							"post": [9.43959, 3.31752, 0.34751],
							"lerp_mode": "catmullrom"
						},
						"7.0": {
							"post": [11.5, 3.36, 0.28],
							"lerp_mode": "catmullrom"
						},
						"7.2": {
							"post": [10.74, 3.34, 0.32],
							"lerp_mode": "catmullrom"
						},
						"7.35": {
							"post": [11.18959, 3.31752, 0.34751],
							"lerp_mode": "catmullrom"
						},
						"7.45": {
							"post": [10.41, 3.32, -0.185],
							"lerp_mode": "catmullrom"
						},
						"7.6": {
							"post": [8.79, 3.32, 0.005],
							"lerp_mode": "catmullrom"
						},
						"7.7": {
							"post": [7.93, 3.32, 1.625],
							"lerp_mode": "catmullrom"
						},
						"7.8": {
							"post": [6.98959, 3.31752, -0.37749],
							"lerp_mode": "catmullrom"
						},
						"8.05": {
							"post": [4.7, 3.29, 0.65],
							"lerp_mode": "catmullrom"
						},
						"8.4": {
							"post": [-5.77498, 3.11809, 3.48209],
							"lerp_mode": "catmullrom"
						},
						"8.5": {
							"post": [-7.96, 3.13, 1.365],
							"lerp_mode": "catmullrom"
						},
						"8.6": {
							"post": [-7.55, 3.16, 4.63],
							"lerp_mode": "catmullrom"
						},
						"8.7": {
							"post": [-6.29, 3.2, 3.56],
							"lerp_mode": "catmullrom"
						},
						"8.9": {
							"post": [-7.46982, 3.27276, 3.8466],
							"lerp_mode": "catmullrom"
						},
						"9.25": {
							"post": [-6.685, 3.19, 3.86],
							"lerp_mode": "catmullrom"
						},
						"9.6": {
							"post": [7.265, 2.52, 3.94],
							"lerp_mode": "catmullrom"
						},
						"9.9": {
							"post": [15.90918, 1.28697, 4.1916],
							"lerp_mode": "catmullrom"
						},
						"10.3": {
							"post": [20.17712, 0.92179, 5.12271],
							"lerp_mode": "catmullrom"
						},
						"10.75": {
							"post": [20.91988, 0.71856, 3.47185],
							"lerp_mode": "catmullrom"
						},
						"10.95": {
							"post": [14.28, 1.7, 2.56],
							"lerp_mode": "catmullrom"
						},
						"11.25": {
							"post": [11.29577, 3.36605, 1.33717],
							"lerp_mode": "catmullrom"
						},
						"11.35": {
							"post": [12.7, 3.54, 3.43],
							"lerp_mode": "catmullrom"
						},
						"11.45": {
							"post": [12.24, 3.51, -1.38],
							"lerp_mode": "catmullrom"
						},
						"11.6": {
							"post": [9.125, 3.48, 1.525],
							"lerp_mode": "catmullrom"
						},
						"11.85": {
							"post": [9.98, 3.35, 2.09],
							"lerp_mode": "catmullrom"
						},
						"12.1": {
							"post": [9.16963, 3.012, 3.5626],
							"lerp_mode": "catmullrom"
						},
						"12.5": {
							"post": [0.68395, 0.9819, -0.26533],
							"lerp_mode": "catmullrom"
						},
						"12.6": {
							"post": [0.76, 0.33, 0.475],
							"lerp_mode": "catmullrom"
						},
						"12.7": {
							"post": [0.81, 0.11, -0.67],
							"lerp_mode": "catmullrom"
						},
						"12.85": {
							"post": [-0.33, 0, 0.065],
							"lerp_mode": "catmullrom"
						},
						"13.1": {
							"post": [0, 0, 0],
							"lerp_mode": "catmullrom"
						}
					}
				}
			},
			"sound_effects": {
				"0.0": {
					"effect": "trisdyna:rc/minigun_inspect"
				}
			}
		},
		"over_heat": {
			"animation_length": 5.5,
			"bones": {
				"1": {
					"scale": 0
				},
				"2": {
					"scale": 0
				},
				"root": {
					"rotation": {
						"0.15": {
							"pre": [0, 0, 0],
							"post": [0, 0, 0],
							"lerp_mode": "catmullrom"
						},
						"0.25": {
							"post": [1.22274, -1.27668, 1.22274],
							"lerp_mode": "catmullrom"
						},
						"0.35": {
							"post": [0.39505, 0.5563, 0.40792],
							"lerp_mode": "catmullrom"
						},
						"0.55": {
							"post": [2.06738, -0.11066, -0.42414],
							"lerp_mode": "catmullrom"
						},
						"1.0": {
							"post": [4.02085, -3.5426, 7.57594],
							"lerp_mode": "catmullrom"
						},
						"1.35": {
							"post": [5.03384, -3.71711, 6.47411],
							"lerp_mode": "catmullrom"
						},
						"1.9": {
							"post": [4.56369, -3.17025, 5.43034],
							"lerp_mode": "catmullrom"
						},
						"2.25": {
							"post": [4.08887, -1.56127, 3.69567],
							"lerp_mode": "catmullrom"
						},
						"2.65": {
							"post": [7.25611, -1.98501, 4.70728],
							"lerp_mode": "catmullrom"
						},
						"2.95": {
							"post": [-0.86, -0.13, 2.725],
							"lerp_mode": "catmullrom"
						},
						"3.1": {
							"post": [-1.76804, 0.40298, -0.29141],
							"lerp_mode": "catmullrom"
						},
						"3.25": {
							"post": [0.15, 0.36, 1.105],
							"lerp_mode": "catmullrom"
						},
						"3.3": {
							"post": [0.63, 0.23, -0.38],
							"lerp_mode": "catmullrom"
						},
						"3.45": {
							"post": [0.375, 0, 0],
							"lerp_mode": "catmullrom"
						},
						"3.55": {
							"post": [0, 0, 0],
							"lerp_mode": "catmullrom"
						}
					},
					"position": {
						"0.15": {
							"pre": [0, 0, 0],
							"post": [0, 0, 0],
							"lerp_mode": "catmullrom"
						},
						"0.3": {
							"post": [0, -0.3, 0.745],
							"lerp_mode": "catmullrom"
						},
						"0.45": {
							"post": [-0.225, -0.375, 0.475],
							"lerp_mode": "catmullrom"
						},
						"0.6": {
							"post": [-0.22, -0.35, 0.35],
							"lerp_mode": "catmullrom"
						},
						"1.2": {
							"post": [-0.13, -0.56, 0.22],
							"lerp_mode": "catmullrom"
						},
						"2.1": {
							"post": [-0.015, -0.59, 0.05],
							"lerp_mode": "catmullrom"
						},
						"2.45": {
							"post": [-0.04, -2.105, 0.01],
							"lerp_mode": "catmullrom"
						},
						"2.6": {
							"post": [-0.05, -2.07, -0.01],
							"lerp_mode": "catmullrom"
						},
						"2.65": {
							"post": [-0.06, -1.405, 0],
							"lerp_mode": "catmullrom"
						},
						"2.8": {
							"post": [-0.07, 0.16, 0.16],
							"lerp_mode": "catmullrom"
						},
						"2.95": {
							"post": [-0.09, 0.8, 0.28],
							"lerp_mode": "catmullrom"
						},
						"3.1": {
							"post": [-0.11, 0.54, 0.015],
							"lerp_mode": "catmullrom"
						},
						"3.15": {
							"post": [-0.11, 0.36, -0.03],
							"lerp_mode": "catmullrom"
						},
						"3.25": {
							"post": [-0.11, -0.34, -0.035],
							"lerp_mode": "catmullrom"
						},
						"3.45": {
							"post": [-0.05, -0.005, -0.02],
							"lerp_mode": "catmullrom"
						},
						"3.55": {
							"post": [0, 0, 0],
							"lerp_mode": "catmullrom"
						}
					}
				},
				"camera": {
					"rotation": {
						"0.15": {
							"pre": [0, 0, 0],
							"post": [0, 0, 0],
							"lerp_mode": "catmullrom"
						},
						"0.3": {
							"post": [-0.205, 0, 0.725],
							"lerp_mode": "catmullrom"
						},
						"0.4": {
							"post": [-0.11, -0.03, 0.095],
							"lerp_mode": "catmullrom"
						},
						"0.55": {
							"post": [0.355, -0.1, 0.475],
							"lerp_mode": "catmullrom"
						},
						"0.8": {
							"post": [3, -0.325, 0.675],
							"lerp_mode": "catmullrom"
						},
						"1.05": {
							"post": [3.61, -0.325, 0.725],
							"lerp_mode": "catmullrom"
						},
						"1.35": {
							"post": [2.95, -0.525, 1.05],
							"lerp_mode": "catmullrom"
						},
						"1.6": {
							"post": [2.195, -0.59, 1.06],
							"lerp_mode": "catmullrom"
						},
						"1.9": {
							"post": [2.58, -0.625, 1.025],
							"lerp_mode": "catmullrom"
						},
						"2.25": {
							"post": [2.59, -0.425, 1.025],
							"lerp_mode": "catmullrom"
						},
						"2.5": {
							"post": [3.51, -0.425, 0.875],
							"lerp_mode": "catmullrom"
						},
						"2.7": {
							"post": [2.68, -0.425, 0.625],
							"lerp_mode": "catmullrom"
						},
						"3.1": {
							"post": [-0.255, 0, 0],
							"lerp_mode": "catmullrom"
						},
						"3.25": {
							"post": [0.255, 0.02, 0.53],
							"lerp_mode": "catmullrom"
						},
						"3.4": {
							"post": [0, 0, -0.3],
							"lerp_mode": "catmullrom"
						},
						"3.55": {
							"post": [0, 0, 0],
							"lerp_mode": "catmullrom"
						}
					}
				},
				"bone84": {
					"scale": 0
				},
				"bone83": {
					"scale": 0
				},
				"bone82": {
					"scale": 0
				},
				"overhothud": {
					"position": {
						"0.0": [0, 15.19898, -18.27542],
						"5.5": {
							"pre": [0, 15.19898, -18.27542],
							"post": [0, 0, 0]
						}
					}
				},
				"bone85": {
					"scale": 0
				}
			},
			"sound_effects": {
				"0.0": {
					"effect": "trisdyna:rc/s10dmd_xl"
				},
				"1.8": {
					"effect": "weap_lm_mgolf34_ads_up"
				},
				"2.1": {
					"effect": "wfoly_lm_kilo121_raise"
				}
			}
		},
		"shoot": {
			"loop": true,
			"animation_length": 2.4333,
			"bones": {
				"root": {
					"rotation": {
						"0.0": {
							"post": [0, 0, 0],
							"lerp_mode": "catmullrom"
						},
						"0.0333": {
							"post": [1.24069, 0.15232, -6.99835],
							"lerp_mode": "catmullrom"
						},
						"0.1333": {
							"post": [-6.38564, -0.61289, -1.91761],
							"lerp_mode": "catmullrom"
						},
						"0.3": {
							"post": [-6.0138, -0.64862, -3.1926],
							"lerp_mode": "catmullrom"
						},
						"0.4333": {
							"post": [-3.22698, -0.95049, 1.89646],
							"lerp_mode": "catmullrom"
						},
						"0.6667": {
							"post": [-0.42425, 0.27786, 0.43549],
							"lerp_mode": "catmullrom"
						},
						"0.9": {
							"post": [0.23068, -0.21405, -0.46178],
							"lerp_mode": "catmullrom"
						},
						"1.1": {
							"post": [-0.09988, 0.076, 0.12379],
							"lerp_mode": "catmullrom"
						},
						"1.2667": {
							"post": [0.04509, 0.01634, -0.04605],
							"lerp_mode": "catmullrom"
						},
						"1.4333": {
							"post": [0, 0, 0],
							"lerp_mode": "catmullrom"
						}
					},
					"position": {
						"0.0": {
							"post": [0, 0, 0],
							"lerp_mode": "catmullrom"
						},
						"0.0333": {
							"post": [0, -0.75, 1.95],
							"lerp_mode": "catmullrom"
						},
						"0.1667": {
							"post": [-0.125, 1.18, 1.275],
							"lerp_mode": "catmullrom"
						},
						"0.3333": {
							"post": [-0.11, 0.94, 0.41],
							"lerp_mode": "catmullrom"
						},
						"0.4333": {
							"post": [-0.075, 0.51, -0.005],
							"lerp_mode": "catmullrom"
						},
						"0.6333": {
							"post": [0, -0.47, -0.485],
							"lerp_mode": "catmullrom"
						},
						"0.7667": {
							"post": [0, -0.78, -0.095],
							"lerp_mode": "catmullrom"
						},
						"0.9333": {
							"post": [0, -0.415, 0.06],
							"lerp_mode": "catmullrom"
						},
						"1.1": {
							"post": [0, -0.15, 0.1],
							"lerp_mode": "catmullrom"
						},
						"1.2667": {
							"post": [0.03125, -0.17, -0.03],
							"lerp_mode": "catmullrom"
						},
						"1.4333": {
							"post": [0, 0, 0],
							"lerp_mode": "catmullrom"
						}
					}
				},
				"constraint": {
					"rotation": {
						"0.0": [0.75, 0.15, 0.65],
						"1.2333": [0, 0, 0]
					},
					"position": {
						"0.0": [0.5, 0.5, 0.6],
						"1.2333": [0, 0, 0]
					}
				},
				"camera": {
					"rotation": {
						"0.0": {
							"post": [0, 0, 0],
							"lerp_mode": "catmullrom"
						},
						"0.0333": {
							"post": [0, 0, 3.4],
							"lerp_mode": "catmullrom"
						},
						"0.0667": {
							"post": [0, 0, 13.42],
							"lerp_mode": "catmullrom"
						},
						"0.1": {
							"post": [0, 0, 2.445],
							"lerp_mode": "catmullrom"
						},
						"0.1333": {
							"post": [5.19552, -0.35567, 1.77483],
							"lerp_mode": "catmullrom"
						},
						"0.1667": {
							"post": [0, 0, -2.055],
							"lerp_mode": "catmullrom"
						},
						"0.2333": {
							"post": [-7.87, 0.03, -0.94],
							"lerp_mode": "catmullrom"
						},
						"0.3333": {
							"post": [0, 0, 1.37],
							"lerp_mode": "catmullrom"
						},
						"0.4333": {
							"post": [0, 0, -0.85],
							"lerp_mode": "catmullrom"
						},
						"0.5333": {
							"post": [0, 0, 0.525],
							"lerp_mode": "catmullrom"
						},
						"0.6333": {
							"post": [0, 0, -0.125],
							"lerp_mode": "catmullrom"
						},
						"0.7333": {
							"post": [0, 0, 0],
							"lerp_mode": "catmullrom"
						}
					}
				},
				"guidao": {
					"position": {
						"0.0": {
							"post": [0, 0, 0],
							"lerp_mode": "catmullrom"
						},
						"0.0667": {
							"post": [0, 0, 7],
							"lerp_mode": "catmullrom"
						},
						"0.4": {
							"post": [0, 0, 7],
							"lerp_mode": "catmullrom"
						},
						"1.1667": {
							"post": [0, 0, 0],
							"lerp_mode": "catmullrom"
						}
					}
				},
				"huagui2": {
					"position": {
						"0.0": {
							"post": [0, 0, 0],
							"lerp_mode": "catmullrom"
						},
						"0.0667": {
							"post": [0, 0, 4],
							"lerp_mode": "catmullrom"
						},
						"0.6": {
							"post": [0, 0, 4],
							"lerp_mode": "catmullrom"
						},
						"2.0333": {
							"post": [0, 0, 0],
							"lerp_mode": "catmullrom"
						}
					}
				},
				"huagui1": {
					"position": {
						"0.0": {
							"post": [0, 0, 0],
							"lerp_mode": "catmullrom"
						},
						"0.0667": {
							"post": [0, 0, 7],
							"lerp_mode": "catmullrom"
						},
						"0.6": {
							"post": [0, 0, 7],
							"lerp_mode": "catmullrom"
						},
						"2.4333": {
							"post": [0, 0, 0],
							"lerp_mode": "catmullrom"
						}
					}
				}
			}
		},
		"run_start": {
			"animation_length": 0.6,
			"bones": {
				"root": {
					"rotation": {
						"0.0": [0, 0, 0],
						"0.1": [-0.94952, 0.57966, 2.30856],
						"0.2": [-1.42549, 0.42845, 4.87538],
						"0.3": [-3.30513, -2.13261, 9.18268],
						"0.6": [-0.97088, -1.26362, 15.66785]
					},
					"position": {
						"0.0": [0, 0, 0],
						"0.1": [-0.16, -1.02, -0.03],
						"0.2": [-0.19, -2.93, -0.11],
						"0.3": [-0.15, -4.76, -0.21],
						"0.4": [0.04, -5.21, -0.33],
						"0.5": [0.24, -5.17, -0.44],
						"0.6": [0.38, -4.91, -0.52]
					}
				}
			}
		},
		"run": {
			"loop": true,
			"animation_length": 1,
			"bones": {
				"root": {
					"rotation": {
						"0.0": {
							"post": [-0.97088, -1.26362, 15.66785],
							"lerp_mode": "catmullrom"
						},
						"0.1": {
							"post": [-0.97274, -3.76326, 15.71029],
							"lerp_mode": "catmullrom"
						},
						"0.2": {
							"post": [-3.47647, -6.2629, 15.75298],
							"lerp_mode": "catmullrom"
						},
						"0.3": {
							"post": [-3.47647, -6.2629, 15.75298],
							"lerp_mode": "catmullrom"
						},
						"0.4": {
							"post": [-0.97274, -3.76326, 15.71029],
							"lerp_mode": "catmullrom"
						},
						"0.5": {
							"post": [0.02912, -1.26362, 15.66785],
							"lerp_mode": "catmullrom"
						},
						"0.6": {
							"post": [-0.96999, 1.23964, 15.62768],
							"lerp_mode": "catmullrom"
						},
						"0.7": {
							"post": [-2.97184, 3.73964, 15.5876],
							"lerp_mode": "catmullrom"
						},
						"0.8": {
							"post": [-2.97126, 4.73986, 15.57301],
							"lerp_mode": "catmullrom"
						},
						"0.9": {
							"post": [-0.97184, 3.73964, 15.5876],
							"lerp_mode": "catmullrom"
						},
						"1.0": {
							"post": [-0.97088, -1.26362, 15.66785],
							"lerp_mode": "catmullrom"
						}
					},
					"position": {
						"0.0": {
							"post": [0.38, -4.91, -0.52],
							"lerp_mode": "catmullrom"
						},
						"0.2": {
							"post": [1.13, -4.91, -0.52],
							"lerp_mode": "catmullrom"
						},
						"0.3": {
							"post": [1.3175, -4.91, -0.52],
							"lerp_mode": "catmullrom"
						},
						"0.4": {
							"post": [1.38, -4.66, -0.52],
							"lerp_mode": "catmullrom"
						},
						"0.5": {
							"post": [1.3175, -4.91, -0.52],
							"lerp_mode": "catmullrom"
						},
						"0.6": {
							"post": [0.5675, -4.91, -0.52],
							"lerp_mode": "catmullrom"
						},
						"0.7": {
							"post": [0.38, -4.91, -0.52],
							"lerp_mode": "catmullrom"
						},
						"0.8": {
							"post": [-0.0575, -4.91, -0.52],
							"lerp_mode": "catmullrom"
						},
						"0.9": {
							"post": [-0.06, -4.91, -0.52],
							"lerp_mode": "catmullrom"
						},
						"1.0": {
							"post": [-0.0575, -4.91, -0.52],
							"lerp_mode": "catmullrom"
						}
					}
				}
			}
		},
		"run_hold": {
			"animation_length": 0.2917,
			"bones": {
				"root": {
					"rotation": [-0.97088, -1.26362, 15.66785],
					"position": [0.38, -4.91, -0.52]
				}
			}
		},
		"run_end": {
			"loop": "hold_on_last_frame",
			"animation_length": 1,
			"bones": {
				"root": {
					"rotation": {
						"0.0": [-0.97088, -1.26362, 15.66785],
						"0.2": [-3.18, -2.12, 1],
						"0.3": [-0.53, 0.39, -0.08],
						"0.4": [0.6, 0.79, 0.94],
						"0.5": [0.34, 0.79, 0.44],
						"0.6": [-0.19, 0.28, 0.13],
						"0.7": [-0.59, -0.2, -0.11],
						"0.8": [-0.25, -0.11, -0.09],
						"0.85": [0.19, 0.1, 0],
						"0.9": [0.19, 0.09, 0.01],
						"0.95": [0.09, 0.04, 0],
						"1.0": [0, 0, 0]
					},
					"position": {
						"0.0": [0.38, -4.91, -0.52],
						"0.1": [-0.47, -3.18, -2.56],
						"0.2": [0, -1.69, -2.39],
						"0.3": [0.03, -0.87, -0.66],
						"0.4": [0, -0.22, 0.92],
						"0.5": [0, -0.07, 0.82],
						"0.6": [0, -0.06, 0.23],
						"0.7": [0, -0.07, -0.22],
						"0.8": [0, -0.03, -0.2],
						"0.85": [0, 0, -0.03],
						"0.9": [0, 0.01, -0.01],
						"0.95": [0, 0, 0],
						"1.0": [0, 0, 0]
					}
				},
				"camera": {
					"rotation": {
						"0.2": {
							"pre": [0, 0, 0],
							"post": [0, 0, 0],
							"lerp_mode": "catmullrom"
						},
						"0.25": {
							"post": [0, 0, 0.3],
							"lerp_mode": "catmullrom"
						},
						"0.3": {
							"post": [0, 0, -0.125],
							"lerp_mode": "catmullrom"
						},
						"0.4": {
							"post": [0, 0, 0],
							"lerp_mode": "catmullrom"
						}
					}
				}
			}
		}
	}
}