{
  "ammo": "tacz:12g",
  "rpm": 350,
  "bullet": {
    "life": 0.6,
    "bullet_amount": 10,
    "damage": 32,
    "tracer_count_interval": 0,
    "extra_damage": {
      "armor_ignore": 0.0,
      "head_shot_multiplier": 1.33,
      "damage_adjust": [
        {"distance": 15, "damage": 42},
        {"distance": 30, "damage": 35},
        {"distance": "infinite", "damage": 25}
      ]
    },
    "speed": 130,
    "gravity": 0.15,
    "knockback": 0.15,
    "friction": 0.05,
    "ignite": false,
    "pierce": 1,
    // 点燃目标
    // "ignite": false,
    "ignite": {
      // 点燃实体
      "entity": true,
      // 点燃方块
      "block": false
  },
  // 点燃时间，默认为 2 秒，仅用于实体
    "ignite_entity_time": 2,
    // 穿透数
    "pierce": 5
    // 储存爆炸的相关数据，如果没有的话会有一套默认的配置
    // "explosion": {
      // 是否爆炸，默认为 false，如果希望默认爆炸则设置为 true
      // "explode": false,
      // 延时爆炸，单位：秒
      // "delay": 30,
      // 爆炸半径，单位：米（格）
      // "radius": 5,
      // 爆炸伤害
      // "damage": 5,
      // 爆炸导致的击退，默认为 false，需要服务器也开启爆炸击退才能使用
      // "knockback": false
      // 爆炸是否破坏方块，默认为 false，需要服务器也开启爆炸破坏方块才能使用
      // "destroy_block": false
    // }
  },
  "ammo_amount": 8,
  "extended_mag_ammo_amount": [
    16,
    24,
    32
  ],
  "bolt": "open_bolt",
  "reload": {
    "type": "magazine",
    "feed": {
      "empty": 3,
      "tactical": 2.3
    },
    "cooldown": {
      "empty": 3.65,
      "tactical": 2.95
    }
  },
  "draw_time": 0.55,
  "put_away_time": 0.6,
  "aim_time": 0.2,
  "sprint_time": 0.21,
  "weight": 5.2,
  "movement_speed": {
    // 默认修正
    "base": 0.0,
    // 瞄准时
    "aim": -0.2,
    // 换弹时
    "reload": -0.2
  },
  "crawl_recoil_multiplier": 0.5,
  "fire_mode": [
    "semi",
    "auto"
  ],
  "allow_attachment_types": [
    "scope",
    "extended_mag",
    "grip"
  ],
  "recoil": {
    "pitch": [
      {"time": 0, "value": [0.25, 0.25]},
      {"time": 0.125, "value": [0.25, 0.25]},
      {"time": 0.4, "value": [-0.25, -0.25]},
      {"time": 0.55, "value": [0, 0]}
    ],
    "yaw": [
      {"time": 0, "value": [-0.5, 0.5]},
      {"time": 0.1, "value": [-0.5, 0.5]},
      {"time": 0.2, "value": [0.15, 0.15]},
      {"time": 0.4, "value": [0, 0]}
    ]
  },
  "inaccuracy": {
    "stand": 4.5,
    "move": 4.75,
    "sneak": 4,
    "lie": 4,
    "aim": 4
  },
  // 近战相关
  "melee": {
    // 枪械距离参数，用来延升近战攻击范围
    // 会与刺刀等配件的距离做加和
    "distance": 1,
    // 使用时的冷却时间
    "cooldown": 0.7,
    // 默认近战数据，会被配件的数据替换掉
    "default": {
      // 动画类型：没有枪托的为 melee_push，有枪托的为 melee_stock
      "animation_type": "melee_stock",
      // 刺刀距离参数，枪械里还有个刺刀攻击距离参数，两者做加和
      "distance": 1,
      // 刺刀范围角度
      "range_angle": 30,
      // 伤害值
      "damage": 2,
      // 击退效果
      "knockback": 0.6,
      // 前摇时长，单位：秒
      "prep": 0.1
    }
  }
}