{
  "ammo": "tacz:50bmg",
  "ammo_amount": 10,
  "extended_mag_ammo_amount": [
    12,
    14,
    20
  ],
  "bolt": "manual_action",
  "rpm": 400,
  "bullet": {
    "life": 1.1,
    "bullet_amount": 1,
    "damage": 155,
    "tracer_count_interval": 0,
    "extra_damage": {
      "armor_ignore": 0.5,
      "head_shot_multiplier": 1.5,
      "damage_adjust": [
        {"distance": 65, "damage": 155.58},
        {"distance": 120, "damage": 140.58},
        {"distance": "infinite", "damage": 135.58}
      ]
    },
    "speed": 400,
    "gravity": 0.15,
    "knockback": 0,
    "friction": 0.03,
    "ignite": false,
    "pierce": 5,
    "explosion": {
      "explode": false,
      "damage": 100,
      "radius": 1.5,
      "knockback": true,
      "delay": 1
    }
  },
  "reload": {
    "type": "magazine",
    "feed": {
      "empty": 4.30,
      "tactical": 3.28
    },
    "cooldown": {
      "empty": 5.25,
      "tactical": 4.35
    }
  },
  "draw_time": 1.3,
  "put_away_time": 0.87,
  "aim_time": 0.23,
  "sprint_time": 0.33,
  "weight": 10.5,
  "movement_speed": {
    // 默认修正
    "base": 0.0,
    // 瞄准时
    "aim": -0.65,
    // 换弹时
    "reload": -0.2
  },
  "crawl_recoil_multiplier": 0.33,
  "fire_mode": [
    "semi"
  ],
  "recoil": {
    "pitch": [
      {"time": 0, "value": [6.25, 6.25]},
      {"time": 0.1, "value": [4.5, 4.5]},
      {"time": 0.21, "value": [5.85, 5.85]},
      {"time": 0.33, "value": [4.5, 4.5]},
      {"time": 0.53, "value": [-0.5, -0.5]},
      {"time": 0.72, "value": [0.25, 0.25]},
      {"time": 0.88, "value": [0, 0]},
      {"time": 1.1, "value": [0, 0]}
    ],
    "yaw": [
      {"time": 0, "value": [-3.75, -3.75]},
      {"time": 0.12, "value": [2.75, 2.75]},
      {"time": 0.23, "value": [-0.75, -0.5]},
      {"time": 0.33, "value": [0.25, 0.5]},
      {"time": 0.61, "value": [0, 0]}
    ]
  },
  "inaccuracy": {
    "stand": 5,
    "move": 5.5,
    "sneak": 3.5,
    "lie": 2.5,
    "aim": 0.05
  },
  // 近战相关
  "melee": {
    // 枪械距离参数，用来延升近战攻击范围
    // 会与刺刀等配件的距离做加和
    "distance": 1,
    // 使用时的冷却时间
    "cooldown": 1.2,
    // 默认近战数据，会被配件的数据替换掉
    "default": {
      // 动画类型：没有枪托的为 melee_push，有枪托的为 melee_stock
      "animation_type": "melee_stock",
      // 刺刀距离参数，枪械里还有个刺刀攻击距离参数，两者做加和
      "distance": 1.25,
      // 刺刀范围角度
      "range_angle": 30,
      // 伤害值
      "damage": 5,
      // 击退效果
      "knockback": 0.85,
      // 前摇时长，单位：秒
      "prep": 0.1
    }
  },
  "allow_attachment_types": [
    "scope",
    "extended_mag",
    "muzzle"
  ],
  "exclusive_attachments": {
   
  }
}