{
	"format_version": "1.12.0",
	"minecraft:geometry": [
		{
			"description": {
				"identifier": "geometry.unknown",
				"texture_width": 64,
				"texture_height": 64,
				"visible_bounds_width": 4,
				"visible_bounds_height": 3,
				"visible_bounds_offset": [0, 0.5, 0]
			},
			"bones": [
				{
					"name": "root",
					"pivot": [0, 7.9, 5.8]
				},
				{
					"name": "lefthand",
					"parent": "root",
					"pivot": [-6, 19, 8]
				},
				{
					"name": "lefthand_pos",
					"parent": "lefthand",
					"pivot": [0, 1, 1],
					"cubes": [
						{
							"origin": [-7, 1, -1],
							"size": [3, 12, 4],
							"uv": {
								"north": {"uv": [0, 0], "uv_size": [4, 12]},
								"east": {"uv": [4, 0], "uv_size": [4, 12]},
								"south": {"uv": [8, 0], "uv_size": [4, 12]},
								"west": {"uv": [0, 12], "uv_size": [4, 12]},
								"up": {"uv": [12, 0], "uv_size": [4, 4]},
								"down": {"uv": [4, 16], "uv_size": [4, -4]}
							}
						}
					]
				},
				{
					"name": "gun_rh",
					"parent": "root",
					"pivot": [0, 0, 0]
				},
				{
					"name": "righthand",
					"parent": "gun_rh",
					"pivot": [6, 12, 1]
				},
				{
					"name": "righthand_pos",
					"parent": "righthand",
					"pivot": [0, 1, 1],
					"cubes": [
						{
							"origin": [4, 1, -1],
							"size": [3, 12, 4],
							"uv": {
								"north": {"uv": [0, 0], "uv_size": [4, 12]},
								"east": {"uv": [4, 0], "uv_size": [4, 12]},
								"south": {"uv": [8, 0], "uv_size": [4, 12]},
								"west": {"uv": [0, 12], "uv_size": [4, 12]},
								"up": {"uv": [12, 0], "uv_size": [4, 4]},
								"down": {"uv": [4, 16], "uv_size": [4, -4]}
							}
						}
					]
				},
				{
					"name": "gun",
					"parent": "gun_rh",
					"pivot": [0, 0, 0]
				},
				{
					"name": "positioning2",
					"parent": "gun",
					"pivot": [0, 7, -1.425]
				},
				{
					"name": "muzzle_flash",
					"parent": "positioning2",
					"pivot": [0, 3.95, -5.95]
				},
				{
					"name": "muzzle_pos",
					"parent": "positioning2",
					"pivot": [0, 3.85, -5.65]
				},
				{
					"name": "scope_pos",
					"parent": "positioning2",
					"pivot": [0, 5.81, 2.875]
				},
				{
					"name": "chamber",
					"parent": "gun",
					"pivot": [0, 4, -5]
				},
				{
					"name": "barrel",
					"parent": "chamber",
					"pivot": [0, 4, -4.7],
					"cubes": [
						{
							"origin": [-0.6875, 3.63711, -5.72187],
							"size": [0.075, 0.56954, 6.3],
							"pivot": [0, 3.92188, -1.98437],
							"rotation": [0, 0, 45],
							"uv": {
								"north": {"uv": [25, 35], "uv_size": [0.25, 0.5]},
								"east": {"uv": [12, 0], "uv_size": [6.25, 0.5]},
								"south": {"uv": [35, 25], "uv_size": [0.25, 0.5]},
								"west": {"uv": [12, 1], "uv_size": [6.25, 0.5]}
							}
						},
						{
							"origin": [-0.6875, 3.63711, -5.72187],
							"size": [0.075, 0.56954, 6.3],
							"uv": {
								"north": {"uv": [26, 35], "uv_size": [0.25, 0.5]},
								"east": {"uv": [12, 2], "uv_size": [6.25, 0.5]},
								"south": {"uv": [35, 26], "uv_size": [0.25, 0.5]},
								"west": {"uv": [12, 3], "uv_size": [6.25, 0.5]}
							}
						},
						{
							"origin": [-0.28477, 4.53438, -5.72187],
							"size": [0.56954, 0.075, 6.3],
							"uv": {
								"north": {"uv": [27, 35], "uv_size": [0.5, 0.25]},
								"south": {"uv": [35, 27], "uv_size": [0.5, 0.25]},
								"up": {"uv": [1, 11], "uv_size": [0.5, 6.25]},
								"down": {"uv": [2, 17.25], "uv_size": [0.5, -6.25]}
							}
						},
						{
							"origin": [-0.28477, 4.53438, -5.72187],
							"size": [0.56954, 0.075, 6.3],
							"pivot": [0, 3.92188, -1.98437],
							"rotation": [0, 0, 45],
							"uv": {
								"north": {"uv": [28, 35], "uv_size": [0.5, 0.25]},
								"south": {"uv": [35, 28], "uv_size": [0.5, 0.25]},
								"up": {"uv": [3, 11], "uv_size": [0.5, 6.25]},
								"down": {"uv": [4, 17.25], "uv_size": [0.5, -6.25]}
							}
						},
						{
							"origin": [0.6125, 3.63711, -5.72187],
							"size": [0.075, 0.56954, 6.3],
							"uv": {
								"north": {"uv": [29, 35], "uv_size": [0.25, 0.5]},
								"east": {"uv": [12, 4], "uv_size": [6.25, 0.5]},
								"south": {"uv": [35, 29], "uv_size": [0.25, 0.5]},
								"west": {"uv": [12, 7], "uv_size": [6.25, 0.5]}
							}
						},
						{
							"origin": [0.6125, 3.63711, -5.72187],
							"size": [0.075, 0.56954, 6.3],
							"pivot": [0, 3.92188, -1.98437],
							"rotation": [0, 0, 45],
							"uv": {
								"north": {"uv": [30, 35], "uv_size": [0.25, 0.5]},
								"east": {"uv": [12, 8], "uv_size": [6.25, 0.5]},
								"south": {"uv": [35, 30], "uv_size": [0.25, 0.5]},
								"west": {"uv": [12, 9], "uv_size": [6.25, 0.5]}
							}
						},
						{
							"origin": [-0.28477, 3.23438, -5.72187],
							"size": [0.56954, 0.075, 6.3],
							"uv": {
								"north": {"uv": [31, 35], "uv_size": [0.5, 0.25]},
								"south": {"uv": [35, 31], "uv_size": [0.5, 0.25]},
								"up": {"uv": [5, 11], "uv_size": [0.5, 6.25]},
								"down": {"uv": [6, 18.25], "uv_size": [0.5, -6.25]}
							}
						},
						{
							"origin": [-0.28477, 3.23438, -5.72187],
							"size": [0.56954, 0.075, 6.3],
							"pivot": [0, 3.92188, -1.98437],
							"rotation": [0, 0, 45],
							"uv": {
								"north": {"uv": [32, 35], "uv_size": [0.5, 0.25]},
								"south": {"uv": [35, 32], "uv_size": [0.5, 0.25]},
								"up": {"uv": [12, 10], "uv_size": [0.5, 6.25]},
								"down": {"uv": [7, 19.25], "uv_size": [0.5, -6.25]}
							}
						},
						{
							"origin": [-0.6875, 3.79336, -5.72187],
							"size": [0.075, 0.25704, 6.3],
							"pivot": [0, 3.92188, -2.07812],
							"rotation": [0, 0, 22.5],
							"uv": {
								"north": {"uv": [38, 18], "uv_size": [0.25, 0.25]},
								"south": {"uv": [19, 38], "uv_size": [0.25, 0.25]},
								"west": {"uv": [21, 7], "uv_size": [6.25, 0.25]}
							}
						},
						{
							"origin": [-0.12852, 4.53438, -5.72187],
							"size": [0.25704, 0.075, 6.3],
							"pivot": [0, 3.92188, -2.07812],
							"rotation": [0, 0, -22.5],
							"uv": {
								"north": {"uv": [38, 19], "uv_size": [0.25, 0.25]},
								"south": {"uv": [20, 38], "uv_size": [0.25, 0.25]},
								"down": {"uv": [10, 27.25], "uv_size": [0.25, -6.25]}
							}
						},
						{
							"origin": [-0.12852, 4.53438, -5.72187],
							"size": [0.25704, 0.075, 6.3],
							"pivot": [0, 3.92188, -2.07812],
							"rotation": [0, 0, 22.5],
							"uv": {
								"north": {"uv": [38, 20], "uv_size": [0.25, 0.25]},
								"south": {"uv": [21, 38], "uv_size": [0.25, 0.25]},
								"down": {"uv": [11, 27.25], "uv_size": [0.25, -6.25]}
							}
						},
						{
							"origin": [0.6125, 3.79336, -5.72187],
							"size": [0.075, 0.25704, 6.3],
							"pivot": [0, 3.92188, -2.07812],
							"rotation": [0, 0, -22.5],
							"uv": {
								"north": {"uv": [38, 21], "uv_size": [0.25, 0.25]},
								"east": {"uv": [21, 8], "uv_size": [6.25, 0.25]},
								"south": {"uv": [22, 38], "uv_size": [0.25, 0.25]}
							}
						},
						{
							"origin": [0.6125, 3.79336, -5.72187],
							"size": [0.075, 0.25704, 6.3],
							"pivot": [0, 3.92188, -2.07812],
							"rotation": [0, 0, 22.5],
							"uv": {
								"north": {"uv": [38, 22], "uv_size": [0.25, 0.25]},
								"east": {"uv": [21, 9], "uv_size": [6.25, 0.25]},
								"south": {"uv": [23, 38], "uv_size": [0.25, 0.25]}
							}
						},
						{
							"origin": [-0.12852, 3.23438, -5.72187],
							"size": [0.25704, 0.075, 6.3],
							"pivot": [0, 3.92188, -2.07812],
							"rotation": [0, 0, -22.5],
							"uv": {
								"north": {"uv": [38, 23], "uv_size": [0.25, 0.25]},
								"south": {"uv": [24, 38], "uv_size": [0.25, 0.25]},
								"up": {"uv": [17, 21], "uv_size": [0.25, 6.25]}
							}
						},
						{
							"origin": [-0.6875, 3.79336, -5.72187],
							"size": [0.075, 0.25704, 6.3],
							"pivot": [0, 3.92188, -2.07812],
							"rotation": [0, 0, -22.5],
							"uv": {
								"north": {"uv": [38, 24], "uv_size": [0.25, 0.25]},
								"south": {"uv": [25, 38], "uv_size": [0.25, 0.25]},
								"west": {"uv": [21, 10], "uv_size": [6.25, 0.25]}
							}
						},
						{
							"origin": [-0.12852, 3.23438, -5.72187],
							"size": [0.25704, 0.075, 6.3],
							"pivot": [0, 3.92188, -2.07812],
							"rotation": [0, 0, 22.5],
							"uv": {
								"north": {"uv": [38, 25], "uv_size": [0.25, 0.25]},
								"south": {"uv": [26, 38], "uv_size": [0.25, 0.25]},
								"up": {"uv": [18, 21], "uv_size": [0.25, 6.25]}
							}
						},
						{
							"origin": [0.625, 3.5405, -5.39687],
							"size": [0.19571, 0.79203, 5.925],
							"uv": {
								"north": {"uv": [34, 32], "uv_size": [0.25, 0.75]},
								"south": {"uv": [33, 34], "uv_size": [0.25, 0.75]},
								"west": {"uv": [9, 5], "uv_size": [6, 0.75]}
							}
						},
						{
							"origin": [-0.82072, 3.54051, -5.39687],
							"size": [0.19572, 0.79202, 5.925],
							"uv": {
								"north": {"uv": [34, 33], "uv_size": [0.25, 0.75]},
								"east": {"uv": [9, 6], "uv_size": [6, 0.75]},
								"south": {"uv": [34, 34], "uv_size": [0.25, 0.75]}
							}
						},
						{
							"origin": [-0.13715, 4.50545, -5.39687],
							"size": [0.50994, 0.20429, 5.925],
							"pivot": [0.14142, 3.98045, -3.68437],
							"rotation": [0, 0, 45],
							"uv": {
								"north": {"uv": [35, 35], "uv_size": [0.5, 0.25]},
								"east": {"uv": [23, 22], "uv_size": [6, 0.25]},
								"south": {"uv": [0, 36], "uv_size": [0.5, 0.25]},
								"west": {"uv": [1, 24], "uv_size": [6, 0.25]},
								"up": {"uv": [9, 13], "uv_size": [0.5, 6]},
								"down": {"uv": [10, 19], "uv_size": [0.5, -6]}
							}
						},
						{
							"origin": [-0.37279, 4.50545, -5.39687],
							"size": [0.50994, 0.20429, 5.925],
							"pivot": [-0.14142, 3.98045, -3.68437],
							"rotation": [0, 0, -45],
							"uv": {
								"north": {"uv": [36, 0], "uv_size": [0.5, 0.25]},
								"east": {"uv": [21, 24], "uv_size": [6, 0.25]},
								"south": {"uv": [1, 36], "uv_size": [0.5, 0.25]},
								"west": {"uv": [1, 25], "uv_size": [6, 0.25]},
								"up": {"uv": [11, 13], "uv_size": [0.5, 6]},
								"down": {"uv": [13, 17], "uv_size": [0.5, -6]}
							}
						},
						{
							"origin": [-0.31066, 3.07187, -5.39687],
							"size": [0.62132, 0.225, 5.925],
							"pivot": [0, 3.92187, -3.68437],
							"rotation": [0, 0, -45],
							"uv": {
								"north": {"uv": [33, 35], "uv_size": [0.5, 0.25]},
								"south": {"uv": [35, 33], "uv_size": [0.5, 0.25]},
								"down": {"uv": [8, 19], "uv_size": [0.5, -6]}
							}
						},
						{
							"origin": [-0.46013, 4.54688, -5.39687],
							"size": [0.92025, 0.14623, 5.925],
							"uv": {
								"north": {"uv": [19, 32], "uv_size": [1, 0.25]},
								"east": {"uv": [21, 23], "uv_size": [6, 0.25]},
								"south": {"uv": [0, 33], "uv_size": [1, 0.25]},
								"west": {"uv": [23, 21], "uv_size": [6, 0.25]},
								"up": {"uv": [6, 0], "uv_size": [1, 6]},
								"down": {"uv": [6, 12], "uv_size": [1, -6]}
							}
						},
						{
							"origin": [-0.38038, 3.10217, -5.39587],
							"size": [0.76075, 0.1947, 5.924],
							"inflate": 0.001,
							"uv": {
								"north": {"uv": [0, 35], "uv_size": [0.75, 0.25]},
								"south": {"uv": [35, 0], "uv_size": [0.75, 0.25]},
								"down": {"uv": [9, 13], "uv_size": [0.75, -6]}
							}
						},
						{
							"origin": [-0.85, 3.61122, -5.39687],
							"size": [0.225, 0.62132, 5.925],
							"pivot": [0, 3.92187, -3.68437],
							"rotation": [0, 0, -45],
							"uv": {
								"north": {"uv": [34, 35], "uv_size": [0.25, 0.5]},
								"east": {"uv": [13, 10], "uv_size": [6, 0.5]},
								"south": {"uv": [35, 34], "uv_size": [0.25, 0.5]}
							}
						}
					]
				},
				{
					"name": "round",
					"parent": "chamber",
					"pivot": [0, 4.1, 1.9],
					"rotation": [90, 0, 0]
				},
				{
					"name": "head",
					"parent": "round",
					"pivot": [0, 7.475, 1.775],
					"cubes": [
						{
							"origin": [0.35625, 8.39, 0.875],
							"size": [0.4875, 0.325, 0.4875],
							"pivot": [0, 5.59, 1.11875],
							"rotation": [0, -90, 0],
							"uv": {
								"north": {"uv": [38, 5], "uv_size": [0.5, 0.25]},
								"east": {"uv": [6, 38], "uv_size": [0.5, 0.25]},
								"south": {"uv": [38, 6], "uv_size": [0.5, 0.25]},
								"west": {"uv": [7, 38], "uv_size": [0.5, 0.25]},
								"up": {"uv": [28, 34], "uv_size": [0.5, 0.5]}
							}
						},
						{
							"origin": [0.19446, 7.2525, 0.11996],
							"size": [0.45962, 1.1375, 1.14904],
							"pivot": [0, 4.94, 1.11875],
							"rotation": [-180, -45, 180],
							"uv": {
								"north": {"uv": [28, 5], "uv_size": [0.5, 1.25]},
								"east": {"uv": [19, 21], "uv_size": [1.25, 1.25]},
								"south": {"uv": [7, 28], "uv_size": [0.5, 1.25]},
								"west": {"uv": [21, 19], "uv_size": [1.25, 1.25]},
								"up": {"uv": [28, 7], "uv_size": [0.5, 1.25]}
							}
						},
						{
							"origin": [0.19446, 7.2525, 0.96849],
							"size": [0.45961, 1.1375, 1.14904],
							"pivot": [0, 4.94, 1.11875],
							"rotation": [0, -45, 0],
							"uv": {
								"north": {"uv": [8, 28], "uv_size": [0.5, 1.25]},
								"east": {"uv": [21, 21], "uv_size": [1.25, 1.25]},
								"south": {"uv": [9, 28], "uv_size": [0.5, 1.25]},
								"west": {"uv": [1, 22], "uv_size": [1.25, 1.25]},
								"up": {"uv": [28, 9], "uv_size": [0.5, 1.25]}
							}
						},
						{
							"origin": [-0.56875, 7.2525, 1.475],
							"size": [1.1375, 1.1375, 0.4875],
							"uv": {
								"north": {"uv": [3, 22], "uv_size": [1.25, 1.25]},
								"east": {"uv": [10, 28], "uv_size": [0.5, 1.25]},
								"south": {"uv": [5, 22], "uv_size": [1.25, 1.25]},
								"west": {"uv": [11, 28], "uv_size": [0.5, 1.25]},
								"up": {"uv": [28, 11], "uv_size": [1.25, 0.5]},
								"down": {"uv": [28, 12.5], "uv_size": [1.25, -0.5]}
							}
						},
						{
							"origin": [-2.49697, 7.12014, 1.475],
							"size": [0.27332, 0.45962, 0.4875],
							"pivot": [0, 5.4275, 1.11875],
							"rotation": [0, 0, 45],
							"uv": {
								"north": {"uv": [38, 7], "uv_size": [0.25, 0.5]},
								"east": {"uv": [34, 28], "uv_size": [0.5, 0.5]},
								"south": {"uv": [8, 38], "uv_size": [0.25, 0.5]},
								"west": {"uv": [29, 34], "uv_size": [0.5, 0.5]},
								"up": {"uv": [38, 8], "uv_size": [0.25, 0.5]}
							}
						},
						{
							"origin": [2.22365, 7.12014, 1.475],
							"size": [0.27332, 0.45962, 0.4875],
							"pivot": [0, 5.4275, 1.11875],
							"rotation": [0, 0, -45],
							"uv": {
								"north": {"uv": [9, 38], "uv_size": [0.25, 0.5]},
								"east": {"uv": [34, 29], "uv_size": [0.5, 0.5]},
								"south": {"uv": [38, 9], "uv_size": [0.25, 0.5]},
								"west": {"uv": [30, 34], "uv_size": [0.5, 0.5]},
								"up": {"uv": [10, 38], "uv_size": [0.25, 0.5]}
							}
						},
						{
							"origin": [2.64791, 6.69587, 0.875],
							"size": [0.27332, 0.45962, 0.4875],
							"pivot": [0, 5.4275, 1.11875],
							"rotation": [90, -45, -90],
							"uv": {
								"north": {"uv": [38, 10], "uv_size": [0.25, 0.5]},
								"east": {"uv": [34, 30], "uv_size": [0.5, 0.5]},
								"south": {"uv": [11, 38], "uv_size": [0.25, 0.5]},
								"west": {"uv": [31, 34], "uv_size": [0.5, 0.5]},
								"up": {"uv": [38, 11], "uv_size": [0.25, 0.5]},
								"down": {"uv": [12, 38.5], "uv_size": [0.25, -0.5]}
							}
						},
						{
							"origin": [-2.07271, 7.5444, 0.875],
							"size": [0.27332, 0.45962, 0.4875],
							"pivot": [0, 5.4275, 1.11875],
							"rotation": [-90, -45, 90],
							"uv": {
								"north": {"uv": [38, 12], "uv_size": [0.25, 0.5]},
								"east": {"uv": [34, 31], "uv_size": [0.5, 0.5]},
								"south": {"uv": [13, 38], "uv_size": [0.25, 0.5]},
								"west": {"uv": [32, 34], "uv_size": [0.5, 0.5]},
								"up": {"uv": [38, 13], "uv_size": [0.25, 0.5]},
								"down": {"uv": [14, 38.5], "uv_size": [0.25, -0.5]}
							}
						},
						{
							"origin": [0.03125, 7.2525, 0.875],
							"size": [1.1375, 1.1375, 0.4875],
							"pivot": [0, 5.59, 1.11875],
							"rotation": [0, -90, 0],
							"uv": {
								"north": {"uv": [19, 23], "uv_size": [1.25, 1.25]},
								"east": {"uv": [14, 28], "uv_size": [0.5, 1.25]},
								"south": {"uv": [23, 19], "uv_size": [1.25, 1.25]},
								"west": {"uv": [15, 28], "uv_size": [0.5, 1.25]},
								"up": {"uv": [28, 15], "uv_size": [1.25, 0.5]},
								"down": {"uv": [16, 28.5], "uv_size": [1.25, -0.5]}
							}
						}
					]
				},
				{
					"name": "case",
					"parent": "round",
					"pivot": [0, 4.725, 1.775],
					"cubes": [
						{
							"origin": [-0.17664, 5.54625, 1.26683],
							"size": [0.8125, 0.1625, 0.8125],
							"pivot": [0, 2.8275, 1.11875],
							"rotation": [0, -22.5, 0],
							"uv": {
								"north": {"uv": [23, 35], "uv_size": [0.75, 0.25]},
								"east": {"uv": [35, 23], "uv_size": [0.75, 0.25]},
								"south": {"uv": [24, 35], "uv_size": [0.75, 0.25]},
								"west": {"uv": [35, 24], "uv_size": [0.75, 0.25]},
								"up": {"uv": [16, 29], "uv_size": [0.75, 0.75]},
								"down": {"uv": [29, 16.75], "uv_size": [0.75, -0.75]}
							}
						},
						{
							"origin": [0.26526, 5.4685, 1.38401],
							"size": [0.318, 0.07425, 0.318],
							"inflate": 0.01,
							"pivot": [0, 2.665, 1.11875],
							"rotation": [0, -45, 0],
							"uv": {
								"up": {"uv": [42, 27], "uv_size": [0.25, 0.25]},
								"down": {"uv": [28, 42.25], "uv_size": [0.25, -0.25]}
							}
						},
						{
							"origin": [-0.24375, 5.70875, 1.15],
							"size": [0.4875, 1.54375, 1.1375],
							"uv": {
								"north": {"uv": [22, 26], "uv_size": [0.5, 1.5]},
								"east": {"uv": [19, 2], "uv_size": [1.25, 1.5]},
								"south": {"uv": [23, 26], "uv_size": [0.5, 1.5]},
								"west": {"uv": [5, 19], "uv_size": [1.25, 1.5]},
								"up": {"uv": [28, 16], "uv_size": [0.5, 1.25]},
								"down": {"uv": [18, 29.25], "uv_size": [0.5, -1.25]}
							}
						},
						{
							"origin": [0.35625, 5.70875, 0.55],
							"size": [0.4875, 1.54375, 1.1375],
							"pivot": [0, 3.23375, 1.11875],
							"rotation": [0, -90, 0],
							"uv": {
								"north": {"uv": [26, 25], "uv_size": [0.5, 1.5]},
								"east": {"uv": [19, 7], "uv_size": [1.25, 1.5]},
								"south": {"uv": [0, 27], "uv_size": [0.5, 1.5]},
								"west": {"uv": [8, 19], "uv_size": [1.25, 1.5]},
								"up": {"uv": [19, 28], "uv_size": [0.5, 1.25]},
								"down": {"uv": [20, 29.25], "uv_size": [0.5, -1.25]}
							}
						},
						{
							"origin": [0.19446, 5.70875, 0.11996],
							"size": [0.45962, 1.54375, 1.14904],
							"pivot": [0, 3.23375, 1.11875],
							"rotation": [-180, -45, 180],
							"uv": {
								"north": {"uv": [27, 0], "uv_size": [0.5, 1.5]},
								"east": {"uv": [19, 9], "uv_size": [1.25, 1.5]},
								"south": {"uv": [27, 4], "uv_size": [0.5, 1.5]},
								"west": {"uv": [10, 19], "uv_size": [1.25, 1.5]},
								"up": {"uv": [21, 28], "uv_size": [0.5, 1.25]}
							}
						},
						{
							"origin": [0.19446, 5.70875, 0.96849],
							"size": [0.45961, 1.54375, 1.14904],
							"pivot": [0, 3.23375, 1.11875],
							"rotation": [0, -45, 0],
							"uv": {
								"north": {"uv": [27, 11], "uv_size": [0.5, 1.5]},
								"east": {"uv": [17, 19], "uv_size": [1.25, 1.5]},
								"south": {"uv": [12, 27], "uv_size": [0.5, 1.5]},
								"west": {"uv": [19, 19], "uv_size": [1.25, 1.5]},
								"up": {"uv": [22, 28], "uv_size": [0.5, 1.25]},
								"down": {"uv": [23, 29.25], "uv_size": [0.5, -1.25]}
							}
						},
						{
							"origin": [-0.24375, 5.465, 1.10937],
							"size": [0.4875, 0.12187, 1.21875],
							"uv": {
								"north": {"uv": [38, 14], "uv_size": [0.5, 0.25]},
								"east": {"uv": [14, 33], "uv_size": [1.25, 0.25]},
								"south": {"uv": [15, 38], "uv_size": [0.5, 0.25]},
								"west": {"uv": [33, 14], "uv_size": [1.25, 0.25]},
								"up": {"uv": [28, 23], "uv_size": [0.5, 1.25]},
								"down": {"uv": [28, 26.25], "uv_size": [0.5, -1.25]}
							}
						},
						{
							"origin": [0.35625, 5.465, 0.50938],
							"size": [0.4875, 0.12188, 1.21875],
							"pivot": [0, 3.11188, 1.11875],
							"rotation": [0, -90, 0],
							"uv": {
								"north": {"uv": [38, 15], "uv_size": [0.5, 0.25]},
								"east": {"uv": [16, 33], "uv_size": [1.25, 0.25]},
								"south": {"uv": [16, 38], "uv_size": [0.5, 0.25]},
								"west": {"uv": [33, 17], "uv_size": [1.25, 0.25]},
								"up": {"uv": [28, 27], "uv_size": [0.5, 1.25]},
								"down": {"uv": [0, 30.25], "uv_size": [0.5, -1.25]}
							}
						},
						{
							"origin": [0.16573, 5.465, 0.93976],
							"size": [0.51707, 0.12187, 1.2065],
							"pivot": [0, 3.11188, 1.11875],
							"rotation": [0, -45, 0],
							"uv": {
								"north": {"uv": [38, 16], "uv_size": [0.5, 0.25]},
								"east": {"uv": [18, 33], "uv_size": [1.25, 0.25]},
								"south": {"uv": [17, 38], "uv_size": [0.5, 0.25]},
								"west": {"uv": [33, 18], "uv_size": [1.25, 0.25]},
								"up": {"uv": [29, 0], "uv_size": [0.5, 1.25]},
								"down": {"uv": [3, 30.25], "uv_size": [0.5, -1.25]}
							}
						},
						{
							"origin": [0.16573, 5.465, 0.09123],
							"size": [0.51708, 0.12188, 1.2065],
							"pivot": [0, 3.11188, 1.11875],
							"rotation": [-180, -45, 180],
							"uv": {
								"north": {"uv": [38, 17], "uv_size": [0.5, 0.25]},
								"east": {"uv": [20, 33], "uv_size": [1.25, 0.25]},
								"south": {"uv": [18, 38], "uv_size": [0.5, 0.25]},
								"west": {"uv": [33, 21], "uv_size": [1.25, 0.25]},
								"up": {"uv": [4, 29], "uv_size": [0.5, 1.25]},
								"down": {"uv": [5, 30.25], "uv_size": [0.5, -1.25]}
							}
						}
					]
				},
				{
					"name": "mount",
					"parent": "gun",
					"pivot": [-0.0001, 5.6376, -1.6249],
					"cubes": [
						{
							"origin": [-0.3751, 5.6126, -3.7249],
							"size": [0.75, 0.1498, 7.75],
							"inflate": 0.0002,
							"uv": {
								"north": {"uv": [5, 35], "uv_size": [0.75, 0.25]},
								"east": {"uv": [19, 0], "uv_size": [7.75, 0.25]},
								"south": {"uv": [35, 5], "uv_size": [0.75, 0.25]},
								"west": {"uv": [19, 1], "uv_size": [7.75, 0.25]},
								"up": {"uv": [7, 0], "uv_size": [0.75, 7.75]},
								"down": {"uv": [8, 7.75], "uv_size": [0.75, -7.75]}
							}
						},
						{
							"origin": [-0.4637, 5.67404, -3.725],
							"size": [0.177, 0.177, 1.25],
							"inflate": 0.0005,
							"pivot": [-0.3752, 5.76254, -2.725],
							"rotation": [0, 0, -45],
							"uv": {
								"north": {"uv": [40, 9], "uv_size": [0.25, 0.25]},
								"east": {"uv": [28, 30], "uv_size": [1.25, 0.25]},
								"south": {"uv": [10, 40], "uv_size": [0.25, 0.25]},
								"west": {"uv": [30, 28], "uv_size": [1.25, 0.25]},
								"up": {"uv": [30, 29], "uv_size": [0.25, 1.25]},
								"down": {"uv": [0, 32.25], "uv_size": [0.25, -1.25]}
							}
						},
						{
							"origin": [-0.3751, 5.7626, -3.7249],
							"size": [0.75, 0.125, 1.25],
							"inflate": 0.0001,
							"uv": {
								"north": {"uv": [6, 35], "uv_size": [0.75, 0.25]},
								"east": {"uv": [31, 0], "uv_size": [1.25, 0.25]},
								"south": {"uv": [35, 6], "uv_size": [0.75, 0.25]},
								"west": {"uv": [1, 31], "uv_size": [1.25, 0.25]},
								"up": {"uv": [3, 26], "uv_size": [0.75, 1.25]}
							}
						},
						{
							"origin": [0.2865, 5.67404, -3.725],
							"size": [0.177, 0.177, 1.25],
							"inflate": 0.0005,
							"pivot": [0.375, 5.76254, -2.725],
							"rotation": [0, 0, 45],
							"uv": {
								"north": {"uv": [40, 10], "uv_size": [0.25, 0.25]},
								"east": {"uv": [31, 1], "uv_size": [1.25, 0.25]},
								"south": {"uv": [11, 40], "uv_size": [0.25, 0.25]},
								"west": {"uv": [31, 2], "uv_size": [1.25, 0.25]},
								"up": {"uv": [3, 31], "uv_size": [0.25, 1.25]},
								"down": {"uv": [31, 4.25], "uv_size": [0.25, -1.25]}
							}
						},
						{
							"origin": [-0.4637, 5.67404, -2.2249],
							"size": [0.177, 0.177, 0.25],
							"inflate": 0.0005,
							"pivot": [-0.3752, 5.76254, 1.475],
							"rotation": [0, 0, -45],
							"uv": {
								"north": {"uv": [40, 11], "uv_size": [0.25, 0.25]},
								"east": {"uv": [12, 40], "uv_size": [0.25, 0.25]},
								"south": {"uv": [40, 12], "uv_size": [0.25, 0.25]},
								"west": {"uv": [13, 40], "uv_size": [0.25, 0.25]},
								"up": {"uv": [40, 13], "uv_size": [0.25, 0.25]},
								"down": {"uv": [14, 40.25], "uv_size": [0.25, -0.25]}
							}
						},
						{
							"origin": [-0.3751, 5.7626, -2.2249],
							"size": [0.75, 0.125, 0.25],
							"inflate": 0.0001,
							"uv": {
								"north": {"uv": [7, 35], "uv_size": [0.75, 0.25]},
								"south": {"uv": [35, 7], "uv_size": [0.75, 0.25]},
								"up": {"uv": [8, 35], "uv_size": [0.75, 0.25]}
							}
						},
						{
							"origin": [0.2865, 5.67404, -2.2249],
							"size": [0.177, 0.177, 0.25],
							"inflate": 0.0005,
							"pivot": [0.375, 5.76254, 1.475],
							"rotation": [0, 0, 45],
							"uv": {
								"north": {"uv": [40, 14], "uv_size": [0.25, 0.25]},
								"east": {"uv": [15, 40], "uv_size": [0.25, 0.25]},
								"south": {"uv": [40, 15], "uv_size": [0.25, 0.25]},
								"west": {"uv": [16, 40], "uv_size": [0.25, 0.25]},
								"up": {"uv": [40, 16], "uv_size": [0.25, 0.25]},
								"down": {"uv": [17, 40.25], "uv_size": [0.25, -0.25]}
							}
						},
						{
							"origin": [-0.4637, 5.67404, -0.2249],
							"size": [0.177, 0.177, 0.25],
							"inflate": 0.0005,
							"pivot": [-0.3752, 5.76254, 3.475],
							"rotation": [0, 0, -45],
							"uv": {
								"north": {"uv": [40, 17], "uv_size": [0.25, 0.25]},
								"east": {"uv": [18, 40], "uv_size": [0.25, 0.25]},
								"south": {"uv": [40, 18], "uv_size": [0.25, 0.25]},
								"west": {"uv": [19, 40], "uv_size": [0.25, 0.25]},
								"up": {"uv": [40, 19], "uv_size": [0.25, 0.25]},
								"down": {"uv": [20, 40.25], "uv_size": [0.25, -0.25]}
							}
						},
						{
							"origin": [-0.4637, 5.67404, -1.725],
							"size": [0.177, 0.177, 1.25],
							"inflate": 0.0005,
							"pivot": [-0.3752, 5.76254, -0.725],
							"rotation": [0, 0, -45],
							"uv": {
								"north": {"uv": [40, 20], "uv_size": [0.25, 0.25]},
								"east": {"uv": [4, 31], "uv_size": [1.25, 0.25]},
								"south": {"uv": [21, 40], "uv_size": [0.25, 0.25]},
								"west": {"uv": [31, 6], "uv_size": [1.25, 0.25]},
								"up": {"uv": [7, 31], "uv_size": [0.25, 1.25]},
								"down": {"uv": [31, 8.25], "uv_size": [0.25, -1.25]}
							}
						},
						{
							"origin": [-0.3751, 5.7626, -1.7249],
							"size": [0.75, 0.125, 1.25],
							"inflate": 0.0001,
							"uv": {
								"north": {"uv": [35, 8], "uv_size": [0.75, 0.25]},
								"east": {"uv": [8, 31], "uv_size": [1.25, 0.25]},
								"south": {"uv": [9, 35], "uv_size": [0.75, 0.25]},
								"west": {"uv": [10, 31], "uv_size": [1.25, 0.25]},
								"up": {"uv": [4, 26], "uv_size": [0.75, 1.25]}
							}
						},
						{
							"origin": [-0.3751, 5.7626, -0.2249],
							"size": [0.75, 0.125, 0.25],
							"inflate": 0.0001,
							"uv": {
								"north": {"uv": [35, 9], "uv_size": [0.75, 0.25]},
								"south": {"uv": [10, 35], "uv_size": [0.75, 0.25]},
								"up": {"uv": [35, 10], "uv_size": [0.75, 0.25]}
							}
						},
						{
							"origin": [0.2865, 5.67404, -0.2249],
							"size": [0.177, 0.177, 0.25],
							"inflate": 0.0005,
							"pivot": [0.375, 5.76254, 3.475],
							"rotation": [0, 0, 45],
							"uv": {
								"north": {"uv": [40, 21], "uv_size": [0.25, 0.25]},
								"east": {"uv": [22, 40], "uv_size": [0.25, 0.25]},
								"south": {"uv": [40, 22], "uv_size": [0.25, 0.25]},
								"west": {"uv": [23, 40], "uv_size": [0.25, 0.25]},
								"up": {"uv": [40, 23], "uv_size": [0.25, 0.25]},
								"down": {"uv": [24, 40.25], "uv_size": [0.25, -0.25]}
							}
						},
						{
							"origin": [0.2865, 5.67404, -1.725],
							"size": [0.177, 0.177, 1.25],
							"inflate": 0.0005,
							"pivot": [0.375, 5.76254, -0.725],
							"rotation": [0, 0, 45],
							"uv": {
								"north": {"uv": [40, 24], "uv_size": [0.25, 0.25]},
								"east": {"uv": [31, 11], "uv_size": [1.25, 0.25]},
								"south": {"uv": [25, 40], "uv_size": [0.25, 0.25]},
								"west": {"uv": [31, 14], "uv_size": [1.25, 0.25]},
								"up": {"uv": [14, 31], "uv_size": [0.25, 1.25]},
								"down": {"uv": [31, 16.25], "uv_size": [0.25, -1.25]}
							}
						},
						{
							"origin": [-0.4637, 5.67404, 1.7751],
							"size": [0.177, 0.177, 0.25],
							"inflate": 0.0005,
							"pivot": [-0.3752, 5.76254, 5.475],
							"rotation": [0, 0, -45],
							"uv": {
								"north": {"uv": [40, 25], "uv_size": [0.25, 0.25]},
								"east": {"uv": [26, 40], "uv_size": [0.25, 0.25]},
								"south": {"uv": [40, 26], "uv_size": [0.25, 0.25]},
								"west": {"uv": [27, 40], "uv_size": [0.25, 0.25]},
								"up": {"uv": [40, 27], "uv_size": [0.25, 0.25]},
								"down": {"uv": [28, 40.25], "uv_size": [0.25, -0.25]}
							}
						},
						{
							"origin": [-0.4637, 5.67404, 0.275],
							"size": [0.177, 0.177, 1.25],
							"inflate": 0.0005,
							"pivot": [-0.3752, 5.76254, 1.275],
							"rotation": [0, 0, -45],
							"uv": {
								"north": {"uv": [40, 28], "uv_size": [0.25, 0.25]},
								"east": {"uv": [31, 17], "uv_size": [1.25, 0.25]},
								"south": {"uv": [29, 40], "uv_size": [0.25, 0.25]},
								"west": {"uv": [31, 18], "uv_size": [1.25, 0.25]},
								"up": {"uv": [31, 19], "uv_size": [0.25, 1.25]},
								"down": {"uv": [20, 32.25], "uv_size": [0.25, -1.25]}
							}
						},
						{
							"origin": [-0.3751, 5.7626, 0.2751],
							"size": [0.75, 0.125, 1.25],
							"inflate": 0.0001,
							"uv": {
								"north": {"uv": [11, 35], "uv_size": [0.75, 0.25]},
								"east": {"uv": [21, 31], "uv_size": [1.25, 0.25]},
								"south": {"uv": [35, 11], "uv_size": [0.75, 0.25]},
								"west": {"uv": [31, 21], "uv_size": [1.25, 0.25]},
								"up": {"uv": [26, 4], "uv_size": [0.75, 1.25]}
							}
						},
						{
							"origin": [-0.3751, 5.7626, 1.7751],
							"size": [0.75, 0.125, 0.25],
							"inflate": 0.0001,
							"uv": {
								"north": {"uv": [12, 35], "uv_size": [0.75, 0.25]},
								"south": {"uv": [35, 12], "uv_size": [0.75, 0.25]},
								"up": {"uv": [13, 35], "uv_size": [0.75, 0.25]}
							}
						},
						{
							"origin": [0.2865, 5.67404, 1.7751],
							"size": [0.177, 0.177, 0.25],
							"inflate": 0.0005,
							"pivot": [0.375, 5.76254, 5.475],
							"rotation": [0, 0, 45],
							"uv": {
								"north": {"uv": [40, 29], "uv_size": [0.25, 0.25]},
								"east": {"uv": [30, 40], "uv_size": [0.25, 0.25]},
								"south": {"uv": [40, 30], "uv_size": [0.25, 0.25]},
								"west": {"uv": [31, 40], "uv_size": [0.25, 0.25]},
								"up": {"uv": [40, 31], "uv_size": [0.25, 0.25]},
								"down": {"uv": [32, 40.25], "uv_size": [0.25, -0.25]}
							}
						},
						{
							"origin": [0.2865, 5.67404, 0.275],
							"size": [0.177, 0.177, 1.25],
							"inflate": 0.0005,
							"pivot": [0.375, 5.76254, 1.275],
							"rotation": [0, 0, 45],
							"uv": {
								"north": {"uv": [40, 32], "uv_size": [0.25, 0.25]},
								"east": {"uv": [31, 22], "uv_size": [1.25, 0.25]},
								"south": {"uv": [33, 40], "uv_size": [0.25, 0.25]},
								"west": {"uv": [23, 31], "uv_size": [1.25, 0.25]},
								"up": {"uv": [25, 31], "uv_size": [0.25, 1.25]},
								"down": {"uv": [26, 32.25], "uv_size": [0.25, -1.25]}
							}
						},
						{
							"origin": [-0.4637, 5.67404, 2.275],
							"size": [0.177, 0.177, 1.25],
							"inflate": 0.0005,
							"pivot": [-0.3752, 5.76254, 3.275],
							"rotation": [0, 0, -45],
							"uv": {
								"north": {"uv": [40, 33], "uv_size": [0.25, 0.25]},
								"east": {"uv": [31, 23], "uv_size": [1.25, 0.25]},
								"south": {"uv": [34, 40], "uv_size": [0.25, 0.25]},
								"west": {"uv": [31, 26], "uv_size": [1.25, 0.25]},
								"up": {"uv": [27, 31], "uv_size": [0.25, 1.25]},
								"down": {"uv": [28, 32.25], "uv_size": [0.25, -1.25]}
							}
						},
						{
							"origin": [-0.3751, 5.7626, 2.2751],
							"size": [0.75, 0.125, 1.25],
							"inflate": 0.0001,
							"uv": {
								"north": {"uv": [35, 13], "uv_size": [0.75, 0.25]},
								"east": {"uv": [29, 31], "uv_size": [1.25, 0.25]},
								"south": {"uv": [14, 35], "uv_size": [0.75, 0.25]},
								"west": {"uv": [31, 29], "uv_size": [1.25, 0.25]},
								"up": {"uv": [5, 26], "uv_size": [0.75, 1.25]}
							}
						},
						{
							"origin": [0.2865, 5.67404, 2.275],
							"size": [0.177, 0.177, 1.25],
							"inflate": 0.0005,
							"pivot": [0.375, 5.76254, 3.275],
							"rotation": [0, 0, 45],
							"uv": {
								"north": {"uv": [40, 34], "uv_size": [0.25, 0.25]},
								"east": {"uv": [31, 30], "uv_size": [1.25, 0.25]},
								"south": {"uv": [35, 40], "uv_size": [0.25, 0.25]},
								"west": {"uv": [31, 31], "uv_size": [1.25, 0.25]},
								"up": {"uv": [1, 32], "uv_size": [0.25, 1.25]},
								"down": {"uv": [2, 33.25], "uv_size": [0.25, -1.25]}
							}
						},
						{
							"origin": [0.2865, 5.67404, 3.7751],
							"size": [0.177, 0.177, 0.25],
							"inflate": 0.0005,
							"pivot": [0.375, 5.76254, 7.475],
							"rotation": [0, 0, 45],
							"uv": {
								"north": {"uv": [40, 35], "uv_size": [0.25, 0.25]},
								"east": {"uv": [36, 40], "uv_size": [0.25, 0.25]},
								"south": {"uv": [40, 36], "uv_size": [0.25, 0.25]},
								"west": {"uv": [37, 40], "uv_size": [0.25, 0.25]},
								"up": {"uv": [40, 37], "uv_size": [0.25, 0.25]},
								"down": {"uv": [38, 40.25], "uv_size": [0.25, -0.25]}
							}
						},
						{
							"origin": [-0.4637, 5.67404, 3.7751],
							"size": [0.177, 0.177, 0.25],
							"inflate": 0.0005,
							"pivot": [-0.3752, 5.76254, 7.475],
							"rotation": [0, 0, -45],
							"uv": {
								"north": {"uv": [40, 38], "uv_size": [0.25, 0.25]},
								"east": {"uv": [39, 40], "uv_size": [0.25, 0.25]},
								"south": {"uv": [40, 39], "uv_size": [0.25, 0.25]},
								"west": {"uv": [40, 40], "uv_size": [0.25, 0.25]},
								"up": {"uv": [0, 41], "uv_size": [0.25, 0.25]},
								"down": {"uv": [41, 0.25], "uv_size": [0.25, -0.25]}
							}
						},
						{
							"origin": [-0.3751, 5.7626, 3.7751],
							"size": [0.75, 0.125, 0.25],
							"inflate": 0.0001,
							"uv": {
								"north": {"uv": [35, 14], "uv_size": [0.75, 0.25]},
								"south": {"uv": [15, 35], "uv_size": [0.75, 0.25]},
								"up": {"uv": [35, 15], "uv_size": [0.75, 0.25]}
							}
						}
					]
				},
				{
					"name": "body",
					"parent": "gun",
					"pivot": [0, 0, 0],
					"cubes": [
						{
							"origin": [-0.46875, 4.69411, -5.5065],
							"size": [0.9375, 0.34423, 0.10863],
							"inflate": 0.001,
							"uv": {
								"north": {"uv": [5, 33], "uv_size": [1, 0.25]},
								"east": {"uv": [38, 26], "uv_size": [0.25, 0.25]},
								"south": {"uv": [7, 33], "uv_size": [1, 0.25]},
								"west": {"uv": [27, 38], "uv_size": [0.25, 0.25]},
								"up": {"uv": [22, 33], "uv_size": [1, 0.25]},
								"down": {"uv": [33, 22.25], "uv_size": [1, -0.25]}
							}
						},
						{
							"origin": [0.44303, 4.69411, -5.45318],
							"size": [0.15445, 0.34423, 0.15531],
							"inflate": 0.001,
							"pivot": [0.52025, 4.86623, -5.44737],
							"rotation": [0, -45, 0],
							"uv": {
								"north": {"uv": [38, 32], "uv_size": [0.25, 0.25]},
								"east": {"uv": [33, 38], "uv_size": [0.25, 0.25]},
								"south": {"uv": [38, 33], "uv_size": [0.25, 0.25]},
								"west": {"uv": [34, 38], "uv_size": [0.25, 0.25]},
								"up": {"uv": [38, 34], "uv_size": [0.25, 0.25]},
								"down": {"uv": [35, 38.25], "uv_size": [0.25, -0.25]}
							}
						},
						{
							"origin": [-0.59748, 4.69411, -5.45318],
							"size": [0.15445, 0.34423, 0.15531],
							"inflate": 0.001,
							"pivot": [-0.52025, 4.86623, -5.44737],
							"rotation": [0, 45, 0],
							"uv": {
								"north": {"uv": [38, 35], "uv_size": [0.25, 0.25]},
								"east": {"uv": [36, 38], "uv_size": [0.25, 0.25]},
								"south": {"uv": [38, 36], "uv_size": [0.25, 0.25]},
								"west": {"uv": [37, 38], "uv_size": [0.25, 0.25]},
								"up": {"uv": [38, 37], "uv_size": [0.25, 0.25]},
								"down": {"uv": [38, 38.25], "uv_size": [0.25, -0.25]}
							}
						},
						{
							"origin": [-0.46013, 4.69311, -5.39687],
							"size": [0.92025, 0.34623, 10.925],
							"uv": {
								"north": {"uv": [23, 33], "uv_size": [1, 0.25]},
								"east": {"uv": [14, 11], "uv_size": [11, 0.25]},
								"south": {"uv": [33, 23], "uv_size": [1, 0.25]},
								"west": {"uv": [14, 12], "uv_size": [11, 0.25]},
								"up": {"uv": [0, 0], "uv_size": [1, 11]},
								"down": {"uv": [1, 11], "uv_size": [1, -11]}
							}
						},
						{
							"origin": [-0.35454, 5.03935, -5.39687],
							"size": [0.7, 0.3606, 10.725],
							"uv": {
								"north": {"uv": [1, 35], "uv_size": [0.75, 0.25]},
								"east": {"uv": [17, 15], "uv_size": [10.75, 0.25]},
								"south": {"uv": [35, 1], "uv_size": [0.75, 0.25]},
								"west": {"uv": [17, 16], "uv_size": [10.75, 0.25]},
								"up": {"uv": [2, 0], "uv_size": [0.75, 10.75]},
								"down": {"uv": [3, 10.75], "uv_size": [0.75, -10.75]}
							}
						},
						{
							"origin": [-0.3753, 5.39995, -5.29687],
							"size": [0.7504, 0.21245, 10.42217],
							"uv": {
								"north": {"uv": [2, 35], "uv_size": [0.75, 0.25]},
								"east": {"uv": [17, 17], "uv_size": [10.5, 0.25]},
								"south": {"uv": [35, 2], "uv_size": [0.75, 0.25]},
								"west": {"uv": [17, 18], "uv_size": [10.5, 0.25]},
								"up": {"uv": [4, 0], "uv_size": [0.75, 10.5]},
								"down": {"uv": [5, 10.5], "uv_size": [0.75, -10.5]}
							}
						},
						{
							"origin": [-0.3753, 5.37581, 5.02449],
							"size": [0.7504, 0.20077, 0.29364],
							"pivot": [-0.00454, 5.4728, 5.11813],
							"rotation": [-45, 0, 0],
							"uv": {
								"north": {"uv": [3, 35], "uv_size": [0.75, 0.25]},
								"east": {"uv": [0, 39], "uv_size": [0.25, 0.25]},
								"south": {"uv": [35, 3], "uv_size": [0.75, 0.25]},
								"west": {"uv": [39, 0], "uv_size": [0.25, 0.25]},
								"up": {"uv": [4, 35], "uv_size": [0.75, 0.25]},
								"down": {"uv": [35, 4.25], "uv_size": [0.75, -0.25]}
							}
						},
						{
							"origin": [0.38104, 5.20261, -0.69687],
							"size": [0.38375, 0.24614, 1.225],
							"pivot": [0.38024, 5.37573, 0.06563],
							"rotation": [0, 0, 70],
							"uv": {
								"north": {"uv": [36, 1], "uv_size": [0.5, 0.25]},
								"east": {"uv": [30, 24], "uv_size": [1.25, 0.25]},
								"south": {"uv": [2, 36], "uv_size": [0.5, 0.25]},
								"west": {"uv": [25, 30], "uv_size": [1.25, 0.25]},
								"up": {"uv": [13, 27], "uv_size": [0.5, 1.25]},
								"down": {"uv": [27, 24.25], "uv_size": [0.5, -1.25]}
							}
						},
						{
							"origin": [-0.76478, 5.20261, -0.69687],
							"size": [0.38375, 0.24614, 1.225],
							"pivot": [-0.38024, 5.37573, 0.06563],
							"rotation": [0, 0, -70],
							"uv": {
								"north": {"uv": [36, 2], "uv_size": [0.5, 0.25]},
								"east": {"uv": [30, 25], "uv_size": [1.25, 0.25]},
								"south": {"uv": [3, 36], "uv_size": [0.5, 0.25]},
								"west": {"uv": [30, 27], "uv_size": [1.25, 0.25]},
								"up": {"uv": [24, 27], "uv_size": [0.5, 1.25]},
								"down": {"uv": [25, 28.25], "uv_size": [0.5, -1.25]}
							}
						},
						{
							"origin": [0.38104, 5.20261, 4.40313],
							"size": [0.38375, 0.24614, 1.125],
							"pivot": [0.38024, 5.37573, 4.86563],
							"rotation": [0, 0, 70],
							"uv": {
								"north": {"uv": [36, 4], "uv_size": [0.5, 0.25]},
								"east": {"uv": [26, 33], "uv_size": [1, 0.25]},
								"south": {"uv": [5, 36], "uv_size": [0.5, 0.25]},
								"west": {"uv": [33, 26], "uv_size": [1, 0.25]},
								"up": {"uv": [29, 20], "uv_size": [0.5, 1]},
								"down": {"uv": [29, 22], "uv_size": [0.5, -1]}
							}
						},
						{
							"origin": [-0.76478, 5.20261, 4.40313],
							"size": [0.38375, 0.24614, 1.125],
							"pivot": [-0.38024, 5.37573, 4.86563],
							"rotation": [0, 0, -70],
							"uv": {
								"north": {"uv": [36, 3], "uv_size": [0.5, 0.25]},
								"east": {"uv": [24, 33], "uv_size": [1, 0.25]},
								"south": {"uv": [4, 36], "uv_size": [0.5, 0.25]},
								"west": {"uv": [25, 33], "uv_size": [1, 0.25]},
								"up": {"uv": [17, 29], "uv_size": [0.5, 1]},
								"down": {"uv": [29, 18], "uv_size": [0.5, -1]}
							}
						},
						{
							"origin": [0.34546, 5.03935, -5.39687],
							"size": [0.10367, 0.3606, 0.225],
							"uv": {
								"north": {"uv": [38, 29], "uv_size": [0.25, 0.25]},
								"east": {"uv": [30, 38], "uv_size": [0.25, 0.25]},
								"south": {"uv": [38, 30], "uv_size": [0.25, 0.25]},
								"west": {"uv": [31, 38], "uv_size": [0.25, 0.25]},
								"up": {"uv": [38, 31], "uv_size": [0.25, 0.25]},
								"down": {"uv": [32, 38.25], "uv_size": [0.25, -0.25]}
							}
						},
						{
							"origin": [0.34546, 5.03935, -4.79687],
							"size": [0.10367, 0.3606, 2.325],
							"uv": {
								"north": {"uv": [40, 41], "uv_size": [0.25, 0.25]},
								"east": {"uv": [28, 18], "uv_size": [2.25, 0.25]},
								"south": {"uv": [41, 40], "uv_size": [0.25, 0.25]},
								"west": {"uv": [29, 5], "uv_size": [2.25, 0.25]},
								"up": {"uv": [6, 29], "uv_size": [0.25, 2.25]},
								"down": {"uv": [29, 8.25], "uv_size": [0.25, -2.25]}
							}
						},
						{
							"origin": [0.34546, 5.33935, -5.17187],
							"size": [0.10367, 0.0606, 0.375],
							"uv": {
								"north": {"uv": [42, 3], "uv_size": [0.25, 0.25]},
								"east": {"uv": [17, 37], "uv_size": [0.5, 0.25]},
								"south": {"uv": [4, 42], "uv_size": [0.25, 0.25]},
								"west": {"uv": [37, 17], "uv_size": [0.5, 0.25]},
								"up": {"uv": [18, 37], "uv_size": [0.25, 0.5]},
								"down": {"uv": [37, 18.5], "uv_size": [0.25, -0.5]}
							}
						},
						{
							"origin": [0.34546, 5.03935, -5.17187],
							"size": [0.10367, 0.0606, 0.375],
							"uv": {
								"north": {"uv": [42, 4], "uv_size": [0.25, 0.25]},
								"east": {"uv": [19, 37], "uv_size": [0.5, 0.25]},
								"south": {"uv": [5, 42], "uv_size": [0.25, 0.25]},
								"west": {"uv": [37, 19], "uv_size": [0.5, 0.25]},
								"up": {"uv": [20, 37], "uv_size": [0.25, 0.5]},
								"down": {"uv": [37, 20.5], "uv_size": [0.25, -0.5]}
							}
						},
						{
							"origin": [0.34546, 5.03935, -2.47187],
							"size": [0.10367, 0.0606, 0.475],
							"uv": {
								"north": {"uv": [42, 6], "uv_size": [0.25, 0.25]},
								"east": {"uv": [23, 37], "uv_size": [0.5, 0.25]},
								"south": {"uv": [7, 42], "uv_size": [0.25, 0.25]},
								"west": {"uv": [37, 23], "uv_size": [0.5, 0.25]},
								"up": {"uv": [24, 37], "uv_size": [0.25, 0.5]},
								"down": {"uv": [37, 24.5], "uv_size": [0.25, -0.5]}
							}
						},
						{
							"origin": [0.34546, 5.33935, -2.47187],
							"size": [0.10367, 0.0606, 0.475],
							"uv": {
								"north": {"uv": [42, 5], "uv_size": [0.25, 0.25]},
								"east": {"uv": [21, 37], "uv_size": [0.5, 0.25]},
								"south": {"uv": [6, 42], "uv_size": [0.25, 0.25]},
								"west": {"uv": [37, 21], "uv_size": [0.5, 0.25]},
								"up": {"uv": [22, 37], "uv_size": [0.25, 0.5]},
								"down": {"uv": [37, 22.5], "uv_size": [0.25, -0.5]}
							}
						},
						{
							"origin": [0.34546, 5.33935, -1.67187],
							"size": [0.10367, 0.0606, 0.475],
							"uv": {
								"north": {"uv": [42, 8], "uv_size": [0.25, 0.25]},
								"east": {"uv": [27, 37], "uv_size": [0.5, 0.25]},
								"south": {"uv": [9, 42], "uv_size": [0.25, 0.25]},
								"west": {"uv": [37, 27], "uv_size": [0.5, 0.25]},
								"up": {"uv": [28, 37], "uv_size": [0.25, 0.5]},
								"down": {"uv": [37, 28.5], "uv_size": [0.25, -0.5]}
							}
						},
						{
							"origin": [0.34546, 5.03935, -1.67187],
							"size": [0.10367, 0.0606, 0.475],
							"uv": {
								"north": {"uv": [42, 7], "uv_size": [0.25, 0.25]},
								"east": {"uv": [25, 37], "uv_size": [0.5, 0.25]},
								"south": {"uv": [8, 42], "uv_size": [0.25, 0.25]},
								"west": {"uv": [37, 25], "uv_size": [0.5, 0.25]},
								"up": {"uv": [26, 37], "uv_size": [0.25, 0.5]},
								"down": {"uv": [37, 26.5], "uv_size": [0.25, -0.5]}
							}
						},
						{
							"origin": [0.34546, 5.03935, -1.99687],
							"size": [0.10367, 0.3606, 0.325],
							"uv": {
								"north": {"uv": [41, 41], "uv_size": [0.25, 0.25]},
								"east": {"uv": [0, 42], "uv_size": [0.25, 0.25]},
								"south": {"uv": [42, 0], "uv_size": [0.25, 0.25]},
								"west": {"uv": [1, 42], "uv_size": [0.25, 0.25]},
								"up": {"uv": [42, 1], "uv_size": [0.25, 0.25]},
								"down": {"uv": [2, 42.25], "uv_size": [0.25, -0.25]}
							}
						},
						{
							"origin": [0.34546, 5.03935, -1.19687],
							"size": [0.10367, 0.3606, 6.525],
							"uv": {
								"north": {"uv": [42, 2], "uv_size": [0.25, 0.25]},
								"east": {"uv": [19, 4], "uv_size": [6.5, 0.25]},
								"south": {"uv": [3, 42], "uv_size": [0.25, 0.25]},
								"west": {"uv": [1, 21], "uv_size": [6.5, 0.25]},
								"up": {"uv": [12, 20], "uv_size": [0.25, 6.5]},
								"down": {"uv": [13, 26.5], "uv_size": [0.25, -6.5]}
							}
						},
						{
							"origin": [-0.44913, 5.03935, -5.39687],
							"size": [0.10367, 0.3606, 0.225],
							"uv": {
								"north": {"uv": [42, 20], "uv_size": [0.25, 0.25]},
								"east": {"uv": [21, 42], "uv_size": [0.25, 0.25]},
								"south": {"uv": [42, 21], "uv_size": [0.25, 0.25]},
								"west": {"uv": [22, 42], "uv_size": [0.25, 0.25]},
								"up": {"uv": [42, 22], "uv_size": [0.25, 0.25]},
								"down": {"uv": [23, 42.25], "uv_size": [0.25, -0.25]}
							}
						},
						{
							"origin": [-0.44913, 5.33935, -5.17187],
							"size": [0.10367, 0.0606, 0.375],
							"uv": {
								"north": {"uv": [42, 19], "uv_size": [0.25, 0.25]},
								"east": {"uv": [38, 1], "uv_size": [0.5, 0.25]},
								"south": {"uv": [20, 42], "uv_size": [0.25, 0.25]},
								"west": {"uv": [2, 38], "uv_size": [0.5, 0.25]},
								"up": {"uv": [38, 2], "uv_size": [0.25, 0.5]},
								"down": {"uv": [3, 38.5], "uv_size": [0.25, -0.5]}
							}
						},
						{
							"origin": [-0.44913, 5.03935, -5.17187],
							"size": [0.10367, 0.0606, 0.375],
							"uv": {
								"north": {"uv": [42, 18], "uv_size": [0.25, 0.25]},
								"east": {"uv": [37, 37], "uv_size": [0.5, 0.25]},
								"south": {"uv": [19, 42], "uv_size": [0.25, 0.25]},
								"west": {"uv": [0, 38], "uv_size": [0.5, 0.25]},
								"up": {"uv": [38, 0], "uv_size": [0.25, 0.5]},
								"down": {"uv": [1, 38.5], "uv_size": [0.25, -0.5]}
							}
						},
						{
							"origin": [-0.44913, 5.03935, -4.79687],
							"size": [0.10367, 0.3606, 2.325],
							"uv": {
								"north": {"uv": [42, 17], "uv_size": [0.25, 0.25]},
								"east": {"uv": [29, 9], "uv_size": [2.25, 0.25]},
								"south": {"uv": [18, 42], "uv_size": [0.25, 0.25]},
								"west": {"uv": [29, 10], "uv_size": [2.25, 0.25]},
								"up": {"uv": [12, 29], "uv_size": [0.25, 2.25]},
								"down": {"uv": [13, 31.25], "uv_size": [0.25, -2.25]}
							}
						},
						{
							"origin": [-0.44913, 5.03935, -2.47187],
							"size": [0.10367, 0.0606, 0.475],
							"uv": {
								"north": {"uv": [42, 16], "uv_size": [0.25, 0.25]},
								"east": {"uv": [35, 37], "uv_size": [0.5, 0.25]},
								"south": {"uv": [17, 42], "uv_size": [0.25, 0.25]},
								"west": {"uv": [37, 35], "uv_size": [0.5, 0.25]},
								"up": {"uv": [36, 37], "uv_size": [0.25, 0.5]},
								"down": {"uv": [37, 36.5], "uv_size": [0.25, -0.5]}
							}
						},
						{
							"origin": [-0.44913, 5.33935, -2.47187],
							"size": [0.10367, 0.0606, 0.475],
							"uv": {
								"north": {"uv": [42, 15], "uv_size": [0.25, 0.25]},
								"east": {"uv": [33, 37], "uv_size": [0.5, 0.25]},
								"south": {"uv": [16, 42], "uv_size": [0.25, 0.25]},
								"west": {"uv": [37, 33], "uv_size": [0.5, 0.25]},
								"up": {"uv": [34, 37], "uv_size": [0.25, 0.5]},
								"down": {"uv": [37, 34.5], "uv_size": [0.25, -0.5]}
							}
						},
						{
							"origin": [-0.44913, 5.33935, -1.67187],
							"size": [0.10367, 0.0606, 0.475],
							"uv": {
								"north": {"uv": [42, 14], "uv_size": [0.25, 0.25]},
								"east": {"uv": [31, 37], "uv_size": [0.5, 0.25]},
								"south": {"uv": [15, 42], "uv_size": [0.25, 0.25]},
								"west": {"uv": [37, 31], "uv_size": [0.5, 0.25]},
								"up": {"uv": [32, 37], "uv_size": [0.25, 0.5]},
								"down": {"uv": [37, 32.5], "uv_size": [0.25, -0.5]}
							}
						},
						{
							"origin": [-0.44913, 5.03935, -1.99687],
							"size": [0.10367, 0.3606, 0.325],
							"uv": {
								"north": {"uv": [42, 11], "uv_size": [0.25, 0.25]},
								"east": {"uv": [12, 42], "uv_size": [0.25, 0.25]},
								"south": {"uv": [42, 12], "uv_size": [0.25, 0.25]},
								"west": {"uv": [13, 42], "uv_size": [0.25, 0.25]},
								"up": {"uv": [42, 13], "uv_size": [0.25, 0.25]},
								"down": {"uv": [14, 42.25], "uv_size": [0.25, -0.25]}
							}
						},
						{
							"origin": [-0.44913, 5.03935, -1.67187],
							"size": [0.10367, 0.0606, 0.475],
							"uv": {
								"north": {"uv": [42, 10], "uv_size": [0.25, 0.25]},
								"east": {"uv": [29, 37], "uv_size": [0.5, 0.25]},
								"south": {"uv": [11, 42], "uv_size": [0.25, 0.25]},
								"west": {"uv": [37, 29], "uv_size": [0.5, 0.25]},
								"up": {"uv": [30, 37], "uv_size": [0.25, 0.5]},
								"down": {"uv": [37, 30.5], "uv_size": [0.25, -0.5]}
							}
						},
						{
							"origin": [-0.44913, 5.03935, -1.19687],
							"size": [0.10367, 0.3606, 6.525],
							"uv": {
								"north": {"uv": [42, 9], "uv_size": [0.25, 0.25]},
								"east": {"uv": [21, 2], "uv_size": [6.5, 0.25]},
								"south": {"uv": [10, 42], "uv_size": [0.25, 0.25]},
								"west": {"uv": [21, 3], "uv_size": [6.5, 0.25]},
								"up": {"uv": [8, 21], "uv_size": [0.25, 6.5]},
								"down": {"uv": [9, 27.5], "uv_size": [0.25, -6.5]}
							}
						},
						{
							"origin": [0.30728, 5.3518, -5.19687],
							"size": [0.10367, 0.1606, 0.125],
							"pivot": [0.35912, 5.43211, -5.43437],
							"rotation": [0, 0, -37.5],
							"uv": {
								"north": {"uv": [1, 39], "uv_size": [0.25, 0.25]},
								"east": {"uv": [39, 1], "uv_size": [0.25, 0.25]},
								"south": {"uv": [2, 39], "uv_size": [0.25, 0.25]},
								"west": {"uv": [39, 2], "uv_size": [0.25, 0.25]},
								"up": {"uv": [3, 39], "uv_size": [0.25, 0.25]},
								"down": {"uv": [39, 3.25], "uv_size": [0.25, -0.25]}
							}
						},
						{
							"origin": [0.30728, 5.3518, -4.59687],
							"size": [0.10367, 0.1606, 0.325],
							"pivot": [0.35912, 5.43211, -4.73437],
							"rotation": [0, 0, -37.5],
							"uv": {
								"north": {"uv": [4, 39], "uv_size": [0.25, 0.25]},
								"east": {"uv": [39, 4], "uv_size": [0.25, 0.25]},
								"south": {"uv": [5, 39], "uv_size": [0.25, 0.25]},
								"west": {"uv": [39, 5], "uv_size": [0.25, 0.25]},
								"up": {"uv": [6, 39], "uv_size": [0.25, 0.25]},
								"down": {"uv": [39, 6.25], "uv_size": [0.25, -0.25]}
							}
						},
						{
							"origin": [0.30728, 5.3518, -3.99687],
							"size": [0.10367, 0.1606, 0.325],
							"pivot": [0.35912, 5.43211, -4.13437],
							"rotation": [0, 0, -37.5],
							"uv": {
								"north": {"uv": [7, 39], "uv_size": [0.25, 0.25]},
								"east": {"uv": [39, 7], "uv_size": [0.25, 0.25]},
								"south": {"uv": [8, 39], "uv_size": [0.25, 0.25]},
								"west": {"uv": [39, 8], "uv_size": [0.25, 0.25]},
								"up": {"uv": [9, 39], "uv_size": [0.25, 0.25]},
								"down": {"uv": [39, 9.25], "uv_size": [0.25, -0.25]}
							}
						},
						{
							"origin": [0.30728, 5.3518, 2.00313],
							"size": [0.10367, 0.1606, 0.325],
							"pivot": [0.35912, 5.43211, 1.86563],
							"rotation": [0, 0, -37.5],
							"uv": {
								"north": {"uv": [16, 39], "uv_size": [0.25, 0.25]},
								"east": {"uv": [39, 16], "uv_size": [0.25, 0.25]},
								"south": {"uv": [17, 39], "uv_size": [0.25, 0.25]},
								"west": {"uv": [39, 17], "uv_size": [0.25, 0.25]},
								"up": {"uv": [18, 39], "uv_size": [0.25, 0.25]},
								"down": {"uv": [39, 18.25], "uv_size": [0.25, -0.25]}
							}
						},
						{
							"origin": [0.30728, 5.3518, 1.40313],
							"size": [0.10367, 0.1606, 0.325],
							"pivot": [0.35912, 5.43211, 1.26563],
							"rotation": [0, 0, -37.5],
							"uv": {
								"north": {"uv": [13, 39], "uv_size": [0.25, 0.25]},
								"east": {"uv": [39, 13], "uv_size": [0.25, 0.25]},
								"south": {"uv": [14, 39], "uv_size": [0.25, 0.25]},
								"west": {"uv": [39, 14], "uv_size": [0.25, 0.25]},
								"up": {"uv": [15, 39], "uv_size": [0.25, 0.25]},
								"down": {"uv": [39, 15.25], "uv_size": [0.25, -0.25]}
							}
						},
						{
							"origin": [0.30728, 5.3518, -0.89687],
							"size": [0.10367, 0.1606, 0.125],
							"pivot": [0.35912, 5.43211, -1.13437],
							"rotation": [0, 0, -37.5],
							"uv": {
								"north": {"uv": [10, 39], "uv_size": [0.25, 0.25]},
								"east": {"uv": [39, 10], "uv_size": [0.25, 0.25]},
								"south": {"uv": [11, 39], "uv_size": [0.25, 0.25]},
								"west": {"uv": [39, 11], "uv_size": [0.25, 0.25]},
								"up": {"uv": [12, 39], "uv_size": [0.25, 0.25]},
								"down": {"uv": [39, 12.25], "uv_size": [0.25, -0.25]}
							}
						},
						{
							"origin": [0.30728, 5.3518, 4.80313],
							"size": [0.10367, 0.1606, 0.125],
							"pivot": [0.35912, 5.43211, 4.56563],
							"rotation": [0, 0, -37.5],
							"uv": {
								"north": {"uv": [19, 39], "uv_size": [0.25, 0.25]},
								"east": {"uv": [39, 19], "uv_size": [0.25, 0.25]},
								"south": {"uv": [20, 39], "uv_size": [0.25, 0.25]},
								"west": {"uv": [39, 20], "uv_size": [0.25, 0.25]},
								"up": {"uv": [21, 39], "uv_size": [0.25, 0.25]},
								"down": {"uv": [39, 21.25], "uv_size": [0.25, -0.25]}
							}
						},
						{
							"origin": [0.30728, 5.3518, 3.80313],
							"size": [0.10367, 0.1606, 0.125],
							"pivot": [0.35912, 5.43211, 3.56563],
							"rotation": [0, 0, -37.5],
							"uv": {
								"north": {"uv": [22, 39], "uv_size": [0.25, 0.25]},
								"east": {"uv": [39, 22], "uv_size": [0.25, 0.25]},
								"south": {"uv": [23, 39], "uv_size": [0.25, 0.25]},
								"west": {"uv": [39, 23], "uv_size": [0.25, 0.25]},
								"up": {"uv": [24, 39], "uv_size": [0.25, 0.25]},
								"down": {"uv": [39, 24.25], "uv_size": [0.25, -0.25]}
							}
						},
						{
							"origin": [-0.41096, 5.3518, 4.80313],
							"size": [0.10367, 0.1606, 0.125],
							"pivot": [-0.35912, 5.43211, 4.56563],
							"rotation": [0, 0, 37.5],
							"uv": {
								"north": {"uv": [40, 6], "uv_size": [0.25, 0.25]},
								"east": {"uv": [7, 40], "uv_size": [0.25, 0.25]},
								"south": {"uv": [40, 7], "uv_size": [0.25, 0.25]},
								"west": {"uv": [8, 40], "uv_size": [0.25, 0.25]},
								"up": {"uv": [40, 8], "uv_size": [0.25, 0.25]},
								"down": {"uv": [9, 40.25], "uv_size": [0.25, -0.25]}
							}
						},
						{
							"origin": [-0.41096, 5.3518, 3.80313],
							"size": [0.10367, 0.1606, 0.125],
							"pivot": [-0.35912, 5.43211, 3.56563],
							"rotation": [0, 0, 37.5],
							"uv": {
								"north": {"uv": [40, 3], "uv_size": [0.25, 0.25]},
								"east": {"uv": [4, 40], "uv_size": [0.25, 0.25]},
								"south": {"uv": [40, 4], "uv_size": [0.25, 0.25]},
								"west": {"uv": [5, 40], "uv_size": [0.25, 0.25]},
								"up": {"uv": [40, 5], "uv_size": [0.25, 0.25]},
								"down": {"uv": [6, 40.25], "uv_size": [0.25, -0.25]}
							}
						},
						{
							"origin": [-0.41096, 5.3518, 2.00313],
							"size": [0.10367, 0.1606, 0.325],
							"pivot": [-0.35912, 5.43211, 1.86563],
							"rotation": [0, 0, 37.5],
							"uv": {
								"north": {"uv": [40, 0], "uv_size": [0.25, 0.25]},
								"east": {"uv": [1, 40], "uv_size": [0.25, 0.25]},
								"south": {"uv": [40, 1], "uv_size": [0.25, 0.25]},
								"west": {"uv": [2, 40], "uv_size": [0.25, 0.25]},
								"up": {"uv": [40, 2], "uv_size": [0.25, 0.25]},
								"down": {"uv": [3, 40.25], "uv_size": [0.25, -0.25]}
							}
						},
						{
							"origin": [-0.41096, 5.3518, 1.40313],
							"size": [0.10367, 0.1606, 0.325],
							"pivot": [-0.35912, 5.43211, 1.26563],
							"rotation": [0, 0, 37.5],
							"uv": {
								"north": {"uv": [37, 39], "uv_size": [0.25, 0.25]},
								"east": {"uv": [39, 37], "uv_size": [0.25, 0.25]},
								"south": {"uv": [38, 39], "uv_size": [0.25, 0.25]},
								"west": {"uv": [39, 38], "uv_size": [0.25, 0.25]},
								"up": {"uv": [39, 39], "uv_size": [0.25, 0.25]},
								"down": {"uv": [0, 40.25], "uv_size": [0.25, -0.25]}
							}
						},
						{
							"origin": [-0.41096, 5.3518, -0.89687],
							"size": [0.10367, 0.1606, 0.125],
							"pivot": [-0.35912, 5.43211, -1.13437],
							"rotation": [0, 0, 37.5],
							"uv": {
								"north": {"uv": [34, 39], "uv_size": [0.25, 0.25]},
								"east": {"uv": [39, 34], "uv_size": [0.25, 0.25]},
								"south": {"uv": [35, 39], "uv_size": [0.25, 0.25]},
								"west": {"uv": [39, 35], "uv_size": [0.25, 0.25]},
								"up": {"uv": [36, 39], "uv_size": [0.25, 0.25]},
								"down": {"uv": [39, 36.25], "uv_size": [0.25, -0.25]}
							}
						},
						{
							"origin": [-0.41096, 5.3518, -3.99687],
							"size": [0.10367, 0.1606, 0.325],
							"pivot": [-0.35912, 5.43211, -4.13437],
							"rotation": [0, 0, 37.5],
							"uv": {
								"north": {"uv": [31, 39], "uv_size": [0.25, 0.25]},
								"east": {"uv": [39, 31], "uv_size": [0.25, 0.25]},
								"south": {"uv": [32, 39], "uv_size": [0.25, 0.25]},
								"west": {"uv": [39, 32], "uv_size": [0.25, 0.25]},
								"up": {"uv": [33, 39], "uv_size": [0.25, 0.25]},
								"down": {"uv": [39, 33.25], "uv_size": [0.25, -0.25]}
							}
						},
						{
							"origin": [-0.41096, 5.3518, -4.59687],
							"size": [0.10367, 0.1606, 0.325],
							"pivot": [-0.35912, 5.43211, -4.73437],
							"rotation": [0, 0, 37.5],
							"uv": {
								"north": {"uv": [28, 39], "uv_size": [0.25, 0.25]},
								"east": {"uv": [39, 28], "uv_size": [0.25, 0.25]},
								"south": {"uv": [29, 39], "uv_size": [0.25, 0.25]},
								"west": {"uv": [39, 29], "uv_size": [0.25, 0.25]},
								"up": {"uv": [30, 39], "uv_size": [0.25, 0.25]},
								"down": {"uv": [39, 30.25], "uv_size": [0.25, -0.25]}
							}
						},
						{
							"origin": [-0.41096, 5.3518, -5.19687],
							"size": [0.10367, 0.1606, 0.125],
							"pivot": [-0.35912, 5.43211, -5.43437],
							"rotation": [0, 0, 37.5],
							"uv": {
								"north": {"uv": [25, 39], "uv_size": [0.25, 0.25]},
								"east": {"uv": [39, 25], "uv_size": [0.25, 0.25]},
								"south": {"uv": [26, 39], "uv_size": [0.25, 0.25]},
								"west": {"uv": [39, 26], "uv_size": [0.25, 0.25]},
								"up": {"uv": [27, 39], "uv_size": [0.25, 0.25]},
								"down": {"uv": [39, 27.25], "uv_size": [0.25, -0.25]}
							}
						},
						{
							"origin": [0.46013, 4.69311, -5.39687],
							"size": [0.12025, 0.34623, 10.925],
							"uv": {
								"north": {"uv": [38, 27], "uv_size": [0.25, 0.25]},
								"east": {"uv": [14, 13], "uv_size": [11, 0.25]},
								"south": {"uv": [28, 38], "uv_size": [0.25, 0.25]},
								"west": {"uv": [14, 14], "uv_size": [11, 0.25]},
								"up": {"uv": [14, 15], "uv_size": [0.25, 11]},
								"down": {"uv": [15, 26], "uv_size": [0.25, -11]}
							}
						},
						{
							"origin": [-0.58038, 4.44688, 0.60313],
							"size": [1.16075, 0.24623, 4.425],
							"uv": {
								"north": {"uv": [32, 3], "uv_size": [1.25, 0.25]},
								"east": {"uv": [25, 13], "uv_size": [4.5, 0.25]},
								"south": {"uv": [4, 32], "uv_size": [1.25, 0.25]},
								"west": {"uv": [25, 14], "uv_size": [4.5, 0.25]},
								"up": {"uv": [7, 8], "uv_size": [1.25, 4.5]},
								"down": {"uv": [9, 4.5], "uv_size": [1.25, -4.5]}
							}
						},
						{
							"origin": [0.27897, 4.44688, 4.89551],
							"size": [0.26075, 0.24623, 0.325],
							"pivot": [0.40935, 4.57, 5.00801],
							"rotation": [0, -47.5, 0],
							"uv": {
								"north": {"uv": [11, 41], "uv_size": [0.25, 0.25]},
								"east": {"uv": [41, 11], "uv_size": [0.25, 0.25]},
								"south": {"uv": [12, 41], "uv_size": [0.25, 0.25]},
								"west": {"uv": [41, 12], "uv_size": [0.25, 0.25]},
								"up": {"uv": [13, 41], "uv_size": [0.25, 0.25]},
								"down": {"uv": [41, 13.25], "uv_size": [0.25, -0.25]}
							}
						},
						{
							"origin": [-0.53973, 4.44688, 4.89551],
							"size": [0.26075, 0.24623, 0.325],
							"pivot": [-0.40935, 4.57, 5.00801],
							"rotation": [0, 47.5, 0],
							"uv": {
								"north": {"uv": [14, 41], "uv_size": [0.25, 0.25]},
								"east": {"uv": [41, 14], "uv_size": [0.25, 0.25]},
								"south": {"uv": [15, 41], "uv_size": [0.25, 0.25]},
								"west": {"uv": [41, 15], "uv_size": [0.25, 0.25]},
								"up": {"uv": [16, 41], "uv_size": [0.25, 0.25]},
								"down": {"uv": [41, 16.25], "uv_size": [0.25, -0.25]}
							}
						},
						{
							"origin": [-0.34646, 4.57507, 4.84853],
							"size": [0.69293, 0.34819, 0.68432],
							"pivot": [0, 4.60014, 5.40121],
							"rotation": [45, 0, 0],
							"uv": {
								"north": {"uv": [18, 35], "uv_size": [0.75, 0.25]},
								"east": {"uv": [35, 18], "uv_size": [0.75, 0.25]},
								"south": {"uv": [19, 35], "uv_size": [0.75, 0.25]},
								"west": {"uv": [35, 19], "uv_size": [0.75, 0.25]},
								"up": {"uv": [5, 18], "uv_size": [0.75, 0.75]},
								"down": {"uv": [7, 20.75], "uv_size": [0.75, -0.75]}
							}
						},
						{
							"origin": [-0.34646, 4.19161, 0.60313],
							"size": [0.69293, 0.25527, 4.425],
							"inflate": 0.001,
							"uv": {
								"north": {"uv": [17, 35], "uv_size": [0.75, 0.25]},
								"east": {"uv": [19, 25], "uv_size": [4.5, 0.25]},
								"south": {"uv": [35, 17], "uv_size": [0.75, 0.25]},
								"west": {"uv": [25, 19], "uv_size": [4.5, 0.25]},
								"up": {"uv": [0, 11], "uv_size": [0.75, 4.5]},
								"down": {"uv": [11, 4.5], "uv_size": [0.75, -4.5]}
							}
						},
						{
							"origin": [-0.14646, 3.23634, 0.60313],
							"size": [0.29293, 0.95527, 0.225],
							"uv": {
								"north": {"uv": [29, 33], "uv_size": [0.25, 1]},
								"east": {"uv": [33, 29], "uv_size": [0.25, 1]},
								"south": {"uv": [30, 33], "uv_size": [0.25, 1]},
								"west": {"uv": [33, 30], "uv_size": [0.25, 1]},
								"up": {"uv": [17, 41], "uv_size": [0.25, 0.25]},
								"down": {"uv": [41, 17.25], "uv_size": [0.25, -0.25]}
							}
						},
						{
							"origin": [-0.14646, 3.09315, 0.59098],
							"size": [0.29293, 0.15527, 0.325],
							"pivot": [0, 3.17078, 0.80348],
							"rotation": [-45, 0, 0],
							"uv": {
								"north": {"uv": [42, 23], "uv_size": [0.25, 0.25]},
								"east": {"uv": [24, 42], "uv_size": [0.25, 0.25]},
								"south": {"uv": [42, 24], "uv_size": [0.25, 0.25]},
								"west": {"uv": [25, 42], "uv_size": [0.25, 0.25]},
								"up": {"uv": [42, 25], "uv_size": [0.25, 0.25]},
								"down": {"uv": [26, 42.25], "uv_size": [0.25, -0.25]}
							}
						},
						{
							"origin": [-0.14646, 3.03634, 0.82813],
							"size": [0.29293, 0.45527, 0.325],
							"uv": {
								"north": {"uv": [36, 30], "uv_size": [0.25, 0.5]},
								"east": {"uv": [31, 36], "uv_size": [0.25, 0.5]},
								"south": {"uv": [36, 31], "uv_size": [0.25, 0.5]},
								"west": {"uv": [32, 36], "uv_size": [0.25, 0.5]},
								"up": {"uv": [21, 41], "uv_size": [0.25, 0.25]},
								"down": {"uv": [41, 21.25], "uv_size": [0.25, -0.25]}
							}
						},
						{
							"origin": [-0.14646, 3.03634, 1.15313],
							"size": [0.29293, 0.15527, 1.025],
							"inflate": 0.001,
							"uv": {
								"north": {"uv": [22, 41], "uv_size": [0.25, 0.25]},
								"east": {"uv": [32, 33], "uv_size": [1, 0.25]},
								"south": {"uv": [41, 22], "uv_size": [0.25, 0.25]},
								"west": {"uv": [33, 32], "uv_size": [1, 0.25]},
								"up": {"uv": [33, 33], "uv_size": [0.25, 1]},
								"down": {"uv": [0, 35], "uv_size": [0.25, -1]}
							}
						},
						{
							"origin": [-0.14646, 3.09161, 2.05313],
							"size": [0.29293, 0.15527, 0.225],
							"pivot": [0, 3.16924, 2.16563],
							"rotation": [42.5, 0, 0],
							"uv": {
								"north": {"uv": [24, 41], "uv_size": [0.25, 0.25]},
								"east": {"uv": [41, 24], "uv_size": [0.25, 0.25]},
								"south": {"uv": [25, 41], "uv_size": [0.25, 0.25]},
								"west": {"uv": [41, 25], "uv_size": [0.25, 0.25]},
								"up": {"uv": [26, 41], "uv_size": [0.25, 0.25]},
								"down": {"uv": [41, 26.25], "uv_size": [0.25, -0.25]}
							}
						},
						{
							"origin": [-0.14646, 3.03634, 2.17813],
							"size": [0.29293, 1.15527, 0.525],
							"uv": {
								"north": {"uv": [9, 32], "uv_size": [0.25, 1.25]},
								"east": {"uv": [27, 25], "uv_size": [0.5, 1.25]},
								"south": {"uv": [32, 9], "uv_size": [0.25, 1.25]},
								"west": {"uv": [26, 27], "uv_size": [0.5, 1.25]},
								"up": {"uv": [36, 32], "uv_size": [0.25, 0.5]},
								"down": {"uv": [33, 36.5], "uv_size": [0.25, -0.5]}
							}
						},
						{
							"origin": [-0.24646, 3.13634, 2.47813],
							"size": [0.49293, 0.1, 0.1],
							"pivot": [0, 3.18634, 2.52813],
							"rotation": [-45, 0, 0],
							"uv": {
								"north": {"uv": [12, 37], "uv_size": [0.5, 0.25]},
								"east": {"uv": [32, 41], "uv_size": [0.25, 0.25]},
								"south": {"uv": [37, 12], "uv_size": [0.5, 0.25]},
								"west": {"uv": [41, 32], "uv_size": [0.25, 0.25]},
								"up": {"uv": [13, 37], "uv_size": [0.5, 0.25]},
								"down": {"uv": [37, 13.25], "uv_size": [0.5, -0.25]}
							}
						},
						{
							"origin": [-0.44646, 2.93634, 3.47813],
							"size": [0.89293, 0.1, 0.1],
							"pivot": [0, 2.98634, 3.52813],
							"rotation": [-45, 0, 0],
							"uv": {
								"north": {"uv": [23, 34], "uv_size": [1, 0.25]},
								"east": {"uv": [33, 41], "uv_size": [0.25, 0.25]},
								"south": {"uv": [34, 23], "uv_size": [1, 0.25]},
								"west": {"uv": [41, 33], "uv_size": [0.25, 0.25]},
								"up": {"uv": [24, 34], "uv_size": [1, 0.25]},
								"down": {"uv": [34, 24.25], "uv_size": [1, -0.25]}
							}
						},
						{
							"origin": [-0.44646, 0.93634, 4.27813],
							"size": [0.89293, 0.1, 0.1],
							"pivot": [0, 0.98634, 4.32813],
							"rotation": [-45, 0, 0],
							"uv": {
								"north": {"uv": [25, 34], "uv_size": [1, 0.25]},
								"east": {"uv": [34, 41], "uv_size": [0.25, 0.25]},
								"south": {"uv": [34, 25], "uv_size": [1, 0.25]},
								"west": {"uv": [41, 34], "uv_size": [0.25, 0.25]},
								"up": {"uv": [26, 34], "uv_size": [1, 0.25]},
								"down": {"uv": [34, 26.25], "uv_size": [1, -0.25]}
							}
						},
						{
							"origin": [-0.14646, 3.83634, 1.75313],
							"size": [0.29293, 0.55527, 0.525],
							"pivot": [0, 4.01397, 1.96563],
							"rotation": [25, 0, 0],
							"uv": {
								"north": {"uv": [5, 37], "uv_size": [0.25, 0.5]},
								"east": {"uv": [34, 15], "uv_size": [0.5, 0.5]},
								"south": {"uv": [37, 5], "uv_size": [0.25, 0.5]},
								"west": {"uv": [16, 34], "uv_size": [0.5, 0.5]},
								"up": {"uv": [6, 37], "uv_size": [0.25, 0.5]},
								"down": {"uv": [37, 6.5], "uv_size": [0.25, -0.5]}
							}
						},
						{
							"origin": [-0.14646, 3.45012, 1.75313],
							"size": [0.29293, 0.54148, 0.27303],
							"pivot": [0, 3.61397, 2.06563],
							"rotation": [-25, 0, 0],
							"uv": {
								"north": {"uv": [7, 37], "uv_size": [0.25, 0.5]},
								"east": {"uv": [37, 7], "uv_size": [0.25, 0.5]},
								"south": {"uv": [8, 37], "uv_size": [0.25, 0.5]},
								"west": {"uv": [37, 8], "uv_size": [0.25, 0.5]},
								"up": {"uv": [27, 41], "uv_size": [0.25, 0.25]},
								"down": {"uv": [41, 27.25], "uv_size": [0.25, -0.25]}
							}
						},
						{
							"origin": [-0.14646, 3.46679, 1.72868],
							"size": [0.29293, 0.16621, 0.21661],
							"pivot": [0, 3.54442, 1.88279],
							"rotation": [12.5, 0, 0],
							"uv": {
								"north": {"uv": [28, 41], "uv_size": [0.25, 0.25]},
								"east": {"uv": [41, 28], "uv_size": [0.25, 0.25]},
								"south": {"uv": [29, 41], "uv_size": [0.25, 0.25]},
								"west": {"uv": [41, 29], "uv_size": [0.25, 0.25]},
								"up": {"uv": [30, 41], "uv_size": [0.25, 0.25]},
								"down": {"uv": [41, 30.25], "uv_size": [0.25, -0.25]}
							}
						},
						{
							"origin": [-0.34646, 2.83634, 2.70313],
							"size": [0.69293, 1.35527, 1.625],
							"uv": {
								"north": {"uv": [6, 26], "uv_size": [0.75, 1.25]},
								"east": {"uv": [1, 18], "uv_size": [1.5, 1.25]},
								"south": {"uv": [7, 26], "uv_size": [0.75, 1.25]},
								"west": {"uv": [3, 18], "uv_size": [1.5, 1.25]},
								"up": {"uv": [24, 25], "uv_size": [0.75, 1.5]},
								"down": {"uv": [25, 26.5], "uv_size": [0.75, -1.5]}
							}
						},
						{
							"origin": [-0.34646, 3.13634, 4.02813],
							"size": [0.69293, 1.25527, 0.625],
							"pivot": [0, 3.76397, 4.49063],
							"rotation": [-30, 0, 0],
							"uv": {
								"north": {"uv": [14, 26], "uv_size": [0.75, 1.25]},
								"east": {"uv": [27, 27], "uv_size": [0.5, 1.25]},
								"south": {"uv": [15, 26], "uv_size": [0.75, 1.25]},
								"west": {"uv": [28, 0], "uv_size": [0.5, 1.25]},
								"up": {"uv": [30, 17], "uv_size": [0.75, 0.5]},
								"down": {"uv": [30, 19.5], "uv_size": [0.75, -0.5]}
							}
						},
						{
							"origin": [-0.24646, 2.82384, 4.56939],
							"size": [0.49293, 1.35527, 0.125],
							"pivot": [0, 3.45147, 5.03189],
							"rotation": [-30, 0, 0],
							"uv": {
								"north": {"uv": [1, 28], "uv_size": [0.5, 1.25]},
								"east": {"uv": [10, 32], "uv_size": [0.25, 1.25]},
								"south": {"uv": [2, 28], "uv_size": [0.5, 1.25]},
								"west": {"uv": [11, 32], "uv_size": [0.25, 1.25]},
								"up": {"uv": [36, 34], "uv_size": [0.5, 0.25]},
								"down": {"uv": [35, 36.25], "uv_size": [0.5, -0.25]}
							}
						},
						{
							"origin": [-0.34646, 0.38325, 2.89225],
							"size": [0.69293, 2.85527, 1.625],
							"inflate": 0.001,
							"pivot": [0, 2.61088, 3.70475],
							"rotation": [25, 0, 0],
							"uv": {
								"north": {"uv": [12, 17], "uv_size": [0.75, 2.75]},
								"east": {"uv": [10, 7], "uv_size": [1.5, 2.75]},
								"south": {"uv": [13, 17], "uv_size": [0.75, 2.75]},
								"west": {"uv": [10, 10], "uv_size": [1.5, 2.75]},
								"up": {"uv": [1, 26], "uv_size": [0.75, 1.5]},
								"down": {"uv": [2, 27.5], "uv_size": [0.75, -1.5]}
							}
						},
						{
							"origin": [-0.44646, 2.40409, 4.20697],
							"size": [0.89293, 0.15527, 0.525],
							"uv": {
								"north": {"uv": [4, 34], "uv_size": [1, 0.25]},
								"east": {"uv": [0, 37], "uv_size": [0.5, 0.25]},
								"south": {"uv": [5, 34], "uv_size": [1, 0.25]},
								"west": {"uv": [37, 0], "uv_size": [0.5, 0.25]},
								"up": {"uv": [30, 0], "uv_size": [1, 0.5]},
								"down": {"uv": [1, 30.5], "uv_size": [1, -0.5]}
							}
						},
						{
							"origin": [-0.44646, 2.40409, 2.80697],
							"size": [0.89293, 0.15527, 0.325],
							"pivot": [0, 2.53172, 2.86947],
							"rotation": [22.5, 0, 0],
							"uv": {
								"north": {"uv": [13, 34], "uv_size": [1, 0.25]},
								"east": {"uv": [23, 41], "uv_size": [0.25, 0.25]},
								"south": {"uv": [34, 13], "uv_size": [1, 0.25]},
								"west": {"uv": [41, 23], "uv_size": [0.25, 0.25]},
								"up": {"uv": [14, 34], "uv_size": [1, 0.25]},
								"down": {"uv": [15, 34.25], "uv_size": [1, -0.25]}
							}
						},
						{
							"origin": [-0.44646, 1.90409, 3.00697],
							"size": [0.89293, 0.15527, 0.525],
							"pivot": [0, 2.03172, 3.06947],
							"rotation": [22.5, 0, 0],
							"uv": {
								"north": {"uv": [34, 16], "uv_size": [1, 0.25]},
								"east": {"uv": [9, 37], "uv_size": [0.5, 0.25]},
								"south": {"uv": [17, 34], "uv_size": [1, 0.25]},
								"west": {"uv": [37, 9], "uv_size": [0.5, 0.25]},
								"up": {"uv": [8, 30], "uv_size": [1, 0.5]},
								"down": {"uv": [30, 8.5], "uv_size": [1, -0.5]}
							}
						},
						{
							"origin": [-0.44646, 1.50409, 3.20697],
							"size": [0.89293, 0.15527, 0.525],
							"pivot": [0, 1.63172, 3.26947],
							"rotation": [22.5, 0, 0],
							"uv": {
								"north": {"uv": [18, 34], "uv_size": [1, 0.25]},
								"east": {"uv": [10, 37], "uv_size": [0.5, 0.25]},
								"south": {"uv": [19, 34], "uv_size": [1, 0.25]},
								"west": {"uv": [37, 10], "uv_size": [0.5, 0.25]},
								"up": {"uv": [9, 30], "uv_size": [1, 0.5]},
								"down": {"uv": [10, 30.5], "uv_size": [1, -0.5]}
							}
						},
						{
							"origin": [-0.44646, 1.10409, 3.40697],
							"size": [0.89293, 0.15527, 0.525],
							"pivot": [0, 1.23172, 3.46947],
							"rotation": [22.5, 0, 0],
							"uv": {
								"north": {"uv": [34, 19], "uv_size": [1, 0.25]},
								"east": {"uv": [11, 37], "uv_size": [0.5, 0.25]},
								"south": {"uv": [20, 34], "uv_size": [1, 0.25]},
								"west": {"uv": [37, 11], "uv_size": [0.5, 0.25]},
								"up": {"uv": [11, 30], "uv_size": [1, 0.5]},
								"down": {"uv": [30, 11.5], "uv_size": [1, -0.5]}
							}
						},
						{
							"origin": [-0.44646, 0.70409, 3.50697],
							"size": [0.89293, 0.15527, 0.325],
							"pivot": [0, 0.83172, 3.56947],
							"rotation": [22.5, 0, 0],
							"uv": {
								"north": {"uv": [34, 20], "uv_size": [1, 0.25]},
								"east": {"uv": [31, 41], "uv_size": [0.25, 0.25]},
								"south": {"uv": [21, 34], "uv_size": [1, 0.25]},
								"west": {"uv": [41, 31], "uv_size": [0.25, 0.25]},
								"up": {"uv": [22, 34], "uv_size": [1, 0.25]},
								"down": {"uv": [34, 22.25], "uv_size": [1, -0.25]}
							}
						},
						{
							"origin": [-0.44646, 2.10409, 4.30697],
							"size": [0.89293, 0.15527, 0.525],
							"uv": {
								"north": {"uv": [6, 34], "uv_size": [1, 0.25]},
								"east": {"uv": [1, 37], "uv_size": [0.5, 0.25]},
								"south": {"uv": [7, 34], "uv_size": [1, 0.25]},
								"west": {"uv": [37, 1], "uv_size": [0.5, 0.25]},
								"up": {"uv": [30, 1], "uv_size": [1, 0.5]},
								"down": {"uv": [2, 30.5], "uv_size": [1, -0.5]}
							}
						},
						{
							"origin": [-0.44646, 1.80409, 4.50697],
							"size": [0.89293, 0.15527, 0.525],
							"uv": {
								"north": {"uv": [8, 34], "uv_size": [1, 0.25]},
								"east": {"uv": [2, 37], "uv_size": [0.5, 0.25]},
								"south": {"uv": [9, 34], "uv_size": [1, 0.25]},
								"west": {"uv": [37, 2], "uv_size": [0.5, 0.25]},
								"up": {"uv": [30, 2], "uv_size": [1, 0.5]},
								"down": {"uv": [30, 3.5], "uv_size": [1, -0.5]}
							}
						},
						{
							"origin": [-0.44646, 1.50409, 4.70697],
							"size": [0.89293, 0.15527, 0.525],
							"uv": {
								"north": {"uv": [10, 34], "uv_size": [1, 0.25]},
								"east": {"uv": [3, 37], "uv_size": [0.5, 0.25]},
								"south": {"uv": [11, 34], "uv_size": [1, 0.25]},
								"west": {"uv": [37, 3], "uv_size": [0.5, 0.25]},
								"up": {"uv": [30, 4], "uv_size": [1, 0.5]},
								"down": {"uv": [30, 6.5], "uv_size": [1, -0.5]}
							}
						},
						{
							"origin": [-0.44646, 1.20409, 4.80697],
							"size": [0.89293, 0.15527, 0.525],
							"uv": {
								"north": {"uv": [12, 34], "uv_size": [1, 0.25]},
								"east": {"uv": [4, 37], "uv_size": [0.5, 0.25]},
								"south": {"uv": [34, 12], "uv_size": [1, 0.25]},
								"west": {"uv": [37, 4], "uv_size": [0.5, 0.25]},
								"up": {"uv": [7, 30], "uv_size": [1, 0.5]},
								"down": {"uv": [30, 7.5], "uv_size": [1, -0.5]}
							}
						},
						{
							"origin": [-0.24646, 2.97, 4.365],
							"size": [0.49293, 0.95527, 0.125],
							"pivot": [0, 3.29764, 5.1775],
							"rotation": [25, 0, 0],
							"uv": {
								"north": {"uv": [28, 29], "uv_size": [0.5, 1]},
								"east": {"uv": [3, 34], "uv_size": [0.25, 1]},
								"south": {"uv": [29, 29], "uv_size": [0.5, 1]},
								"west": {"uv": [34, 3], "uv_size": [0.25, 1]},
								"up": {"uv": [36, 35], "uv_size": [0.5, 0.25]},
								"down": {"uv": [36, 36.25], "uv_size": [0.5, -0.25]}
							}
						},
						{
							"origin": [-0.34646, 0.31706, 3.60093],
							"size": [0.69293, 0.45527, 0.425],
							"pivot": [0, 0.5447, 3.81343],
							"rotation": [-25, 0, 0],
							"uv": {
								"north": {"uv": [20, 30], "uv_size": [0.75, 0.5]},
								"east": {"uv": [1, 34], "uv_size": [0.5, 0.5]},
								"south": {"uv": [30, 20], "uv_size": [0.75, 0.5]},
								"west": {"uv": [2, 34], "uv_size": [0.5, 0.5]},
								"up": {"uv": [21, 30], "uv_size": [0.75, 0.5]},
								"down": {"uv": [30, 21.5], "uv_size": [0.75, -0.5]}
							}
						},
						{
							"origin": [-0.34646, 0.24858, 3.52464],
							"size": [0.69293, 0.17961, 0.38518],
							"uv": {
								"north": {"uv": [21, 35], "uv_size": [0.75, 0.25]},
								"east": {"uv": [36, 33], "uv_size": [0.5, 0.25]},
								"south": {"uv": [35, 21], "uv_size": [0.75, 0.25]},
								"west": {"uv": [34, 36], "uv_size": [0.5, 0.25]},
								"up": {"uv": [22, 30], "uv_size": [0.75, 0.5]},
								"down": {"uv": [23, 30.5], "uv_size": [0.75, -0.5]}
							}
						},
						{
							"origin": [-0.14646, 3.03634, 0.80313],
							"size": [0.29293, 1.15527, 0.325],
							"pivot": [0, 3.56397, 0.91563],
							"rotation": [22.5, 0, 0],
							"uv": {
								"north": {"uv": [32, 4], "uv_size": [0.25, 1.25]},
								"east": {"uv": [6, 32], "uv_size": [0.25, 1.25]},
								"south": {"uv": [32, 7], "uv_size": [0.25, 1.25]},
								"west": {"uv": [8, 32], "uv_size": [0.25, 1.25]},
								"up": {"uv": [18, 41], "uv_size": [0.25, 0.25]},
								"down": {"uv": [41, 18.25], "uv_size": [0.25, -0.25]}
							}
						},
						{
							"origin": [0.2707, 4.22107, 0.60313],
							"size": [0.26075, 0.34623, 2.025],
							"pivot": [0.40108, 4.44419, 1.61563],
							"rotation": [0, 0, 42.5],
							"uv": {
								"north": {"uv": [9, 41], "uv_size": [0.25, 0.25]},
								"east": {"uv": [29, 22], "uv_size": [2, 0.25]},
								"south": {"uv": [41, 9], "uv_size": [0.25, 0.25]},
								"west": {"uv": [29, 23], "uv_size": [2, 0.25]},
								"up": {"uv": [24, 29], "uv_size": [0.25, 2]},
								"down": {"uv": [29, 26], "uv_size": [0.25, -2]}
							}
						},
						{
							"origin": [-0.53145, 4.22107, 0.60313],
							"size": [0.26075, 0.34623, 2.025],
							"pivot": [-0.40108, 4.44419, 1.61563],
							"rotation": [0, 0, -42.5],
							"uv": {
								"north": {"uv": [10, 41], "uv_size": [0.25, 0.25]},
								"east": {"uv": [25, 29], "uv_size": [2, 0.25]},
								"south": {"uv": [41, 10], "uv_size": [0.25, 0.25]},
								"west": {"uv": [29, 26], "uv_size": [2, 0.25]},
								"up": {"uv": [27, 29], "uv_size": [0.25, 2]},
								"down": {"uv": [29, 29], "uv_size": [0.25, -2]}
							}
						},
						{
							"origin": [-0.58038, 4.69311, -5.39687],
							"size": [0.12025, 0.34623, 10.925],
							"uv": {
								"north": {"uv": [38, 28], "uv_size": [0.25, 0.25]},
								"east": {"uv": [15, 5], "uv_size": [11, 0.25]},
								"south": {"uv": [29, 38], "uv_size": [0.25, 0.25]},
								"west": {"uv": [15, 6], "uv_size": [11, 0.25]},
								"up": {"uv": [0, 16], "uv_size": [0.25, 11]},
								"down": {"uv": [16, 26], "uv_size": [0.25, -11]}
							}
						}
					]
				},
				{
					"name": "barrel2",
					"parent": "body",
					"pivot": [0, 4.78634, 3.27813],
					"cubes": [
						{
							"origin": [-0.64646, 5.10454, 3.24277],
							"size": [1.29293, 0.84773, 0.16866],
							"pivot": [0, 4.99847, 3.27813],
							"rotation": [-90, 0, 0],
							"uv": {
								"north": {"uv": [25, 20], "uv_size": [1.25, 0.75]},
								"east": {"uv": [22, 35], "uv_size": [0.25, 0.75]},
								"south": {"uv": [26, 6], "uv_size": [1.25, 0.75]},
								"west": {"uv": [35, 22], "uv_size": [0.25, 0.75]},
								"up": {"uv": [32, 20], "uv_size": [1.25, 0.25]},
								"down": {"uv": [21, 32.25], "uv_size": [1.25, -0.25]}
							}
						},
						{
							"origin": [-0.64646, 4.53885, 3.17206],
							"size": [1.29293, 1.01308, 0.21545],
							"pivot": [0, 4.78634, 3.27813],
							"rotation": [-90, 0, 0],
							"uv": {
								"north": {"uv": [25, 11], "uv_size": [1.25, 1]},
								"east": {"uv": [27, 34], "uv_size": [0.25, 1]},
								"south": {"uv": [25, 12], "uv_size": [1.25, 1]},
								"west": {"uv": [34, 27], "uv_size": [0.25, 1]},
								"up": {"uv": [32, 13], "uv_size": [1.25, 0.25]},
								"down": {"uv": [15, 32.25], "uv_size": [1.25, -0.25]}
							}
						},
						{
							"origin": [-0.64646, 4.70839, 3.96783],
							"size": [1.29293, 0.26617, 0.21213],
							"pivot": [0, 4.85713, 4.0739],
							"rotation": [-45, 0, 0],
							"uv": {
								"north": {"uv": [23, 32], "uv_size": [1.25, 0.25]},
								"east": {"uv": [35, 41], "uv_size": [0.25, 0.25]},
								"south": {"uv": [32, 24], "uv_size": [1.25, 0.25]},
								"west": {"uv": [41, 35], "uv_size": [0.25, 0.25]},
								"up": {"uv": [32, 25], "uv_size": [1.25, 0.25]},
								"down": {"uv": [32, 27.25], "uv_size": [1.25, -0.25]}
							}
						},
						{
							"origin": [-0.64646, 4.53634, 3.17813],
							"size": [1.29293, 0.5, 0.2],
							"pivot": [0, 4.78634, 3.27813],
							"rotation": [45, 0, 0],
							"uv": {
								"north": {"uv": [28, 4], "uv_size": [1.25, 0.5]},
								"east": {"uv": [16, 37], "uv_size": [0.25, 0.5]},
								"south": {"uv": [5, 28], "uv_size": [1.25, 0.5]},
								"west": {"uv": [37, 16], "uv_size": [0.25, 0.5]},
								"up": {"uv": [17, 32], "uv_size": [1.25, 0.25]},
								"down": {"uv": [32, 19.25], "uv_size": [1.25, -0.25]}
							}
						},
						{
							"origin": [-0.64646, 4.53885, 3.17206],
							"size": [1.29293, 0.49497, 0.21213],
							"uv": {
								"north": {"uv": [27, 20], "uv_size": [1.25, 0.5]},
								"east": {"uv": [14, 37], "uv_size": [0.25, 0.5]},
								"south": {"uv": [28, 2], "uv_size": [1.25, 0.5]},
								"west": {"uv": [37, 14], "uv_size": [0.25, 0.5]},
								"up": {"uv": [12, 32], "uv_size": [1.25, 0.25]},
								"down": {"uv": [32, 12.25], "uv_size": [1.25, -0.25]}
							}
						},
						{
							"origin": [-0.64646, 4.53634, 3.17813],
							"size": [1.29293, 0.5, 0.2],
							"pivot": [0, 4.78634, 3.27813],
							"rotation": [-45, 0, 0],
							"uv": {
								"north": {"uv": [3, 28], "uv_size": [1.25, 0.5]},
								"east": {"uv": [15, 37], "uv_size": [0.25, 0.5]},
								"south": {"uv": [28, 3], "uv_size": [1.25, 0.5]},
								"west": {"uv": [37, 15], "uv_size": [0.25, 0.5]},
								"up": {"uv": [32, 15], "uv_size": [1.25, 0.25]},
								"down": {"uv": [32, 16.25], "uv_size": [1.25, -0.25]}
							}
						},
						{
							"origin": [-0.67136, 4.68036, 3.19606],
							"size": [1.34273, 0.2116, 0.09069],
							"uv": {
								"north": {"uv": [33, 9], "uv_size": [1.25, 0.25]},
								"east": {"uv": [39, 41], "uv_size": [0.25, 0.25]},
								"south": {"uv": [33, 10], "uv_size": [1.25, 0.25]},
								"west": {"uv": [41, 39], "uv_size": [0.25, 0.25]},
								"up": {"uv": [33, 11], "uv_size": [1.25, 0.25]},
								"down": {"uv": [12, 33.25], "uv_size": [1.25, -0.25]}
							}
						},
						{
							"origin": [-0.67136, 4.68036, 3.19606],
							"size": [1.34273, 0.2116, 0.0921],
							"pivot": [0, 4.78616, 3.2414],
							"rotation": [-90, 0, 0],
							"uv": {
								"north": {"uv": [33, 5], "uv_size": [1.25, 0.25]},
								"east": {"uv": [38, 41], "uv_size": [0.25, 0.25]},
								"south": {"uv": [33, 6], "uv_size": [1.25, 0.25]},
								"west": {"uv": [41, 38], "uv_size": [0.25, 0.25]},
								"up": {"uv": [33, 7], "uv_size": [1.25, 0.25]},
								"down": {"uv": [33, 8.25], "uv_size": [1.25, -0.25]}
							}
						},
						{
							"origin": [-0.67136, 4.67928, 3.19865],
							"size": [1.34273, 0.21375, 0.0855],
							"pivot": [0, 4.78616, 3.2414],
							"rotation": [-45, 0, 0],
							"uv": {
								"north": {"uv": [33, 1], "uv_size": [1.25, 0.25]},
								"east": {"uv": [37, 41], "uv_size": [0.25, 0.25]},
								"south": {"uv": [33, 2], "uv_size": [1.25, 0.25]},
								"west": {"uv": [41, 37], "uv_size": [0.25, 0.25]},
								"up": {"uv": [3, 33], "uv_size": [1.25, 0.25]},
								"down": {"uv": [33, 4.25], "uv_size": [1.25, -0.25]}
							}
						},
						{
							"origin": [-0.67136, 4.67828, 3.19865],
							"size": [1.34273, 0.21475, 0.0845],
							"pivot": [0, 4.78616, 3.2414],
							"rotation": [45, 0, 0],
							"uv": {
								"north": {"uv": [32, 28], "uv_size": [1.25, 0.25]},
								"east": {"uv": [36, 41], "uv_size": [0.25, 0.25]},
								"south": {"uv": [29, 32], "uv_size": [1.25, 0.25]},
								"west": {"uv": [41, 36], "uv_size": [0.25, 0.25]},
								"up": {"uv": [31, 32], "uv_size": [1.25, 0.25]},
								"down": {"uv": [33, 0.25], "uv_size": [1.25, -0.25]}
							}
						}
					]
				},
				{
					"name": "block",
					"parent": "body",
					"pivot": [0.14142, 3.98045, 2.26563],
					"cubes": [
						{
							"origin": [-0.46013, 3.24688, 0.52813],
							"size": [0.92025, 1.44623, 0.125],
							"uv": {
								"north": {"uv": [7, 22], "uv_size": [1, 1.5]},
								"east": {"uv": [15, 30], "uv_size": [0.25, 1.5]},
								"south": {"uv": [7, 24], "uv_size": [1, 1.5]},
								"west": {"uv": [30, 15], "uv_size": [0.25, 1.5]},
								"up": {"uv": [31, 33], "uv_size": [1, 0.25]},
								"down": {"uv": [33, 31.25], "uv_size": [1, -0.25]}
							}
						},
						{
							"origin": [0.31741, 3.325, 0.52813],
							"size": [0.42025, 0.24623, 0.125],
							"pivot": [0.47753, 3.44811, 0.59063],
							"rotation": [0, 0, -47.5],
							"uv": {
								"north": {"uv": [36, 26], "uv_size": [0.5, 0.25]},
								"east": {"uv": [19, 41], "uv_size": [0.25, 0.25]},
								"south": {"uv": [27, 36], "uv_size": [0.5, 0.25]},
								"west": {"uv": [41, 19], "uv_size": [0.25, 0.25]},
								"up": {"uv": [36, 27], "uv_size": [0.5, 0.25]},
								"down": {"uv": [28, 36.25], "uv_size": [0.5, -0.25]}
							}
						},
						{
							"origin": [-0.73766, 3.325, 0.52813],
							"size": [0.42025, 0.24623, 0.125],
							"pivot": [-0.47753, 3.44811, 0.59063],
							"rotation": [0, 0, 47.5],
							"uv": {
								"north": {"uv": [36, 28], "uv_size": [0.5, 0.25]},
								"east": {"uv": [20, 41], "uv_size": [0.25, 0.25]},
								"south": {"uv": [29, 36], "uv_size": [0.5, 0.25]},
								"west": {"uv": [41, 20], "uv_size": [0.25, 0.25]},
								"up": {"uv": [36, 29], "uv_size": [0.5, 0.25]},
								"down": {"uv": [30, 36.25], "uv_size": [0.5, -0.25]}
							}
						},
						{
							"origin": [-0.82072, 3.5405, 0.52813],
							"size": [1.64143, 0.79203, 0.125],
							"uv": {
								"north": {"uv": [1, 20], "uv_size": [1.75, 0.75]},
								"east": {"uv": [20, 35], "uv_size": [0.25, 0.75]},
								"south": {"uv": [3, 20], "uv_size": [1.75, 0.75]},
								"west": {"uv": [35, 20], "uv_size": [0.25, 0.75]},
								"up": {"uv": [30, 12], "uv_size": [1.75, 0.25]},
								"down": {"uv": [30, 13.25], "uv_size": [1.75, -0.25]}
							}
						},
						{
							"origin": [-0.37279, 3.30545, 0.55313],
							"size": [0.50994, 1.40429, 0.1],
							"pivot": [-0.14142, 3.98045, 2.26563],
							"rotation": [0, 0, -45],
							"uv": {
								"north": {"uv": [20, 26], "uv_size": [0.5, 1.5]},
								"east": {"uv": [18, 30], "uv_size": [0.25, 1.5]},
								"south": {"uv": [21, 26], "uv_size": [0.5, 1.5]},
								"west": {"uv": [19, 30], "uv_size": [0.25, 1.5]},
								"up": {"uv": [36, 25], "uv_size": [0.5, 0.25]},
								"down": {"uv": [26, 36.25], "uv_size": [0.5, -0.25]}
							}
						},
						{
							"origin": [-0.13715, 3.30545, 0.55313],
							"size": [0.50994, 1.40429, 0.1],
							"pivot": [0.14142, 3.98045, 2.26563],
							"rotation": [0, 0, 45],
							"uv": {
								"north": {"uv": [16, 26], "uv_size": [0.5, 1.5]},
								"east": {"uv": [16, 30], "uv_size": [0.25, 1.5]},
								"south": {"uv": [19, 26], "uv_size": [0.5, 1.5]},
								"west": {"uv": [17, 30], "uv_size": [0.25, 1.5]},
								"up": {"uv": [36, 24], "uv_size": [0.5, 0.25]},
								"down": {"uv": [25, 36.25], "uv_size": [0.5, -0.25]}
							}
						}
					]
				},
				{
					"name": "sight1",
					"parent": "body",
					"pivot": [0.3, 4.16552, -1.7],
					"cubes": [
						{
							"origin": [0.2243, 5.72485, 4.70313],
							"size": [0.1508, 0.2866, 0.42217],
							"uv": {
								"north": {"uv": [1, 41], "uv_size": [0.25, 0.25]},
								"east": {"uv": [36, 5], "uv_size": [0.5, 0.25]},
								"south": {"uv": [41, 1], "uv_size": [0.25, 0.25]},
								"west": {"uv": [6, 36], "uv_size": [0.5, 0.25]},
								"up": {"uv": [36, 6], "uv_size": [0.25, 0.5]},
								"down": {"uv": [7, 36.5], "uv_size": [0.25, -0.5]}
							}
						},
						{
							"origin": [-0.3753, 5.72485, 4.70313],
							"size": [0.151, 0.2866, 0.42217],
							"uv": {
								"north": {"uv": [2, 41], "uv_size": [0.25, 0.25]},
								"east": {"uv": [36, 7], "uv_size": [0.5, 0.25]},
								"south": {"uv": [41, 2], "uv_size": [0.25, 0.25]},
								"west": {"uv": [8, 36], "uv_size": [0.5, 0.25]},
								"up": {"uv": [36, 8], "uv_size": [0.25, 0.5]},
								"down": {"uv": [9, 36.5], "uv_size": [0.25, -0.5]}
							}
						},
						{
							"origin": [-0.3753, 5.6124, 4.70313],
							"size": [0.7504, 0.11245, 0.42217],
							"uv": {
								"north": {"uv": [16, 35], "uv_size": [0.75, 0.25]},
								"east": {"uv": [36, 9], "uv_size": [0.5, 0.25]},
								"south": {"uv": [35, 16], "uv_size": [0.75, 0.25]},
								"west": {"uv": [10, 36], "uv_size": [0.5, 0.25]},
								"up": {"uv": [14, 30], "uv_size": [0.75, 0.5]},
								"down": {"uv": [30, 14.5], "uv_size": [0.75, -0.5]}
							}
						},
						{
							"origin": [-0.0249, 5.6124, -5.29687],
							"size": [0.0496, 0.21245, 0.42217],
							"uv": {
								"north": {"uv": [7, 41], "uv_size": [0.25, 0.25]},
								"east": {"uv": [36, 20], "uv_size": [0.5, 0.25]},
								"south": {"uv": [41, 7], "uv_size": [0.25, 0.25]},
								"west": {"uv": [21, 36], "uv_size": [0.5, 0.25]},
								"up": {"uv": [36, 21], "uv_size": [0.25, 0.5]},
								"down": {"uv": [22, 36.5], "uv_size": [0.25, -0.5]}
							}
						},
						{
							"origin": [-0.0249, 5.50771, -5.02893],
							"size": [0.0496, 0.26245, 0.33557],
							"pivot": [-0.0001, 5.66393, -4.90445],
							"rotation": [-60, 0, 0],
							"uv": {
								"north": {"uv": [8, 41], "uv_size": [0.25, 0.25]},
								"east": {"uv": [36, 22], "uv_size": [0.5, 0.25]},
								"south": {"uv": [41, 8], "uv_size": [0.25, 0.25]},
								"west": {"uv": [23, 36], "uv_size": [0.5, 0.25]},
								"up": {"uv": [36, 23], "uv_size": [0.25, 0.5]},
								"down": {"uv": [24, 36.5], "uv_size": [0.25, -0.5]}
							}
						}
					]
				},
				{
					"name": "light_illuminated",
					"parent": "sight1",
					"pivot": [-0.23362, 5.9772, 4.91422],
					"cubes": [
						{
							"origin": [0.2084, 5.90161, 4.70266],
							"size": [0.05039, 0.09999, 0.42213],
							"pivot": [0.2336, 5.9766, 4.91373],
							"rotation": [0, 0, 30],
							"uv": {
								"north": {"uv": [5, 41], "uv_size": [0.25, 0.25]},
								"east": {"uv": [36, 16], "uv_size": [0.5, 0.25]},
								"south": {"uv": [41, 5], "uv_size": [0.25, 0.25]},
								"west": {"uv": [17, 36], "uv_size": [0.5, 0.25]},
								"up": {"uv": [36, 17], "uv_size": [0.25, 0.5]},
								"down": {"uv": [18, 36.5], "uv_size": [0.25, -0.5]}
							}
						},
						{
							"origin": [0.1743, 5.77485, 4.70313],
							"size": [0.0504, 0.15, 0.42217],
							"uv": {
								"north": {"uv": [3, 41], "uv_size": [0.25, 0.25]},
								"east": {"uv": [36, 12], "uv_size": [0.5, 0.25]},
								"south": {"uv": [41, 3], "uv_size": [0.25, 0.25]},
								"west": {"uv": [13, 36], "uv_size": [0.5, 0.25]},
								"up": {"uv": [36, 13], "uv_size": [0.25, 0.5]},
								"down": {"uv": [14, 36.5], "uv_size": [0.25, -0.5]}
							}
						},
						{
							"origin": [-0.2247, 5.72485, 4.70313],
							"size": [0.4494, 0.05, 0.42217],
							"uv": {
								"north": {"uv": [36, 10], "uv_size": [0.5, 0.25]},
								"east": {"uv": [11, 36], "uv_size": [0.5, 0.25]},
								"south": {"uv": [36, 11], "uv_size": [0.5, 0.25]},
								"west": {"uv": [12, 36], "uv_size": [0.5, 0.25]},
								"up": {"uv": [27, 33], "uv_size": [0.5, 0.5]},
								"down": {"uv": [28, 33.5], "uv_size": [0.5, -0.5]}
							}
						},
						{
							"origin": [-0.2247, 5.77485, 4.70313],
							"size": [0.0504, 0.15, 0.42217],
							"uv": {
								"north": {"uv": [4, 41], "uv_size": [0.25, 0.25]},
								"east": {"uv": [36, 14], "uv_size": [0.5, 0.25]},
								"south": {"uv": [41, 4], "uv_size": [0.25, 0.25]},
								"west": {"uv": [15, 36], "uv_size": [0.5, 0.25]},
								"up": {"uv": [36, 15], "uv_size": [0.25, 0.5]},
								"down": {"uv": [16, 36.5], "uv_size": [0.25, -0.5]}
							}
						},
						{
							"origin": [-0.25879, 5.90161, 4.70266],
							"size": [0.05039, 0.09999, 0.42213],
							"pivot": [-0.2336, 5.9766, 4.91373],
							"rotation": [0, 0, -30],
							"uv": {
								"north": {"uv": [6, 41], "uv_size": [0.25, 0.25]},
								"east": {"uv": [36, 18], "uv_size": [0.5, 0.25]},
								"south": {"uv": [41, 6], "uv_size": [0.25, 0.25]},
								"west": {"uv": [19, 36], "uv_size": [0.5, 0.25]},
								"up": {"uv": [36, 19], "uv_size": [0.25, 0.5]},
								"down": {"uv": [20, 36.5], "uv_size": [0.25, -0.5]}
							}
						},
						{
							"origin": [-0.0249, 5.65053, -4.79495],
							"size": [0.0496, 0.01245, 0.32217],
							"pivot": [0.0495, 5.80676, -4.68386],
							"rotation": [-60, 0, 0],
							"uv": {
								"north": {"uv": [42, 26], "uv_size": [0.25, 0.25]},
								"east": {"uv": [38, 3], "uv_size": [0.5, 0.25]},
								"south": {"uv": [27, 42], "uv_size": [0.25, 0.25]},
								"west": {"uv": [4, 38], "uv_size": [0.5, 0.25]},
								"up": {"uv": [38, 4], "uv_size": [0.25, 0.5]},
								"down": {"uv": [5, 38.5], "uv_size": [0.25, -0.5]}
							}
						}
					]
				},
				{
					"name": "constraint",
					"parent": "gun",
					"pivot": [0, 5.825, -4.925]
				},
				{
					"name": "camera",
					"pivot": [4.25, 7.7875, 14]
				},
				{
					"name": "positioning",
					"pivot": [0, 0, -8]
				},
				{
					"name": "thirdperson_hand",
					"parent": "positioning",
					"pivot": [0, 3.425, 2.65]
				},
				{
					"name": "ground",
					"parent": "positioning",
					"pivot": [0, 1.3, 3.45]
				},
				{
					"name": "fixed",
					"parent": "positioning",
					"pivot": [1.05, 4.375, -0.65],
					"rotation": [0, 90, 0]
				},
				{
					"name": "view",
					"pivot": [0, 0, 0]
				},
				{
					"name": "idle_view",
					"parent": "view",
					"pivot": [4.25, 7.7875, 14]
				},
				{
					"name": "iron_view",
					"parent": "view",
					"pivot": [0, 5.85, 7.75]
				},
				{
					"name": "refit_view",
					"parent": "view",
					"pivot": [20, 3.2, 0.15],
					"rotation": [0, 90, 0]
				},
				{
					"name": "refit_muzzle_view",
					"parent": "view",
					"pivot": [8, 5, -6],
					"rotation": [0, 120, 0]
				},
				{
					"name": "refit_scope_view",
					"parent": "view",
					"pivot": [8, 8.125, 6.3],
					"rotation": [0, 50, 0]
				}
			]
		}
	]
}