{
  "model": "tacz_gunskin:gun/aa12_lingsha_geo",
  "texture": "tacz_gunskin:gun/uv/aa12_lingsha",
  "lod": {
    "model": "tacz_gunskin:gun/lod/aa12_lingsha",
    "texture": "tacz_gunskin:gun/lod/aa12_lingsha"
  },
  "hud": "tacz_gunskin:gun/hud/aa12_lingsha",
  "slot": "tacz_gunskin:gun/slot/aa12_lingsha",
  "animation": "tacz_gunskin:aa12_lingsha",
  "use_default_animation": "rifle",
  "third_person_animation": "default",
  "transform": {
    "scale": {
      "thirdperson": [0.6, 0.6, 0.6],
      "ground": [0.6, 0.6, 0.6],
      "fixed": [1.2, 1.2, 1.2]
    }
  },
  "muzzle_flash": {
    "texture": "tacz:flash/common_muzzle_flash",
    "scale": 0.75
  },
  "shell": {
    "initial_velocity": [5, 2, 1],
    "random_velocity": [1, 1, 0.25],
    "acceleration": [0.0, -10, 0.0],
    "angular_velocity": [360, -1200, 90],
    "living_time": 1.0
  },
  // 子弹相关渲染参数。ammo display 里也有，但是会被这里的参数覆盖掉
  "ammo": {
    // 曳光弹颜色，没有则为 #FFFFFF，没有此字段时，会调用 ammo 的相关字段
    // 严格遵循 RGB 颜色代码
    "tracer_color": "#FF4500",
    // 粒子效果，部分参数和原版指令完全一致，具体可参考 wiki：https://minecraft.fandom.com/zh/wiki/%E5%91%BD%E4%BB%A4/particle
    // 没有此字段时，会调用 ammo 的相关字段
        "particle": {
          // 名称，具体可选粒子可参考 wiki：https://minecraft.fandom.com/zh/wiki/%E7%B2%92%E5%AD%90
          "name": "flame",
          // 生成的区域，默认为 0 0 0
          "delta": [
            0,
            0,
            0
          ],
          // 速度，默认为0，必须至少为 0
          "speed": 0.3,
          // 粒子存在时间，单位 tick，默认为 20 tick
          "life_time": 3,
          // 粒子数量，当子弹速度过快时，可以增大此数量，能够填满子弹路径的空隙
          "count": 30
        }
  },
  "sounds": {
    "shoot": "tacz:aa12/aa12_shoot",
    "shoot_3p": "tacz:aa12/aa12_shoot_3p",
    "silence": "tacz:aa12/aa12_silence",
    "silence_3p": "tacz:aa12/aa12_silence_3p",
    "reload_empty": "tacz:aa12/aa12_reload_empty",
    "reload_tactical": "tacz:aa12/aa12_reload_tactical",
    "inspect": "tacz:aa12/aa12_inspect",
    "inspect_empty": "tacz:aa12/aa12_inspect_empty",
    "draw": "tacz:aa12/aa12_draw",
    "put_away": "tacz:aa12/aa12_put_away",
    "melee_push": "tacz:melee_stock/melee_stock_01",
    "melee_stock": "tacz:melee_stock/melee_stock_02"
  },
  "offhand_show": {
    "pos": [1, 19, 4],
    "rotate": [0, 0, 50],
    "scale": [0.5, 0.5, 0.5]
  },
  "hotbar_show": {
    "0": {
      "pos": [-1, 19, 3],
      "rotate": [-180, 0, 130],
      "scale": [0.5, 0.5, 0.5]
    }
  }
}