{
  "model": "tacz_gunskin:gun/ai_awp_cecilia_geo",
  "texture": "tacz_gunskin:gun/uv/ai_awp_cecilia",
  "lod": {
    "model": "tacz_gunskin:gun/lod/ai_awp_cecilia",
    "texture": "tacz_gunskin:gun/lod/ai_awp_cecilia"
  },
  "hud": "tacz_gunskin:gun/hud/ai_awp_cecilia",
  "slot": "tacz_gunskin:gun/slot/ai_awp_cecilia",
  "animation": "tacz_gunskin:ai_awp_cecilia",
  "use_default_animation": "rifle",
  "transform": {
    "scale": {
      "thirdperson": [0.6, 0.6, 0.6],
      "ground": [0.6, 0.6, 0.6],
      "fixed": [1.2, 1.2, 1.2]
    }
  },
  "muzzle_flash": {
    "texture": "tacz:flash/common_muzzle_flash",
    "scale": 1
  },
  // 机瞄的放大倍数，默认 1.2
  "iron_zoom": 1.5,
  // 机瞄模型缩放fov，默认70
  "zoom_model_fov": 60,
  "sounds": {
    "reload_empty": "tacz:ai_awp/awp_reload_empty",
    "reload_tactical": "tacz:ai_awp/awp_reload_tactical",
    "inspect": "tacz:ai_awp/awp_inspect",
    "inspect_empty": "tacz:ai_awp/awp_inspect_empty",
    "draw": "tacz:ai_awp/awp_draw",
    "shoot": "tacz:ai_awp/awp_shoot",
    "shoot_3p": "tacz:ai_awp/awp_shoot_3p",
    "silence": "tacz:ai_awp/awp_silence",
    "silence_3p": "tacz:ai_awp/awp_silence_3p",
    "bolt": "tacz:ai_awp/awp_bolt",
    "put_away": "tacz:ai_awp/awp_put_away",
    "melee_push": "tacz:melee_stock/melee_stock_02",
    "melee_stock": "tacz:melee_stock/melee_stock_03"
  },
  "offhand_show": {
    "pos": [-2, 20, 4],
    "rotate": [0, 0, 45],
    "scale": [0.5, 0.5, 0.5]
  },
  "hotbar_show": {
    "0": {
      "pos": [-4, 26, 3],
      "rotate": [-90, -5, -90],
      "scale": [0.5, 0.5, 0.5]
    }
  }
}