{"type":"create:compacting","ingredients":[{"tag":"forge:ingots/iron"},{"tag":"forge:ingots/iron"},{"tag":"forge:ingots/iron"},{"tag":"forge:plates/copper"},{"tag":"forge:plates/copper"},{"tag":"forge:plates/copper"},{"tag":"forge:plates/copper"},{"tag":"forge:plates/copper"},{"tag":"forge:plates/copper"},{"tag":"forge:gunpowder"},{"tag":"forge:gunpowder"},{"tag":"forge:gunpowder"},{"tag":"forge:gunpowder"},{"tag":"forge:gunpowder"},{"tag":"forge:gunpowder"}],"results":[{"item":"tacz:ammo","count":6,"nbt":{"AmmoId":"zeta:gp31_ammo"}}]}