{"type":"create:compacting","ingredients":[{"type":"forge:partial_nbt","item":"tacz:ammo","nbt":{"AmmoId":"zeta:sg8_ammo"}},{"type":"forge:partial_nbt","item":"tacz:ammo","nbt":{"AmmoId":"zeta:sg8_ammo"}},{"type":"forge:partial_nbt","item":"tacz:ammo","nbt":{"AmmoId":"zeta:sg8_ammo"}},{"type":"forge:partial_nbt","item":"tacz:ammo","nbt":{"AmmoId":"zeta:sg8_ammo"}},{"type":"forge:partial_nbt","item":"tacz:ammo","nbt":{"AmmoId":"zeta:sg8_ammo"}},{"type":"forge:partial_nbt","item":"tacz:ammo","nbt":{"AmmoId":"zeta:sg8_ammo"}},{"type":"forge:partial_nbt","item":"tacz:ammo","nbt":{"AmmoId":"zeta:sg8_ammo"}},{"type":"forge:partial_nbt","item":"tacz:ammo","nbt":{"AmmoId":"zeta:sg8_ammo"}},{"type":"forge:partial_nbt","item":"tacz:ammo","nbt":{"AmmoId":"zeta:sg8_ammo"}},{"type":"forge:partial_nbt","item":"tacz:ammo","nbt":{"AmmoId":"zeta:sg8_ammo"}},{"type":"forge:partial_nbt","item":"tacz:ammo","nbt":{"AmmoId":"zeta:sg8_ammo"}},{"type":"forge:partial_nbt","item":"tacz:ammo","nbt":{"AmmoId":"zeta:sg8_ammo"}},{"type":"forge:partial_nbt","item":"tacz:ammo","nbt":{"AmmoId":"zeta:sg8_ammo"}},{"type":"forge:partial_nbt","item":"tacz:ammo","nbt":{"AmmoId":"zeta:sg8_ammo"}},{"type":"forge:partial_nbt","item":"tacz:ammo","nbt":{"AmmoId":"zeta:sg8_ammo"}},{"type":"forge:partial_nbt","item":"tacz:ammo","nbt":{"AmmoId":"zeta:sg8_ammo"}},{"type":"forge:partial_nbt","item":"tacz:ammo","nbt":{"AmmoId":"zeta:sg8_ammo"}},{"type":"forge:partial_nbt","item":"tacz:ammo","nbt":{"AmmoId":"zeta:sg8_ammo"}},{"type":"forge:partial_nbt","item":"tacz:ammo","nbt":{"AmmoId":"zeta:sg8_ammo"}},{"type":"forge:partial_nbt","item":"tacz:ammo","nbt":{"AmmoId":"zeta:sg8_ammo"}},{"type":"forge:partial_nbt","item":"tacz:ammo","nbt":{"AmmoId":"zeta:sg8_ammo"}},{"type":"forge:partial_nbt","item":"tacz:ammo","nbt":{"AmmoId":"zeta:sg8_ammo"}},{"type":"forge:partial_nbt","item":"tacz:ammo","nbt":{"AmmoId":"zeta:sg8_ammo"}},{"type":"forge:partial_nbt","item":"tacz:ammo","nbt":{"AmmoId":"zeta:sg8_ammo"}},{"type":"forge:partial_nbt","item":"tacz:ammo","nbt":{"AmmoId":"zeta:sg8_ammo"}},{"type":"forge:partial_nbt","item":"tacz:ammo","nbt":{"AmmoId":"zeta:sg8_ammo"}},{"type":"forge:partial_nbt","item":"tacz:ammo","nbt":{"AmmoId":"zeta:sg8_ammo"}},{"type":"forge:partial_nbt","item":"tacz:ammo","nbt":{"AmmoId":"zeta:sg8_ammo"}},{"type":"forge:partial_nbt","item":"tacz:ammo","nbt":{"AmmoId":"zeta:sg8_ammo"}},{"type":"forge:partial_nbt","item":"tacz:ammo","nbt":{"AmmoId":"zeta:sg8_ammo"}},{"type":"forge:partial_nbt","item":"tacz:ammo","nbt":{"AmmoId":"zeta:sg8_ammo"}},{"type":"forge:partial_nbt","item":"tacz:ammo","nbt":{"AmmoId":"zeta:sg8_ammo"}},{"tag":"forge:gems/quartz"},{"tag":"forge:gems/quartz"},{"tag":"forge:nuggets/iron"},{"tag":"forge:nuggets/iron"},{"tag":"forge:nuggets/iron"},{"tag":"forge:nuggets/iron"},{"tag":"forge:nuggets/iron"},{"tag":"forge:nuggets/iron"},{"tag":"forge:nuggets/iron"},{"tag":"forge:nuggets/iron"},{"tag":"forge:nuggets/iron"},{"tag":"forge:nuggets/iron"},{"tag":"forge:nuggets/iron"},{"tag":"forge:nuggets/iron"},{"tag":"forge:nuggets/iron"},{"tag":"forge:nuggets/iron"},{"tag":"forge:nuggets/iron"},{"tag":"forge:nuggets/iron"}],"results":[{"item":"tacz:ammo","count":32,"nbt":{"AmmoId":"zeta:sg8f_ammo"}}]}