{
  "ammo": "zeta:plas_1_ammo",
  "rpm": 100,
  "ammo_amount": 1,
 
  "bolt": "manual_action",
  "bullet": {
    "life": 0.005,
    "bullet_amount": 5,
    "damage": 40,
    "extra_damage": {
      "armor_ignore": 0.4,
      "head_shot_multiplier": 1.5,
      "damage_adjust": [
        {"distance": 20, "damage": 50}
      
      ]
    },
    "speed": 400,
    "gravity": 0,
    "knockback": 3,
    "friction": 0.01,
    "ignite": false,
    "pierce": 1
    
  },



  "reload": {
    "type": "magazine",
    "infinite": true,
    "feed": {
      "empty": 2.13,
      "tactical": 0.37
    },
    "cooldown": {
      "empty": 2.83,
      "tactical": 0.6
    }
  },

  "draw_time": 0.77,
  "put_away_time": 0.7,
  "aim_time": 0.15,
  "sprint_time": 0.15,
  "bolt_action_time": 0.55,
  "weight": 5.0,
  "fire_mode": [
    
    "auto",
    "semi"
    
  ],
  "recoil": {
    "pitch": [
      {"time": 0, "value": [0.25, 0.25]},
      {"time": 0.125, "value": [0.25, 0.25]},
      {"time": 0.4, "value": [-0.25, -0.25]},
      {"time": 0.55, "value": [0, 0]}
    ],
    "yaw": [
      {"time": 0, "value": [-0.5, 0.5]},
      {"time": 0.1, "value": [-0.5, 0.5]},
      {"time": 0.2, "value": [0.15, 0.15]},
      {"time": 0.4, "value": [0, 0]}
    ]
  },
  "inaccuracy": {
    "stand": 7.5,
    "move": 10,
    "sneak": 8.5,
    "lie": 6.5,
    "aim": 5
  },
  // 近战相关
  "melee": {
    // 枪械距离参数，用来延升近战攻击范围
    // 会与刺刀等配件的距离做加和
    "distance": 1,
    // 使用时的冷却时间
    "cooldown": 0.5,
    // 默认近战数据，会被配件的数据替换掉
    "default": {
      // 动画类型：没有枪托的为 melee_push，有枪托的为 melee_stock
      "animation_type": "melee_stock",
      // 刺刀距离参数，枪械里还有个刺刀攻击距离参数，两者做加和
      "distance": 1,
      // 刺刀范围角度
      "range_angle": 30,
      // 伤害值
      "damage": 2,
      // 击退效果
      "knockback": 0.75,
      // 前摇时长，单位：秒
      "prep": 0.1
    }
  },
  "script": "zeta:arc12_logic",
  "tacz_fire_control_extension:fire_control_system": {
  "aim_cone_angle": 90
},
 "builtin_attachments": {
    "scope": "zeta:sight_shotgun"
  },
  "allow_attachment_types": [
    "scope"
  ]
  }
