{
  "ammo": "zeta:heavy_ammo",
  "ammo_amount": 100,
  "extended_mag_ammo_amount": [
    125,
    150,
    175
  ],
  "bolt": "open_bolt",
  "rpm": 750,
  "bullet": {
    "life": 1.0,
    "bullet_amount": 1,
    "damage": 40,
    "tracer_count_interval": 0,
    "extra_damage": {
      "armor_ignore": 0.6,
      "head_shot_multiplier": 1.5,
      "damage_adjust": [
        {"distance": 35, "damage": 45},
        {"distance": 80, "damage": 40},
        {"distance": "infinite", "damage": 30}
      ]
    },
    "speed": 200,
    "gravity": 0.1,
    "knockback": 0,
    "friction": 0.015,
    "ignite": false,
    "pierce": 1
  },
  "reload": {
    "type": "fuel",
    "feed": {
      "empty": 7.0,
      "tactical": 5.0
    },
    "cooldown": {
      "empty": 8.5,
      "tactical": 6.6
    }
  },
  "draw_time": 1,
  "put_away_time": 0.67,
  "aim_time": 0.3,
  "sprint_time": 0.25,
  "weight": 20,
  "movement_speed": {
    "base": 0.0,
    "aim": -0.25,
    "reload": -1
  },
  "crawl_recoil_multiplier": 0.1,
  "fire_mode": [
    "auto",
    "burst"
  ],
  "burst_data": {
    "continuous_shoot": true,
    "count": 2,
    "bpm": 450,
    "min_interval": 0.25
  },
  "recoil": {
    "pitch": [
      {"time": 0, "value": [1.2, 1.2]},
      {"time": 0.3, "value": [1.2, 1.2]},
      {"time": 0.5, "value": [-0.55, -0.55]},
      {"time": 0.65, "value": [0, 0]}
    ],
    "yaw": [
      {"time": 0, "value": [-0.3, 0.2]},
      {"time": 0.3, "value": [-0.3, 0.2]},
      {"time": 0.5, "value": [0, 0]}
    ]
  },
  "inaccuracy": {
    "stand": 8,
    "move": 9.5,
    "sneak": 4,
    "lie": 2,
    "aim": 0.75
  },
  // 近战相关
  "melee": {
    // 枪械距离参数，用来延升近战攻击范围
    // 会与刺刀等配件的距离做加和
    "distance": 1,
    // 使用时的冷却时间
    "cooldown": 0.8,
    // 默认近战数据，会被配件的数据替换掉
    "default": {
      // 动画类型：没有枪托的为 melee_push，有枪托的为 melee_stock
      "animation_type": "melee_stock",
      // 刺刀距离参数，枪械里还有个刺刀攻击距离参数，两者做加和
      "distance": 0,
      // 刺刀范围角度
      "range_angle": 30,
      // 伤害值
      "damage": 4,
      // 击退效果
      "knockback": 0.75,
      // 前摇时长，单位：秒
      "prep": 0.1
    }
  },
  "allow_attachment_types": [
    "scope",
    "laser",
    "muzzle",
    "extended_mag"
  ],
  "builtin_attachments": {
    "scope": "zeta:sight_dot"
  },
  "exclusive_attachments": {
  }
}