{
    "ammo": "zeta:nvk_p125_ammo",
    "rpm": 300,
    "bullet": {
      "life": 0.8,
      "bullet_amount": 1,
      "damage": 6,
      "tracer_count_interval": 0,
      "extra_damage": {
        "armor_ignore": 0.3,
        "head_shot_multiplier": 1.5,
        "damage_adjust": [
          {"distance": 20, "damage": 6},
          {"distance": 45, "damage": 5},
          {"distance": "infinite", "damage": 4}
        ]
      },
      "speed": 300,
      "gravity": 0.15,
      "knockback": 0,
      "friction": 0.001,
      "ignite": false,
      "pierce": 2
    },
    "ammo_amount": 20,
    "extended_mag_ammo_amount": [
      25,
      30,
      40
    ],
    "bolt": "closed_bolt",
    "reload": {
      "type": "magazine",
      "feed": {
        "empty": 1.75,
        "tactical": 1
      },
      "cooldown": {
        "empty": 2.15,
        "tactical": 1.45
      }
    },
    "draw_time": 0.3,
    "put_away_time": 0.3,
    "aim_time": 0.125,
    "sprint_time": 0.08,
    "fire_mode": [
      "semi",
      "burst"
    ],
    "allow_attachment_types": [
      "scope",
      "muzzle",
      "extended_mag"
    ],
    "burst_data": {
    "continuous_shoot": true,
    "count": 2,
    "bpm": 1200,
    "min_interval": 0.3
  },
    "recoil": {
      "pitch": [
        {"time": 0, "value": [0.375, 0.375]},
        {"time": 0.35, "value": [0.375, 0.375]},
        {"time": 0.6, "value": [-0.125, -0.125]},
        {"time": 0.8, "value": [0.05, 0.05]},
        {"time": 1.0, "value": [0, 0]}
      ],
     "yaw": [
      {"time": 0, "value": [-0.45, 0.15]},
      {"time": 0.25, "value": [-0.45, 0.15]},
      {"time": 1, "value": [0, 0]}
    ]
    },
    "inaccuracy": {
      "stand": 2,
      "move": 2.5,
      "sneak": 1.5,
      "lie": 0.7,
      "aim": 0.2
    }
  }