{
  "ammo": "zeta:las_16_ammo",
  "rpm": 10,
  "ammo_amount": 1,
 
  "bolt": "manual_action",
  
  "bullet": {
    "life": 0.75,
    "bullet_amount": 1,
    "damage": 320,
    "tracer_count_interval": 0,
    "extra_damage": {
      "armor_ignore": 1.0,
      "head_shot_multiplier": 1.5,
      "damage_adjust": [
        {"distance": 75, "damage": 320},
        {"distance": 100, "damage": 300},
        {"distance": "infinite", "damage": 280}
      ]
    },
    "speed": 500,
    "gravity": 0,
    "knockback": 0,
    "friction": 0.015,
    "ignite": false,
    "pierce": 1,
    "explosion": {
      "explode": true,
      "damage": 124,
      "radius": 3,
      "knockback": false,
      "delay": 30
    }
  },
  "reload": {
    "type": "fuel",
    "feed": {
      "empty": 3.5,
      "tactical": 3.2
    },
    "cooldown": {
      "empty": 4.0,
      "tactical": 3.8
    }
  },
 "draw_time": 0.75,
  "put_away_time": 0.73,
  "aim_time": 0.2,
  "sprint_time": 0.2,
  "bolt_action_time": 10.0,
  "weight": 8.0,
  "movement_speed": {
    "base": 0.0,
    "aim": -0.25,
    "reload": -0.2
  },
  "fire_mode": [
    "semi"
  ],
  "recoil": {
    "pitch": [
      {"time": 4.13, "value": [0.15, 0.15]},
      {"time": 4.33, "value": [0.15, 0.15]},
      {"time": 4.63, "value": [-0.125, -0.125]},
      {"time": 4.78, "value": [0, 0]}
    ],
    "yaw": [
      {"time": 4.13, "value": [-0.15, 0.15]},
      {"time": 4.33, "value": [-0.15, 0.15]},
      {"time": 4.83, "value": [0, 0]}
    ]
  },
  "inaccuracy": {
    "stand": 0.9,
    "move": 1,
    "sneak": 0.5,
    "lie": 0.1,
    "aim": 0.125
  },
  // 近战相关
  "melee": {
    // 枪械距离参数，用来延升近战攻击范围
    // 会与刺刀等配件的距离做加和
    "distance": 1,
    // 使用时的冷却时间
    "cooldown": 0.6,
    // 默认近战数据，会被配件的数据替换掉
    "default": {
      // 动画类型：没有枪托的为 melee_push，有枪托的为 melee_stock
      "animation_type": "melee_stock",
      // 刺刀距离参数，枪械里还有个刺刀攻击距离参数，两者做加和
      "distance": 1,
      // 刺刀范围角度
      "range_angle": 30,
      // 伤害值
      "damage": 5,
      // 击退效果
      "knockback": 0.5,
      // 前摇时长，单位：秒
      "prep": 0.1
    }
  },
  "script": "zeta:quasar_logic",
  "allow_attachment_types": [
    "scope"
  ]

}