{
  "ammo": "zeta:p4_ammo",
  "ammo_amount": 7,
  "bolt": "manual_action",
  "rpm": 200,
  "extended_mag_ammo_amount": [
    7,
    7,
    7
  ],
  "bullet": {
    "life": 0.9,
    "bullet_amount": 1,
    "damage": 48,
    "tracer_count_interval": 0,
    "extra_damage": {
      "armor_ignore": 0.40,
      "head_shot_multiplier": 2,
      "damage_adjust": [
        {"distance": 50, "damage": 160},
        {"distance": 80, "damage": 155},
        {"distance": "infinite", "damage": 130}
      ]
    },
    "speed": 400,
    "gravity": 0.098,
    "knockback": 0,
    "friction": 0.015,
    "ignite": false,
    "pierce": 4
  },
  "reload": {
    "type": "magazine",
    "feed": {
      "empty": 3.7,
      "tactical": 2.8
    },
    "cooldown": {
      "empty": 4,
      "tactical": 3.1
    }
  },
  "script": "zeta:r6_gun_logic",
  "script_param": {
    "bolt_time": 0.65,
    "intro": 0.83,
    "intro_empty": 0.875,
    "loop": 1.2,
    "ending": 1.15,
    "ending_empty": 1.35,
    "ending_empty_feed": 1.1,
    "loop_feed": 0.75
  },
  "draw_time": 0.75,
  "put_away_time": 0.75,
  "aim_time": 0.25,
  "sprint_time": 0.2,
  "bolt_action_time": 0.7,
  "weight": 3.5,
  "fire_mode": [
    "semi"
  ],
  "builtin_attachments": {
    "scope": "zeta:scope_r6"
  },
  "allow_attachment_types": [
    "scope",
    "extended_mag"
  ],
  "recoil": {
    "pitch": [
      {"time": 0, "value": [5, 5]},
      {"time": 0.32, "value": [4, 4]},
      {"time": 0.57, "value": [-0.5, -0.5]},
      {"time": 0.82, "value": [0.25, 0.25]},
      {"time": 1.17, "value": [0, 0]},
      {"time": 1.47, "value": [0, 0]}
    ],
    "yaw": [
      {"time": 0, "value": [-0.6, -0.5]},
      {"time": 0.32, "value": [-0.6, -0.5]},
      {"time": 0.57, "value": [0, 0]}
    ]
  },
  "inaccuracy": {
    "stand": 3,
    "move": 7.5,
    "sneak": 2.5,
    "lie": 1,
    "aim": 0.05
  },
  // 近战相关
  "melee": {
    // 枪械距离参数，用来延升近战攻击范围
    // 会与刺刀等配件的距离做加和
    "distance": 1,
    // 使用时的冷却时间
    "cooldown": 1.0,
    // 默认近战数据，会被配件的数据替换掉
    "default": {
      // 动画类型：没有枪托的为 melee_push，有枪托的为 melee_stock
      "animation_type": "melee_stock",
      // 刺刀距离参数，枪械里还有个刺刀攻击距离参数，两者做加和
      "distance": 0,
      // 刺刀范围角度
      "range_angle": 30,
      // 伤害值
      "damage": 2,
      // 击退效果
      "knockback": 0.75,
      // 前摇时长，单位：秒
      "prep": 0.75
    }
  }
}