{
  "ammo": "zeta:p113_ammo",
  "rpm": 490,
  "bullet": {
    "life": 0.75,
    "bullet_amount": 1,
    "damage": 20,
    "tracer_count_interval": 0,
    "extra_damage": {
      "armor_ignore": 0.40,
      "head_shot_multiplier": 1.25,
      "damage_adjust": [
        {"distance": 18, "damage": 35},
        {"distance": 40, "damage": 33},
        {"distance": 65, "damage": 28},
        {"distance": "infinite", "damage": 23}
      ]
    },
    "speed": 200,
    "gravity": 0.15,
    "knockback": 0,
    "friction": 0.02,
    "ignite": false,
    "pierce": 1
  },
  "ammo_amount": 25,
  "extended_mag_ammo_amount": [
    30,
    35,
    40
  ],
  
  "bolt": "closed_bolt",
  "reload": {
    "type": "fuel",
    "feed": {
      "empty": 2.7,
      "tactical": 1.33
    },
    "cooldown": {
      "empty": 3.03,
      "tactical": 1.87
    }
  },
  "draw_time": 0.32,
  "put_away_time": 0.35,
  "sprint_time": 0.12,
  "aim_time": 0.17,
  "weight": 3.5,
  "movement_speed": {
    "base": 0.0,
    "aim": -0.1,
    "reload": 0
  },
  "crawl_recoil_multiplier": 0.75,
  "fire_mode": [
    "auto",
    "burst",
    "semi"
  ],
  "burst_data": {
    "continuous_shoot": false,
    "count": 3,
    "bpm": 600,
    "min_interval": 0.3
  },
  "builtin_attachments": {
    "scope": "zeta:sight_l"
  },
  "allow_attachment_types": [
    "scope",
    "extended_mag",
    "laser"
  ],
  "recoil": {
    "pitch": [
      {"time": 0, "value": [0.85, 0.85]},
      {"time": 0.3, "value": [0.85, 0.85]},
      {"time": 0.5, "value": [-0.125, -0.125]},
      {"time": 0.65, "value": [0, 0]}
    ],
    "yaw": [
      {"time": 0, "value": [-0.6, 0.6]},
      {"time": 0.3, "value": [-0.6, 0.6]},
      {"time": 0.5, "value": [0, 0]}
    ]
  },
  "inaccuracy": {
    "stand": 3.5,
    "move": 4.5,
    "sneak": 2.25,
    "lie": 1.5,
    "aim": 0.175
  },
  // 近战相关
  "melee": {
    // 枪械距离参数，用来延升近战攻击范围
    // 会与刺刀等配件的距离做加和
    "distance": 1,
    // 使用时的冷却时间
    // 会与刺刀等配件的冷却时间做加和
    "cooldown": 0.6,
    // 默认近战数据，会被配件的数据替换掉
    "default": {
      // 动画类型：没有枪托的为 melee_push，有枪托的为 melee_stock
      "animation_type": "melee_push",
      // 刺刀距离参数，枪械里还有个刺刀攻击距离参数，两者做加和
      "distance": 1,
      // 刺刀范围角度
      "range_angle": 40,
      // 刺刀冷却时间，枪械里还有个刺刀冷却时间参数，两者做加和
      "cooldown": 0,
      // 伤害值
      "damage": 1,
      // 击退效果
      "knockback": 0.4,
      // 前摇时长，单位：秒
      "prep": 0.1
    }
  }
}