{
  "materials": [
    {
      "item": {
        "tag": "forge:ingots/iron"
      },
      "count": 128
    },
    {
      "item": {
        "tag": "forge:ingots/gold"
      },
      "count": 64
    },
    {
      "item": {
        "tag": "forge:gems/diamond"
      },
      "count": 32
    },
    {
      "item": {
        "tag": "forge:gems/lapis"
      },
      "count": 32
    },
    {
      "item": {
        "item": "enigmaticlegacy:ocean_stone"
      },
      "count": 1
    }
  ],
  "result": {
    "type": "gun",
    "id": "zeta:arc12",
    "ammo_count":1
  },
  "type": "tacz:gun_smith_table_crafting"
}