{
  "materials": [
    {
      "item": {
        "tag": "forge:ingots/iron"
      },
      "count": 128
    },
    {
      "item": {
        "tag": "forge:ingots/gold"
      },
      "count": 64
    },
    {
      "item": {
        "tag": "forge:gems/amethyst"
      },
      "count": 6
    },
    {
      "item": {
        "tag": "forge:dyes/yellow"
      },
      "count": 3
    },
    {
      "item": {
        "item": "enigmaticlegacy:cosmic_cake"
      },
      "count": 1
    }
  ],
  "result": {
    "type": "gun",
    "id": "zeta:las_16"
  },
  "type": "tacz:gun_smith_table_crafting"
}