{
  "materials": [
    
    {
      "item": {
        "tag": "forge:ingots/iron"
      },
      "count": 256
    },
    {
      "item": {
        "tag": "forge:rods/blaze"
      },
      "count": 64
    },
     {
      "item": {
        "tag": "forge:dusts/redstone"
      },
      "count": 32
    },
    {
      "item": {
        "tag": "forge:ingots/gold"
      },
      "count": 96
    },
    {
      "item": {
        "item": "enigmaticaddons:forger_gem"
      },
      "count": 1
    }
  ],
  "result": {
    "type": "gun",
    "id": "zeta:sg20"
  },
  "type": "tacz:gun_smith_table_crafting"
}