{
  "materials": [
    {
      "item": {
        "tag": "forge:ingots/iron"
      },
      "count": 128
    },
    {
      "item": {
        "tag": "forge:dusts/redstone"
      },
      "count": 64
    },
    {
      "item": {
        "tag": "forge:gems/diamond"
      },
      "count": 64
   },
    {
      "item": {
        "tag": "forge:ingots/netherite"
      },
      "count": 8
    },
    {
      "item": {
        "item": "enigmaticaddons:revival_leaf"
      },
      "count": 1
    }
  ],
  "result": {
    "type": "gun",
    "id": "zeta:smg32"
  },
  "type": "tacz:gun_smith_table_crafting"
}