{
  "materials": [
    {
      "item": {
        "type": "forge:partial_nbt",
        "item": "tacz:modern_kinetic_gun",
        "nbt": {
          "GunId": "zeta:gp31"
        }
      },
      "count": 1
    },
    {
      "item": {
        "tag": "forge:ingots/netherite"
      },
      "count": 32
    },
    {
      "item": {
        "tag": "forge:ingots/iron"
      },
      "count": 256
    },
    {
      "item": {
        "tag": "forge:nether_stars"
      },
      "count": 6
    },
    {
      "item": {
        "item": "minecraft:heart_of_the_sea"
      },
      "count": 1
    },
    {
      "item": {
        "item": "minecraft:end_crystal"
      },
      "count": 6
    },
    {
      "item": {
        "item": "cataclysm:ignitium_ingot"
      },
      "count": 3
    }
  ],
  "result": {
    "type": "gun",
    "id": "zeta:ultimatum"
   
  },
  "type": "tacz:gun_smith_table_crafting"
}