{
	"format_version": "1.12.0",
	"minecraft:geometry": [
		{
			"description": {
				"identifier": "geometry.unknown",
				"texture_width": 32,
				"texture_height": 32,
				"visible_bounds_width": 5,
				"visible_bounds_height": 2.5,
				"visible_bounds_offset": [0, 0.75, 0]
			},
			"bones": [
				{
					"name": "416d_light_grip",
					"pivot": [0, 4.19346, 1.53206]
				},
				{
					"name": "bone3",
					"parent": "416d_light_grip",
					"pivot": [0.00781, -0.33779, 2.40706],
					"cubes": [
						{
							"origin": [0.38281, -0.03581, -2.45],
							"size": [0.37044, 0.31706, 2.5],
							"uv": {
								"north": {"uv": [4, 13], "uv_size": [0.5, 0.5]},
								"east": {"uv": [1, 3], "uv_size": [5.5, 0.5]},
								"south": {"uv": [13, 4], "uv_size": [0.5, 0.5]},
								"west": {"uv": [4, 0], "uv_size": [5.5, 0.5]},
								"up": {"uv": [1, 4], "uv_size": [0.5, 5.5]}
							}
						},
						{
							"origin": [-0.78125, -1.73462, -0.36341],
							"size": [1.5625, 0.1875, 0.1875],
							"pivot": [-0.71875, 0.125, 1.5],
							"rotation": [-45, 0, 0],
							"uv": {
								"north": {"uv": [11, 5], "uv_size": [1.5, 0.5]},
								"east": {"uv": [5, 13], "uv_size": [0.5, 0.5]},
								"south": {"uv": [11, 6], "uv_size": [1.5, 0.5]},
								"west": {"uv": [13, 5], "uv_size": [0.5, 0.5]},
								"up": {"uv": [9, 11], "uv_size": [1.5, 0.5]},
								"down": {"uv": [11, 11.5], "uv_size": [1.5, -0.5]}
							}
						},
						{
							"origin": [-0.78125, -1.73462, -1.36341],
							"size": [1.5625, 0.1875, 0.1875],
							"pivot": [-0.71875, 0.125, 0.5],
							"rotation": [-45, 0, 0],
							"uv": {
								"north": {"uv": [0, 12], "uv_size": [1.5, 0.5]},
								"east": {"uv": [6, 13], "uv_size": [0.5, 0.5]},
								"south": {"uv": [2, 12], "uv_size": [1.5, 0.5]},
								"west": {"uv": [13, 6], "uv_size": [0.5, 0.5]},
								"up": {"uv": [12, 3], "uv_size": [1.5, 0.5]},
								"down": {"uv": [4, 12.5], "uv_size": [1.5, -0.5]}
							}
						},
						{
							"origin": [-0.74219, -0.03581, -2.45],
							"size": [0.37044, 0.31706, 2.5],
							"uv": {
								"north": {"uv": [7, 13], "uv_size": [0.5, 0.5]},
								"east": {"uv": [4, 1], "uv_size": [5.5, 0.5]},
								"south": {"uv": [13, 7], "uv_size": [0.5, 0.5]},
								"west": {"uv": [2, 4], "uv_size": [5.5, 0.5]},
								"up": {"uv": [2, 5], "uv_size": [0.5, 5.5]}
							}
						},
						{
							"origin": [-0.49219, -0.28581, -2.45],
							"size": [0.99544, 0.25456, 2.5],
							"uv": {
								"north": {"uv": [7, 3], "uv_size": [1, 0.5]},
								"east": {"uv": [9, 10], "uv_size": [2.5, 0.5]},
								"west": {"uv": [1, 11], "uv_size": [2.5, 0.5]},
								"up": {"uv": [5, 7], "uv_size": [1, 2.5]},
								"down": {"uv": [6, 9.5], "uv_size": [1, -2.5]}
							}
						},
						{
							"origin": [0.32781, -0.20669, -2.45],
							"size": [0.3471, 0.36, 2.5],
							"pivot": [0.50781, -0.02669, -0.2],
							"rotation": [0, 0, -45],
							"uv": {
								"north": {"uv": [8, 13], "uv_size": [0.5, 0.5]},
								"east": {"uv": [4, 2], "uv_size": [5.5, 0.5]},
								"south": {"uv": [13, 8], "uv_size": [0.5, 0.5]},
								"up": {"uv": [3, 5], "uv_size": [0.5, 5.5]},
								"down": {"uv": [4, 10.5], "uv_size": [0.5, -5.5]}
							}
						},
						{
							"origin": [0.32781, -0.20669, 0.05],
							"size": [0.12835, 0.11, 3],
							"pivot": [0.50781, -0.02669, -0.2],
							"rotation": [0, 0, -45],
							"uv": {
								"north": {"uv": [15, 1], "uv_size": [0.5, 0.5]},
								"east": {"uv": [14, 14], "uv_size": [3, 0.5]},
								"south": {"uv": [2, 15], "uv_size": [0.5, 0.5]},
								"down": {"uv": [0, 18], "uv_size": [0.5, -3]}
							}
						},
						{
							"origin": [-0.44053, -0.20669, 0.05],
							"size": [0.12835, 0.11, 3],
							"pivot": [-0.49218, -0.02669, -0.2],
							"rotation": [0, 0, 45],
							"uv": {
								"north": {"uv": [15, 2], "uv_size": [0.5, 0.5]},
								"south": {"uv": [3, 15], "uv_size": [0.5, 0.5]},
								"west": {"uv": [15, 0], "uv_size": [3, 0.5]},
								"down": {"uv": [1, 18], "uv_size": [0.5, -3]}
							}
						},
						{
							"origin": [-0.96831, 0.50042, -2.45],
							"size": [0.35678, 0.35033, 2.5],
							"pivot": [0.21492, 0.68042, -0.2],
							"rotation": [0, 0, -45],
							"uv": {
								"north": {"uv": [9, 13], "uv_size": [0.5, 0.5]},
								"east": {"uv": [5, 5], "uv_size": [5.5, 0.5]},
								"south": {"uv": [13, 9], "uv_size": [0.5, 0.5]},
								"west": {"uv": [5, 6], "uv_size": [5.5, 0.5]},
								"down": {"uv": [0, 11.5], "uv_size": [0.5, -5.5]}
							}
						},
						{
							"origin": [-0.49219, -0.28581, 0.05],
							"size": [0.99544, 0.09831, 3],
							"uv": {
								"east": {"uv": [9, 3], "uv_size": [3, 0.5]},
								"south": {"uv": [1, 10], "uv_size": [1, 0.5]},
								"west": {"uv": [9, 4], "uv_size": [3, 0.5]},
								"down": {"uv": [0, 3], "uv_size": [1, -3]}
							}
						},
						{
							"origin": [-0.58594, -0.19206, 0.05],
							"size": [1.18294, 0.16081, 3],
							"uv": {
								"north": {"uv": [4, 11], "uv_size": [1, 0.5]},
								"east": {"uv": [9, 9], "uv_size": [3, 0.5]},
								"south": {"uv": [12, 4], "uv_size": [1, 0.5]},
								"west": {"uv": [10, 0], "uv_size": [3, 0.5]},
								"up": {"uv": [1, 0], "uv_size": [1, 3]},
								"down": {"uv": [2, 3], "uv_size": [1, -3]}
							}
						},
						{
							"origin": [-0.49219, -0.56671, -1.44825],
							"size": [0.99544, 0.22296, 3.24825],
							"inflate": -0.001,
							"pivot": [0.00781, -1.40625, -0.45],
							"rotation": [-29.5, 0, 0],
							"uv": {
								"east": {"uv": [10, 1], "uv_size": [3, 0.5]},
								"south": {"uv": [6, 12], "uv_size": [1, 0.5]},
								"west": {"uv": [10, 2], "uv_size": [3, 0.5]},
								"up": {"uv": [0, 3], "uv_size": [1, 3]},
								"down": {"uv": [3, 3], "uv_size": [1, -3]}
							}
						},
						{
							"origin": [-0.49219, -0.84796, 1.80175],
							"size": [0.99544, 1.81671, 0.49825],
							"pivot": [0.00781, -1.40625, -0.45],
							"rotation": [-22.5, 0, 0],
							"uv": {
								"north": {"uv": [7, 7], "uv_size": [1, 2]},
								"east": {"uv": [5, 10], "uv_size": [0.5, 2]},
								"south": {"uv": [8, 3], "uv_size": [1, 2]},
								"west": {"uv": [6, 10], "uv_size": [0.5, 2]},
								"down": {"uv": [12, 7.5], "uv_size": [1, -0.5]}
							}
						},
						{
							"origin": [-0.49219, -0.91081, -2.2625],
							"size": [0.99544, 0.62956, 0.1875],
							"uv": {
								"north": {"uv": [12, 8], "uv_size": [1, 0.5]},
								"east": {"uv": [10, 13], "uv_size": [0.5, 0.5]},
								"south": {"uv": [9, 12], "uv_size": [1, 0.5]},
								"west": {"uv": [13, 10], "uv_size": [0.5, 0.5]},
								"down": {"uv": [12, 9.5], "uv_size": [1, -0.5]}
							}
						},
						{
							"origin": [-0.30469, -0.91081, -2.45],
							"size": [0.62044, 0.62956, 0.1875],
							"uv": {
								"north": {"uv": [11, 13], "uv_size": [0.5, 0.5]},
								"east": {"uv": [13, 11], "uv_size": [0.5, 0.5]},
								"west": {"uv": [12, 13], "uv_size": [0.5, 0.5]},
								"down": {"uv": [13, 12.5], "uv_size": [0.5, -0.5]}
							}
						},
						{
							"origin": [0.18776, -0.91081, -2.39188],
							"size": [0.26188, 0.62956, 0.26188],
							"pivot": [0.32031, -0.59375, -2.26255],
							"rotation": [0, -45, 0],
							"uv": {
								"north": {"uv": [13, 13], "uv_size": [0.5, 0.5]},
								"east": {"uv": [0, 14], "uv_size": [0.5, 0.5]},
								"west": {"uv": [14, 0], "uv_size": [0.5, 0.5]},
								"up": {"uv": [1, 14], "uv_size": [0.5, 0.5]},
								"down": {"uv": [14, 1.5], "uv_size": [0.5, -0.5]}
							}
						},
						{
							"origin": [0.09309, -0.91081, -2.17221],
							"size": [0.26188, 0.62956, 0.26188],
							"pivot": [0.22564, -0.59375, -2.79288],
							"rotation": [0, -45, 0],
							"uv": {
								"north": {"uv": [2, 14], "uv_size": [0.5, 0.5]},
								"east": {"uv": [14, 2], "uv_size": [0.5, 0.5]},
								"south": {"uv": [3, 14], "uv_size": [0.5, 0.5]},
								"up": {"uv": [14, 3], "uv_size": [0.5, 0.5]},
								"down": {"uv": [4, 14.5], "uv_size": [0.5, -0.5]}
							}
						},
						{
							"origin": [-0.49219, -0.53447, -2.16553],
							"size": [0.99544, 0.25322, 0.18428],
							"pivot": [0.00781, -0.375, -1.91875],
							"rotation": [-45, 0, 0],
							"uv": {
								"east": {"uv": [14, 4], "uv_size": [0.5, 0.5]},
								"south": {"uv": [10, 12], "uv_size": [1, 0.5]},
								"west": {"uv": [5, 14], "uv_size": [0.5, 0.5]}
							}
						},
						{
							"origin": [-0.49219, -1.07812, 1.83979],
							"size": [0.99544, 0.25421, 0.23263],
							"pivot": [0.00781, -1.69891, -0.56821],
							"rotation": [-22.5, 0, 0],
							"uv": {
								"east": {"uv": [14, 5], "uv_size": [0.5, 0.5]},
								"south": {"uv": [12, 10], "uv_size": [1, 0.5]},
								"west": {"uv": [6, 14], "uv_size": [0.5, 0.5]},
								"down": {"uv": [11, 12.5], "uv_size": [1, -0.5]}
							}
						},
						{
							"origin": [-0.49219, -2.0194, 1.8517],
							"size": [0.99544, 0.35309, 0.17875],
							"pivot": [0.00781, -1.92669, 1.94195],
							"rotation": [22.5, 0, 0],
							"uv": {
								"north": {"uv": [12, 12], "uv_size": [1, 0.5]},
								"east": {"uv": [14, 6], "uv_size": [0.5, 0.5]},
								"west": {"uv": [7, 14], "uv_size": [0.5, 0.5]},
								"up": {"uv": [0, 13], "uv_size": [1, 0.5]},
								"down": {"uv": [13, 0.5], "uv_size": [1, -0.5]}
							}
						},
						{
							"origin": [-0.49219, -2.12067, 2.02802],
							"size": [0.99544, 0.18022, 0.27397],
							"inflate": -0.001,
							"pivot": [0.00781, -2.02895, 2.08849],
							"rotation": [45, 0, 0],
							"uv": {
								"north": {"uv": [1, 13], "uv_size": [1, 0.5]},
								"east": {"uv": [14, 7], "uv_size": [0.5, 0.5]},
								"west": {"uv": [8, 14], "uv_size": [0.5, 0.5]},
								"down": {"uv": [13, 1.5], "uv_size": [1, -0.5]}
							}
						},
						{
							"origin": [-0.36719, -0.62921, -1.51075],
							"size": [0.74544, 0.34796, 3.37325],
							"pivot": [0.00781, -1.40625, -0.45],
							"rotation": [-29.5, 0, 0],
							"uv": {
								"north": {"uv": [14, 8], "uv_size": [0.5, 0.5]},
								"east": {"uv": [8, 7], "uv_size": [3.5, 0.5]},
								"west": {"uv": [8, 8], "uv_size": [3.5, 0.5]},
								"up": {"uv": [7, 9], "uv_size": [0.5, 3.5]},
								"down": {"uv": [8, 12.5], "uv_size": [0.5, -3.5]}
							}
						},
						{
							"origin": [-0.49219, -0.30778, 0.02739],
							"size": [0.99544, 0.14385, 0.05928],
							"pivot": [0.00781, -0.26549, -0.0149],
							"rotation": [-45, 0, 0],
							"uv": {
								"east": {"uv": [9, 14], "uv_size": [0.5, 0.5]},
								"south": {"uv": [2, 13], "uv_size": [1, 0.5]},
								"west": {"uv": [14, 9], "uv_size": [0.5, 0.5]}
							}
						},
						{
							"origin": [-0.49219, -0.46207, -0.42477],
							"size": [0.99544, 0.19206, 0.45312],
							"uv": {
								"east": {"uv": [10, 14], "uv_size": [0.5, 0.5]},
								"south": {"uv": [13, 2], "uv_size": [1, 0.5]},
								"west": {"uv": [14, 10], "uv_size": [0.5, 0.5]}
							}
						},
						{
							"origin": [-0.49219, -0.47382, 2.34134],
							"size": [0.99544, 0.33134, 0.15947],
							"pivot": [0.00781, -0.33779, 2.40706],
							"rotation": [45, 0, 0],
							"uv": {
								"north": {"uv": [3, 13], "uv_size": [1, 0.5]},
								"east": {"uv": [11, 14], "uv_size": [0.5, 0.5]},
								"west": {"uv": [14, 11], "uv_size": [0.5, 0.5]}
							}
						}
					]
				},
				{
					"name": "bone4",
					"parent": "bone3",
					"pivot": [0.00781, 0.125, 0],
					"cubes": [
						{
							"origin": [0.38281, 0.01107, -0.2625],
							"size": [0.37044, 0.22331, 0.0625],
							"inflate": 0.001,
							"uv": {
								"west": {"uv": [12, 14], "uv_size": [0.5, 0.5]}
							}
						},
						{
							"origin": [0.38281, 0.01107, -0.1375],
							"size": [0.37044, 0.22331, 0.0625],
							"inflate": 0.001,
							"uv": {
								"west": {"uv": [14, 12], "uv_size": [0.5, 0.5]}
							}
						},
						{
							"origin": [-0.75325, 0.01107, -0.1375],
							"size": [0.37044, 0.22331, 0.0625],
							"inflate": 0.001,
							"uv": {
								"east": {"uv": [13, 14], "uv_size": [0.5, 0.5]}
							}
						},
						{
							"origin": [-0.75325, 0.01107, -0.2625],
							"size": [0.37044, 0.22331, 0.0625],
							"inflate": 0.001,
							"uv": {
								"east": {"uv": [14, 13], "uv_size": [0.5, 0.5]}
							}
						}
					]
				},
				{
					"name": "handguard_attachment",
					"parent": "416d_light_grip",
					"pivot": [0, -0.3125, 12]
				},
				{
					"name": "group8",
					"parent": "handguard_attachment",
					"pivot": [1.09375, 1.28975, 9.45581]
				},
				{
					"name": "group9",
					"parent": "handguard_attachment",
					"pivot": [1.09375, 1.28975, 9.45581]
				}
			]
		}
	]
}