{
	"format_version": "1.12.0",
	"minecraft:geometry": [
		{
			"description": {
				"identifier": "geometry.unknown",
				"texture_width": 256,
				"texture_height": 256,
				"visible_bounds_width": 5,
				"visible_bounds_height": 2.5,
				"visible_bounds_offset": [0, 0.75, 0]
			},
			"bones": [
				{
					"name": "416d_light_grip",
					"pivot": [0, 4.19346, -7.71794]
				},
				{
					"name": "bone3",
					"parent": "416d_light_grip",
					"pivot": [0.00781, -0.33779, -5.84294],
					"cubes": [
						{
							"origin": [0.38281, -0.03581, -10.7],
							"size": [0.37044, 0.31706, 5.5],
							"uv": {
								"north": {"uv": [19, 32], "uv_size": [0.5, 0.5]},
								"east": {"uv": [32, 3], "uv_size": [5.5, 0.5]},
								"south": {"uv": [32, 20], "uv_size": [0.5, 0.5]},
								"west": {"uv": [32, 4], "uv_size": [5.5, 0.5]},
								"up": {"uv": [32, 14], "uv_size": [0.5, 5.5]}
							}
						},
						{
							"origin": [-0.78125, -1.73462, -8.61341],
							"size": [1.5625, 0.1875, 0.1875],
							"pivot": [-0.71875, 0.125, -6.75],
							"rotation": [-45, 0, 0],
							"uv": {
								"north": {"uv": [6, 31], "uv_size": [0.5, 0.5]},
								"east": {"uv": [7, 31], "uv_size": [0.5, 0.5]},
								"south": {"uv": [8, 31], "uv_size": [0.5, 0.5]},
								"west": {"uv": [9, 31], "uv_size": [0.5, 0.5]},
								"up": {"uv": [12, 31], "uv_size": [0.5, 0.5]},
								"down": {"uv": [13, 31.5], "uv_size": [0.5, -0.5]}
							}
						},
						{
							"origin": [-0.78125, -1.73462, -9.61341],
							"size": [1.5625, 0.1875, 0.1875],
							"pivot": [-0.71875, 0.125, -7.75],
							"rotation": [-45, 0, 0],
							"uv": {
								"north": {"uv": [6, 31], "uv_size": [0.5, 0.5]},
								"east": {"uv": [7, 31], "uv_size": [0.5, 0.5]},
								"south": {"uv": [8, 31], "uv_size": [0.5, 0.5]},
								"west": {"uv": [9, 31], "uv_size": [0.5, 0.5]},
								"up": {"uv": [12, 31], "uv_size": [0.5, 0.5]},
								"down": {"uv": [13, 31.5], "uv_size": [0.5, -0.5]}
							}
						},
						{
							"origin": [-0.74219, -0.03581, -10.7],
							"size": [0.37044, 0.31706, 5.5],
							"uv": {
								"north": {"uv": [32, 5], "uv_size": [0.5, 0.5]},
								"east": {"uv": [31, 31], "uv_size": [5.5, 0.5]},
								"south": {"uv": [18, 32], "uv_size": [0.5, 0.5]},
								"west": {"uv": [32, 2], "uv_size": [5.5, 0.5]},
								"up": {"uv": [32, 8], "uv_size": [0.5, 5.5]}
							}
						},
						{
							"origin": [-0.49219, -0.28581, -10.7],
							"size": [0.99544, 0.25456, 2.5],
							"uv": {
								"north": {"uv": [3, 87.5], "uv_size": [1, 0.5]},
								"east": {"uv": [8, 85.5], "uv_size": [2.5, 0.5]},
								"west": {"uv": [9, 84.5], "uv_size": [2.5, 0.5]},
								"up": {"uv": [2, 80.5], "uv_size": [1, 2.5]},
								"down": {"uv": [3, 83], "uv_size": [1, -2.5]}
							}
						},
						{
							"origin": [0.32781, -0.20669, -10.7],
							"size": [0.3471, 0.36, 5.5],
							"pivot": [0.50781, -0.02669, -8.45],
							"rotation": [0, 0, -45],
							"uv": {
								"north": {"uv": [33, 1], "uv_size": [0.5, 0.5]},
								"east": {"uv": [32, 26], "uv_size": [5.5, 0.5]},
								"south": {"uv": [33, 5], "uv_size": [0.5, 0.5]},
								"up": {"uv": [23, 32], "uv_size": [0.5, 5.5]},
								"down": {"uv": [24, 37.5], "uv_size": [0.5, -5.5]}
							}
						},
						{
							"origin": [-0.96831, 0.50042, -10.7],
							"size": [0.35678, 0.35033, 5.5],
							"pivot": [0.21492, 0.68042, -8.45],
							"rotation": [0, 0, -45],
							"uv": {
								"north": {"uv": [33, 8], "uv_size": [0.5, 0.5]},
								"east": {"uv": [32, 30], "uv_size": [5.5, 0.5]},
								"south": {"uv": [33, 9], "uv_size": [0.5, 0.5]},
								"west": {"uv": [33, 0], "uv_size": [5.5, 0.5]},
								"down": {"uv": [30, 37.5], "uv_size": [0.5, -5.5]}
							}
						},
						{
							"origin": [-0.49219, -0.28581, -8.2],
							"size": [0.99544, 0.09831, 3],
							"uv": {
								"east": {"uv": [5, 78.5], "uv_size": [3, 0.5]},
								"south": {"uv": [4, 87.5], "uv_size": [1, 0.5]},
								"west": {"uv": [5, 79.5], "uv_size": [3, 0.5]},
								"down": {"uv": [1, 80.5], "uv_size": [1, -3]}
							}
						},
						{
							"origin": [-0.58594, -0.19206, -8.2],
							"size": [1.18294, 0.16081, 3],
							"uv": {
								"north": {"uv": [11, 80.5], "uv_size": [1, 0.5]},
								"east": {"uv": [1, 84.5], "uv_size": [3, 0.5]},
								"south": {"uv": [9, 87.5], "uv_size": [1, 0.5]},
								"west": {"uv": [8, 78.5], "uv_size": [3, 0.5]},
								"up": {"uv": [2, 77.5], "uv_size": [1, 3]},
								"down": {"uv": [3, 80.5], "uv_size": [1, -3]}
							}
						},
						{
							"origin": [-0.49219, -0.56671, -9.69825],
							"size": [0.99544, 0.22296, 3.24825],
							"inflate": -0.001,
							"pivot": [0.00781, -1.40625, -8.7],
							"rotation": [-29.5, 0, 0],
							"uv": {
								"east": {"uv": [8, 79.5], "uv_size": [3, 0.5]},
								"south": {"uv": [11, 85.5], "uv_size": [1, 0.5]},
								"west": {"uv": [8, 80.5], "uv_size": [3, 0.5]},
								"up": {"uv": [1, 80.5], "uv_size": [1, 3]},
								"down": {"uv": [4, 80.5], "uv_size": [1, -3]}
							}
						},
						{
							"origin": [-0.49219, -0.84796, -6.44825],
							"size": [0.99544, 1.81671, 0.49825],
							"pivot": [0.00781, -1.40625, -8.7],
							"rotation": [-22.5, 0, 0],
							"uv": {
								"north": {"uv": [8, 83.5], "uv_size": [1, 1.5]},
								"east": {"uv": [2, 87.5], "uv_size": [0.5, 1.5]},
								"south": {"uv": [1, 85.5], "uv_size": [1, 1.5]},
								"west": {"uv": [11, 78.5], "uv_size": [0.5, 1.5]},
								"down": {"uv": [10, 88], "uv_size": [1, -0.5]}
							}
						},
						{
							"origin": [-0.49219, -0.91081, -10.5125],
							"size": [0.99544, 0.62956, 0.1875],
							"uv": {
								"north": {"uv": [11, 87.5], "uv_size": [1, 0.5]},
								"east": {"uv": [4, 89.5], "uv_size": [0.5, 0.5]},
								"south": {"uv": [12, 77.5], "uv_size": [1, 0.5]},
								"west": {"uv": [13, 80.5], "uv_size": [0.5, 0.5]},
								"down": {"uv": [12, 79], "uv_size": [1, -0.5]}
							}
						},
						{
							"origin": [-0.30469, -0.91081, -10.7],
							"size": [0.62044, 0.62956, 0.1875],
							"uv": {
								"north": {"uv": [5, 89.5], "uv_size": [0.5, 0.5]},
								"east": {"uv": [13, 81.5], "uv_size": [0.5, 0.5]},
								"west": {"uv": [6, 89.5], "uv_size": [0.5, 0.5]},
								"down": {"uv": [13, 83], "uv_size": [0.5, -0.5]}
							}
						},
						{
							"origin": [0.18776, -0.91081, -10.64188],
							"size": [0.26188, 0.62956, 0.26188],
							"pivot": [0.32031, -0.59375, -10.51255],
							"rotation": [0, -45, 0],
							"uv": {
								"north": {"uv": [7, 89.5], "uv_size": [0.5, 0.5]},
								"east": {"uv": [13, 83.5], "uv_size": [0.5, 0.5]},
								"west": {"uv": [8, 89.5], "uv_size": [0.5, 0.5]},
								"up": {"uv": [13, 84.5], "uv_size": [0.5, 0.5]},
								"down": {"uv": [9, 90], "uv_size": [0.5, -0.5]}
							}
						},
						{
							"origin": [0.09309, -0.91081, -10.42221],
							"size": [0.26188, 0.62956, 0.26188],
							"pivot": [0.22564, -0.59375, -11.04288],
							"rotation": [0, -45, 0],
							"uv": {
								"north": {"uv": [13, 85.5], "uv_size": [0.5, 0.5]},
								"east": {"uv": [10, 89.5], "uv_size": [0.5, 0.5]},
								"south": {"uv": [13, 86.5], "uv_size": [0.5, 0.5]},
								"up": {"uv": [11, 89.5], "uv_size": [0.5, 0.5]},
								"down": {"uv": [13, 88], "uv_size": [0.5, -0.5]}
							}
						},
						{
							"origin": [-0.49219, -0.53447, -10.41553],
							"size": [0.99544, 0.25322, 0.18428],
							"pivot": [0.00781, -0.375, -10.16875],
							"rotation": [-45, 0, 0],
							"uv": {
								"east": {"uv": [12, 89.5], "uv_size": [0.5, 0.5]},
								"south": {"uv": [3, 88.5], "uv_size": [1, 0.5]},
								"west": {"uv": [13, 88.5], "uv_size": [0.5, 0.5]}
							}
						},
						{
							"origin": [-0.49219, -1.07812, -6.41021],
							"size": [0.99544, 0.25421, 0.23263],
							"pivot": [0.00781, -1.69891, -8.81821],
							"rotation": [-22.5, 0, 0],
							"uv": {
								"east": {"uv": [13, 89.5], "uv_size": [0.5, 0.5]},
								"south": {"uv": [12, 79.5], "uv_size": [1, 0.5]},
								"west": {"uv": [1, 90.5], "uv_size": [0.5, 0.5]},
								"down": {"uv": [4, 89], "uv_size": [1, -0.5]}
							}
						},
						{
							"origin": [-0.49219, -2.0194, -6.3983],
							"size": [0.99544, 0.35309, 0.17875],
							"pivot": [0.00781, -1.92669, -6.30805],
							"rotation": [22.5, 0, 0],
							"uv": {
								"north": {"uv": [12, 80.5], "uv_size": [1, 0.5]},
								"east": {"uv": [14, 77.5], "uv_size": [0.5, 0.5]},
								"west": {"uv": [2, 90.5], "uv_size": [0.5, 0.5]},
								"up": {"uv": [5, 88.5], "uv_size": [1, 0.5]},
								"down": {"uv": [12, 82], "uv_size": [1, -0.5]}
							}
						},
						{
							"origin": [-0.49219, -2.12067, -6.22198],
							"size": [0.99544, 0.18022, 0.27397],
							"inflate": -0.001,
							"pivot": [0.00781, -2.02895, -6.16151],
							"rotation": [45, 0, 0],
							"uv": {
								"north": {"uv": [6, 88.5], "uv_size": [1, 0.5]},
								"east": {"uv": [14, 78.5], "uv_size": [0.5, 0.5]},
								"west": {"uv": [3, 90.5], "uv_size": [0.5, 0.5]},
								"down": {"uv": [12, 84], "uv_size": [1, -0.5]}
							}
						},
						{
							"origin": [-0.36719, -0.62921, -9.76075],
							"size": [0.74544, 0.34796, 3.37325],
							"pivot": [0.00781, -1.40625, -8.7],
							"rotation": [-29.5, 0, 0],
							"uv": {
								"north": {"uv": [14, 79.5], "uv_size": [0.5, 0.5]},
								"east": {"uv": [4, 80.5], "uv_size": [3.5, 0.5]},
								"west": {"uv": [5, 77.5], "uv_size": [3.5, 0.5]},
								"up": {"uv": [4, 81.5], "uv_size": [0.5, 3.5]},
								"down": {"uv": [5, 85], "uv_size": [0.5, -3.5]}
							}
						},
						{
							"origin": [-0.49219, -0.30778, -8.22261],
							"size": [0.99544, 0.14385, 0.05928],
							"pivot": [0.00781, -0.26549, -8.2649],
							"rotation": [-45, 0, 0],
							"uv": {
								"east": {"uv": [4, 90.5], "uv_size": [0.5, 0.5]},
								"south": {"uv": [12, 84.5], "uv_size": [1, 0.5]},
								"west": {"uv": [14, 80.5], "uv_size": [0.5, 0.5]}
							}
						},
						{
							"origin": [-0.49219, -0.46207, -8.67477],
							"size": [0.99544, 0.19206, 0.45312],
							"uv": {
								"east": {"uv": [5, 90.5], "uv_size": [0.5, 0.5]},
								"south": {"uv": [9, 88.5], "uv_size": [1, 0.5]},
								"west": {"uv": [14, 81.5], "uv_size": [0.5, 0.5]}
							}
						},
						{
							"origin": [-0.49219, -0.47382, -5.90866],
							"size": [0.99544, 0.33134, 0.15947],
							"pivot": [0.00781, -0.33779, -5.84294],
							"rotation": [45, 0, 0],
							"uv": {
								"north": {"uv": [12, 85.5], "uv_size": [1, 0.5]},
								"east": {"uv": [6, 90.5], "uv_size": [0.5, 0.5]},
								"west": {"uv": [14, 82.5], "uv_size": [0.5, 0.5]}
							}
						}
					]
				},
				{
					"name": "bone4",
					"parent": "bone3",
					"pivot": [0.00781, 0.125, -8.25],
					"cubes": [
						{
							"origin": [0.38281, 0.01107, -5.5125],
							"size": [0.37044, 0.22331, 0.0625],
							"inflate": 0.001,
							"uv": {
								"west": {"uv": [41.5, 205.5], "uv_size": [0.5, 2.5]}
							}
						},
						{
							"origin": [0.38281, 0.01107, -5.3875],
							"size": [0.37044, 0.22331, 0.0625],
							"inflate": 0.001,
							"uv": {
								"west": {"uv": [41.5, 205.5], "uv_size": [0.5, 2.5]}
							}
						},
						{
							"origin": [-0.75325, 0.01107, -5.3875],
							"size": [0.37044, 0.22331, 0.0625],
							"inflate": 0.001,
							"uv": {
								"east": {"uv": [42, 205.5], "uv_size": [-0.5, 2.5]}
							}
						},
						{
							"origin": [-0.75325, 0.01107, -5.5125],
							"size": [0.37044, 0.22331, 0.0625],
							"inflate": 0.001,
							"uv": {
								"east": {"uv": [42, 205.5], "uv_size": [-0.5, 2.5]}
							}
						}
					]
				},
				{
					"name": "handguard_attachment",
					"parent": "416d_light_grip",
					"pivot": [0, -0.3125, 2.75]
				},
				{
					"name": "group8",
					"parent": "handguard_attachment",
					"pivot": [1.09375, 1.28975, 0.20581],
					"cubes": [
						{
							"origin": [-1.15625, 1.0625, -4.25],
							"size": [0.125, 0.625, 5.25],
							"uv": {
								"east": {"uv": [28, 23], "uv_size": [5.5, 0.5]},
								"west": {"uv": [28, 27], "uv_size": [5.5, 0.5]}
							}
						},
						{
							"origin": [-1.03856, 0.77838, -4.25],
							"size": [0.08839, 0.08839, 5.25],
							"pivot": [0, 1.375, -1.625],
							"rotation": [0, 0, 45],
							"uv": {
								"north": {"uv": [9, 28], "uv_size": [0.5, 0.5]},
								"east": {"uv": [28, 28], "uv_size": [5.5, 0.5]},
								"south": {"uv": [28, 21], "uv_size": [0.5, 0.5]},
								"up": {"uv": [20, 28], "uv_size": [0.5, 5.5]}
							}
						},
						{
							"origin": [-1.1875, -0.54712, -3.55091],
							"size": [0.125, 0.3125, 0.3125],
							"pivot": [0, 1.375, -1.625],
							"rotation": [-45, 0, 0],
							"uv": {
								"north": {"uv": [28, 22], "uv_size": [0.5, 0.5]},
								"east": {"uv": [23, 28], "uv_size": [0.5, 0.5]},
								"south": {"uv": [24, 28], "uv_size": [0.5, 0.5]},
								"west": {"uv": [7, 29], "uv_size": [0.5, 0.5]},
								"up": {"uv": [8, 29], "uv_size": [0.5, 0.5]},
								"down": {"uv": [9, 29.5], "uv_size": [0.5, -0.5]}
							}
						},
						{
							"origin": [-1.1875, 2.98841, -0.01538],
							"size": [0.125, 0.3125, 0.3125],
							"pivot": [0, 1.375, -1.625],
							"rotation": [-45, 0, 0],
							"uv": {
								"north": {"uv": [12, 29], "uv_size": [0.5, 0.5]},
								"east": {"uv": [13, 29], "uv_size": [0.5, 0.5]},
								"south": {"uv": [16, 29], "uv_size": [0.5, 0.5]},
								"west": {"uv": [29, 21], "uv_size": [0.5, 0.5]},
								"up": {"uv": [29, 22], "uv_size": [0.5, 0.5]},
								"down": {"uv": [7, 30.5], "uv_size": [0.5, -0.5]}
							}
						},
						{
							"origin": [-0.59662, 0.33644, -4.25],
							"size": [0.08839, 0.08839, 5.25],
							"pivot": [0, 1.375, -1.625],
							"rotation": [0, 0, 45],
							"uv": {
								"north": {"uv": [8, 30], "uv_size": [0.5, 0.5]},
								"south": {"uv": [9, 30], "uv_size": [0.5, 0.5]},
								"west": {"uv": [29, 6], "uv_size": [5.5, 0.5]},
								"down": {"uv": [21, 33.5], "uv_size": [0.5, -5.5]}
							}
						},
						{
							"origin": [-1.15625, -0.70213, -3.70213],
							"size": [0.125, 0.44195, 0.44195],
							"pivot": [0, 1.375, -1.625],
							"rotation": [-45, 0, 0],
							"uv": {
								"north": {"uv": [12, 30], "uv_size": [0.5, 0.5]},
								"east": {"uv": [13, 30], "uv_size": [0.5, 0.5]},
								"west": {"uv": [16, 30], "uv_size": [0.5, 0.5]},
								"down": {"uv": [17, 30.5], "uv_size": [0.5, -0.5]}
							}
						},
						{
							"origin": [-1.15625, 3.01018, 0.01018],
							"size": [0.125, 0.44195, 0.44195],
							"pivot": [0, 1.375, -1.625],
							"rotation": [-45, 0, 0],
							"uv": {
								"east": {"uv": [30, 21], "uv_size": [0.5, 0.5]},
								"south": {"uv": [30, 22], "uv_size": [0.5, 0.5]},
								"west": {"uv": [30, 26], "uv_size": [0.5, 0.5]},
								"up": {"uv": [30, 30], "uv_size": [0.5, 0.5]}
							}
						}
					]
				},
				{
					"name": "group9",
					"parent": "handguard_attachment",
					"pivot": [1.09375, 1.28975, 0.20581],
					"cubes": [
						{
							"origin": [1.03125, 1.0625, -4.25],
							"size": [0.125, 0.625, 5.25],
							"uv": {
								"east": {"uv": [29, 7], "uv_size": [5.5, 0.5]},
								"west": {"uv": [28, 29], "uv_size": [5.5, 0.5]}
							}
						},
						{
							"origin": [1.03125, 1.20313, -2.65625],
							"size": [0.125, 0.34375, 2],
							"inflate": 0.001,
							"uv": {
								"east": {"uv": [29, 7], "uv_size": [5.5, 0.5]},
								"west": {"uv": [12, 226.5], "uv_size": [28, 6]}
							}
						},
						{
							"origin": [1.03125, 1.20313, -3.0625],
							"size": [0.125, 0.34375, 0.3125],
							"inflate": 0.001,
							"uv": {
								"east": {"uv": [29, 7], "uv_size": [5.5, 0.5]},
								"west": {"uv": [6, 236.5], "uv_size": [5, 6]}
							}
						},
						{
							"origin": [-1.15625, 1.20313, -2.65625],
							"size": [0.125, 0.34375, 2],
							"inflate": 0.001,
							"uv": {
								"east": {"uv": [12, 226.5], "uv_size": [28, 6]},
								"west": {"uv": [34.5, 7], "uv_size": [-5.5, 0.5]}
							}
						},
						{
							"origin": [-1.15625, 1.20313, -3.0625],
							"size": [0.125, 0.34375, 0.3125],
							"inflate": 0.001,
							"uv": {
								"east": {"uv": [11, 236.5], "uv_size": [-5, 6]},
								"west": {"uv": [34.5, 7], "uv_size": [-5.5, 0.5]}
							}
						},
						{
							"origin": [0.95017, 0.77838, -4.25],
							"size": [0.08839, 0.08839, 5.25],
							"pivot": [0, 1.375, -1.625],
							"rotation": [0, 0, -45],
							"uv": {
								"north": {"uv": [2, 31], "uv_size": [0.5, 0.5]},
								"south": {"uv": [3, 31], "uv_size": [0.5, 0.5]},
								"west": {"uv": [30, 24], "uv_size": [5.5, 0.5]},
								"up": {"uv": [28, 30], "uv_size": [0.5, 5.5]}
							}
						},
						{
							"origin": [1.0625, -0.54712, -3.55091],
							"size": [0.125, 0.3125, 0.3125],
							"pivot": [0, 1.375, -1.625],
							"rotation": [-45, 0, 0],
							"uv": {
								"north": {"uv": [6, 31], "uv_size": [0.5, 0.5]},
								"east": {"uv": [7, 31], "uv_size": [0.5, 0.5]},
								"south": {"uv": [8, 31], "uv_size": [0.5, 0.5]},
								"west": {"uv": [9, 31], "uv_size": [0.5, 0.5]},
								"up": {"uv": [12, 31], "uv_size": [0.5, 0.5]},
								"down": {"uv": [13, 31.5], "uv_size": [0.5, -0.5]}
							}
						},
						{
							"origin": [1.0625, 2.98841, -0.01538],
							"size": [0.125, 0.3125, 0.3125],
							"pivot": [0, 1.375, -1.625],
							"rotation": [-45, 0, 0],
							"uv": {
								"north": {"uv": [31, 14], "uv_size": [0.5, 0.5]},
								"east": {"uv": [31, 15], "uv_size": [0.5, 0.5]},
								"south": {"uv": [16, 31], "uv_size": [0.5, 0.5]},
								"west": {"uv": [31, 16], "uv_size": [0.5, 0.5]},
								"up": {"uv": [17, 31], "uv_size": [0.5, 0.5]},
								"down": {"uv": [31, 17.5], "uv_size": [0.5, -0.5]}
							}
						},
						{
							"origin": [0.50823, 0.33644, -4.25],
							"size": [0.08839, 0.08839, 5.25],
							"pivot": [0, 1.375, -1.625],
							"rotation": [0, 0, -45],
							"uv": {
								"north": {"uv": [18, 31], "uv_size": [0.5, 0.5]},
								"east": {"uv": [30, 25], "uv_size": [5.5, 0.5]},
								"south": {"uv": [31, 18], "uv_size": [0.5, 0.5]},
								"down": {"uv": [29, 35.5], "uv_size": [0.5, -5.5]}
							}
						},
						{
							"origin": [1.03125, -0.70213, -3.70213],
							"size": [0.125, 0.44195, 0.44195],
							"pivot": [0, 1.375, -1.625],
							"rotation": [-45, 0, 0],
							"uv": {
								"north": {"uv": [19, 31], "uv_size": [0.5, 0.5]},
								"east": {"uv": [31, 19], "uv_size": [0.5, 0.5]},
								"west": {"uv": [31, 20], "uv_size": [0.5, 0.5]},
								"down": {"uv": [31, 21.5], "uv_size": [0.5, -0.5]}
							}
						},
						{
							"origin": [1.03125, 3.01018, 0.01018],
							"size": [0.125, 0.44195, 0.44195],
							"pivot": [0, 1.375, -1.625],
							"rotation": [-45, 0, 0],
							"uv": {
								"east": {"uv": [31, 22], "uv_size": [0.5, 0.5]},
								"south": {"uv": [31, 26], "uv_size": [0.5, 0.5]},
								"west": {"uv": [30, 31], "uv_size": [0.5, 0.5]},
								"up": {"uv": [31, 30], "uv_size": [0.5, 0.5]}
							}
						}
					]
				}
			]
		}
	]
}