{
	"format_version": "1.12.0",
	"minecraft:geometry": [
		{
			"description": {
				"identifier": "geometry.unknown",
				"texture_width": 64,
				"texture_height": 64,
				"visible_bounds_width": 20,
				"visible_bounds_height": 1.5,
				"visible_bounds_offset": [0, 0.25, 0]
			},
			"bones": [
				{
					"name": "emx_tac_grip",
					"pivot": [0.36837, 0.283, 0.75002],
					"rotation": [0, 0, -180],
					"cubes": [
						{
							"origin": [1.12109, 0.50001, -0.14062],
							"size": [0.20703, 0.12891, 0.21875],
							"inflate": 0.001,
							"uv": {
								"west": {"uv": [31, 55], "uv_size": [3.5, 2]}
							}
						},
						{
							"origin": [0.14063, 0.50001, -0.14062],
							"size": [0.20703, 0.12891, 0.21875],
							"inflate": 0.001,
							"uv": {
								"east": {"uv": [34.5, 55], "uv_size": [-3.5, 2]}
							}
						}
					]
				},
				{
					"name": "bone10",
					"parent": "emx_tac_grip",
					"pivot": [0.73438, -5.95312, 11],
					"cubes": [
						{
							"origin": [0.37501, 0.01563, -0.96875],
							"size": [0.71875, 0.26563, 1.71875],
							"uv": {
								"north": {"uv": [11, 3], "uv_size": [0.5, 0.5]},
								"east": {"uv": [1, 3], "uv_size": [1.5, 0.5]},
								"south": {"uv": [4, 11], "uv_size": [0.5, 0.5]},
								"west": {"uv": [3, 1], "uv_size": [1.5, 0.5]},
								"up": {"uv": [3, 2], "uv_size": [0.5, 1.5]},
								"down": {"uv": [0, 5.5], "uv_size": [0.5, -1.5]}
							}
						},
						{
							"origin": [0.37501, 0.28126, -0.96875],
							"size": [0.71875, 0.25, 1.71875],
							"uv": {
								"north": {"uv": [11, 4], "uv_size": [0.5, 0.5]},
								"east": {"uv": [1, 4], "uv_size": [1.5, 0.5]},
								"south": {"uv": [5, 11], "uv_size": [0.5, 0.5]},
								"west": {"uv": [4, 2], "uv_size": [1.5, 0.5]},
								"up": {"uv": [3, 4], "uv_size": [0.5, 1.5]},
								"down": {"uv": [4, 4.5], "uv_size": [0.5, -1.5]}
							}
						},
						{
							"origin": [0.63838, 0.1165, -0.99375],
							"size": [0.048, 0.07953, 0.03962],
							"uv": {
								"north": {"uv": [11, 5], "uv_size": [0.5, 0.5]},
								"east": {"uv": [6, 11], "uv_size": [0.5, 0.5]},
								"south": {"uv": [11, 6], "uv_size": [0.5, 0.5]},
								"west": {"uv": [7, 11], "uv_size": [0.5, 0.5]},
								"up": {"uv": [11, 7], "uv_size": [0.5, 0.5]},
								"down": {"uv": [8, 11.5], "uv_size": [0.5, -0.5]}
							}
						},
						{
							"origin": [0.63838, 0.1165, -0.99375],
							"size": [0.048, 0.07953, 0.03962],
							"pivot": [0.73438, 0.15625, -0.96612],
							"rotation": [0, 0, 45],
							"uv": {
								"north": {"uv": [11, 8], "uv_size": [0.5, 0.5]},
								"east": {"uv": [9, 11], "uv_size": [0.5, 0.5]},
								"south": {"uv": [11, 9], "uv_size": [0.5, 0.5]},
								"west": {"uv": [10, 11], "uv_size": [0.5, 0.5]},
								"up": {"uv": [11, 10], "uv_size": [0.5, 0.5]},
								"down": {"uv": [11, 11.5], "uv_size": [0.5, -0.5]}
							}
						},
						{
							"origin": [0.78238, 0.1165, -0.99375],
							"size": [0.048, 0.07953, 0.03962],
							"uv": {
								"north": {"uv": [0, 12], "uv_size": [0.5, 0.5]},
								"east": {"uv": [12, 0], "uv_size": [0.5, 0.5]},
								"south": {"uv": [1, 12], "uv_size": [0.5, 0.5]},
								"west": {"uv": [12, 1], "uv_size": [0.5, 0.5]},
								"up": {"uv": [2, 12], "uv_size": [0.5, 0.5]},
								"down": {"uv": [12, 2.5], "uv_size": [0.5, -0.5]}
							}
						},
						{
							"origin": [0.78238, 0.1165, -0.99375],
							"size": [0.048, 0.07953, 0.03962],
							"pivot": [0.73438, 0.15625, -0.96612],
							"rotation": [0, 0, 45],
							"uv": {
								"north": {"uv": [3, 12], "uv_size": [0.5, 0.5]},
								"east": {"uv": [12, 3], "uv_size": [0.5, 0.5]},
								"south": {"uv": [4, 12], "uv_size": [0.5, 0.5]},
								"west": {"uv": [12, 4], "uv_size": [0.5, 0.5]},
								"up": {"uv": [5, 12], "uv_size": [0.5, 0.5]},
								"down": {"uv": [12, 5.5], "uv_size": [0.5, -0.5]}
							}
						},
						{
							"origin": [0.69462, 0.20426, -0.99375],
							"size": [0.07953, 0.048, 0.03962],
							"uv": {
								"north": {"uv": [6, 12], "uv_size": [0.5, 0.5]},
								"east": {"uv": [12, 6], "uv_size": [0.5, 0.5]},
								"south": {"uv": [7, 12], "uv_size": [0.5, 0.5]},
								"west": {"uv": [12, 7], "uv_size": [0.5, 0.5]},
								"up": {"uv": [8, 12], "uv_size": [0.5, 0.5]},
								"down": {"uv": [12, 8.5], "uv_size": [0.5, -0.5]}
							}
						},
						{
							"origin": [0.69462, 0.20426, -0.99375],
							"size": [0.07953, 0.048, 0.03962],
							"pivot": [0.73438, 0.15625, -0.96612],
							"rotation": [0, 0, 45],
							"uv": {
								"north": {"uv": [9, 12], "uv_size": [0.5, 0.5]},
								"east": {"uv": [12, 9], "uv_size": [0.5, 0.5]},
								"south": {"uv": [10, 12], "uv_size": [0.5, 0.5]},
								"west": {"uv": [12, 10], "uv_size": [0.5, 0.5]},
								"up": {"uv": [11, 12], "uv_size": [0.5, 0.5]},
								"down": {"uv": [12, 11.5], "uv_size": [0.5, -0.5]}
							}
						},
						{
							"origin": [0.69462, 0.06026, -0.99375],
							"size": [0.07953, 0.048, 0.03962],
							"uv": {
								"north": {"uv": [12, 12], "uv_size": [0.5, 0.5]},
								"east": {"uv": [0, 13], "uv_size": [0.5, 0.5]},
								"south": {"uv": [13, 0], "uv_size": [0.5, 0.5]},
								"west": {"uv": [1, 13], "uv_size": [0.5, 0.5]},
								"up": {"uv": [13, 1], "uv_size": [0.5, 0.5]},
								"down": {"uv": [2, 13.5], "uv_size": [0.5, -0.5]}
							}
						},
						{
							"origin": [0.69462, 0.06026, -0.99375],
							"size": [0.07953, 0.048, 0.03962],
							"pivot": [0.73438, 0.15625, -0.96612],
							"rotation": [0, 0, 45],
							"uv": {
								"north": {"uv": [13, 2], "uv_size": [0.5, 0.5]},
								"east": {"uv": [3, 13], "uv_size": [0.5, 0.5]},
								"south": {"uv": [13, 3], "uv_size": [0.5, 0.5]},
								"west": {"uv": [4, 13], "uv_size": [0.5, 0.5]},
								"up": {"uv": [13, 4], "uv_size": [0.5, 0.5]},
								"down": {"uv": [5, 13.5], "uv_size": [0.5, -0.5]}
							}
						},
						{
							"origin": [0.37501, 0.01563, 0.75],
							"size": [0.71875, 0.39063, 0.25],
							"uv": {
								"north": {"uv": [13, 5], "uv_size": [0.5, 0.5]},
								"east": {"uv": [6, 13], "uv_size": [0.5, 0.5]},
								"south": {"uv": [13, 6], "uv_size": [0.5, 0.5]},
								"west": {"uv": [7, 13], "uv_size": [0.5, 0.5]},
								"up": {"uv": [13, 7], "uv_size": [0.5, 0.5]},
								"down": {"uv": [8, 13.5], "uv_size": [0.5, -0.5]}
							}
						},
						{
							"origin": [1.09376, 0.04688, 0.89063],
							"size": [0.0625, 0.23438, 0.59375],
							"uv": {
								"north": {"uv": [13, 8], "uv_size": [0.5, 0.5]},
								"east": {"uv": [9, 13], "uv_size": [0.5, 0.5]},
								"south": {"uv": [13, 9], "uv_size": [0.5, 0.5]},
								"west": {"uv": [10, 13], "uv_size": [0.5, 0.5]},
								"up": {"uv": [13, 10], "uv_size": [0.5, 0.5]},
								"down": {"uv": [11, 13.5], "uv_size": [0.5, -0.5]}
							}
						},
						{
							"origin": [1.15626, 0.04688, 0.89063],
							"size": [0.01563, 0.23438, 0.07813],
							"uv": {
								"north": {"uv": [13, 11], "uv_size": [0.5, 0.5]},
								"east": {"uv": [12, 13], "uv_size": [0.5, 0.5]},
								"south": {"uv": [13, 12], "uv_size": [0.5, 0.5]},
								"west": {"uv": [13, 13], "uv_size": [0.5, 0.5]},
								"up": {"uv": [0, 14], "uv_size": [0.5, 0.5]},
								"down": {"uv": [14, 0.5], "uv_size": [0.5, -0.5]}
							}
						},
						{
							"origin": [1.15626, 0.04688, 1.01563],
							"size": [0.01563, 0.23438, 0.07813],
							"uv": {
								"north": {"uv": [1, 14], "uv_size": [0.5, 0.5]},
								"east": {"uv": [14, 1], "uv_size": [0.5, 0.5]},
								"south": {"uv": [2, 14], "uv_size": [0.5, 0.5]},
								"west": {"uv": [14, 2], "uv_size": [0.5, 0.5]},
								"up": {"uv": [3, 14], "uv_size": [0.5, 0.5]},
								"down": {"uv": [14, 3.5], "uv_size": [0.5, -0.5]}
							}
						},
						{
							"origin": [1.15626, 0.04688, 1.14063],
							"size": [0.01563, 0.23438, 0.07813],
							"uv": {
								"north": {"uv": [4, 14], "uv_size": [0.5, 0.5]},
								"east": {"uv": [14, 4], "uv_size": [0.5, 0.5]},
								"south": {"uv": [5, 14], "uv_size": [0.5, 0.5]},
								"west": {"uv": [14, 5], "uv_size": [0.5, 0.5]},
								"up": {"uv": [6, 14], "uv_size": [0.5, 0.5]},
								"down": {"uv": [14, 6.5], "uv_size": [0.5, -0.5]}
							}
						},
						{
							"origin": [1.15626, 0.04688, 1.26563],
							"size": [0.01563, 0.23438, 0.07813],
							"uv": {
								"north": {"uv": [7, 14], "uv_size": [0.5, 0.5]},
								"east": {"uv": [14, 7], "uv_size": [0.5, 0.5]},
								"south": {"uv": [8, 14], "uv_size": [0.5, 0.5]},
								"west": {"uv": [14, 8], "uv_size": [0.5, 0.5]},
								"up": {"uv": [9, 14], "uv_size": [0.5, 0.5]},
								"down": {"uv": [14, 9.5], "uv_size": [0.5, -0.5]}
							}
						},
						{
							"origin": [1.15626, 0.04688, 1.39063],
							"size": [0.01563, 0.23438, 0.07813],
							"uv": {
								"north": {"uv": [10, 14], "uv_size": [0.5, 0.5]},
								"east": {"uv": [14, 10], "uv_size": [0.5, 0.5]},
								"south": {"uv": [11, 14], "uv_size": [0.5, 0.5]},
								"west": {"uv": [14, 11], "uv_size": [0.5, 0.5]},
								"up": {"uv": [12, 14], "uv_size": [0.5, 0.5]},
								"down": {"uv": [14, 12.5], "uv_size": [0.5, -0.5]}
							}
						},
						{
							"origin": [0.3125, 0.04688, 0.89063],
							"size": [0.0625, 0.23438, 0.59375],
							"uv": {
								"north": {"uv": [13, 14], "uv_size": [0.5, 0.5]},
								"east": {"uv": [14, 13], "uv_size": [0.5, 0.5]},
								"south": {"uv": [14, 14], "uv_size": [0.5, 0.5]},
								"west": {"uv": [0, 15], "uv_size": [0.5, 0.5]},
								"up": {"uv": [15, 0], "uv_size": [0.5, 0.5]},
								"down": {"uv": [1, 15.5], "uv_size": [0.5, -0.5]}
							}
						},
						{
							"origin": [0.29688, 0.04688, 0.89063],
							"size": [0.01563, 0.23438, 0.07813],
							"uv": {
								"north": {"uv": [15, 1], "uv_size": [0.5, 0.5]},
								"east": {"uv": [2, 15], "uv_size": [0.5, 0.5]},
								"south": {"uv": [15, 2], "uv_size": [0.5, 0.5]},
								"west": {"uv": [3, 15], "uv_size": [0.5, 0.5]},
								"up": {"uv": [15, 3], "uv_size": [0.5, 0.5]},
								"down": {"uv": [4, 15.5], "uv_size": [0.5, -0.5]}
							}
						},
						{
							"origin": [0.29688, 0.04688, 1.01563],
							"size": [0.01563, 0.23438, 0.07813],
							"uv": {
								"north": {"uv": [15, 4], "uv_size": [0.5, 0.5]},
								"east": {"uv": [5, 15], "uv_size": [0.5, 0.5]},
								"south": {"uv": [15, 5], "uv_size": [0.5, 0.5]},
								"west": {"uv": [6, 15], "uv_size": [0.5, 0.5]},
								"up": {"uv": [15, 6], "uv_size": [0.5, 0.5]},
								"down": {"uv": [7, 15.5], "uv_size": [0.5, -0.5]}
							}
						},
						{
							"origin": [0.29688, 0.04688, 1.14063],
							"size": [0.01563, 0.23438, 0.07813],
							"uv": {
								"north": {"uv": [15, 7], "uv_size": [0.5, 0.5]},
								"east": {"uv": [8, 15], "uv_size": [0.5, 0.5]},
								"south": {"uv": [15, 8], "uv_size": [0.5, 0.5]},
								"west": {"uv": [9, 15], "uv_size": [0.5, 0.5]},
								"up": {"uv": [15, 9], "uv_size": [0.5, 0.5]},
								"down": {"uv": [10, 15.5], "uv_size": [0.5, -0.5]}
							}
						},
						{
							"origin": [0.29688, 0.04688, 1.26563],
							"size": [0.01563, 0.23438, 0.07813],
							"uv": {
								"north": {"uv": [15, 10], "uv_size": [0.5, 0.5]},
								"east": {"uv": [11, 15], "uv_size": [0.5, 0.5]},
								"south": {"uv": [15, 11], "uv_size": [0.5, 0.5]},
								"west": {"uv": [12, 15], "uv_size": [0.5, 0.5]},
								"up": {"uv": [15, 12], "uv_size": [0.5, 0.5]},
								"down": {"uv": [13, 15.5], "uv_size": [0.5, -0.5]}
							}
						},
						{
							"origin": [0.29688, 0.04688, 1.39063],
							"size": [0.01563, 0.23438, 0.07813],
							"uv": {
								"north": {"uv": [15, 13], "uv_size": [0.5, 0.5]},
								"east": {"uv": [14, 15], "uv_size": [0.5, 0.5]},
								"south": {"uv": [15, 14], "uv_size": [0.5, 0.5]},
								"west": {"uv": [15, 15], "uv_size": [0.5, 0.5]},
								"up": {"uv": [0, 16], "uv_size": [0.5, 0.5]},
								"down": {"uv": [16, 0.5], "uv_size": [0.5, -0.5]}
							}
						},
						{
							"origin": [1.07813, 0.48438, -0.75],
							"size": [0.23438, 0.3125, 1.5],
							"uv": {
								"north": {"uv": [1, 16], "uv_size": [0.5, 0.5]},
								"east": {"uv": [5, 0], "uv_size": [1.5, 0.5]},
								"south": {"uv": [16, 1], "uv_size": [0.5, 0.5]},
								"west": {"uv": [1, 5], "uv_size": [1.5, 0.5]},
								"up": {"uv": [5, 3], "uv_size": [0.5, 1.5]},
								"down": {"uv": [4, 6.5], "uv_size": [0.5, -1.5]}
							}
						},
						{
							"origin": [0.12723, 0.28509, 0.28029],
							"size": [1.21429, 0.08239, 0.19892],
							"pivot": [0.75073, 0.78126, -0.16227],
							"rotation": [22.5, 0, 0],
							"uv": {
								"north": {"uv": [8, 2], "uv_size": [1, 0.5]},
								"east": {"uv": [2, 16], "uv_size": [0.5, 0.5]},
								"south": {"uv": [8, 6], "uv_size": [1, 0.5]},
								"west": {"uv": [16, 2], "uv_size": [0.5, 0.5]},
								"up": {"uv": [8, 8], "uv_size": [1, 0.5]},
								"down": {"uv": [0, 9.5], "uv_size": [1, -0.5]}
							}
						},
						{
							"origin": [0.12723, 0.8016, 0.44325],
							"size": [1.21429, 0.08239, 0.19892],
							"pivot": [0.75073, 0.78126, -0.16227],
							"rotation": [-22.5, 0, 0],
							"uv": {
								"north": {"uv": [9, 0], "uv_size": [1, 0.5]},
								"east": {"uv": [3, 16], "uv_size": [0.5, 0.5]},
								"south": {"uv": [1, 9], "uv_size": [1, 0.5]},
								"west": {"uv": [16, 3], "uv_size": [0.5, 0.5]},
								"up": {"uv": [9, 1], "uv_size": [1, 0.5]},
								"down": {"uv": [2, 9.5], "uv_size": [1, -0.5]}
							}
						},
						{
							"origin": [0.12723, 0.22683, 0.33855],
							"size": [1.21429, 0.19892, 0.08239],
							"pivot": [0.75073, 0.78126, -0.16227],
							"rotation": [22.5, 0, 0],
							"uv": {
								"north": {"uv": [9, 2], "uv_size": [1, 0.5]},
								"east": {"uv": [4, 16], "uv_size": [0.5, 0.5]},
								"south": {"uv": [3, 9], "uv_size": [1, 0.5]},
								"west": {"uv": [16, 4], "uv_size": [0.5, 0.5]},
								"up": {"uv": [9, 3], "uv_size": [1, 0.5]},
								"down": {"uv": [4, 9.5], "uv_size": [1, -0.5]}
							}
						},
						{
							"origin": [0.12723, 0.74334, 0.50151],
							"size": [1.21429, 0.19892, 0.08239],
							"pivot": [0.75073, 0.78126, -0.16227],
							"rotation": [-22.5, 0, 0],
							"uv": {
								"north": {"uv": [9, 4], "uv_size": [1, 0.5]},
								"east": {"uv": [5, 16], "uv_size": [0.5, 0.5]},
								"south": {"uv": [9, 5], "uv_size": [1, 0.5]},
								"west": {"uv": [16, 5], "uv_size": [0.5, 0.5]},
								"up": {"uv": [6, 9], "uv_size": [1, 0.5]},
								"down": {"uv": [9, 6.5], "uv_size": [1, -0.5]}
							}
						},
						{
							"origin": [0.12723, 0.8016, -0.68175],
							"size": [1.21429, 0.08239, 0.19892],
							"pivot": [0.75073, 0.78126, -1.28727],
							"rotation": [-22.5, 0, 0],
							"uv": {
								"north": {"uv": [9, 7], "uv_size": [1, 0.5]},
								"east": {"uv": [6, 16], "uv_size": [0.5, 0.5]},
								"south": {"uv": [8, 9], "uv_size": [1, 0.5]},
								"west": {"uv": [16, 6], "uv_size": [0.5, 0.5]},
								"up": {"uv": [9, 8], "uv_size": [1, 0.5]},
								"down": {"uv": [9, 9.5], "uv_size": [1, -0.5]}
							}
						},
						{
							"origin": [0.12723, 0.28509, -0.84471],
							"size": [1.21429, 0.08239, 0.19892],
							"pivot": [0.75073, 0.78126, -1.28727],
							"rotation": [22.5, 0, 0],
							"uv": {
								"north": {"uv": [0, 10], "uv_size": [1, 0.5]},
								"east": {"uv": [7, 16], "uv_size": [0.5, 0.5]},
								"south": {"uv": [10, 0], "uv_size": [1, 0.5]},
								"west": {"uv": [16, 7], "uv_size": [0.5, 0.5]},
								"up": {"uv": [1, 10], "uv_size": [1, 0.5]},
								"down": {"uv": [10, 1.5], "uv_size": [1, -0.5]}
							}
						},
						{
							"origin": [0.12723, 0.74334, -0.62349],
							"size": [1.21429, 0.19892, 0.08239],
							"pivot": [0.75073, 0.78126, -1.28727],
							"rotation": [-22.5, 0, 0],
							"uv": {
								"north": {"uv": [2, 10], "uv_size": [1, 0.5]},
								"east": {"uv": [8, 16], "uv_size": [0.5, 0.5]},
								"south": {"uv": [10, 2], "uv_size": [1, 0.5]},
								"west": {"uv": [16, 8], "uv_size": [0.5, 0.5]},
								"up": {"uv": [3, 10], "uv_size": [1, 0.5]},
								"down": {"uv": [10, 3.5], "uv_size": [1, -0.5]}
							}
						},
						{
							"origin": [0.12723, 0.22683, -0.78645],
							"size": [1.21429, 0.19892, 0.08239],
							"pivot": [0.75073, 0.78126, -1.28727],
							"rotation": [22.5, 0, 0],
							"uv": {
								"north": {"uv": [4, 10], "uv_size": [1, 0.5]},
								"east": {"uv": [9, 16], "uv_size": [0.5, 0.5]},
								"south": {"uv": [10, 4], "uv_size": [1, 0.5]},
								"west": {"uv": [16, 9], "uv_size": [0.5, 0.5]},
								"up": {"uv": [5, 10], "uv_size": [1, 0.5]},
								"down": {"uv": [10, 5.5], "uv_size": [1, -0.5]}
							}
						},
						{
							"origin": [1.07813, 0.35938, -0.96509],
							"size": [0.23438, 0.13032, 1.71509],
							"uv": {
								"north": {"uv": [10, 16], "uv_size": [0.5, 0.5]},
								"east": {"uv": [5, 1], "uv_size": [1.5, 0.5]},
								"south": {"uv": [16, 10], "uv_size": [0.5, 0.5]},
								"west": {"uv": [5, 5], "uv_size": [1.5, 0.5]},
								"up": {"uv": [0, 6], "uv_size": [0.5, 1.5]},
								"down": {"uv": [1, 7.5], "uv_size": [0.5, -1.5]}
							}
						},
						{
							"origin": [-0.00936, 1.11583, -0.96509],
							"size": [0.125, 0.11469, 1.71509],
							"pivot": [-0.3375, -0.6498, 0],
							"rotation": [0, 0, 45],
							"uv": {
								"north": {"uv": [11, 16], "uv_size": [0.5, 0.5]},
								"east": {"uv": [2, 6], "uv_size": [1.5, 0.5]},
								"south": {"uv": [16, 11], "uv_size": [0.5, 0.5]},
								"west": {"uv": [6, 2], "uv_size": [1.5, 0.5]},
								"up": {"uv": [6, 3], "uv_size": [0.5, 1.5]},
								"down": {"uv": [5, 7.5], "uv_size": [0.5, -1.5]}
							}
						},
						{
							"origin": [1.35311, 1.11583, -0.96509],
							"size": [0.125, 0.11469, 1.71509],
							"pivot": [1.80625, -0.6498, 0],
							"rotation": [0, 0, -45],
							"uv": {
								"north": {"uv": [12, 16], "uv_size": [0.5, 0.5]},
								"east": {"uv": [6, 6], "uv_size": [1.5, 0.5]},
								"south": {"uv": [16, 12], "uv_size": [0.5, 0.5]},
								"west": {"uv": [7, 0], "uv_size": [1.5, 0.5]},
								"up": {"uv": [2, 7], "uv_size": [0.5, 1.5]},
								"down": {"uv": [3, 8.5], "uv_size": [0.5, -1.5]}
							}
						},
						{
							"origin": [0.23736, 0.27828, -0.96509],
							"size": [0.99405, 0.0811, 1.71509],
							"uv": {
								"north": {"uv": [6, 10], "uv_size": [1, 0.5]},
								"east": {"uv": [7, 1], "uv_size": [1.5, 0.5]},
								"south": {"uv": [10, 6], "uv_size": [1, 0.5]},
								"west": {"uv": [7, 3], "uv_size": [1.5, 0.5]},
								"up": {"uv": [0, 2], "uv_size": [1, 1.5]},
								"down": {"uv": [2, 1.5], "uv_size": [1, -1.5]}
							}
						},
						{
							"origin": [1.07813, 0.57813, -1.125],
							"size": [0.23438, 0.21875, 0.375],
							"pivot": [0.85938, 0.79688, -0.75],
							"rotation": [55, 0, 0],
							"uv": {
								"north": {"uv": [13, 16], "uv_size": [0.5, 0.5]},
								"east": {"uv": [16, 13], "uv_size": [0.5, 0.5]},
								"south": {"uv": [14, 16], "uv_size": [0.5, 0.5]},
								"west": {"uv": [16, 14], "uv_size": [0.5, 0.5]},
								"up": {"uv": [15, 16], "uv_size": [0.5, 0.5]},
								"down": {"uv": [16, 15.5], "uv_size": [0.5, -0.5]}
							}
						},
						{
							"origin": [0.15626, 0.35938, -0.96509],
							"size": [0.23438, 0.13032, 1.71509],
							"uv": {
								"north": {"uv": [16, 16], "uv_size": [0.5, 0.5]},
								"east": {"uv": [7, 4], "uv_size": [1.5, 0.5]},
								"south": {"uv": [0, 17], "uv_size": [0.5, 0.5]},
								"west": {"uv": [7, 5], "uv_size": [1.5, 0.5]},
								"up": {"uv": [4, 7], "uv_size": [0.5, 1.5]},
								"down": {"uv": [6, 8.5], "uv_size": [0.5, -1.5]}
							}
						},
						{
							"origin": [0.15626, 0.57813, -1.125],
							"size": [0.23438, 0.21875, 0.375],
							"pivot": [0.60938, 0.79688, -0.75],
							"rotation": [55, 0, 0],
							"uv": {
								"north": {"uv": [17, 0], "uv_size": [0.5, 0.5]},
								"east": {"uv": [1, 17], "uv_size": [0.5, 0.5]},
								"south": {"uv": [17, 1], "uv_size": [0.5, 0.5]},
								"west": {"uv": [2, 17], "uv_size": [0.5, 0.5]},
								"up": {"uv": [17, 2], "uv_size": [0.5, 0.5]},
								"down": {"uv": [3, 17.5], "uv_size": [0.5, -0.5]}
							}
						},
						{
							"origin": [0.15626, 0.48438, -0.75],
							"size": [0.23438, 0.3125, 1.5],
							"uv": {
								"north": {"uv": [17, 3], "uv_size": [0.5, 0.5]},
								"east": {"uv": [7, 7], "uv_size": [1.5, 0.5]},
								"south": {"uv": [4, 17], "uv_size": [0.5, 0.5]},
								"west": {"uv": [0, 8], "uv_size": [1.5, 0.5]},
								"up": {"uv": [5, 8], "uv_size": [0.5, 1.5]},
								"down": {"uv": [7, 9.5], "uv_size": [0.5, -1.5]}
							}
						},
						{
							"origin": [0.35938, -0.23437, -0.96874],
							"size": [0.75, 0.125, 0.46875],
							"uv": {
								"north": {"uv": [7, 10], "uv_size": [1, 0.5]},
								"south": {"uv": [10, 7], "uv_size": [1, 0.5]},
								"down": {"uv": [8, 10.5], "uv_size": [1, -0.5]}
							}
						},
						{
							"origin": [0.37008, -0.15663, -0.96874],
							"size": [0.177, 0.177, 0.46875],
							"pivot": [0.35938, 0.03107, -3.87499],
							"rotation": [0, 0, 45],
							"uv": {
								"north": {"uv": [17, 4], "uv_size": [0.5, 0.5]},
								"east": {"uv": [5, 17], "uv_size": [0.5, 0.5]},
								"south": {"uv": [17, 5], "uv_size": [0.5, 0.5]},
								"down": {"uv": [6, 17.5], "uv_size": [0.5, -0.5]}
							}
						},
						{
							"origin": [0.92168, -0.15663, -0.96874],
							"size": [0.177, 0.177, 0.46875],
							"pivot": [1.10938, 0.03107, -3.87499],
							"rotation": [0, 0, -45],
							"uv": {
								"north": {"uv": [17, 6], "uv_size": [0.5, 0.5]},
								"south": {"uv": [7, 17], "uv_size": [0.5, 0.5]},
								"west": {"uv": [17, 7], "uv_size": [0.5, 0.5]},
								"down": {"uv": [8, 17.5], "uv_size": [0.5, -0.5]}
							}
						},
						{
							"origin": [0.35938, -0.23437, -0.24999],
							"size": [0.75, 0.125, 0.25],
							"uv": {
								"north": {"uv": [10, 8], "uv_size": [1, 0.5]},
								"south": {"uv": [9, 10], "uv_size": [1, 0.5]},
								"down": {"uv": [10, 9.5], "uv_size": [1, -0.5]}
							}
						},
						{
							"origin": [0.37008, -0.15663, -0.24999],
							"size": [0.177, 0.177, 0.25],
							"pivot": [0.35938, 0.03107, -3.37499],
							"rotation": [0, 0, 45],
							"uv": {
								"north": {"uv": [17, 8], "uv_size": [0.5, 0.5]},
								"east": {"uv": [9, 17], "uv_size": [0.5, 0.5]},
								"south": {"uv": [17, 9], "uv_size": [0.5, 0.5]},
								"down": {"uv": [10, 17.5], "uv_size": [0.5, -0.5]}
							}
						},
						{
							"origin": [0.92168, -0.15663, -0.24999],
							"size": [0.177, 0.177, 0.25],
							"pivot": [1.10938, 0.03107, -3.37499],
							"rotation": [0, 0, -45],
							"uv": {
								"north": {"uv": [17, 10], "uv_size": [0.5, 0.5]},
								"south": {"uv": [11, 17], "uv_size": [0.5, 0.5]},
								"west": {"uv": [17, 11], "uv_size": [0.5, 0.5]},
								"down": {"uv": [12, 17.5], "uv_size": [0.5, -0.5]}
							}
						},
						{
							"origin": [0.35938, -0.23437, 0.25001],
							"size": [0.75, 0.125, 0.25],
							"uv": {
								"north": {"uv": [10, 10], "uv_size": [1, 0.5]},
								"south": {"uv": [0, 11], "uv_size": [1, 0.5]},
								"down": {"uv": [11, 0.5], "uv_size": [1, -0.5]}
							}
						},
						{
							"origin": [0.37008, -0.15663, 0.25001],
							"size": [0.177, 0.177, 0.25],
							"pivot": [0.35938, 0.03107, -2.87499],
							"rotation": [0, 0, 45],
							"uv": {
								"north": {"uv": [17, 12], "uv_size": [0.5, 0.5]},
								"east": {"uv": [13, 17], "uv_size": [0.5, 0.5]},
								"south": {"uv": [17, 13], "uv_size": [0.5, 0.5]},
								"down": {"uv": [14, 17.5], "uv_size": [0.5, -0.5]}
							}
						},
						{
							"origin": [0.92168, -0.15663, 0.25001],
							"size": [0.177, 0.177, 0.25],
							"pivot": [1.10938, 0.03107, -2.87499],
							"rotation": [0, 0, -45],
							"uv": {
								"north": {"uv": [17, 14], "uv_size": [0.5, 0.5]},
								"south": {"uv": [15, 17], "uv_size": [0.5, 0.5]},
								"west": {"uv": [17, 15], "uv_size": [0.5, 0.5]},
								"down": {"uv": [16, 17.5], "uv_size": [0.5, -0.5]}
							}
						},
						{
							"origin": [0.35938, -0.23437, 0.75001],
							"size": [0.75, 0.125, 0.25],
							"uv": {
								"north": {"uv": [1, 11], "uv_size": [1, 0.5]},
								"south": {"uv": [11, 1], "uv_size": [1, 0.5]},
								"down": {"uv": [2, 11.5], "uv_size": [1, -0.5]}
							}
						},
						{
							"origin": [0.37008, -0.15663, 0.75001],
							"size": [0.177, 0.177, 0.25],
							"pivot": [0.35938, 0.03107, -2.37499],
							"rotation": [0, 0, 45],
							"uv": {
								"north": {"uv": [17, 16], "uv_size": [0.5, 0.5]},
								"east": {"uv": [17, 17], "uv_size": [0.5, 0.5]},
								"south": {"uv": [0, 18], "uv_size": [0.5, 0.5]},
								"down": {"uv": [18, 0.5], "uv_size": [0.5, -0.5]}
							}
						},
						{
							"origin": [0.92168, -0.15663, 0.75001],
							"size": [0.177, 0.177, 0.25],
							"pivot": [1.10938, 0.03107, -2.37499],
							"rotation": [0, 0, -45],
							"uv": {
								"north": {"uv": [1, 18], "uv_size": [0.5, 0.5]},
								"south": {"uv": [18, 1], "uv_size": [0.5, 0.5]},
								"west": {"uv": [2, 18], "uv_size": [0.5, 0.5]},
								"down": {"uv": [18, 2.5], "uv_size": [0.5, -0.5]}
							}
						},
						{
							"origin": [0.35938, -0.10937, -0.96874],
							"size": [0.75, 0.125, 1.96875],
							"uv": {
								"north": {"uv": [11, 2], "uv_size": [1, 0.5]},
								"east": {"uv": [1, 2], "uv_size": [2, 0.5]},
								"south": {"uv": [3, 11], "uv_size": [1, 0.5]},
								"west": {"uv": [3, 0], "uv_size": [2, 0.5]},
								"up": {"uv": [0, 0], "uv_size": [1, 2]},
								"down": {"uv": [1, 2], "uv_size": [1, -2]}
							}
						}
					]
				},
				{
					"name": "bone11_illuminated",
					"parent": "bone10",
					"pivot": [0.73438, -5.95312, 11]
				},
				{
					"name": "laser_beam",
					"pivot": [0, 0.40627, -0.4375]
				}
			]
		}
	]
}