{
	"format_version": "1.12.0",
	"minecraft:geometry": [
		{
			"description": {
				"identifier": "geometry.hk416d - Converted",
				"texture_width": 128,
				"texture_height": 128,
				"visible_bounds_width": 6,
				"visible_bounds_height": 3,
				"visible_bounds_offset": [0, 0.5, 0]
			},
			"bones": [
				{
					"name": "trex",
					"pivot": [0, 0, -0.26562]
				},
				{
					"name": "octagon16",
					"parent": "trex",
					"pivot": [0, 1.4, -0.09062],
					"cubes": [
						{
							"origin": [-0.1631, -0.39375, -0.87813],
							"size": [0.3262, 0.7875, 0.875],
							"pivot": [0, 0, -0.35313],
							"rotation": [0, 0, 45],
							"uv": {
								"north": {"uv": [33.5, 76], "uv_size": [0.5, 1]},
								"south": {"uv": [33.5, 77], "uv_size": [0.5, 1]},
								"up": {"uv": [30.5, 74], "uv_size": [0.5, 1.5]},
								"down": {"uv": [31.5, 75.5], "uv_size": [0.5, -1.5]}
							}
						},
						{
							"origin": [-0.1631, -0.39375, -0.87813],
							"size": [0.3262, 0.7875, 0.875],
							"uv": {
								"north": {"uv": [30.5, 78], "uv_size": [0.5, 1]},
								"south": {"uv": [31.5, 78], "uv_size": [0.5, 1]},
								"up": {"uv": [30.5, 76], "uv_size": [0.5, 1.5]},
								"down": {"uv": [32.5, 75.5], "uv_size": [0.5, -1.5]}
							}
						},
						{
							"origin": [-0.39375, -0.1631, -0.87813],
							"size": [0.7875, 0.3262, 0.875],
							"pivot": [0, 0, -0.35313],
							"rotation": [0, 0, 45],
							"uv": {
								"north": {"uv": [32.5, 78], "uv_size": [1, 0.5]},
								"east": {"uv": [31.5, 76], "uv_size": [1.5, 0.5]},
								"south": {"uv": [34.5, 76], "uv_size": [1, 0.5]},
								"west": {"uv": [33.5, 74], "uv_size": [1.5, 0.5]}
							}
						},
						{
							"origin": [-0.39375, -0.1631, -0.87813],
							"size": [0.7875, 0.3262, 0.875],
							"uv": {
								"north": {"uv": [33.5, 78], "uv_size": [1, 0.5]},
								"east": {"uv": [31.5, 77], "uv_size": [1.5, 0.5]},
								"south": {"uv": [34.5, 77], "uv_size": [1, 0.5]},
								"west": {"uv": [33.5, 75], "uv_size": [1.5, 0.5]}
							}
						}
					]
				},
				{
					"name": "octagon",
					"parent": "trex",
					"pivot": [0, 0, -1.84062],
					"cubes": [
						{
							"origin": [-0.18122, -0.4375, -1.75313],
							"size": [0.36243, 0.175, 0.175],
							"pivot": [0, 0, -1.92812],
							"rotation": [0, 0, 45],
							"uv": {
								"north": {"uv": [36.5, 80], "uv_size": [0.5, 0.5]},
								"south": {"uv": [30.5, 81], "uv_size": [0.5, 0.5]},
								"up": {"uv": [37.5, 74], "uv_size": [0.5, 0.5]},
								"down": {"uv": [31.5, 81.5], "uv_size": [0.5, -0.5]}
							}
						},
						{
							"origin": [-0.18122, -0.4375, -2.36562],
							"size": [0.36243, 0.2625, 0.175],
							"pivot": [0, 0, -1.66563],
							"rotation": [0, 0, 45],
							"uv": {
								"north": {"uv": [37.5, 75], "uv_size": [0.5, 0.5]},
								"south": {"uv": [32.5, 81], "uv_size": [0.5, 0.5]},
								"up": {"uv": [37.5, 76], "uv_size": [0.5, 0.5]},
								"down": {"uv": [33.5, 81.5], "uv_size": [0.5, -0.5]}
							}
						},
						{
							"origin": [-0.18122, -0.4375, -2.19063],
							"size": [0.36243, 0.175, 0.7],
							"uv": {
								"north": {"uv": [37.5, 77], "uv_size": [0.5, 0.5]},
								"south": {"uv": [34.5, 81], "uv_size": [0.5, 0.5]},
								"up": {"uv": [34.5, 78], "uv_size": [0.5, 1]},
								"down": {"uv": [30.5, 80], "uv_size": [0.5, -1]}
							}
						},
						{
							"origin": [-0.18122, 0.2625, -2.19063],
							"size": [0.36243, 0.175, 0.7],
							"uv": {
								"north": {"uv": [37.5, 78], "uv_size": [0.5, 0.5]},
								"south": {"uv": [35.5, 81], "uv_size": [0.5, 0.5]},
								"up": {"uv": [35.5, 74], "uv_size": [0.5, 1]},
								"down": {"uv": [31.5, 80], "uv_size": [0.5, -1]}
							}
						},
						{
							"origin": [-0.4375, -0.18122, -1.75313],
							"size": [0.175, 0.36243, 0.175],
							"pivot": [0, 0, -1.92812],
							"rotation": [0, 0, 45],
							"uv": {
								"north": {"uv": [37.5, 79], "uv_size": [0.5, 0.5]},
								"east": {"uv": [36.5, 81], "uv_size": [0.5, 0.5]},
								"south": {"uv": [37.5, 80], "uv_size": [0.5, 0.5]},
								"west": {"uv": [37.5, 81], "uv_size": [0.5, 0.5]}
							}
						},
						{
							"origin": [-0.4375, -0.18122, -2.36562],
							"size": [0.2625, 0.36243, 0.175],
							"pivot": [0, 0, -1.66563],
							"rotation": [0, 0, 45],
							"uv": {
								"north": {"uv": [30.5, 82], "uv_size": [0.5, 0.5]},
								"east": {"uv": [38.5, 74], "uv_size": [0.5, 0.5]},
								"south": {"uv": [31.5, 82], "uv_size": [0.5, 0.5]},
								"west": {"uv": [38.5, 75], "uv_size": [0.5, 0.5]}
							}
						},
						{
							"origin": [-0.4375, -0.00622, -2.19063],
							"size": [0.175, 0.18743, 0.4375],
							"pivot": [0, 0, -1.92812],
							"rotation": [0, 0, 45],
							"uv": {
								"east": {"uv": [32.5, 82], "uv_size": [0.5, 0.5]},
								"west": {"uv": [38.5, 76], "uv_size": [0.5, 0.5]},
								"down": {"uv": [33.5, 82.5], "uv_size": [0.5, -0.5]}
							}
						},
						{
							"origin": [-0.4375, -0.18122, -2.19063],
							"size": [0.175, 0.18743, 0.4375],
							"pivot": [0, 0, -1.92812],
							"rotation": [0, 0, -45],
							"uv": {
								"north": {"uv": [38.5, 77], "uv_size": [0.5, 0.5]},
								"east": {"uv": [34.5, 82], "uv_size": [0.5, 0.5]},
								"south": {"uv": [38.5, 78], "uv_size": [0.5, 0.5]},
								"west": {"uv": [35.5, 82], "uv_size": [0.5, 0.5]},
								"up": {"uv": [38.5, 79], "uv_size": [0.5, 0.5]}
							}
						},
						{
							"origin": [-0.4369, -0.18062, -2.36503],
							"size": [0.2613, 0.36123, 0.1738],
							"inflate": 0.002,
							"uv": {
								"north": {"uv": [36.5, 82], "uv_size": [0.5, 0.5]},
								"east": {"uv": [38.5, 80], "uv_size": [0.5, 0.5]},
								"south": {"uv": [37.5, 82], "uv_size": [0.5, 0.5]},
								"west": {"uv": [38.5, 81], "uv_size": [0.5, 0.5]}
							}
						},
						{
							"origin": [-0.4375, -0.18122, -1.75313],
							"size": [0.175, 0.36243, 0.175],
							"uv": {
								"north": {"uv": [38.5, 82], "uv_size": [0.5, 0.5]},
								"east": {"uv": [30.5, 83], "uv_size": [0.5, 0.5]},
								"south": {"uv": [39.5, 74], "uv_size": [0.5, 0.5]},
								"west": {"uv": [31.5, 83], "uv_size": [0.5, 0.5]}
							}
						},
						{
							"origin": [0.175, -0.18122, -2.36562],
							"size": [0.2625, 0.36243, 0.175],
							"pivot": [0, 0, -1.66563],
							"rotation": [0, 0, -45],
							"uv": {
								"north": {"uv": [39.5, 75], "uv_size": [0.5, 0.5]},
								"east": {"uv": [32.5, 83], "uv_size": [0.5, 0.5]},
								"south": {"uv": [39.5, 76], "uv_size": [0.5, 0.5]},
								"west": {"uv": [33.5, 83], "uv_size": [0.5, 0.5]}
							}
						},
						{
							"origin": [0.2625, -0.00622, -2.19063],
							"size": [0.175, 0.18743, 0.4375],
							"pivot": [0, 0, -1.92812],
							"rotation": [0, 0, -45],
							"uv": {
								"east": {"uv": [39.5, 77], "uv_size": [0.5, 0.5]},
								"west": {"uv": [34.5, 83], "uv_size": [0.5, 0.5]},
								"down": {"uv": [39.5, 78.5], "uv_size": [0.5, -0.5]}
							}
						},
						{
							"origin": [0.2625, -0.18122, -1.75313],
							"size": [0.175, 0.36243, 0.175],
							"pivot": [0, 0, -1.92812],
							"rotation": [0, 0, -45],
							"uv": {
								"north": {"uv": [35.5, 83], "uv_size": [0.5, 0.5]},
								"east": {"uv": [39.5, 79], "uv_size": [0.5, 0.5]},
								"south": {"uv": [36.5, 83], "uv_size": [0.5, 0.5]},
								"west": {"uv": [39.5, 80], "uv_size": [0.5, 0.5]}
							}
						},
						{
							"origin": [0.2625, -0.18122, -1.75313],
							"size": [0.175, 0.36243, 0.175],
							"uv": {
								"north": {"uv": [37.5, 83], "uv_size": [0.5, 0.5]},
								"east": {"uv": [39.5, 81], "uv_size": [0.5, 0.5]},
								"south": {"uv": [38.5, 83], "uv_size": [0.5, 0.5]},
								"west": {"uv": [39.5, 82], "uv_size": [0.5, 0.5]}
							}
						},
						{
							"origin": [0.1756, -0.18062, -2.36503],
							"size": [0.2613, 0.36123, 0.1738],
							"inflate": 0.002,
							"uv": {
								"north": {"uv": [39.5, 83], "uv_size": [0.5, 0.5]},
								"east": {"uv": [30.5, 84], "uv_size": [0.5, 0.5]},
								"south": {"uv": [40.5, 74], "uv_size": [0.5, 0.5]},
								"west": {"uv": [31.5, 84], "uv_size": [0.5, 0.5]}
							}
						},
						{
							"origin": [-0.18122, -0.4375, -2.36562],
							"size": [0.36243, 0.2625, 0.175],
							"pivot": [0, 0, -1.66563],
							"rotation": [0, 0, -45],
							"uv": {
								"north": {"uv": [40.5, 75], "uv_size": [0.5, 0.5]},
								"south": {"uv": [32.5, 84], "uv_size": [0.5, 0.5]},
								"up": {"uv": [40.5, 76], "uv_size": [0.5, 0.5]},
								"down": {"uv": [33.5, 84.5], "uv_size": [0.5, -0.5]}
							}
						},
						{
							"origin": [-0.18062, -0.4369, -2.36503],
							"size": [0.36123, 0.2613, 0.1738],
							"inflate": 0.002,
							"uv": {
								"north": {"uv": [40.5, 77], "uv_size": [0.5, 0.5]},
								"south": {"uv": [34.5, 84], "uv_size": [0.5, 0.5]},
								"up": {"uv": [40.5, 78], "uv_size": [0.5, 0.5]},
								"down": {"uv": [35.5, 84.5], "uv_size": [0.5, -0.5]}
							}
						},
						{
							"origin": [-0.4369, -0.18062, -2.36503],
							"size": [0.2613, 0.36123, 0.1738],
							"inflate": 0.002,
							"pivot": [0, 0, -2.27812],
							"rotation": [0, 0, 90],
							"uv": {
								"north": {"uv": [40.5, 79], "uv_size": [0.5, 0.5]},
								"east": {"uv": [36.5, 84], "uv_size": [0.5, 0.5]},
								"south": {"uv": [40.5, 80], "uv_size": [0.5, 0.5]},
								"west": {"uv": [37.5, 84], "uv_size": [0.5, 0.5]}
							}
						},
						{
							"origin": [0.2625, -0.18122, -2.19063],
							"size": [0.175, 0.18743, 0.4375],
							"pivot": [0, 0, -1.92812],
							"rotation": [0, 0, 45],
							"uv": {
								"north": {"uv": [40.5, 81], "uv_size": [0.5, 0.5]},
								"east": {"uv": [38.5, 84], "uv_size": [0.5, 0.5]},
								"south": {"uv": [40.5, 82], "uv_size": [0.5, 0.5]},
								"west": {"uv": [39.5, 84], "uv_size": [0.5, 0.5]},
								"up": {"uv": [40.5, 83], "uv_size": [0.5, 0.5]}
							}
						},
						{
							"origin": [-0.18122, -0.4375, -1.75313],
							"size": [0.36243, 0.175, 0.175],
							"pivot": [0, 0, -1.92812],
							"rotation": [0, 0, -45],
							"uv": {
								"north": {"uv": [40.5, 84], "uv_size": [0.5, 0.5]},
								"south": {"uv": [30.5, 85], "uv_size": [0.5, 0.5]},
								"up": {"uv": [41.5, 74], "uv_size": [0.5, 0.5]},
								"down": {"uv": [31.5, 85.5], "uv_size": [0.5, -0.5]}
							}
						}
					]
				},
				{
					"name": "bone4",
					"parent": "trex",
					"pivot": [0, 0, -1.31563],
					"rotation": [-90, 0, 0]
				},
				{
					"name": "bone5",
					"parent": "bone4",
					"pivot": [0, 0, -1.31563]
				},
				{
					"name": "bone6",
					"parent": "bone5",
					"pivot": [0, 0, -1.83792],
					"rotation": [-10.85003, 0, 0]
				},
				{
					"name": "bone7",
					"parent": "bone6",
					"pivot": [0, -0.01687, -1.83792],
					"rotation": [0, 0, -4.4584],
					"cubes": [
						{
							"origin": [-0.00668, -0.10254, -1.82145],
							"size": [0.217, 0.7, 0.217],
							"uv": {
								"north": {"uv": [35.5, 75], "uv_size": [0.5, 1]},
								"south": {"uv": [32.5, 79], "uv_size": [0.5, 1]},
								"up": {"uv": [41.5, 75], "uv_size": [0.5, 0.5]},
								"down": {"uv": [32.5, 85.5], "uv_size": [0.5, -0.5]}
							}
						}
					]
				},
				{
					"name": "bone8",
					"parent": "bone6",
					"pivot": [0, -0.01687, -1.83792],
					"rotation": [0, 0, 4.4584],
					"cubes": [
						{
							"origin": [-0.21032, -0.10254, -1.82145],
							"size": [0.217, 0.7, 0.217],
							"uv": {
								"north": {"uv": [35.5, 76], "uv_size": [0.5, 1]},
								"south": {"uv": [33.5, 79], "uv_size": [0.5, 1]},
								"up": {"uv": [41.5, 76], "uv_size": [0.5, 0.5]},
								"down": {"uv": [33.5, 85.5], "uv_size": [0.5, -0.5]}
							}
						}
					]
				},
				{
					"name": "bone9",
					"parent": "bone4",
					"pivot": [0, 0, -1.31563],
					"rotation": [0, -45, 0]
				},
				{
					"name": "bone10",
					"parent": "bone9",
					"pivot": [0, 0, -1.83792],
					"rotation": [-10.85003, 0, 0]
				},
				{
					"name": "bone11",
					"parent": "bone10",
					"pivot": [0, -0.01687, -1.83792],
					"rotation": [0, 0, -4.4584],
					"cubes": [
						{
							"origin": [-0.00668, 0.24746, -1.82145],
							"size": [0.217, 0.35, 0.217],
							"uv": {
								"north": {"uv": [41.5, 77], "uv_size": [0.5, 0.5]},
								"east": {"uv": [34.5, 85], "uv_size": [0.5, 0.5]},
								"south": {"uv": [41.5, 78], "uv_size": [0.5, 0.5]},
								"west": {"uv": [35.5, 85], "uv_size": [0.5, 0.5]},
								"up": {"uv": [41.5, 79], "uv_size": [0.5, 0.5]},
								"down": {"uv": [36.5, 85.5], "uv_size": [0.5, -0.5]}
							}
						}
					]
				},
				{
					"name": "bone12",
					"parent": "bone10",
					"pivot": [0, -0.01687, -1.83792],
					"rotation": [0, 0, 4.4584],
					"cubes": [
						{
							"origin": [-0.21032, -0.10254, -1.82145],
							"size": [0.217, 0.7, 0.217],
							"uv": {
								"north": {"uv": [35.5, 77], "uv_size": [0.5, 1]},
								"south": {"uv": [34.5, 79], "uv_size": [0.5, 1]},
								"west": {"uv": [35.5, 78], "uv_size": [0.5, 1]},
								"up": {"uv": [41.5, 80], "uv_size": [0.5, 0.5]},
								"down": {"uv": [37.5, 85.5], "uv_size": [0.5, -0.5]}
							}
						}
					]
				},
				{
					"name": "bone13",
					"parent": "bone4",
					"pivot": [0, 0, -1.31563],
					"rotation": [0, -90, 0]
				},
				{
					"name": "bone14",
					"parent": "bone13",
					"pivot": [0, 0, -1.83792],
					"rotation": [-10.85003, 0, 0]
				},
				{
					"name": "bone15",
					"parent": "bone14",
					"pivot": [0, -0.01687, -1.83792],
					"rotation": [0, 0, -4.4584],
					"cubes": [
						{
							"origin": [0.0152, 0.24746, -1.82145],
							"size": [0.19512, 0.35, 0.217],
							"uv": {
								"north": {"uv": [41.5, 81], "uv_size": [0.5, 0.5]},
								"east": {"uv": [38.5, 85], "uv_size": [0.5, 0.5]},
								"south": {"uv": [41.5, 82], "uv_size": [0.5, 0.5]},
								"west": {"uv": [39.5, 85], "uv_size": [0.5, 0.5]},
								"up": {"uv": [41.5, 83], "uv_size": [0.5, 0.5]},
								"down": {"uv": [40.5, 85.5], "uv_size": [0.5, -0.5]}
							}
						}
					]
				},
				{
					"name": "bone16",
					"parent": "bone14",
					"pivot": [0, -0.01687, -1.83792],
					"rotation": [0, 0, 4.4584],
					"cubes": [
						{
							"origin": [-0.21032, 0.24746, -1.82145],
							"size": [0.19512, 0.35, 0.217],
							"uv": {
								"north": {"uv": [41.5, 84], "uv_size": [0.5, 0.5]},
								"east": {"uv": [41.5, 85], "uv_size": [0.5, 0.5]},
								"south": {"uv": [30.5, 86], "uv_size": [0.5, 0.5]},
								"west": {"uv": [42.5, 74], "uv_size": [0.5, 0.5]},
								"up": {"uv": [31.5, 86], "uv_size": [0.5, 0.5]},
								"down": {"uv": [42.5, 75.5], "uv_size": [0.5, -0.5]}
							}
						}
					]
				},
				{
					"name": "bone17",
					"parent": "bone4",
					"pivot": [0, 0, -1.31563],
					"rotation": [0, -135, 0]
				},
				{
					"name": "bone18",
					"parent": "bone17",
					"pivot": [0, 0, -1.83792],
					"rotation": [-10.85003, 0, 0]
				},
				{
					"name": "bone19",
					"parent": "bone18",
					"pivot": [0, -0.01687, -1.83792],
					"rotation": [0, 0, -4.4584],
					"cubes": [
						{
							"origin": [-0.00668, -0.10254, -1.82145],
							"size": [0.217, 0.7, 0.217],
							"uv": {
								"north": {"uv": [35.5, 79], "uv_size": [0.5, 1]},
								"east": {"uv": [30.5, 80], "uv_size": [0.5, 1]},
								"south": {"uv": [36.5, 74], "uv_size": [0.5, 1]},
								"up": {"uv": [32.5, 86], "uv_size": [0.5, 0.5]},
								"down": {"uv": [42.5, 76.5], "uv_size": [0.5, -0.5]}
							}
						}
					]
				},
				{
					"name": "bone20",
					"parent": "bone18",
					"pivot": [0, -0.01687, -1.83792],
					"rotation": [0, 0, 4.4584],
					"cubes": [
						{
							"origin": [-0.21032, 0.24746, -1.82145],
							"size": [0.217, 0.35, 0.217],
							"uv": {
								"north": {"uv": [33.5, 86], "uv_size": [0.5, 0.5]},
								"east": {"uv": [42.5, 77], "uv_size": [0.5, 0.5]},
								"south": {"uv": [34.5, 86], "uv_size": [0.5, 0.5]},
								"west": {"uv": [42.5, 78], "uv_size": [0.5, 0.5]},
								"up": {"uv": [35.5, 86], "uv_size": [0.5, 0.5]},
								"down": {"uv": [42.5, 79.5], "uv_size": [0.5, -0.5]}
							}
						}
					]
				},
				{
					"name": "bone21",
					"parent": "bone4",
					"pivot": [0, 0, -1.31563],
					"rotation": [0, -180, 0]
				},
				{
					"name": "bone22",
					"parent": "bone21",
					"pivot": [0, 0, -1.83792],
					"rotation": [-10.85003, 0, 0]
				},
				{
					"name": "bone23",
					"parent": "bone22",
					"pivot": [0, -0.01687, -1.83792],
					"rotation": [0, 0, -4.4584],
					"cubes": [
						{
							"origin": [-0.00668, -0.10254, -1.82145],
							"size": [0.217, 0.7, 0.217],
							"uv": {
								"north": {"uv": [31.5, 80], "uv_size": [0.5, 1]},
								"south": {"uv": [36.5, 75], "uv_size": [0.5, 1]},
								"up": {"uv": [36.5, 86], "uv_size": [0.5, 0.5]},
								"down": {"uv": [42.5, 80.5], "uv_size": [0.5, -0.5]}
							}
						}
					]
				},
				{
					"name": "bone24",
					"parent": "bone22",
					"pivot": [0, -0.01687, -1.83792],
					"rotation": [0, 0, 4.4584],
					"cubes": [
						{
							"origin": [-0.21032, -0.10254, -1.82145],
							"size": [0.217, 0.7, 0.217],
							"uv": {
								"north": {"uv": [32.5, 80], "uv_size": [0.5, 1]},
								"south": {"uv": [36.5, 76], "uv_size": [0.5, 1]},
								"up": {"uv": [37.5, 86], "uv_size": [0.5, 0.5]},
								"down": {"uv": [42.5, 81.5], "uv_size": [0.5, -0.5]}
							}
						}
					]
				},
				{
					"name": "bone25",
					"parent": "bone4",
					"pivot": [0, 0, -1.31563],
					"rotation": [0, -225, 0]
				},
				{
					"name": "bone26",
					"parent": "bone25",
					"pivot": [0, 0, -1.83792],
					"rotation": [-10.85003, 0, 0]
				},
				{
					"name": "bone27",
					"parent": "bone26",
					"pivot": [0, -0.01687, -1.83792],
					"rotation": [0, 0, -4.4584],
					"cubes": [
						{
							"origin": [-0.00668, 0.24746, -1.82145],
							"size": [0.217, 0.35, 0.217],
							"uv": {
								"north": {"uv": [38.5, 86], "uv_size": [0.5, 0.5]},
								"east": {"uv": [42.5, 82], "uv_size": [0.5, 0.5]},
								"south": {"uv": [39.5, 86], "uv_size": [0.5, 0.5]},
								"west": {"uv": [42.5, 83], "uv_size": [0.5, 0.5]},
								"up": {"uv": [40.5, 86], "uv_size": [0.5, 0.5]},
								"down": {"uv": [42.5, 84.5], "uv_size": [0.5, -0.5]}
							}
						}
					]
				},
				{
					"name": "bone28",
					"parent": "bone26",
					"pivot": [0, -0.01687, -1.83792],
					"rotation": [0, 0, 4.4584],
					"cubes": [
						{
							"origin": [-0.21032, -0.10254, -1.82145],
							"size": [0.217, 0.7, 0.217],
							"uv": {
								"north": {"uv": [33.5, 80], "uv_size": [0.5, 1]},
								"south": {"uv": [36.5, 77], "uv_size": [0.5, 1]},
								"west": {"uv": [34.5, 80], "uv_size": [0.5, 1]},
								"up": {"uv": [41.5, 86], "uv_size": [0.5, 0.5]},
								"down": {"uv": [42.5, 85.5], "uv_size": [0.5, -0.5]}
							}
						}
					]
				},
				{
					"name": "bone29",
					"parent": "bone4",
					"pivot": [0, 0, -1.31563],
					"rotation": [0, -270, 0]
				},
				{
					"name": "bone30",
					"parent": "bone29",
					"pivot": [0, 0, -1.83792],
					"rotation": [-10.85003, 0, 0]
				},
				{
					"name": "bone31",
					"parent": "bone30",
					"pivot": [0, -0.01687, -1.83792],
					"rotation": [0, 0, -4.4584],
					"cubes": [
						{
							"origin": [0.0152, 0.24746, -1.82145],
							"size": [0.19512, 0.35, 0.217],
							"uv": {
								"north": {"uv": [42.5, 86], "uv_size": [0.5, 0.5]},
								"east": {"uv": [30.5, 87], "uv_size": [0.5, 0.5]},
								"south": {"uv": [43.5, 74], "uv_size": [0.5, 0.5]},
								"west": {"uv": [31.5, 87], "uv_size": [0.5, 0.5]},
								"up": {"uv": [43.5, 75], "uv_size": [0.5, 0.5]},
								"down": {"uv": [32.5, 87.5], "uv_size": [0.5, -0.5]}
							}
						}
					]
				},
				{
					"name": "bone32",
					"parent": "bone30",
					"pivot": [0, -0.01687, -1.83792],
					"rotation": [0, 0, 4.4584],
					"cubes": [
						{
							"origin": [-0.21032, 0.24746, -1.82145],
							"size": [0.19512, 0.35, 0.217],
							"uv": {
								"north": {"uv": [43.5, 76], "uv_size": [0.5, 0.5]},
								"east": {"uv": [33.5, 87], "uv_size": [0.5, 0.5]},
								"south": {"uv": [43.5, 77], "uv_size": [0.5, 0.5]},
								"west": {"uv": [34.5, 87], "uv_size": [0.5, 0.5]},
								"up": {"uv": [43.5, 78], "uv_size": [0.5, 0.5]},
								"down": {"uv": [35.5, 87.5], "uv_size": [0.5, -0.5]}
							}
						}
					]
				},
				{
					"name": "bone33",
					"parent": "bone4",
					"pivot": [0, 0, -1.31563],
					"rotation": [0, -315, 0]
				},
				{
					"name": "bone34",
					"parent": "bone33",
					"pivot": [0, 0, -1.83792],
					"rotation": [-10.85003, 0, 0]
				},
				{
					"name": "bone35",
					"parent": "bone34",
					"pivot": [0, -0.01687, -1.83792],
					"rotation": [0, 0, -4.4584],
					"cubes": [
						{
							"origin": [-0.00668, -0.10254, -1.82145],
							"size": [0.217, 0.7, 0.217],
							"uv": {
								"north": {"uv": [36.5, 78], "uv_size": [0.5, 1]},
								"east": {"uv": [35.5, 80], "uv_size": [0.5, 1]},
								"south": {"uv": [36.5, 79], "uv_size": [0.5, 1]},
								"up": {"uv": [43.5, 79], "uv_size": [0.5, 0.5]},
								"down": {"uv": [36.5, 87.5], "uv_size": [0.5, -0.5]}
							}
						}
					]
				},
				{
					"name": "bone36",
					"parent": "bone34",
					"pivot": [0, -0.01687, -1.83792],
					"rotation": [0, 0, 4.4584],
					"cubes": [
						{
							"origin": [-0.21032, 0.24746, -1.82145],
							"size": [0.217, 0.35, 0.217],
							"uv": {
								"north": {"uv": [43.5, 80], "uv_size": [0.5, 0.5]},
								"east": {"uv": [37.5, 87], "uv_size": [0.5, 0.5]},
								"south": {"uv": [43.5, 81], "uv_size": [0.5, 0.5]},
								"west": {"uv": [38.5, 87], "uv_size": [0.5, 0.5]},
								"up": {"uv": [43.5, 82], "uv_size": [0.5, 0.5]},
								"down": {"uv": [39.5, 87.5], "uv_size": [0.5, -0.5]}
							}
						}
					]
				},
				{
					"name": "octagon17",
					"parent": "trex",
					"pivot": [0, 0, -1.66563],
					"cubes": [
						{
							"origin": [-0.21746, -0.525, -1.57812],
							"size": [0.43492, 0.175, 0.175],
							"pivot": [0, 0, -1.75313],
							"rotation": [0, 0, 45],
							"uv": {
								"north": {"uv": [43.5, 83], "uv_size": [0.5, 0.5]},
								"east": {"uv": [40.5, 87], "uv_size": [0.5, 0.5]},
								"south": {"uv": [43.5, 84], "uv_size": [0.5, 0.5]},
								"west": {"uv": [41.5, 87], "uv_size": [0.5, 0.5]},
								"up": {"uv": [43.5, 85], "uv_size": [0.5, 0.5]},
								"down": {"uv": [42.5, 87.5], "uv_size": [0.5, -0.5]}
							}
						},
						{
							"origin": [-0.21746, -0.525, -1.57812],
							"size": [0.43492, 0.175, 0.175],
							"uv": {
								"north": {"uv": [43.5, 86], "uv_size": [0.5, 0.5]},
								"east": {"uv": [43.5, 87], "uv_size": [0.5, 0.5]},
								"south": {"uv": [30.5, 88], "uv_size": [0.5, 0.5]},
								"west": {"uv": [44.5, 74], "uv_size": [0.5, 0.5]},
								"up": {"uv": [31.5, 88], "uv_size": [0.5, 0.5]},
								"down": {"uv": [44.5, 75.5], "uv_size": [0.5, -0.5]}
							}
						},
						{
							"origin": [-0.21746, 0.35, -1.57812],
							"size": [0.43492, 0.175, 0.175],
							"pivot": [0, 0, -1.75313],
							"rotation": [0, 0, 45],
							"uv": {
								"north": {"uv": [32.5, 88], "uv_size": [0.5, 0.5]},
								"east": {"uv": [44.5, 76], "uv_size": [0.5, 0.5]},
								"south": {"uv": [33.5, 88], "uv_size": [0.5, 0.5]},
								"west": {"uv": [44.5, 77], "uv_size": [0.5, 0.5]},
								"up": {"uv": [34.5, 88], "uv_size": [0.5, 0.5]},
								"down": {"uv": [44.5, 78.5], "uv_size": [0.5, -0.5]}
							}
						},
						{
							"origin": [-0.21746, 0.35, -1.57812],
							"size": [0.43492, 0.175, 0.175],
							"uv": {
								"north": {"uv": [35.5, 88], "uv_size": [0.5, 0.5]},
								"east": {"uv": [44.5, 79], "uv_size": [0.5, 0.5]},
								"south": {"uv": [36.5, 88], "uv_size": [0.5, 0.5]},
								"west": {"uv": [44.5, 80], "uv_size": [0.5, 0.5]},
								"up": {"uv": [37.5, 88], "uv_size": [0.5, 0.5]},
								"down": {"uv": [44.5, 81.5], "uv_size": [0.5, -0.5]}
							}
						},
						{
							"origin": [0.35, -0.21746, -1.57812],
							"size": [0.175, 0.43492, 0.175],
							"pivot": [0, 0, -1.75313],
							"rotation": [0, 0, 45],
							"uv": {
								"north": {"uv": [38.5, 88], "uv_size": [0.5, 0.5]},
								"east": {"uv": [44.5, 82], "uv_size": [0.5, 0.5]},
								"south": {"uv": [39.5, 88], "uv_size": [0.5, 0.5]},
								"west": {"uv": [44.5, 83], "uv_size": [0.5, 0.5]},
								"up": {"uv": [40.5, 88], "uv_size": [0.5, 0.5]},
								"down": {"uv": [44.5, 84.5], "uv_size": [0.5, -0.5]}
							}
						},
						{
							"origin": [0.35, -0.21746, -1.57812],
							"size": [0.175, 0.43492, 0.175],
							"uv": {
								"north": {"uv": [41.5, 88], "uv_size": [0.5, 0.5]},
								"east": {"uv": [44.5, 85], "uv_size": [0.5, 0.5]},
								"south": {"uv": [42.5, 88], "uv_size": [0.5, 0.5]},
								"west": {"uv": [44.5, 86], "uv_size": [0.5, 0.5]},
								"up": {"uv": [43.5, 88], "uv_size": [0.5, 0.5]},
								"down": {"uv": [44.5, 87.5], "uv_size": [0.5, -0.5]}
							}
						},
						{
							"origin": [-0.525, -0.21746, -1.57812],
							"size": [0.175, 0.43492, 0.175],
							"pivot": [0, 0, -1.75313],
							"rotation": [0, 0, 45],
							"uv": {
								"north": {"uv": [44.5, 88], "uv_size": [0.5, 0.5]},
								"east": {"uv": [30.5, 89], "uv_size": [0.5, 0.5]},
								"south": {"uv": [45.5, 74], "uv_size": [0.5, 0.5]},
								"west": {"uv": [31.5, 89], "uv_size": [0.5, 0.5]},
								"up": {"uv": [45.5, 75], "uv_size": [0.5, 0.5]},
								"down": {"uv": [32.5, 89.5], "uv_size": [0.5, -0.5]}
							}
						},
						{
							"origin": [-0.525, -0.21746, -1.57812],
							"size": [0.175, 0.43492, 0.175],
							"uv": {
								"north": {"uv": [45.5, 76], "uv_size": [0.5, 0.5]},
								"east": {"uv": [33.5, 89], "uv_size": [0.5, 0.5]},
								"south": {"uv": [45.5, 77], "uv_size": [0.5, 0.5]},
								"west": {"uv": [34.5, 89], "uv_size": [0.5, 0.5]},
								"up": {"uv": [45.5, 78], "uv_size": [0.5, 0.5]},
								"down": {"uv": [35.5, 89.5], "uv_size": [0.5, -0.5]}
							}
						}
					]
				}
			]
		}
	]
}