{
	"format_version": "1.12.0",
	"minecraft:geometry": [
		{
			"description": {
				"identifier": "geometry.m4a1_fom - Converted",
				"texture_width": 16,
				"texture_height": 16,
				"visible_bounds_width": 4,
				"visible_bounds_height": 2.5,
				"visible_bounds_offset": [0, 0.75, 0]
			},
			"bones": [
				{
					"name": "bone",
					"pivot": [0, 0, -1.5625],
					"cubes": [
						{
							"origin": [-0.20711, -0.5, -0.70312],
							"size": [0.41422, 1, 0.4375],
							"uv": {
								"north": {"uv": [8, 1], "uv_size": [0.5, 1]},
								"south": {"uv": [7, 8], "uv_size": [0.5, 1]},
								"up": {"uv": [8, 9], "uv_size": [0.5, 0.5]},
								"down": {"uv": [9, 8.5], "uv_size": [0.5, -0.5]}
							}
						},
						{
							"origin": [-0.5, -0.20711, -0.70312],
							"size": [1, 0.41421, 0.4375],
							"uv": {
								"north": {"uv": [8, 8], "uv_size": [1, 0.5]},
								"east": {"uv": [9, 9], "uv_size": [0.5, 0.5]},
								"south": {"uv": [9, 1], "uv_size": [1, 0.5]},
								"west": {"uv": [0, 10], "uv_size": [0.5, 0.5]}
							}
						},
						{
							"origin": [-0.5, -0.20711, -0.70312],
							"size": [1, 0.41421, 0.4375],
							"pivot": [0, 0, -0.20312],
							"rotation": [0, 0, 45],
							"uv": {
								"north": {"uv": [9, 4], "uv_size": [1, 0.5]},
								"east": {"uv": [1, 10], "uv_size": [0.5, 0.5]},
								"south": {"uv": [9, 5], "uv_size": [1, 0.5]},
								"west": {"uv": [10, 1], "uv_size": [0.5, 0.5]}
							}
						},
						{
							"origin": [-0.20711, -0.5, -0.70312],
							"size": [0.41422, 1, 0.4375],
							"pivot": [0, 0, -0.20312],
							"rotation": [0, 0, 45],
							"uv": {
								"north": {"uv": [6, 9], "uv_size": [0.5, 1]},
								"south": {"uv": [7, 9], "uv_size": [0.5, 1]},
								"up": {"uv": [10, 2], "uv_size": [0.5, 0.5]},
								"down": {"uv": [10, 3.5], "uv_size": [0.5, -0.5]}
							}
						},
						{
							"origin": [-0.1864, -0.44999, -3.23437],
							"size": [0.3728, 0.14999, 3.25],
							"uv": {
								"north": {"uv": [10, 4], "uv_size": [0.5, 0.5]},
								"east": {"uv": [0, 0], "uv_size": [3.5, 0.5]},
								"south": {"uv": [10, 5], "uv_size": [0.5, 0.5]},
								"west": {"uv": [0, 1], "uv_size": [3.5, 0.5]},
								"up": {"uv": [0, 2], "uv_size": [0.5, 3.5]},
								"down": {"uv": [1, 5.5], "uv_size": [0.5, -3.5]}
							}
						},
						{
							"origin": [-0.1864, 0.30001, -3.23437],
							"size": [0.3728, 0.14999, 3.25],
							"uv": {
								"north": {"uv": [6, 10], "uv_size": [0.5, 0.5]},
								"east": {"uv": [2, 2], "uv_size": [3.5, 0.5]},
								"south": {"uv": [10, 6], "uv_size": [0.5, 0.5]},
								"west": {"uv": [2, 3], "uv_size": [3.5, 0.5]},
								"up": {"uv": [2, 4], "uv_size": [0.5, 3.5]},
								"down": {"uv": [3, 7.5], "uv_size": [0.5, -3.5]}
							}
						},
						{
							"origin": [0.3, -0.18641, -3.23437],
							"size": [0.15, 0.37281, 3.25],
							"uv": {
								"north": {"uv": [7, 10], "uv_size": [0.5, 0.5]},
								"east": {"uv": [4, 0], "uv_size": [3.5, 0.5]},
								"south": {"uv": [10, 7], "uv_size": [0.5, 0.5]},
								"west": {"uv": [4, 1], "uv_size": [3.5, 0.5]},
								"up": {"uv": [4, 4], "uv_size": [0.5, 3.5]},
								"down": {"uv": [5, 7.5], "uv_size": [0.5, -3.5]}
							}
						},
						{
							"origin": [-0.45, -0.18641, -3.23437],
							"size": [0.15, 0.37281, 3.25],
							"uv": {
								"north": {"uv": [8, 10], "uv_size": [0.5, 0.5]},
								"east": {"uv": [6, 2], "uv_size": [3.5, 0.5]},
								"south": {"uv": [10, 8], "uv_size": [0.5, 0.5]},
								"west": {"uv": [6, 3], "uv_size": [3.5, 0.5]},
								"up": {"uv": [0, 6], "uv_size": [0.5, 3.5]},
								"down": {"uv": [1, 9.5], "uv_size": [0.5, -3.5]}
							}
						},
						{
							"origin": [-0.18639, 0.30001, -3.35937],
							"size": [0.37278, 0.15, 0.62499],
							"pivot": [0, 0, -2.5625],
							"rotation": [0, 0, 45],
							"uv": {
								"north": {"uv": [9, 10], "uv_size": [0.5, 0.5]},
								"east": {"uv": [10, 9], "uv_size": [0.5, 0.5]},
								"south": {"uv": [10, 10], "uv_size": [0.5, 0.5]},
								"west": {"uv": [0, 11], "uv_size": [0.5, 0.5]},
								"up": {"uv": [11, 0], "uv_size": [0.5, 0.5]},
								"down": {"uv": [1, 11.5], "uv_size": [0.5, -0.5]}
							}
						},
						{
							"origin": [0.29999, -0.18639, -3.35937],
							"size": [0.15002, 0.37279, 0.62499],
							"pivot": [0, 0, -2.5625],
							"rotation": [0, 0, 45],
							"uv": {
								"north": {"uv": [11, 1], "uv_size": [0.5, 0.5]},
								"east": {"uv": [2, 11], "uv_size": [0.5, 0.5]},
								"south": {"uv": [11, 2], "uv_size": [0.5, 0.5]},
								"west": {"uv": [3, 11], "uv_size": [0.5, 0.5]},
								"up": {"uv": [11, 3], "uv_size": [0.5, 0.5]},
								"down": {"uv": [4, 11.5], "uv_size": [0.5, -0.5]}
							}
						},
						{
							"origin": [-0.45, -0.18639, -3.35937],
							"size": [0.14999, 0.37279, 0.62499],
							"pivot": [0, 0, -2.5625],
							"rotation": [0, 0, 45],
							"uv": {
								"north": {"uv": [11, 4], "uv_size": [0.5, 0.5]},
								"east": {"uv": [5, 11], "uv_size": [0.5, 0.5]},
								"south": {"uv": [11, 5], "uv_size": [0.5, 0.5]},
								"west": {"uv": [6, 11], "uv_size": [0.5, 0.5]},
								"up": {"uv": [11, 6], "uv_size": [0.5, 0.5]},
								"down": {"uv": [7, 11.5], "uv_size": [0.5, -0.5]}
							}
						},
						{
							"origin": [-0.18639, -0.45001, -3.35937],
							"size": [0.37278, 0.15001, 0.62499],
							"pivot": [0, 0, -2.5625],
							"rotation": [0, 0, 45],
							"uv": {
								"north": {"uv": [11, 7], "uv_size": [0.5, 0.5]},
								"east": {"uv": [8, 11], "uv_size": [0.5, 0.5]},
								"south": {"uv": [11, 8], "uv_size": [0.5, 0.5]},
								"west": {"uv": [9, 11], "uv_size": [0.5, 0.5]},
								"up": {"uv": [11, 9], "uv_size": [0.5, 0.5]},
								"down": {"uv": [10, 11.5], "uv_size": [0.5, -0.5]}
							}
						},
						{
							"origin": [-0.45, -0.18639, -2.48437],
							"size": [0.14999, 0.37279, 2.49999],
							"pivot": [0, 0, -1.5625],
							"rotation": [0, 0, 45],
							"uv": {
								"north": {"uv": [11, 10], "uv_size": [0.5, 0.5]},
								"east": {"uv": [6, 4], "uv_size": [2.5, 0.5]},
								"south": {"uv": [11, 11], "uv_size": [0.5, 0.5]},
								"west": {"uv": [6, 5], "uv_size": [2.5, 0.5]},
								"up": {"uv": [6, 6], "uv_size": [0.5, 2.5]}
							}
						},
						{
							"origin": [0.29999, -0.18639, -2.48437],
							"size": [0.15002, 0.37279, 2.49999],
							"pivot": [0, 0, -1.5625],
							"rotation": [0, 0, 45],
							"uv": {
								"north": {"uv": [0, 12], "uv_size": [0.5, 0.5]},
								"east": {"uv": [7, 6], "uv_size": [2.5, 0.5]},
								"south": {"uv": [12, 0], "uv_size": [0.5, 0.5]},
								"west": {"uv": [7, 7], "uv_size": [2.5, 0.5]}
							}
						},
						{
							"origin": [-0.18639, -0.45001, -2.48437],
							"size": [0.37278, 0.15001, 2.49999],
							"pivot": [0, 0, -1.5625],
							"rotation": [0, 0, 45],
							"uv": {
								"north": {"uv": [1, 12], "uv_size": [0.5, 0.5]},
								"south": {"uv": [12, 1], "uv_size": [0.5, 0.5]},
								"up": {"uv": [2, 8], "uv_size": [0.5, 2.5]},
								"down": {"uv": [3, 10.5], "uv_size": [0.5, -2.5]}
							}
						},
						{
							"origin": [-0.18639, 0.30001, -2.48437],
							"size": [0.37278, 0.15, 2.49999],
							"pivot": [0, 0, -1.5625],
							"rotation": [0, 0, 45],
							"uv": {
								"north": {"uv": [2, 12], "uv_size": [0.5, 0.5]},
								"east": {"uv": [8, 0], "uv_size": [2.5, 0.5]},
								"south": {"uv": [12, 2], "uv_size": [0.5, 0.5]},
								"up": {"uv": [4, 8], "uv_size": [0.5, 2.5]},
								"down": {"uv": [5, 10.5], "uv_size": [0.5, -2.5]}
							}
						}
					]
				}
			]
		}
	]
}