{
	"format_version": "1.12.0",
	"minecraft:geometry": [
		{
			"description": {
				"identifier": "geometry.unknown",
				"texture_width": 32,
				"texture_height": 32,
				"visible_bounds_width": 2,
				"visible_bounds_height": 1.5,
				"visible_bounds_offset": [0, 0.25, 0]
			},
			"bones": [
				{
					"name": "muzzle_silencer_knight_qd",
					"pivot": [8, 0, -0.04687],
					"cubes": [
						{
							"origin": [-0.735, -0.30445, -8.00562],
							"size": [0.49, 0.60889, 8],
							"uv": {
								"north": {"uv": [18, 21], "uv_size": [0.5, 0.5]},
								"east": {"uv": [0, 0], "uv_size": [8, 0.5]},
								"south": {"uv": [19, 21], "uv_size": [0.5, 0.5]},
								"west": {"uv": [0, 1], "uv_size": [8, 0.5]},
								"up": {"uv": [0, 2], "uv_size": [0.5, 8]},
								"down": {"uv": [1, 10], "uv_size": [0.5, -8]}
							}
						},
						{
							"origin": [-0.735, -0.30445, -8.00562],
							"size": [0.49, 0.60889, 8],
							"pivot": [0, 0, -7.92187],
							"rotation": [0, 0, 45],
							"uv": {
								"north": {"uv": [21, 19], "uv_size": [0.5, 0.5]},
								"east": {"uv": [2, 2], "uv_size": [8, 0.5]},
								"south": {"uv": [20, 21], "uv_size": [0.5, 0.5]},
								"west": {"uv": [2, 3], "uv_size": [8, 0.5]},
								"up": {"uv": [2, 4], "uv_size": [0.5, 8]},
								"down": {"uv": [3, 12], "uv_size": [0.5, -8]}
							}
						},
						{
							"origin": [0.245, -0.30445, -8.00562],
							"size": [0.49, 0.60889, 8],
							"uv": {
								"north": {"uv": [21, 20], "uv_size": [0.5, 0.5]},
								"east": {"uv": [4, 4], "uv_size": [8, 0.5]},
								"south": {"uv": [21, 21], "uv_size": [0.5, 0.5]},
								"west": {"uv": [4, 5], "uv_size": [8, 0.5]},
								"up": {"uv": [4, 6], "uv_size": [0.5, 8]},
								"down": {"uv": [5, 14], "uv_size": [0.5, -8]}
							}
						},
						{
							"origin": [0.245, -0.30445, -8.00562],
							"size": [0.49, 0.60889, 8],
							"pivot": [0, 0, -7.92187],
							"rotation": [0, 0, 45],
							"uv": {
								"north": {"uv": [2, 22], "uv_size": [0.5, 0.5]},
								"east": {"uv": [6, 6], "uv_size": [8, 0.5]},
								"south": {"uv": [3, 22], "uv_size": [0.5, 0.5]},
								"west": {"uv": [6, 7], "uv_size": [8, 0.5]},
								"up": {"uv": [6, 8], "uv_size": [0.5, 8]},
								"down": {"uv": [7, 16], "uv_size": [0.5, -8]}
							}
						},
						{
							"origin": [-0.30445, 0.245, -8.00562],
							"size": [0.60889, 0.49, 8],
							"uv": {
								"north": {"uv": [22, 4], "uv_size": [0.5, 0.5]},
								"east": {"uv": [8, 0], "uv_size": [8, 0.5]},
								"south": {"uv": [22, 5], "uv_size": [0.5, 0.5]},
								"west": {"uv": [8, 1], "uv_size": [8, 0.5]},
								"up": {"uv": [8, 8], "uv_size": [0.5, 8]},
								"down": {"uv": [9, 16], "uv_size": [0.5, -8]}
							}
						},
						{
							"origin": [-0.30445, 0.245, -8.00562],
							"size": [0.60889, 0.49, 8],
							"pivot": [0, 0, -7.92187],
							"rotation": [0, 0, 45],
							"uv": {
								"north": {"uv": [22, 6], "uv_size": [0.5, 0.5]},
								"east": {"uv": [10, 2], "uv_size": [8, 0.5]},
								"south": {"uv": [22, 7], "uv_size": [0.5, 0.5]},
								"west": {"uv": [10, 3], "uv_size": [8, 0.5]},
								"up": {"uv": [0, 10], "uv_size": [0.5, 8]},
								"down": {"uv": [1, 18], "uv_size": [0.5, -8]}
							}
						},
						{
							"origin": [-0.30445, -0.735, -8.00562],
							"size": [0.60889, 0.49, 8],
							"uv": {
								"north": {"uv": [22, 10], "uv_size": [0.5, 0.5]},
								"east": {"uv": [10, 8], "uv_size": [8, 0.5]},
								"south": {"uv": [22, 11], "uv_size": [0.5, 0.5]},
								"west": {"uv": [10, 9], "uv_size": [8, 0.5]},
								"up": {"uv": [10, 10], "uv_size": [0.5, 8]},
								"down": {"uv": [11, 18], "uv_size": [0.5, -8]}
							}
						},
						{
							"origin": [-0.30445, -0.735, -8.00562],
							"size": [0.60889, 0.49, 8],
							"pivot": [0, 0, -7.92187],
							"rotation": [0, 0, 45],
							"uv": {
								"north": {"uv": [12, 22], "uv_size": [0.5, 0.5]},
								"east": {"uv": [12, 4], "uv_size": [8, 0.5]},
								"south": {"uv": [22, 12], "uv_size": [0.5, 0.5]},
								"west": {"uv": [12, 5], "uv_size": [8, 0.5]},
								"up": {"uv": [2, 12], "uv_size": [0.5, 8]},
								"down": {"uv": [3, 20], "uv_size": [0.5, -8]}
							}
						},
						{
							"origin": [-0.90405, -0.37447, -7.76614],
							"size": [0.6027, 0.74894, 6.625],
							"uv": {
								"north": {"uv": [13, 22], "uv_size": [0.5, 0.5]},
								"east": {"uv": [12, 10], "uv_size": [6.5, 0.5]},
								"south": {"uv": [22, 13], "uv_size": [0.5, 0.5]},
								"west": {"uv": [12, 11], "uv_size": [6.5, 0.5]},
								"up": {"uv": [12, 12], "uv_size": [0.5, 6.5]},
								"down": {"uv": [13, 18.5], "uv_size": [0.5, -6.5]}
							}
						},
						{
							"origin": [-0.90405, -0.37447, -7.76614],
							"size": [0.6027, 0.74894, 6.625],
							"pivot": [0, 0, -7.92187],
							"rotation": [0, 0, 45],
							"uv": {
								"north": {"uv": [14, 22], "uv_size": [0.5, 0.5]},
								"east": {"uv": [14, 6], "uv_size": [6.5, 0.5]},
								"south": {"uv": [15, 22], "uv_size": [0.5, 0.5]},
								"west": {"uv": [14, 7], "uv_size": [6.5, 0.5]},
								"up": {"uv": [4, 14], "uv_size": [0.5, 6.5]},
								"down": {"uv": [5, 20.5], "uv_size": [0.5, -6.5]}
							}
						},
						{
							"origin": [0.30135, -0.37447, -7.76614],
							"size": [0.6027, 0.74894, 6.625],
							"uv": {
								"north": {"uv": [18, 22], "uv_size": [0.5, 0.5]},
								"east": {"uv": [14, 12], "uv_size": [6.5, 0.5]},
								"south": {"uv": [22, 18], "uv_size": [0.5, 0.5]},
								"west": {"uv": [14, 13], "uv_size": [6.5, 0.5]},
								"up": {"uv": [14, 14], "uv_size": [0.5, 6.5]},
								"down": {"uv": [15, 20.5], "uv_size": [0.5, -6.5]}
							}
						},
						{
							"origin": [0.30135, -0.37447, -7.76614],
							"size": [0.6027, 0.74894, 6.625],
							"pivot": [0, 0, -7.92187],
							"rotation": [0, 0, 45],
							"uv": {
								"north": {"uv": [19, 22], "uv_size": [0.5, 0.5]},
								"east": {"uv": [16, 0], "uv_size": [6.5, 0.5]},
								"south": {"uv": [22, 19], "uv_size": [0.5, 0.5]},
								"west": {"uv": [16, 1], "uv_size": [6.5, 0.5]},
								"up": {"uv": [6, 16], "uv_size": [0.5, 6.5]},
								"down": {"uv": [7, 22.5], "uv_size": [0.5, -6.5]}
							}
						},
						{
							"origin": [-0.37447, 0.30135, -7.76614],
							"size": [0.74894, 0.6027, 6.625],
							"uv": {
								"north": {"uv": [20, 22], "uv_size": [0.5, 0.5]},
								"east": {"uv": [16, 14], "uv_size": [6.5, 0.5]},
								"south": {"uv": [22, 20], "uv_size": [0.5, 0.5]},
								"west": {"uv": [16, 15], "uv_size": [6.5, 0.5]},
								"up": {"uv": [8, 16], "uv_size": [0.5, 6.5]},
								"down": {"uv": [9, 22.5], "uv_size": [0.5, -6.5]}
							}
						},
						{
							"origin": [-0.37447, 0.30135, -7.76614],
							"size": [0.74894, 0.6027, 6.625],
							"pivot": [0, 0, -7.92187],
							"rotation": [0, 0, 45],
							"uv": {
								"north": {"uv": [21, 22], "uv_size": [0.5, 0.5]},
								"east": {"uv": [16, 16], "uv_size": [6.5, 0.5]},
								"south": {"uv": [22, 21], "uv_size": [0.5, 0.5]},
								"west": {"uv": [16, 17], "uv_size": [6.5, 0.5]},
								"up": {"uv": [0, 18], "uv_size": [0.5, 6.5]},
								"down": {"uv": [1, 24.5], "uv_size": [0.5, -6.5]}
							}
						},
						{
							"origin": [-0.37447, -0.90405, -7.76614],
							"size": [0.74894, 0.6027, 6.625],
							"uv": {
								"north": {"uv": [22, 22], "uv_size": [0.5, 0.5]},
								"east": {"uv": [18, 2], "uv_size": [6.5, 0.5]},
								"south": {"uv": [23, 0], "uv_size": [0.5, 0.5]},
								"west": {"uv": [18, 3], "uv_size": [6.5, 0.5]},
								"up": {"uv": [10, 18], "uv_size": [0.5, 6.5]},
								"down": {"uv": [11, 24.5], "uv_size": [0.5, -6.5]}
							}
						},
						{
							"origin": [-0.37447, -0.90405, -7.76614],
							"size": [0.74894, 0.6027, 6.625],
							"pivot": [0, 0, -7.92187],
							"rotation": [0, 0, 45],
							"uv": {
								"north": {"uv": [23, 1], "uv_size": [0.5, 0.5]},
								"east": {"uv": [18, 8], "uv_size": [6.5, 0.5]},
								"south": {"uv": [2, 23], "uv_size": [0.5, 0.5]},
								"west": {"uv": [18, 9], "uv_size": [6.5, 0.5]},
								"up": {"uv": [16, 18], "uv_size": [0.5, 6.5]},
								"down": {"uv": [17, 24.5], "uv_size": [0.5, -6.5]}
							}
						},
						{
							"origin": [-0.79792, -0.33051, -1.05243],
							"size": [1.59583, 0.66102, 0.875],
							"pivot": [0, 0, 0],
							"rotation": [0, 0, 22.5],
							"uv": {
								"north": {"uv": [20, 4], "uv_size": [1.5, 0.5]},
								"east": {"uv": [21, 10], "uv_size": [1, 0.5]},
								"south": {"uv": [20, 5], "uv_size": [1.5, 0.5]},
								"west": {"uv": [21, 11], "uv_size": [1, 0.5]},
								"up": {"uv": [18, 18], "uv_size": [1.5, 1]},
								"down": {"uv": [19, 11], "uv_size": [1.5, -1]}
							}
						},
						{
							"origin": [-0.79792, -0.33051, -1.05243],
							"size": [1.59583, 0.66102, 0.875],
							"pivot": [0, 0, 3.20313],
							"rotation": [0, 0, 67.5],
							"uv": {
								"north": {"uv": [12, 20], "uv_size": [1.5, 0.5]},
								"east": {"uv": [12, 21], "uv_size": [1, 0.5]},
								"south": {"uv": [20, 18], "uv_size": [1.5, 0.5]},
								"west": {"uv": [21, 12], "uv_size": [1, 0.5]},
								"up": {"uv": [19, 11], "uv_size": [1.5, 1]},
								"down": {"uv": [12, 20], "uv_size": [1.5, -1]}
							}
						},
						{
							"origin": [-0.33051, -0.79792, -1.05243],
							"size": [0.66102, 1.59583, 0.875],
							"pivot": [0, 0, 0],
							"rotation": [0, 0, 22.5],
							"uv": {
								"north": {"uv": [20, 19], "uv_size": [0.5, 1.5]},
								"east": {"uv": [18, 19], "uv_size": [1, 1.5]},
								"south": {"uv": [4, 21], "uv_size": [0.5, 1.5]},
								"west": {"uv": [19, 19], "uv_size": [1, 1.5]},
								"up": {"uv": [13, 21], "uv_size": [0.5, 1]},
								"down": {"uv": [21, 14], "uv_size": [0.5, -1]}
							}
						},
						{
							"origin": [-0.33051, -0.79792, -1.05243],
							"size": [0.66102, 1.59583, 0.875],
							"pivot": [0, 0, 3.20313],
							"rotation": [0, 0, 67.5],
							"uv": {
								"north": {"uv": [5, 21], "uv_size": [0.5, 1.5]},
								"east": {"uv": [2, 20], "uv_size": [1, 1.5]},
								"south": {"uv": [21, 6], "uv_size": [0.5, 1.5]},
								"west": {"uv": [3, 20], "uv_size": [1, 1.5]},
								"up": {"uv": [14, 21], "uv_size": [0.5, 1]},
								"down": {"uv": [15, 22], "uv_size": [0.5, -1]}
							}
						}
					]
				}
			]
		}
	]
}