{
	"format_version": "1.12.0",
	"minecraft:geometry": [
		{
			"description": {
				"identifier": "geometry.unknown",
				"texture_width": 512,
				"texture_height": 512,
				"visible_bounds_width": 17,
				"visible_bounds_height": 17,
				"visible_bounds_offset": [0, 0.5, 0]
			},
			"bones": [
				{
					"name": "bb_main",
					"pivot": [0, 0, 0]
				},
				{
					"name": "scope_body",
					"pivot": [0, 0, 0]
				},
				{
					"name": "base",
					"parent": "scope_body",
					"pivot": [0, 1.875, -6],
					"cubes": [
						{
							"origin": [0.75, -0.375, -0.65533],
							"size": [0.25, 0.75, 0.31066],
							"uv": {
								"east": {"uv": [29, 27], "uv_size": [0.5, 1]},
								"west": {"uv": [28, 29], "uv_size": [0.5, 1]},
								"up": {"uv": [25, 33], "uv_size": [0.5, 0.5]},
								"down": {"uv": [33, 25.5], "uv_size": [0.5, -0.5]}
							}
						},
						{
							"origin": [0.75, -0.375, -0.65533],
							"size": [0.25, 0.75, 0.31066],
							"pivot": [1.25, 0, -0.5],
							"rotation": [-45, 0, 0],
							"uv": {
								"east": {"uv": [29, 26], "uv_size": [0.5, 1]},
								"west": {"uv": [27, 29], "uv_size": [0.5, 1]},
								"up": {"uv": [24, 33], "uv_size": [0.5, 0.5]},
								"down": {"uv": [33, 24.5], "uv_size": [0.5, -0.5]}
							}
						},
						{
							"origin": [0.75, -0.15533, -0.875],
							"size": [0.25, 0.31066, 0.75],
							"uv": {
								"north": {"uv": [23, 33], "uv_size": [0.5, 0.5]},
								"east": {"uv": [29, 25], "uv_size": [1, 0.5]},
								"south": {"uv": [33, 23], "uv_size": [0.5, 0.5]},
								"west": {"uv": [26, 29], "uv_size": [1, 0.5]}
							}
						},
						{
							"origin": [0.75, -0.15533, -0.875],
							"size": [0.25, 0.31066, 0.75],
							"pivot": [1.25, 0, -0.5],
							"rotation": [-45, 0, 0],
							"uv": {
								"north": {"uv": [22, 33], "uv_size": [0.5, 0.5]},
								"east": {"uv": [29, 24], "uv_size": [1, 0.5]},
								"south": {"uv": [33, 22], "uv_size": [0.5, 0.5]},
								"west": {"uv": [25, 29], "uv_size": [1, 0.5]}
							}
						},
						{
							"origin": [0.75, -0.15533, -4.375],
							"size": [0.25, 0.31066, 0.75],
							"pivot": [1.25, 0, -4],
							"rotation": [-45, 0, 0],
							"uv": {
								"north": {"uv": [29, 33], "uv_size": [0.5, 0.5]},
								"east": {"uv": [2, 30], "uv_size": [1, 0.5]},
								"south": {"uv": [33, 29], "uv_size": [0.5, 0.5]},
								"west": {"uv": [30, 2], "uv_size": [1, 0.5]}
							}
						},
						{
							"origin": [0.75, -0.15533, -4.375],
							"size": [0.25, 0.31066, 0.75],
							"uv": {
								"north": {"uv": [28, 33], "uv_size": [0.5, 0.5]},
								"east": {"uv": [1, 30], "uv_size": [1, 0.5]},
								"south": {"uv": [33, 28], "uv_size": [0.5, 0.5]},
								"west": {"uv": [30, 1], "uv_size": [1, 0.5]}
							}
						},
						{
							"origin": [0.75, -0.375, -4.15533],
							"size": [0.25, 0.75, 0.31066],
							"pivot": [1.25, 0, -4],
							"rotation": [-45, 0, 0],
							"uv": {
								"east": {"uv": [0, 30], "uv_size": [0.5, 1]},
								"west": {"uv": [30, 0], "uv_size": [0.5, 1]},
								"up": {"uv": [27, 33], "uv_size": [0.5, 0.5]},
								"down": {"uv": [33, 27.5], "uv_size": [0.5, -0.5]}
							}
						},
						{
							"origin": [0.75, -0.375, -4.15533],
							"size": [0.25, 0.75, 0.31066],
							"uv": {
								"east": {"uv": [29, 28], "uv_size": [0.5, 1]},
								"west": {"uv": [29, 29], "uv_size": [0.5, 1]},
								"up": {"uv": [26, 33], "uv_size": [0.5, 0.5]},
								"down": {"uv": [33, 26.5], "uv_size": [0.5, -0.5]}
							}
						},
						{
							"origin": [-0.9125, 1.54881, -2.25],
							"size": [1.825, 0.65239, 1],
							"uv": {
								"north": {"uv": [19, 13], "uv_size": [2, 0.5]},
								"east": {"uv": [28, 18], "uv_size": [1, 0.5]},
								"south": {"uv": [15, 19], "uv_size": [2, 0.5]},
								"west": {"uv": [19, 28], "uv_size": [1, 0.5]},
								"up": {"uv": [10, 13], "uv_size": [2, 1]},
								"down": {"uv": [10, 15], "uv_size": [2, -1]}
							}
						},
						{
							"origin": [0.6, 1.42381, -2.125],
							"size": [0.25, 0.90239, 0.25],
							"pivot": [0.725, 1.875, -2],
							"rotation": [0, -45, 0],
							"uv": {
								"north": {"uv": [29, 8], "uv_size": [0.5, 1]},
								"east": {"uv": [9, 29], "uv_size": [0.5, 1]},
								"south": {"uv": [29, 9], "uv_size": [0.5, 1]},
								"west": {"uv": [10, 29], "uv_size": [0.5, 1]},
								"up": {"uv": [14, 33], "uv_size": [0.5, 0.5]},
								"down": {"uv": [33, 14.5], "uv_size": [0.5, -0.5]}
							}
						},
						{
							"origin": [0.6, 1.42381, -1.625],
							"size": [0.25, 0.90239, 0.25],
							"pivot": [0.725, 1.875, -1.5],
							"rotation": [0, -45, 0],
							"uv": {
								"north": {"uv": [29, 10], "uv_size": [0.5, 1]},
								"east": {"uv": [11, 29], "uv_size": [0.5, 1]},
								"south": {"uv": [29, 11], "uv_size": [0.5, 1]},
								"west": {"uv": [12, 29], "uv_size": [0.5, 1]},
								"up": {"uv": [15, 33], "uv_size": [0.5, 0.5]},
								"down": {"uv": [33, 15.5], "uv_size": [0.5, -0.5]}
							}
						},
						{
							"origin": [-0.85, 1.42381, -1.625],
							"size": [0.25, 0.90239, 0.25],
							"pivot": [-0.725, 1.875, -1.5],
							"rotation": [0, 45, 0],
							"uv": {
								"north": {"uv": [29, 14], "uv_size": [0.5, 1]},
								"east": {"uv": [15, 29], "uv_size": [0.5, 1]},
								"south": {"uv": [29, 15], "uv_size": [0.5, 1]},
								"west": {"uv": [16, 29], "uv_size": [0.5, 1]},
								"up": {"uv": [17, 33], "uv_size": [0.5, 0.5]},
								"down": {"uv": [33, 17.5], "uv_size": [0.5, -0.5]}
							}
						},
						{
							"origin": [-0.85, 1.42381, -2.125],
							"size": [0.25, 0.90239, 0.25],
							"pivot": [-0.725, 1.875, -2],
							"rotation": [0, 45, 0],
							"uv": {
								"north": {"uv": [29, 12], "uv_size": [0.5, 1]},
								"east": {"uv": [13, 29], "uv_size": [0.5, 1]},
								"south": {"uv": [29, 13], "uv_size": [0.5, 1]},
								"west": {"uv": [14, 29], "uv_size": [0.5, 1]},
								"up": {"uv": [16, 33], "uv_size": [0.5, 0.5]},
								"down": {"uv": [33, 16.5], "uv_size": [0.5, -0.5]}
							}
						},
						{
							"origin": [-0.85, 1.42381, -5.875],
							"size": [0.25, 0.90239, 0.25],
							"pivot": [-0.725, 1.875, -5.75],
							"rotation": [0, 45, 0],
							"uv": {
								"north": {"uv": [29, 22], "uv_size": [0.5, 1]},
								"east": {"uv": [23, 29], "uv_size": [0.5, 1]},
								"south": {"uv": [29, 23], "uv_size": [0.5, 1]},
								"west": {"uv": [24, 29], "uv_size": [0.5, 1]},
								"up": {"uv": [21, 33], "uv_size": [0.5, 0.5]},
								"down": {"uv": [33, 21.5], "uv_size": [0.5, -0.5]}
							}
						},
						{
							"origin": [-0.85, 1.42381, -6.375],
							"size": [0.25, 0.90239, 0.25],
							"pivot": [-0.725, 1.875, -6.25],
							"rotation": [0, 45, 0],
							"uv": {
								"north": {"uv": [29, 20], "uv_size": [0.5, 1]},
								"east": {"uv": [21, 29], "uv_size": [0.5, 1]},
								"south": {"uv": [29, 21], "uv_size": [0.5, 1]},
								"west": {"uv": [22, 29], "uv_size": [0.5, 1]},
								"up": {"uv": [20, 33], "uv_size": [0.5, 0.5]},
								"down": {"uv": [33, 20.5], "uv_size": [0.5, -0.5]}
							}
						},
						{
							"origin": [0.6, 1.42381, -6.375],
							"size": [0.25, 0.90239, 0.25],
							"pivot": [0.725, 1.875, -6.25],
							"rotation": [0, -45, 0],
							"uv": {
								"north": {"uv": [29, 18], "uv_size": [0.5, 1]},
								"east": {"uv": [19, 29], "uv_size": [0.5, 1]},
								"south": {"uv": [29, 19], "uv_size": [0.5, 1]},
								"west": {"uv": [20, 29], "uv_size": [0.5, 1]},
								"up": {"uv": [19, 33], "uv_size": [0.5, 0.5]},
								"down": {"uv": [33, 19.5], "uv_size": [0.5, -0.5]}
							}
						},
						{
							"origin": [0.6, 1.42381, -5.875],
							"size": [0.25, 0.90239, 0.25],
							"pivot": [0.725, 1.875, -5.75],
							"rotation": [0, -45, 0],
							"uv": {
								"north": {"uv": [29, 16], "uv_size": [0.5, 1]},
								"east": {"uv": [17, 29], "uv_size": [0.5, 1]},
								"south": {"uv": [29, 17], "uv_size": [0.5, 1]},
								"west": {"uv": [18, 29], "uv_size": [0.5, 1]},
								"up": {"uv": [18, 33], "uv_size": [0.5, 0.5]},
								"down": {"uv": [33, 18.5], "uv_size": [0.5, -0.5]}
							}
						},
						{
							"origin": [-0.7875, 1.54881, -2.25],
							"size": [1.575, 0.65239, 1],
							"pivot": [0, 1.875, -1.75],
							"rotation": [0, 0, 45],
							"uv": {
								"north": {"uv": [10, 26], "uv_size": [1.5, 0.5]},
								"east": {"uv": [17, 28], "uv_size": [1, 0.5]},
								"south": {"uv": [26, 10], "uv_size": [1.5, 0.5]},
								"west": {"uv": [18, 28], "uv_size": [1, 0.5]}
							}
						},
						{
							"origin": [-0.32619, 1.0875, -2.25],
							"size": [0.65239, 1.575, 1],
							"uv": {
								"north": {"uv": [7, 26], "uv_size": [0.5, 1.5]},
								"east": {"uv": [10, 15], "uv_size": [1, 1.5]},
								"south": {"uv": [26, 8], "uv_size": [0.5, 1.5]},
								"west": {"uv": [11, 15], "uv_size": [1, 1.5]},
								"up": {"uv": [15, 28], "uv_size": [0.5, 1]},
								"down": {"uv": [16, 29], "uv_size": [0.5, -1]}
							}
						},
						{
							"origin": [-0.32619, 1.0875, -2.25],
							"size": [0.65239, 1.575, 1],
							"pivot": [0, 1.875, -1.75],
							"rotation": [0, 0, 45],
							"uv": {
								"north": {"uv": [26, 5], "uv_size": [0.5, 1.5]},
								"south": {"uv": [6, 26], "uv_size": [0.5, 1.5]},
								"up": {"uv": [13, 28], "uv_size": [0.5, 1]},
								"down": {"uv": [14, 29], "uv_size": [0.5, -1]}
							}
						},
						{
							"origin": [-0.32619, 1.0875, -6.5],
							"size": [0.65239, 1.575, 1],
							"pivot": [0, 1.875, -6],
							"rotation": [0, 0, 45],
							"uv": {
								"north": {"uv": [15, 26], "uv_size": [0.5, 1.5]},
								"south": {"uv": [26, 15], "uv_size": [0.5, 1.5]},
								"up": {"uv": [28, 23], "uv_size": [0.5, 1]},
								"down": {"uv": [28, 25], "uv_size": [0.5, -1]}
							}
						},
						{
							"origin": [-0.32619, 1.0875, -6.5],
							"size": [0.65239, 1.575, 1],
							"uv": {
								"north": {"uv": [26, 12], "uv_size": [0.5, 1.5]},
								"east": {"uv": [15, 14], "uv_size": [1, 1.5]},
								"south": {"uv": [14, 26], "uv_size": [0.5, 1.5]},
								"west": {"uv": [0, 16], "uv_size": [1, 1.5]},
								"up": {"uv": [22, 28], "uv_size": [0.5, 1]},
								"down": {"uv": [28, 23], "uv_size": [0.5, -1]}
							}
						},
						{
							"origin": [-0.375, 0.63438, -6.5],
							"size": [0.75, 0.82813, 1],
							"uv": {
								"north": {"uv": [20, 7], "uv_size": [1, 1]},
								"east": {"uv": [20, 8], "uv_size": [1, 1]},
								"south": {"uv": [9, 20], "uv_size": [1, 1]},
								"west": {"uv": [10, 20], "uv_size": [1, 1]}
							}
						},
						{
							"origin": [-0.375, 0.625, -2.25],
							"size": [0.75, 0.8375, 1],
							"uv": {
								"north": {"uv": [5, 20], "uv_size": [1, 1]},
								"east": {"uv": [20, 5], "uv_size": [1, 1]},
								"south": {"uv": [6, 20], "uv_size": [1, 1]},
								"west": {"uv": [20, 6], "uv_size": [1, 1]}
							}
						},
						{
							"origin": [-0.375, 0.875, -2.25],
							"size": [0.75, 0.5, 0.25],
							"pivot": [0, 1.125, -2.75],
							"rotation": [-45, 0, 0],
							"uv": {
								"north": {"uv": [2, 29], "uv_size": [1, 0.5]},
								"east": {"uv": [6, 33], "uv_size": [0.5, 0.5]},
								"west": {"uv": [33, 6], "uv_size": [0.5, 0.5]}
							}
						},
						{
							"origin": [-0.7875, 1.54881, -6.5],
							"size": [1.575, 0.65239, 1],
							"pivot": [0, 1.875, -6],
							"rotation": [0, 0, 45],
							"uv": {
								"north": {"uv": [26, 11], "uv_size": [1.5, 0.5]},
								"east": {"uv": [21, 28], "uv_size": [1, 0.5]},
								"south": {"uv": [12, 26], "uv_size": [1.5, 0.5]},
								"west": {"uv": [28, 21], "uv_size": [1, 0.5]}
							}
						},
						{
							"origin": [-0.9125, 1.54881, -6.5],
							"size": [1.825, 0.65239, 1],
							"uv": {
								"north": {"uv": [18, 19], "uv_size": [2, 0.5]},
								"east": {"uv": [28, 19], "uv_size": [1, 0.5]},
								"south": {"uv": [1, 20], "uv_size": [2, 0.5]},
								"west": {"uv": [20, 28], "uv_size": [1, 0.5]},
								"up": {"uv": [14, 10], "uv_size": [2, 1]},
								"down": {"uv": [14, 12], "uv_size": [2, -1]}
							}
						},
						{
							"origin": [-0.625, -0.25, -4.5],
							"size": [1.25, 0.5, 1],
							"uv": {
								"north": {"uv": [26, 18], "uv_size": [1.5, 0.5]},
								"east": {"uv": [25, 28], "uv_size": [1, 0.5]},
								"south": {"uv": [26, 19], "uv_size": [1.5, 0.5]},
								"west": {"uv": [28, 25], "uv_size": [1, 0.5]},
								"up": {"uv": [16, 10], "uv_size": [1.5, 1]},
								"down": {"uv": [16, 12], "uv_size": [1.5, -1]}
							}
						},
						{
							"origin": [-0.375, 0.125, -5.5],
							"size": [0.75, 0.5, 2],
							"uv": {
								"east": {"uv": [3, 20], "uv_size": [2, 0.5]},
								"west": {"uv": [20, 3], "uv_size": [2, 0.5]},
								"up": {"uv": [12, 14], "uv_size": [1, 2]},
								"down": {"uv": [14, 14], "uv_size": [1, -2]}
							}
						},
						{
							"origin": [-0.375, 0.75888, -3.96967],
							"size": [0.75, 0.25, 0.375],
							"pivot": [0, 1.00888, -2.96967],
							"rotation": [45, 0, 0],
							"uv": {
								"east": {"uv": [13, 34], "uv_size": [0.5, 0.5]},
								"west": {"uv": [34, 13], "uv_size": [0.5, 0.5]},
								"down": {"uv": [30, 3.5], "uv_size": [1, -0.5]}
							}
						},
						{
							"origin": [-0.375, 0.375, -3.5],
							"size": [0.75, 0.25, 2.25],
							"uv": {
								"east": {"uv": [4, 19], "uv_size": [2.5, 0.5]},
								"west": {"uv": [19, 4], "uv_size": [2.5, 0.5]},
								"up": {"uv": [11, 10], "uv_size": [1, 2.5]},
								"down": {"uv": [9, 14.5], "uv_size": [1, -2.5]}
							}
						},
						{
							"origin": [-0.375, 0.125, -1],
							"size": [0.75, 0.375, 0],
							"uv": {
								"north": {"uv": [29, 6], "uv_size": [1, 0.5]},
								"east": {"uv": [0, 0], "uv_size": [0, 0.5]},
								"south": {"uv": [7, 29], "uv_size": [1, 0.5]},
								"west": {"uv": [0, 0], "uv_size": [0, 0.5]},
								"up": {"uv": [0, 0], "uv_size": [1, 0]},
								"down": {"uv": [0, 0], "uv_size": [1, 0]}
							}
						},
						{
							"origin": [-0.375, 0.3125, -1.55178],
							"size": [0.75, 0.3125, 1],
							"pivot": [0, 0.5, -1.17678],
							"rotation": [-45, 0, 0],
							"uv": {
								"east": {"uv": [29, 7], "uv_size": [1, 0.5]},
								"west": {"uv": [8, 29], "uv_size": [1, 0.5]},
								"up": {"uv": [12, 20], "uv_size": [1, 1]},
								"down": {"uv": [13, 21], "uv_size": [1, -1]}
							}
						},
						{
							"origin": [-0.1875, 0.625, -5.5],
							"size": [0.375, 0.25, 3.25],
							"uv": {
								"east": {"uv": [15, 12], "uv_size": [3.5, 0.5]},
								"west": {"uv": [15, 13], "uv_size": [3.5, 0.5]},
								"up": {"uv": [9, 15], "uv_size": [0.5, 3.5]}
							}
						},
						{
							"origin": [-0.1875, 0.125, -5.5],
							"size": [0.375, 0.25, 0.5],
							"pivot": [0, 0.75, -3.875],
							"rotation": [-22.5, 0, 0],
							"uv": {
								"east": {"uv": [7, 33], "uv_size": [0.5, 0.5]},
								"west": {"uv": [33, 7], "uv_size": [0.5, 0.5]},
								"up": {"uv": [8, 33], "uv_size": [0.5, 0.5]}
							}
						},
						{
							"origin": [-0.1875, 0.125, -2.75],
							"size": [0.375, 0.25, 0.5],
							"pivot": [0, 0.75, -3.875],
							"rotation": [22.5, 0, 0],
							"uv": {
								"east": {"uv": [33, 8], "uv_size": [0.5, 0.5]},
								"west": {"uv": [9, 33], "uv_size": [0.5, 0.5]},
								"up": {"uv": [33, 9], "uv_size": [0.5, 0.5]}
							}
						},
						{
							"origin": [-0.375, 0.125, -6.625],
							"size": [0.75, 0.5, 1.125],
							"pivot": [0, 0.125, -5.5],
							"rotation": [-27, 0, 0],
							"uv": {
								"east": {"uv": [28, 28], "uv_size": [1, 0.5]},
								"west": {"uv": [1, 29], "uv_size": [1, 0.5]},
								"up": {"uv": [10, 12], "uv_size": [1, 1]},
								"down": {"uv": [9, 20], "uv_size": [1, -1]}
							}
						},
						{
							"origin": [-0.625, -0.25, -1],
							"size": [1.25, 0.5, 1],
							"uv": {
								"north": {"uv": [26, 21], "uv_size": [1.5, 0.5]},
								"east": {"uv": [26, 28], "uv_size": [1, 0.5]},
								"south": {"uv": [26, 22], "uv_size": [1.5, 0.5]},
								"west": {"uv": [28, 27], "uv_size": [1, 0.5]},
								"down": {"uv": [12, 17], "uv_size": [1.5, -1]}
							}
						},
						{
							"origin": [-0.375, 0.25, -1],
							"size": [0.75, 0.25, 1],
							"uv": {
								"north": {"uv": [29, 2], "uv_size": [1, 0.5]},
								"south": {"uv": [4, 29], "uv_size": [1, 0.5]},
								"up": {"uv": [11, 20], "uv_size": [1, 1]}
							}
						},
						{
							"origin": [0.14017, -0.06694, -1],
							"size": [0.35355, 0.25, 1],
							"pivot": [0.64017, 0.05806, -0.5],
							"rotation": [0, 0, 45],
							"uv": {
								"north": {"uv": [10, 33], "uv_size": [0.5, 0.5]},
								"south": {"uv": [33, 10], "uv_size": [0.5, 0.5]},
								"up": {"uv": [29, 4], "uv_size": [0.5, 1]}
							}
						},
						{
							"origin": [-0.49372, -0.06694, -1],
							"size": [0.35355, 0.25, 1],
							"pivot": [-0.64017, 0.05806, -0.5],
							"rotation": [0, 0, -45],
							"uv": {
								"north": {"uv": [11, 33], "uv_size": [0.5, 0.5]},
								"south": {"uv": [33, 11], "uv_size": [0.5, 0.5]},
								"up": {"uv": [5, 29], "uv_size": [0.5, 1]}
							}
						},
						{
							"origin": [-0.49372, -0.06694, -4.5],
							"size": [0.35355, 0.25, 1],
							"pivot": [-0.64017, 0.05806, -4],
							"rotation": [0, 0, -45],
							"uv": {
								"north": {"uv": [13, 33], "uv_size": [0.5, 0.5]},
								"south": {"uv": [33, 13], "uv_size": [0.5, 0.5]},
								"up": {"uv": [6, 29], "uv_size": [0.5, 1]}
							}
						},
						{
							"origin": [0.14017, -0.06694, -4.5],
							"size": [0.35355, 0.25, 1],
							"pivot": [0.64017, 0.05806, -4],
							"rotation": [0, 0, 45],
							"uv": {
								"north": {"uv": [12, 33], "uv_size": [0.5, 0.5]},
								"south": {"uv": [33, 12], "uv_size": [0.5, 0.5]},
								"up": {"uv": [29, 5], "uv_size": [0.5, 1]}
							}
						},
						{
							"origin": [-0.6875, -0.125, -0.625],
							"size": [1.4375, 0.25, 0.25],
							"pivot": [1, 0, -0.5],
							"rotation": [-45, 0, 0],
							"uv": {
								"north": {"uv": [26, 25], "uv_size": [1.5, 0.5]},
								"east": {"uv": [5, 33], "uv_size": [0.5, 0.5]},
								"south": {"uv": [0, 27], "uv_size": [1.5, 0.5]},
								"west": {"uv": [33, 5], "uv_size": [0.5, 0.5]},
								"up": {"uv": [2, 27], "uv_size": [1.5, 0.5]},
								"down": {"uv": [27, 2.5], "uv_size": [1.5, -0.5]}
							}
						},
						{
							"origin": [-0.6875, -0.125, -4.125],
							"size": [1.4375, 0.25, 0.25],
							"pivot": [1, 0, -4],
							"rotation": [-45, 0, 0],
							"uv": {
								"north": {"uv": [23, 26], "uv_size": [1.5, 0.5]},
								"east": {"uv": [4, 33], "uv_size": [0.5, 0.5]},
								"south": {"uv": [26, 23], "uv_size": [1.5, 0.5]},
								"west": {"uv": [33, 4], "uv_size": [0.5, 0.5]},
								"up": {"uv": [26, 24], "uv_size": [1.5, 0.5]},
								"down": {"uv": [25, 26.5], "uv_size": [1.5, -0.5]}
							}
						}
					]
				},
				{
					"name": "scope",
					"parent": "scope_body",
					"pivot": [0, 1.875, -4.5],
					"cubes": [
						{
							"origin": [-0.13924, 2.45, -8.25],
							"size": [0.27848, 0.125, 7.5],
							"pivot": [0, 1.875, -4.5],
							"rotation": [0, 0, 180],
							"uv": {
								"north": {"uv": [32, 20], "uv_size": [0.5, 0.5]},
								"up": {"uv": [9, 4], "uv_size": [0.5, 7.5]},
								"down": {"uv": [1, 17.5], "uv_size": [0.5, -7.5]}
							}
						},
						{
							"origin": [0.51198, 2.3817, 1.23802],
							"size": [0.1875, 0.25, 1.875],
							"pivot": [0.60573, 2.5067, 2.23802],
							"rotation": [0, 5, 45],
							"uv": {
								"east": {"uv": [21, 7], "uv_size": [2, 0.5]},
								"south": {"uv": [30, 33], "uv_size": [0.5, 0.5]},
								"west": {"uv": [8, 21], "uv_size": [2, 0.5]},
								"up": {"uv": [21, 8], "uv_size": [0.5, 2]}
							}
						},
						{
							"origin": [0.70762, 2.1008, 1.23802],
							"size": [0.1875, 0.25, 1.875],
							"pivot": [0.80137, 2.22681, 2.23802],
							"rotation": [0, 5, 67.5],
							"uv": {
								"east": {"uv": [12, 21], "uv_size": [2, 0.5]},
								"south": {"uv": [31, 33], "uv_size": [0.5, 0.5]},
								"west": {"uv": [21, 13], "uv_size": [2, 0.5]},
								"up": {"uv": [21, 14], "uv_size": [0.5, 2]}
							}
						},
						{
							"origin": [0.78125, 1.7674, 1.23802],
							"size": [0.1875, 0.25, 1.875],
							"pivot": [0.875, 1.89336, 2.23802],
							"rotation": [0, 5, 90],
							"uv": {
								"east": {"uv": [21, 16], "uv_size": [2, 0.5]},
								"south": {"uv": [33, 31], "uv_size": [0.5, 0.5]},
								"west": {"uv": [21, 17], "uv_size": [2, 0.5]},
								"up": {"uv": [21, 18], "uv_size": [0.5, 2]}
							}
						},
						{
							"origin": [0.22413, 2.5644, 1.23802],
							"size": [0.1875, 0.25, 1.875],
							"pivot": [0.31788, 2.69042, 2.23802],
							"rotation": [0, 5, 22.5],
							"uv": {
								"east": {"uv": [10, 21], "uv_size": [2, 0.5]},
								"south": {"uv": [33, 30], "uv_size": [0.5, 0.5]},
								"west": {"uv": [21, 10], "uv_size": [2, 0.5]},
								"up": {"uv": [21, 11], "uv_size": [0.5, 2]}
							}
						},
						{
							"origin": [0.72016, 1.43212, 1.27272],
							"size": [0.1875, 0.25, 1.875],
							"pivot": [0.41736, 1.27884, 2.23802],
							"rotation": [0, 5, 180],
							"uv": {
								"east": {"uv": [8, 22], "uv_size": [2, 0.5]},
								"south": {"uv": [0, 34], "uv_size": [0.5, 0.5]},
								"west": {"uv": [22, 8], "uv_size": [2, 0.5]},
								"up": {"uv": [10, 22], "uv_size": [0.5, 2]}
							}
						},
						{
							"origin": [0.46146, 1.31806, 1.25008],
							"size": [0.1875, 0.25, 1.875],
							"pivot": [0.41736, 1.27884, 2.23802],
							"rotation": [0, 5, 157.5],
							"uv": {
								"east": {"uv": [22, 4], "uv_size": [2, 0.5]},
								"south": {"uv": [33, 33], "uv_size": [0.5, 0.5]},
								"west": {"uv": [5, 22], "uv_size": [2, 0.5]},
								"up": {"uv": [7, 22], "uv_size": [0.5, 2]}
							}
						},
						{
							"origin": [0.17899, 1.3111, 1.22537],
							"size": [0.1875, 0.25, 1.875],
							"pivot": [0.41736, 1.27884, 2.23802],
							"rotation": [0, 5, 135],
							"uv": {
								"east": {"uv": [2, 22], "uv_size": [2, 0.5]},
								"south": {"uv": [33, 32], "uv_size": [0.5, 0.5]},
								"west": {"uv": [22, 3], "uv_size": [2, 0.5]},
								"up": {"uv": [4, 22], "uv_size": [0.5, 2]}
							}
						},
						{
							"origin": [-0.08425, 1.4141, 1.20234],
							"size": [0.1875, 0.25, 1.875],
							"pivot": [0.41736, 1.27884, 2.23802],
							"rotation": [0, 5, 112.5],
							"uv": {
								"east": {"uv": [20, 21], "uv_size": [2, 0.5]},
								"south": {"uv": [32, 33], "uv_size": [0.5, 0.5]},
								"west": {"uv": [21, 20], "uv_size": [2, 0.5]},
								"up": {"uv": [22, 0], "uv_size": [0.5, 2]}
							}
						},
						{
							"origin": [-0.11374, 2.624, 1.27527],
							"size": [0.1875, 0.25, 1.875],
							"pivot": [-0.44573, 1.90555, 2.23802],
							"rotation": [0, 5, 0],
							"uv": {
								"east": {"uv": [23, 7], "uv_size": [2, 0.5]},
								"south": {"uv": [4, 34], "uv_size": [0.5, 0.5]},
								"west": {"uv": [8, 23], "uv_size": [2, 0.5]},
								"up": {"uv": [23, 10], "uv_size": [0.5, 2]}
							}
						},
						{
							"origin": [-0.15882, 2.45663, 1.27133],
							"size": [0.1875, 0.25, 1.875],
							"pivot": [-0.44573, 1.90555, 2.23802],
							"rotation": [0, 5, -22.5],
							"uv": {
								"east": {"uv": [2, 23], "uv_size": [2, 0.5]},
								"south": {"uv": [34, 3], "uv_size": [0.5, 0.5]},
								"west": {"uv": [5, 23], "uv_size": [2, 0.5]},
								"up": {"uv": [23, 5], "uv_size": [0.5, 2]}
							}
						},
						{
							"origin": [-0.26463, 2.31743, 1.26207],
							"size": [0.1875, 0.25, 1.875],
							"pivot": [-0.44573, 1.90555, 2.23802],
							"rotation": [0, 5, -45],
							"uv": {
								"east": {"uv": [0, 23], "uv_size": [2, 0.5]},
								"south": {"uv": [3, 34], "uv_size": [0.5, 0.5]},
								"west": {"uv": [23, 0], "uv_size": [2, 0.5]},
								"up": {"uv": [23, 1], "uv_size": [0.5, 2]}
							}
						},
						{
							"origin": [-0.41508, 2.23039, 1.24891],
							"size": [0.1875, 0.25, 1.875],
							"pivot": [-0.44573, 1.90555, 2.23802],
							"rotation": [0, 5, -67.5],
							"uv": {
								"east": {"uv": [22, 19], "uv_size": [2, 0.5]},
								"south": {"uv": [34, 2], "uv_size": [0.5, 0.5]},
								"west": {"uv": [22, 21], "uv_size": [2, 0.5]},
								"up": {"uv": [22, 22], "uv_size": [0.5, 2]}
							}
						},
						{
							"origin": [-0.58763, 2.20791, 1.23381],
							"size": [0.1875, 0.25, 1.875],
							"pivot": [-0.44573, 1.90555, 2.23802],
							"rotation": [0, 5, -90],
							"uv": {
								"east": {"uv": [22, 18], "uv_size": [2, 0.5]},
								"south": {"uv": [2, 34], "uv_size": [0.5, 0.5]},
								"west": {"uv": [19, 22], "uv_size": [2, 0.5]},
								"up": {"uv": [21, 22], "uv_size": [0.5, 2]}
							}
						},
						{
							"origin": [-0.75564, 2.25333, 1.21911],
							"size": [0.1875, 0.25, 1.875],
							"pivot": [-0.44573, 1.90555, 2.23802],
							"rotation": [0, 5, -112.5],
							"uv": {
								"east": {"uv": [22, 15], "uv_size": [2, 0.5]},
								"south": {"uv": [34, 1], "uv_size": [0.5, 0.5]},
								"west": {"uv": [16, 22], "uv_size": [2, 0.5]},
								"up": {"uv": [18, 22], "uv_size": [0.5, 2]}
							}
						},
						{
							"origin": [-0.89353, 2.3609, 1.20705],
							"size": [0.1875, 0.25, 1.875],
							"pivot": [-0.44573, 1.90555, 2.23802],
							"rotation": [0, 5, -135],
							"uv": {
								"east": {"uv": [13, 22], "uv_size": [2, 0.5]},
								"south": {"uv": [1, 34], "uv_size": [0.5, 0.5]},
								"west": {"uv": [22, 14], "uv_size": [2, 0.5]},
								"up": {"uv": [15, 22], "uv_size": [0.5, 2]}
							}
						},
						{
							"origin": [-0.9803, 2.51128, 1.19946],
							"size": [0.1875, 0.25, 1.875],
							"pivot": [-0.44573, 1.90555, 2.23802],
							"rotation": [0, 5, -157.5],
							"uv": {
								"east": {"uv": [22, 9], "uv_size": [2, 0.5]},
								"south": {"uv": [34, 0], "uv_size": [0.5, 0.5]},
								"west": {"uv": [11, 22], "uv_size": [2, 0.5]},
								"up": {"uv": [22, 11], "uv_size": [0.5, 2]}
							}
						},
						{
							"origin": [-1, 1.67609, -0.25],
							"size": [2, 0.39782, 1.5],
							"pivot": [0, 1.875, 2.75],
							"rotation": [0, 0, 22.5],
							"uv": {
								"north": {"uv": [6, 21], "uv_size": [2, 0.5]},
								"east": {"uv": [27, 14], "uv_size": [1.5, 0.5]},
								"south": {"uv": [21, 6], "uv_size": [2, 0.5]},
								"west": {"uv": [27, 15], "uv_size": [1.5, 0.5]}
							}
						},
						{
							"origin": [-1, 1.67609, -0.25],
							"size": [2, 0.39782, 1.5],
							"uv": {
								"north": {"uv": [4, 21], "uv_size": [2, 0.5]},
								"east": {"uv": [27, 12], "uv_size": [1.5, 0.5]},
								"south": {"uv": [21, 5], "uv_size": [2, 0.5]},
								"west": {"uv": [27, 13], "uv_size": [1.5, 0.5]}
							}
						},
						{
							"origin": [-1, 1.67609, -0.25],
							"size": [2, 0.39782, 1.5],
							"pivot": [0, 1.875, 2.75],
							"rotation": [0, 0, -22.5],
							"uv": {
								"north": {"uv": [2, 21], "uv_size": [2, 0.5]},
								"east": {"uv": [27, 9], "uv_size": [1.5, 0.5]},
								"south": {"uv": [21, 2], "uv_size": [2, 0.5]},
								"west": {"uv": [12, 27], "uv_size": [1.5, 0.5]}
							}
						},
						{
							"origin": [-0.19891, 0.875, -0.25],
							"size": [0.39782, 2, 1.5],
							"pivot": [0, 1.875, 2.75],
							"rotation": [0, 0, 45],
							"uv": {
								"north": {"uv": [21, 0], "uv_size": [0.5, 2]},
								"south": {"uv": [1, 21], "uv_size": [0.5, 2]},
								"up": {"uv": [10, 27], "uv_size": [0.5, 1.5]},
								"down": {"uv": [11, 28.5], "uv_size": [0.5, -1.5]}
							}
						},
						{
							"origin": [-0.19891, 0.875, -0.25],
							"size": [0.39782, 2, 1.5],
							"pivot": [0, 1.875, 2.75],
							"rotation": [0, 0, 22.5],
							"uv": {
								"north": {"uv": [20, 19], "uv_size": [0.5, 2]},
								"south": {"uv": [0, 21], "uv_size": [0.5, 2]},
								"up": {"uv": [8, 27], "uv_size": [0.5, 1.5]},
								"down": {"uv": [9, 28.5], "uv_size": [0.5, -1.5]}
							}
						},
						{
							"origin": [-0.19891, 0.875, -0.25],
							"size": [0.39782, 2, 1.5],
							"uv": {
								"north": {"uv": [18, 20], "uv_size": [0.5, 2]},
								"south": {"uv": [19, 20], "uv_size": [0.5, 2]},
								"up": {"uv": [27, 5], "uv_size": [0.5, 1.5]},
								"down": {"uv": [27, 8.5], "uv_size": [0.5, -1.5]}
							}
						},
						{
							"origin": [-0.19891, 0.875, -0.25],
							"size": [0.39782, 2, 1.5],
							"pivot": [0, 1.875, 2.75],
							"rotation": [0, 0, -22.5],
							"uv": {
								"north": {"uv": [16, 20], "uv_size": [0.5, 2]},
								"south": {"uv": [17, 20], "uv_size": [0.5, 2]},
								"up": {"uv": [4, 27], "uv_size": [0.5, 1.5]},
								"down": {"uv": [5, 28.5], "uv_size": [0.5, -1.5]}
							}
						},
						{
							"origin": [-0.19891, 0.875, -0.25],
							"size": [0.39782, 2, 1.5],
							"pivot": [0, 1.875, 2.75],
							"rotation": [0, 0, -45],
							"uv": {
								"north": {"uv": [14, 20], "uv_size": [0.5, 2]},
								"south": {"uv": [15, 20], "uv_size": [0.5, 2]},
								"up": {"uv": [18, 26], "uv_size": [0.5, 1.5]},
								"down": {"uv": [27, 4.5], "uv_size": [0.5, -1.5]}
							}
						},
						{
							"origin": [-0.19891, 0.875, 3],
							"size": [0.39782, 2, 0.25],
							"pivot": [0, 1.875, 4.75],
							"rotation": [0, 0, -45],
							"uv": {
								"north": {"uv": [24, 3], "uv_size": [0.5, 2]},
								"south": {"uv": [4, 24], "uv_size": [0.5, 2]},
								"up": {"uv": [34, 11], "uv_size": [0.5, 0.5]},
								"down": {"uv": [12, 34.5], "uv_size": [0.5, -0.5]}
							}
						},
						{
							"origin": [-0.19891, 0.875, 3],
							"size": [0.39782, 2, 0.25],
							"pivot": [0, 1.875, 4.75],
							"rotation": [0, 0, -22.5],
							"uv": {
								"north": {"uv": [2, 24], "uv_size": [0.5, 2]},
								"south": {"uv": [3, 24], "uv_size": [0.5, 2]},
								"up": {"uv": [34, 10], "uv_size": [0.5, 0.5]},
								"down": {"uv": [11, 34.5], "uv_size": [0.5, -0.5]}
							}
						},
						{
							"origin": [-0.19891, 0.875, 3],
							"size": [0.39782, 2, 0.25],
							"uv": {
								"north": {"uv": [1, 24], "uv_size": [0.5, 2]},
								"south": {"uv": [24, 1], "uv_size": [0.5, 2]},
								"up": {"uv": [34, 9], "uv_size": [0.5, 0.5]},
								"down": {"uv": [10, 34.5], "uv_size": [0.5, -0.5]}
							}
						},
						{
							"origin": [-0.19891, 0.875, 3],
							"size": [0.39782, 2, 0.25],
							"pivot": [0, 1.875, 4.75],
							"rotation": [0, 0, 22.5],
							"uv": {
								"north": {"uv": [23, 22], "uv_size": [0.5, 2]},
								"south": {"uv": [0, 24], "uv_size": [0.5, 2]},
								"up": {"uv": [34, 8], "uv_size": [0.5, 0.5]},
								"down": {"uv": [9, 34.5], "uv_size": [0.5, -0.5]}
							}
						},
						{
							"origin": [-0.19891, 0.875, 3],
							"size": [0.39782, 2, 0.25],
							"pivot": [0, 1.875, 4.75],
							"rotation": [0, 0, 45],
							"uv": {
								"north": {"uv": [19, 23], "uv_size": [0.5, 2]},
								"south": {"uv": [20, 23], "uv_size": [0.5, 2]},
								"up": {"uv": [34, 7], "uv_size": [0.5, 0.5]},
								"down": {"uv": [8, 34.5], "uv_size": [0.5, -0.5]}
							}
						},
						{
							"origin": [-1, 1.67609, 3],
							"size": [2, 0.39782, 0.25],
							"pivot": [0, 1.875, 4.75],
							"rotation": [0, 0, -22.5],
							"uv": {
								"north": {"uv": [16, 23], "uv_size": [2, 0.5]},
								"east": {"uv": [34, 6], "uv_size": [0.5, 0.5]},
								"south": {"uv": [23, 16], "uv_size": [2, 0.5]},
								"west": {"uv": [7, 34], "uv_size": [0.5, 0.5]}
							}
						},
						{
							"origin": [-1, 1.67609, 3],
							"size": [2, 0.39782, 0.25],
							"uv": {
								"north": {"uv": [13, 23], "uv_size": [2, 0.5]},
								"east": {"uv": [34, 5], "uv_size": [0.5, 0.5]},
								"south": {"uv": [23, 13], "uv_size": [2, 0.5]},
								"west": {"uv": [6, 34], "uv_size": [0.5, 0.5]}
							}
						},
						{
							"origin": [-1, 1.67609, 3],
							"size": [2, 0.39782, 0.25],
							"pivot": [0, 1.875, 4.75],
							"rotation": [0, 0, 22.5],
							"uv": {
								"north": {"uv": [11, 23], "uv_size": [2, 0.5]},
								"east": {"uv": [34, 4], "uv_size": [0.5, 0.5]},
								"south": {"uv": [23, 12], "uv_size": [2, 0.5]},
								"west": {"uv": [5, 34], "uv_size": [0.5, 0.5]}
							}
						},
						{
							"origin": [-0.9, 1.69598, 1.25],
							"size": [1.8, 0.35804, 2.25],
							"pivot": [0, 1.875, 3.375],
							"rotation": [0, 0, 22.5],
							"uv": {
								"east": {"uv": [18, 2], "uv_size": [2.5, 0.5]},
								"west": {"uv": [4, 18], "uv_size": [2.5, 0.5]}
							}
						},
						{
							"origin": [-0.9, 1.69598, 1.25],
							"size": [1.8, 0.35804, 2.25],
							"uv": {
								"east": {"uv": [1, 18], "uv_size": [2.5, 0.5]},
								"west": {"uv": [18, 1], "uv_size": [2.5, 0.5]}
							}
						},
						{
							"origin": [-0.9, 1.69598, 1.25],
							"size": [1.8, 0.35804, 2.25],
							"pivot": [0, 1.875, 3.375],
							"rotation": [0, 0, -22.5],
							"uv": {
								"east": {"uv": [17, 3], "uv_size": [2.5, 0.5]},
								"west": {"uv": [18, 0], "uv_size": [2.5, 0.5]}
							}
						},
						{
							"origin": [-0.17902, 0.975, 1.25],
							"size": [0.35804, 1.8, 2.25],
							"pivot": [0, 1.875, 3.375],
							"rotation": [0, 0, 45],
							"uv": {
								"up": {"uv": [17, 17], "uv_size": [0.5, 2.5]},
								"down": {"uv": [0, 20.5], "uv_size": [0.5, -2.5]}
							}
						},
						{
							"origin": [-0.17902, 0.975, 1.25],
							"size": [0.35804, 1.8, 2.25],
							"pivot": [0, 1.875, 3.375],
							"rotation": [0, 0, 22.5],
							"uv": {
								"up": {"uv": [13, 17], "uv_size": [0.5, 2.5]},
								"down": {"uv": [17, 16.5], "uv_size": [0.5, -2.5]}
							}
						},
						{
							"origin": [-0.17902, 0.975, 1.25],
							"size": [0.35804, 1.8, 2.25],
							"uv": {
								"up": {"uv": [11, 17], "uv_size": [0.5, 2.5]},
								"down": {"uv": [12, 19.5], "uv_size": [0.5, -2.5]}
							}
						},
						{
							"origin": [-0.17902, 0.975, 1.25],
							"size": [0.35804, 1.8, 2.25],
							"pivot": [0, 1.875, 3.375],
							"rotation": [0, 0, -22.5],
							"uv": {
								"up": {"uv": [17, 0], "uv_size": [0.5, 2.5]},
								"down": {"uv": [10, 19.5], "uv_size": [0.5, -2.5]}
							}
						},
						{
							"origin": [-0.17902, 0.975, 1.25],
							"size": [0.35804, 1.8, 2.25],
							"pivot": [0, 1.875, 3.375],
							"rotation": [0, 0, -45],
							"uv": {
								"up": {"uv": [15, 16], "uv_size": [0.5, 2.5]},
								"down": {"uv": [16, 18.5], "uv_size": [0.5, -2.5]}
							}
						},
						{
							"origin": [-0.7, 1.73576, -8.25],
							"size": [0.125, 0.27848, 7.5],
							"pivot": [0, 1.875, -4.5],
							"rotation": [0, 0, 22.5],
							"uv": {
								"north": {"uv": [31, 27], "uv_size": [0.5, 0.5]},
								"east": {"uv": [9, 2], "uv_size": [7.5, 0.5]},
								"west": {"uv": [9, 3], "uv_size": [7.5, 0.5]}
							}
						},
						{
							"origin": [-0.7, 1.73576, -8.25],
							"size": [0.125, 0.27848, 7.5],
							"uv": {
								"north": {"uv": [27, 31], "uv_size": [0.5, 0.5]},
								"east": {"uv": [1, 9], "uv_size": [7.5, 0.5]},
								"west": {"uv": [9, 1], "uv_size": [7.5, 0.5]}
							}
						},
						{
							"origin": [-0.7, 1.73576, -8.25],
							"size": [0.125, 0.27848, 7.5],
							"pivot": [0, 1.875, -4.5],
							"rotation": [0, 0, -22.5],
							"uv": {
								"north": {"uv": [31, 26], "uv_size": [0.5, 0.5]},
								"east": {"uv": [1, 8], "uv_size": [7.5, 0.5]},
								"west": {"uv": [9, 0], "uv_size": [7.5, 0.5]}
							}
						},
						{
							"origin": [-0.13924, 1.175, -8.25],
							"size": [0.27848, 0.125, 7.5],
							"pivot": [0, 1.875, -4.5],
							"rotation": [0, 0, 45],
							"uv": {
								"north": {"uv": [26, 31], "uv_size": [0.5, 0.5]},
								"up": {"uv": [0, 8], "uv_size": [0.5, 7.5]},
								"down": {"uv": [8, 7.5], "uv_size": [0.5, -7.5]}
							}
						},
						{
							"origin": [-0.13924, 1.175, -8.25],
							"size": [0.27848, 0.125, 7.5],
							"pivot": [0, 1.875, -4.5],
							"rotation": [0, 0, 22.5],
							"uv": {
								"north": {"uv": [31, 25], "uv_size": [0.5, 0.5]},
								"up": {"uv": [6, 0], "uv_size": [0.5, 7.5]},
								"down": {"uv": [7, 7.5], "uv_size": [0.5, -7.5]}
							}
						},
						{
							"origin": [-0.13924, 2.45, -8.25],
							"size": [0.27848, 0.125, 7.5],
							"uv": {
								"north": {"uv": [25, 31], "uv_size": [0.5, 0.5]},
								"up": {"uv": [4, 0], "uv_size": [0.5, 7.5]},
								"down": {"uv": [5, 7.5], "uv_size": [0.5, -7.5]}
							}
						},
						{
							"origin": [-0.13924, 2.01665, -1.22861],
							"size": [0.27848, 0.585, 0],
							"pivot": [0, 1.875, -0.49837],
							"rotation": [-59.25, 0, 0],
							"uv": {
								"north": {"uv": [28, 31], "uv_size": [0.5, 0.5]}
							}
						},
						{
							"origin": [0.06252, 2.03043, -1.22762],
							"size": [0.06115, 0.5818, 0],
							"pivot": [0, 1.875, -0.49837],
							"rotation": [-59.11152, 5.15397, 3.07606],
							"uv": {
								"north": {"uv": [31, 28], "uv_size": [0.5, 0.5]}
							}
						},
						{
							"origin": [-0.12367, 2.03043, -1.22762],
							"size": [0.06115, 0.5818, 0],
							"pivot": [0, 1.875, -0.49837],
							"rotation": [-59.11152, -5.15397, -3.07606],
							"uv": {
								"north": {"uv": [29, 31], "uv_size": [0.5, 0.5]}
							}
						},
						{
							"origin": [-0.13924, 1.14835, -1.22861],
							"size": [0.27848, 0.585, 0],
							"pivot": [0, 1.875, -0.49837],
							"rotation": [59.25, 0, 0],
							"uv": {
								"north": {"uv": [31, 30], "uv_size": [0.5, 0.5]}
							}
						},
						{
							"origin": [-0.12367, 1.13777, -1.22762],
							"size": [0.06115, 0.5818, 0],
							"pivot": [0, 1.875, -0.49837],
							"rotation": [59.11152, -5.15397, 3.07606],
							"uv": {
								"north": {"uv": [30, 31], "uv_size": [0.5, 0.5]}
							}
						},
						{
							"origin": [0.06252, 1.13777, -1.22762],
							"size": [0.06115, 0.5818, 0],
							"pivot": [0, 1.875, -0.49837],
							"rotation": [59.11152, 5.15397, -3.07606],
							"uv": {
								"north": {"uv": [31, 29], "uv_size": [0.5, 0.5]}
							}
						},
						{
							"origin": [-0.12367, 2.03043, -1.22762],
							"size": [0.06115, 0.5818, 0],
							"pivot": [0, 1.875, -0.49837],
							"rotation": [-59.11152, -5.15397, 86.92394],
							"uv": {
								"north": {"uv": [2, 32], "uv_size": [0.5, 0.5]}
							}
						},
						{
							"origin": [-0.13924, 2.01665, -1.22861],
							"size": [0.27848, 0.585, 0],
							"pivot": [0, 1.875, -0.49837],
							"rotation": [-59.25, 0, 90],
							"uv": {
								"north": {"uv": [32, 1], "uv_size": [0.5, 0.5]}
							}
						},
						{
							"origin": [0.06252, 2.03043, -1.22762],
							"size": [0.06115, 0.5818, 0],
							"pivot": [0, 1.875, -0.49837],
							"rotation": [-59.11152, 5.15397, 93.07606],
							"uv": {
								"north": {"uv": [1, 32], "uv_size": [0.5, 0.5]}
							}
						},
						{
							"origin": [-0.13924, 1.14835, -1.22861],
							"size": [0.27848, 0.585, 0],
							"pivot": [0, 1.875, -0.49837],
							"rotation": [59.25, 0, 90],
							"uv": {
								"north": {"uv": [32, 0], "uv_size": [0.5, 0.5]}
							}
						},
						{
							"origin": [-0.12367, 1.13777, -1.22762],
							"size": [0.06115, 0.5818, 0],
							"pivot": [0, 1.875, -0.49837],
							"rotation": [59.11152, -5.15397, 93.07606],
							"uv": {
								"north": {"uv": [0, 32], "uv_size": [0.5, 0.5]}
							}
						},
						{
							"origin": [0.06252, 1.13777, -1.22762],
							"size": [0.06115, 0.5818, 0],
							"pivot": [0, 1.875, -0.49837],
							"rotation": [59.11152, 5.15397, 86.92394],
							"uv": {
								"north": {"uv": [31, 31], "uv_size": [0.5, 0.5]}
							}
						},
						{
							"origin": [-0.12367, 2.03043, -1.22762],
							"size": [0.06115, 0.5818, 0],
							"pivot": [0, 1.875, -0.49837],
							"rotation": [-59.11152, -5.15397, 41.92394],
							"uv": {
								"north": {"uv": [8, 32], "uv_size": [0.5, 0.5]}
							}
						},
						{
							"origin": [-0.13924, 2.01665, -1.22861],
							"size": [0.27848, 0.585, 0],
							"pivot": [0, 1.875, -0.49837],
							"rotation": [-59.25, 0, 45],
							"uv": {
								"north": {"uv": [32, 7], "uv_size": [0.5, 0.5]}
							}
						},
						{
							"origin": [0.06252, 2.03043, -1.22762],
							"size": [0.06115, 0.5818, 0],
							"pivot": [0, 1.875, -0.49837],
							"rotation": [-59.11152, 5.15397, 48.07606],
							"uv": {
								"north": {"uv": [7, 32], "uv_size": [0.5, 0.5]}
							}
						},
						{
							"origin": [-0.13924, 1.14835, -1.22861],
							"size": [0.27848, 0.585, 0],
							"pivot": [0, 1.875, -0.49837],
							"rotation": [59.25, 0, 45],
							"uv": {
								"north": {"uv": [32, 6], "uv_size": [0.5, 0.5]}
							}
						},
						{
							"origin": [-0.12367, 1.13777, -1.22762],
							"size": [0.06115, 0.5818, 0],
							"pivot": [0, 1.875, -0.49837],
							"rotation": [59.11152, -5.15397, 48.07606],
							"uv": {
								"north": {"uv": [6, 32], "uv_size": [0.5, 0.5]}
							}
						},
						{
							"origin": [0.06252, 1.13777, -1.22762],
							"size": [0.06115, 0.5818, 0],
							"pivot": [0, 1.875, -0.49837],
							"rotation": [59.11152, 5.15397, 41.92394],
							"uv": {
								"north": {"uv": [32, 5], "uv_size": [0.5, 0.5]}
							}
						},
						{
							"origin": [-0.12367, 2.03043, -1.22762],
							"size": [0.06115, 0.5818, 0],
							"pivot": [0, 1.875, -0.49837],
							"rotation": [-59.11152, -5.15397, -48.07606],
							"uv": {
								"north": {"uv": [5, 32], "uv_size": [0.5, 0.5]}
							}
						},
						{
							"origin": [0.06252, 2.03043, -1.22762],
							"size": [0.06115, 0.5818, 0],
							"pivot": [0, 1.875, -0.49837],
							"rotation": [-59.11152, 5.15397, -41.92394],
							"uv": {
								"north": {"uv": [32, 4], "uv_size": [0.5, 0.5]}
							}
						},
						{
							"origin": [-0.13924, 2.01665, -1.22861],
							"size": [0.27848, 0.585, 0],
							"pivot": [0, 1.875, -0.49837],
							"rotation": [-59.25, 0, -45],
							"uv": {
								"north": {"uv": [4, 32], "uv_size": [0.5, 0.5]}
							}
						},
						{
							"origin": [-0.13924, 1.14835, -1.22861],
							"size": [0.27848, 0.585, 0],
							"pivot": [0, 1.875, -0.49837],
							"rotation": [59.25, 0, -45],
							"uv": {
								"north": {"uv": [32, 3], "uv_size": [0.5, 0.5]}
							}
						},
						{
							"origin": [0.06252, 1.13777, -1.22762],
							"size": [0.06115, 0.5818, 0],
							"pivot": [0, 1.875, -0.49837],
							"rotation": [59.11152, 5.15397, -48.07606],
							"uv": {
								"north": {"uv": [3, 32], "uv_size": [0.5, 0.5]}
							}
						},
						{
							"origin": [-0.12367, 1.13777, -1.22762],
							"size": [0.06115, 0.5818, 0],
							"pivot": [0, 1.875, -0.49837],
							"rotation": [59.11152, -5.15397, -41.92394],
							"uv": {
								"north": {"uv": [32, 2], "uv_size": [0.5, 0.5]}
							}
						},
						{
							"origin": [-0.12367, 2.03043, -1.22762],
							"size": [0.06115, 0.5818, 0],
							"pivot": [0, 1.875, -0.49837],
							"rotation": [-59.11152, -5.15397, 19.42394],
							"uv": {
								"north": {"uv": [14, 32], "uv_size": [0.5, 0.5]}
							}
						},
						{
							"origin": [-0.13924, 2.01665, -1.22861],
							"size": [0.27848, 0.585, 0],
							"pivot": [0, 1.875, -0.49837],
							"rotation": [-59.25, 0, 22.5],
							"uv": {
								"north": {"uv": [32, 13], "uv_size": [0.5, 0.5]}
							}
						},
						{
							"origin": [0.06252, 2.03043, -1.22762],
							"size": [0.06115, 0.5818, 0],
							"pivot": [0, 1.875, -0.49837],
							"rotation": [-59.11152, 5.15397, 25.57606],
							"uv": {
								"north": {"uv": [13, 32], "uv_size": [0.5, 0.5]}
							}
						},
						{
							"origin": [-0.13924, 1.14835, -1.22861],
							"size": [0.27848, 0.585, 0],
							"pivot": [0, 1.875, -0.49837],
							"rotation": [59.25, 0, 22.5],
							"uv": {
								"north": {"uv": [32, 12], "uv_size": [0.5, 0.5]}
							}
						},
						{
							"origin": [-0.12367, 1.13777, -1.22762],
							"size": [0.06115, 0.5818, 0],
							"pivot": [0, 1.875, -0.49837],
							"rotation": [59.11152, -5.15397, 25.57606],
							"uv": {
								"north": {"uv": [12, 32], "uv_size": [0.5, 0.5]}
							}
						},
						{
							"origin": [0.06252, 1.13777, -1.22762],
							"size": [0.06115, 0.5818, 0],
							"pivot": [0, 1.875, -0.49837],
							"rotation": [59.11152, 5.15397, 19.42394],
							"uv": {
								"north": {"uv": [32, 11], "uv_size": [0.5, 0.5]}
							}
						},
						{
							"origin": [-0.12367, 2.03043, -1.22762],
							"size": [0.06115, 0.5818, 0],
							"pivot": [0, 1.875, -0.49837],
							"rotation": [-59.11152, -5.15397, -70.57606],
							"uv": {
								"north": {"uv": [11, 32], "uv_size": [0.5, 0.5]}
							}
						},
						{
							"origin": [0.06252, 2.03043, -1.22762],
							"size": [0.06115, 0.5818, 0],
							"pivot": [0, 1.875, -0.49837],
							"rotation": [-59.11152, 5.15397, -64.42394],
							"uv": {
								"north": {"uv": [32, 10], "uv_size": [0.5, 0.5]}
							}
						},
						{
							"origin": [-0.13924, 2.01665, -1.22861],
							"size": [0.27848, 0.585, 0],
							"pivot": [0, 1.875, -0.49837],
							"rotation": [-59.25, 0, -67.5],
							"uv": {
								"north": {"uv": [10, 32], "uv_size": [0.5, 0.5]}
							}
						},
						{
							"origin": [-0.13924, 1.14835, -1.22861],
							"size": [0.27848, 0.585, 0],
							"pivot": [0, 1.875, -0.49837],
							"rotation": [59.25, 0, -67.5],
							"uv": {
								"north": {"uv": [32, 9], "uv_size": [0.5, 0.5]}
							}
						},
						{
							"origin": [0.06252, 1.13777, -1.22762],
							"size": [0.06115, 0.5818, 0],
							"pivot": [0, 1.875, -0.49837],
							"rotation": [59.11152, 5.15397, -70.57606],
							"uv": {
								"north": {"uv": [9, 32], "uv_size": [0.5, 0.5]}
							}
						},
						{
							"origin": [-0.12367, 1.13777, -1.22762],
							"size": [0.06115, 0.5818, 0],
							"pivot": [0, 1.875, -0.49837],
							"rotation": [59.11152, -5.15397, -64.42394],
							"uv": {
								"north": {"uv": [32, 8], "uv_size": [0.5, 0.5]}
							}
						},
						{
							"origin": [-0.12367, 2.03043, -1.22762],
							"size": [0.06115, 0.5818, 0],
							"pivot": [0, 1.875, -0.49837],
							"rotation": [-59.11152, -5.15397, 64.42394],
							"uv": {
								"north": {"uv": [20, 32], "uv_size": [0.5, 0.5]}
							}
						},
						{
							"origin": [-0.13924, 2.01665, -1.22861],
							"size": [0.27848, 0.585, 0],
							"pivot": [0, 1.875, -0.49837],
							"rotation": [-59.25, 0, 67.5],
							"uv": {
								"north": {"uv": [32, 19], "uv_size": [0.5, 0.5]}
							}
						},
						{
							"origin": [0.06252, 2.03043, -1.22762],
							"size": [0.06115, 0.5818, 0],
							"pivot": [0, 1.875, -0.49837],
							"rotation": [-59.11152, 5.15397, 70.57606],
							"uv": {
								"north": {"uv": [19, 32], "uv_size": [0.5, 0.5]}
							}
						},
						{
							"origin": [-0.13924, 1.14835, -1.22861],
							"size": [0.27848, 0.585, 0],
							"pivot": [0, 1.875, -0.49837],
							"rotation": [59.25, 0, 67.5],
							"uv": {
								"north": {"uv": [32, 18], "uv_size": [0.5, 0.5]}
							}
						},
						{
							"origin": [-0.12367, 1.13777, -1.22762],
							"size": [0.06115, 0.5818, 0],
							"pivot": [0, 1.875, -0.49837],
							"rotation": [59.11152, -5.15397, 70.57606],
							"uv": {
								"north": {"uv": [18, 32], "uv_size": [0.5, 0.5]}
							}
						},
						{
							"origin": [0.06252, 1.13777, -1.22762],
							"size": [0.06115, 0.5818, 0],
							"pivot": [0, 1.875, -0.49837],
							"rotation": [59.11152, 5.15397, 64.42394],
							"uv": {
								"north": {"uv": [32, 17], "uv_size": [0.5, 0.5]}
							}
						},
						{
							"origin": [-0.12367, 2.03043, -1.22762],
							"size": [0.06115, 0.5818, 0],
							"pivot": [0, 1.875, -0.49837],
							"rotation": [-59.11152, -5.15397, -25.57606],
							"uv": {
								"north": {"uv": [17, 32], "uv_size": [0.5, 0.5]}
							}
						},
						{
							"origin": [0.06252, 2.03043, -1.22762],
							"size": [0.06115, 0.5818, 0],
							"pivot": [0, 1.875, -0.49837],
							"rotation": [-59.11152, 5.15397, -19.42394],
							"uv": {
								"north": {"uv": [32, 16], "uv_size": [0.5, 0.5]}
							}
						},
						{
							"origin": [-0.13924, 2.01665, -1.22861],
							"size": [0.27848, 0.585, 0],
							"pivot": [0, 1.875, -0.49837],
							"rotation": [-59.25, 0, -22.5],
							"uv": {
								"north": {"uv": [16, 32], "uv_size": [0.5, 0.5]}
							}
						},
						{
							"origin": [-0.13924, 1.14835, -1.22861],
							"size": [0.27848, 0.585, 0],
							"pivot": [0, 1.875, -0.49837],
							"rotation": [59.25, 0, -22.5],
							"uv": {
								"north": {"uv": [32, 15], "uv_size": [0.5, 0.5]}
							}
						},
						{
							"origin": [0.06252, 1.13777, -1.22762],
							"size": [0.06115, 0.5818, 0],
							"pivot": [0, 1.875, -0.49837],
							"rotation": [59.11152, 5.15397, -25.57606],
							"uv": {
								"north": {"uv": [15, 32], "uv_size": [0.5, 0.5]}
							}
						},
						{
							"origin": [-0.12367, 1.13777, -1.22762],
							"size": [0.06115, 0.5818, 0],
							"pivot": [0, 1.875, -0.49837],
							"rotation": [59.11152, -5.15397, -19.42394],
							"uv": {
								"north": {"uv": [32, 14], "uv_size": [0.5, 0.5]}
							}
						},
						{
							"origin": [-0.13924, 2.45, -8.25],
							"size": [0.27848, 0.125, 7.5],
							"pivot": [0, 1.875, -4.5],
							"rotation": [0, 0, -22.5],
							"uv": {
								"north": {"uv": [31, 24], "uv_size": [0.5, 0.5]},
								"up": {"uv": [2, 0], "uv_size": [0.5, 7.5]},
								"down": {"uv": [3, 7.5], "uv_size": [0.5, -7.5]}
							}
						},
						{
							"origin": [-0.13924, 2.45, -8.25],
							"size": [0.27848, 0.125, 7.5],
							"pivot": [0, 1.875, -4.5],
							"rotation": [0, 0, -45],
							"uv": {
								"north": {"uv": [24, 31], "uv_size": [0.5, 0.5]},
								"up": {"uv": [0, 0], "uv_size": [0.5, 7.5]},
								"down": {"uv": [1, 7.5], "uv_size": [0.5, -7.5]}
							}
						},
						{
							"origin": [-0.13924, 1.175, -8.25],
							"size": [0.27848, 0.125, 7.5],
							"pivot": [0, 1.875, -4.5],
							"rotation": [0, 0, -157.5],
							"uv": {
								"north": {"uv": [24, 32], "uv_size": [0.5, 0.5]},
								"up": {"uv": [7, 10], "uv_size": [0.5, 7.5]},
								"down": {"uv": [8, 17.5], "uv_size": [0.5, -7.5]}
							}
						},
						{
							"origin": [-0.13924, 1.175, -8.25],
							"size": [0.27848, 0.125, 7.5],
							"pivot": [0, 1.875, -4.5],
							"rotation": [0, 0, -135],
							"uv": {
								"north": {"uv": [32, 23], "uv_size": [0.5, 0.5]},
								"up": {"uv": [5, 10], "uv_size": [0.5, 7.5]},
								"down": {"uv": [6, 17.5], "uv_size": [0.5, -7.5]}
							}
						},
						{
							"origin": [-0.7, 1.73576, -8.25],
							"size": [0.125, 0.27848, 7.5],
							"pivot": [0, 1.875, -4.5],
							"rotation": [0, 0, 157.5],
							"uv": {
								"north": {"uv": [23, 32], "uv_size": [0.5, 0.5]},
								"east": {"uv": [11, 8], "uv_size": [7.5, 0.5]},
								"west": {"uv": [11, 9], "uv_size": [7.5, 0.5]}
							}
						},
						{
							"origin": [-0.7, 1.73576, -8.25],
							"size": [0.125, 0.27848, 7.5],
							"pivot": [0, 1.875, -4.5],
							"rotation": [0, 0, 180],
							"uv": {
								"north": {"uv": [32, 22], "uv_size": [0.5, 0.5]},
								"east": {"uv": [11, 6], "uv_size": [7.5, 0.5]},
								"west": {"uv": [11, 7], "uv_size": [7.5, 0.5]}
							}
						},
						{
							"origin": [-0.59375, 1.73576, -8.125],
							"size": [1.1875, 0.27848, 0],
							"pivot": [0, 1.875, -8.125],
							"rotation": [0, 0, 180],
							"uv": {
								"north": {"uv": [6, 28], "uv_size": [1, 0.5]}
							}
						},
						{
							"origin": [-0.59375, 1.73576, -8.125],
							"size": [1.1875, 0.27848, 0],
							"pivot": [0, 1.875, -8.125],
							"rotation": [0, 0, 157.5],
							"uv": {
								"north": {"uv": [28, 6], "uv_size": [1, 0.5]}
							}
						},
						{
							"origin": [-0.59375, 1.73576, -8.125],
							"size": [1.1875, 0.27848, 0],
							"pivot": [0, 1.875, -8.125],
							"rotation": [0, 0, 112.5],
							"uv": {
								"north": {"uv": [28, 7], "uv_size": [1, 0.5]}
							}
						},
						{
							"origin": [-0.59375, 1.73576, -8.125],
							"size": [1.1875, 0.27848, 0],
							"pivot": [0, 1.875, -8.125],
							"rotation": [0, 0, 135],
							"uv": {
								"north": {"uv": [7, 28], "uv_size": [1, 0.5]}
							}
						},
						{
							"origin": [-0.59375, 1.73576, -8.125],
							"size": [1.1875, 0.27848, 0],
							"pivot": [0, 1.875, -8.125],
							"rotation": [0, 0, 67.5],
							"uv": {
								"north": {"uv": [28, 10], "uv_size": [1, 0.5]}
							}
						},
						{
							"origin": [-0.59375, 1.73576, -8.125],
							"size": [1.1875, 0.27848, 0],
							"pivot": [0, 1.875, -8.125],
							"rotation": [0, 0, 90],
							"uv": {
								"north": {"uv": [28, 8], "uv_size": [1, 0.5]}
							}
						},
						{
							"origin": [-0.59375, 1.73576, -8.125],
							"size": [1.1875, 0.27848, 0],
							"pivot": [0, 1.875, -8.125],
							"rotation": [0, 0, 22.5],
							"uv": {
								"north": {"uv": [12, 28], "uv_size": [1, 0.5]}
							}
						},
						{
							"origin": [-0.59375, 1.73576, -8.125],
							"size": [1.1875, 0.27848, 0],
							"pivot": [0, 1.875, -8.125],
							"rotation": [0, 0, 45],
							"uv": {
								"north": {"uv": [28, 11], "uv_size": [1, 0.5]}
							}
						},
						{
							"origin": [-0.7, 1.73576, -8.25],
							"size": [0.125, 0.27848, 7.5],
							"pivot": [0, 1.875, -4.5],
							"rotation": [0, 0, -157.5],
							"uv": {
								"north": {"uv": [22, 32], "uv_size": [0.5, 0.5]},
								"east": {"uv": [11, 4], "uv_size": [7.5, 0.5]},
								"west": {"uv": [11, 5], "uv_size": [7.5, 0.5]}
							}
						},
						{
							"origin": [-0.13924, 2.45, -8.25],
							"size": [0.27848, 0.125, 7.5],
							"pivot": [0, 1.875, -4.5],
							"rotation": [0, 0, 135],
							"uv": {
								"north": {"uv": [32, 21], "uv_size": [0.5, 0.5]},
								"up": {"uv": [4, 10], "uv_size": [0.5, 7.5]},
								"down": {"uv": [10, 11.5], "uv_size": [0.5, -7.5]}
							}
						},
						{
							"origin": [-0.13924, 2.45, -8.25],
							"size": [0.27848, 0.125, 7.5],
							"pivot": [0, 1.875, -4.5],
							"rotation": [0, 0, 157.5],
							"uv": {
								"north": {"uv": [21, 32], "uv_size": [0.5, 0.5]},
								"up": {"uv": [2, 10], "uv_size": [0.5, 7.5]},
								"down": {"uv": [3, 17.5], "uv_size": [0.5, -7.5]}
							}
						}
					]
				},
				{
					"name": "other",
					"parent": "scope_body",
					"pivot": [0, 0, 0],
					"cubes": [
						{
							"origin": [-0.75, 1.56434, -5],
							"size": [1.5, 0.62132, 1.5],
							"uv": {
								"north": {"uv": [26, 0], "uv_size": [1.5, 0.5]},
								"east": {"uv": [26, 1], "uv_size": [1.5, 0.5]},
								"south": {"uv": [2, 26], "uv_size": [1.5, 0.5]},
								"west": {"uv": [4, 26], "uv_size": [1.5, 0.5]}
							}
						},
						{
							"origin": [-0.75, 1.56434, -5],
							"size": [1.5, 0.62132, 1.5],
							"pivot": [0, 1.875, -4],
							"rotation": [0, 0, 45],
							"uv": {
								"north": {"uv": [25, 17], "uv_size": [1.5, 0.5]},
								"east": {"uv": [25, 20], "uv_size": [1.5, 0.5]},
								"south": {"uv": [24, 25], "uv_size": [1.5, 0.5]},
								"west": {"uv": [0, 26], "uv_size": [1.5, 0.5]}
							}
						},
						{
							"origin": [-0.31066, 1.125, -5],
							"size": [0.62132, 1.5, 1.5],
							"uv": {
								"north": {"uv": [20, 25], "uv_size": [0.5, 1.5]},
								"south": {"uv": [21, 25], "uv_size": [0.5, 1.5]},
								"up": {"uv": [22, 25], "uv_size": [0.5, 1.5]},
								"down": {"uv": [25, 24.5], "uv_size": [0.5, -1.5]}
							}
						},
						{
							"origin": [-0.31066, 1.125, -5],
							"size": [0.62132, 1.5, 1.5],
							"pivot": [0, 1.875, -4],
							"rotation": [0, 0, 45],
							"uv": {
								"north": {"uv": [25, 15], "uv_size": [0.5, 1.5]},
								"south": {"uv": [16, 25], "uv_size": [0.5, 1.5]},
								"up": {"uv": [17, 25], "uv_size": [0.5, 1.5]},
								"down": {"uv": [19, 26.5], "uv_size": [0.5, -1.5]}
							}
						},
						{
							"origin": [-1, 1.25, -4.50888],
							"size": [2.5, 1.25, 0.51777],
							"uv": {
								"east": {"uv": [11, 24], "uv_size": [0.5, 1.5]},
								"west": {"uv": [12, 24], "uv_size": [0.5, 1.5]},
								"up": {"uv": [18, 18], "uv_size": [2.5, 0.5]},
								"down": {"uv": [1, 19.5], "uv_size": [2.5, -0.5]}
							}
						},
						{
							"origin": [-1, 1.25, -4.50888],
							"size": [2.5, 1.25, 0.51777],
							"pivot": [0, 1.875, -4.25],
							"rotation": [-45, 0, 0],
							"uv": {
								"east": {"uv": [10, 24], "uv_size": [0.5, 1.5]},
								"west": {"uv": [24, 10], "uv_size": [0.5, 1.5]},
								"up": {"uv": [18, 16], "uv_size": [2.5, 0.5]},
								"down": {"uv": [18, 17.5], "uv_size": [2.5, -0.5]}
							}
						},
						{
							"origin": [-1, 1.61612, -4.875],
							"size": [2.5, 0.51777, 1.25],
							"uv": {
								"north": {"uv": [18, 14], "uv_size": [2.5, 0.5]},
								"east": {"uv": [24, 8], "uv_size": [1.5, 0.5]},
								"south": {"uv": [18, 15], "uv_size": [2.5, 0.5]},
								"west": {"uv": [24, 9], "uv_size": [1.5, 0.5]}
							}
						},
						{
							"origin": [1.501, 1.75888, -4.78125],
							"size": [0, 0.26563, 1.0625],
							"uv": {
								"west": {"uv": [128, 0], "uv_size": [128, 32]}
							}
						},
						{
							"origin": [-1, 1.61612, -4.875],
							"size": [2.5, 0.51777, 1.25],
							"pivot": [0, 1.875, -4.25],
							"rotation": [-45, 0, 0],
							"uv": {
								"north": {"uv": [18, 10], "uv_size": [2.5, 0.5]},
								"east": {"uv": [24, 6], "uv_size": [1.5, 0.5]},
								"south": {"uv": [18, 11], "uv_size": [2.5, 0.5]},
								"west": {"uv": [8, 24], "uv_size": [1.5, 0.5]}
							}
						},
						{
							"origin": [0.5, 1.61612, -4.875],
							"size": [0.5, 0.51777, 1.25],
							"pivot": [0, 1.875, -4.25],
							"rotation": [-45, 0, -90],
							"uv": {
								"north": {"uv": [32, 31], "uv_size": [0.5, 0.5]},
								"east": {"uv": [25, 2], "uv_size": [1.5, 0.5]},
								"south": {"uv": [32, 32], "uv_size": [0.5, 0.5]},
								"west": {"uv": [25, 3], "uv_size": [1.5, 0.5]}
							}
						},
						{
							"origin": [0.5, 1.25, -4.50888],
							"size": [0.5, 1.25, 0.51777],
							"pivot": [0, 1.875, -4.25],
							"rotation": [0, 0, -90],
							"uv": {
								"east": {"uv": [24, 23], "uv_size": [0.5, 1.5]},
								"west": {"uv": [25, 0], "uv_size": [0.5, 1.5]},
								"up": {"uv": [32, 30], "uv_size": [0.5, 0.5]},
								"down": {"uv": [31, 32.5], "uv_size": [0.5, -0.5]}
							}
						},
						{
							"origin": [0.5, 1.25, -4.50888],
							"size": [0.5, 1.25, 0.51777],
							"pivot": [0, 1.875, -4.25],
							"rotation": [-45, 0, -90],
							"uv": {
								"east": {"uv": [18, 24], "uv_size": [0.5, 1.5]},
								"west": {"uv": [23, 24], "uv_size": [0.5, 1.5]},
								"up": {"uv": [32, 29], "uv_size": [0.5, 0.5]},
								"down": {"uv": [30, 32.5], "uv_size": [0.5, -0.5]}
							}
						},
						{
							"origin": [0.5, 1.61612, -4.875],
							"size": [0.5, 0.51777, 1.25],
							"pivot": [0, 1.875, -4.25],
							"rotation": [0, 0, -90],
							"uv": {
								"north": {"uv": [32, 28], "uv_size": [0.5, 0.5]},
								"east": {"uv": [24, 21], "uv_size": [1.5, 0.5]},
								"south": {"uv": [29, 32], "uv_size": [0.5, 0.5]},
								"west": {"uv": [24, 22], "uv_size": [1.5, 0.5]}
							}
						},
						{
							"origin": [-0.25, 2.82728, -4.96875],
							"size": [0.5, 0.59543, 1.4375],
							"pivot": [0, 3.125, -4.25],
							"rotation": [-45, 0, -90],
							"uv": {
								"north": {"uv": [3, 33], "uv_size": [0.5, 0.5]},
								"east": {"uv": [25, 7], "uv_size": [1.5, 0.5]},
								"south": {"uv": [33, 3], "uv_size": [0.5, 0.5]},
								"west": {"uv": [25, 14], "uv_size": [1.5, 0.5]}
							}
						},
						{
							"origin": [-0.25, 2.40625, -4.54772],
							"size": [0.5, 1.4375, 0.59543],
							"pivot": [0, 3.125, -4.25],
							"rotation": [0, 0, -90],
							"uv": {
								"east": {"uv": [25, 10], "uv_size": [0.5, 1.5]},
								"west": {"uv": [25, 12], "uv_size": [0.5, 1.5]},
								"up": {"uv": [2, 33], "uv_size": [0.5, 0.5]},
								"down": {"uv": [33, 2.5], "uv_size": [0.5, -0.5]}
							}
						},
						{
							"origin": [-0.25, 2.40625, -4.54772],
							"size": [0.5, 1.4375, 0.59543],
							"pivot": [0, 3.125, -4.25],
							"rotation": [-45, 0, -90],
							"uv": {
								"east": {"uv": [8, 25], "uv_size": [0.5, 1.5]},
								"west": {"uv": [9, 25], "uv_size": [0.5, 1.5]},
								"up": {"uv": [1, 33], "uv_size": [0.5, 0.5]},
								"down": {"uv": [33, 1.5], "uv_size": [0.5, -0.5]}
							}
						},
						{
							"origin": [-0.25, 2.82728, -4.96875],
							"size": [0.5, 0.59543, 1.4375],
							"pivot": [0, 3.125, -4.25],
							"rotation": [0, 0, -90],
							"uv": {
								"north": {"uv": [0, 33], "uv_size": [0.5, 0.5]},
								"east": {"uv": [25, 4], "uv_size": [1.5, 0.5]},
								"south": {"uv": [33, 0], "uv_size": [0.5, 0.5]},
								"west": {"uv": [6, 25], "uv_size": [1.5, 0.5]}
							}
						},
						{
							"origin": [-1.5, 1.57728, -4.96875],
							"size": [0.5, 0.59543, 1.4375],
							"pivot": [-1.25, 1.875, -4.25],
							"rotation": [-45, 0, 0],
							"uv": {
								"north": {"uv": [32, 27], "uv_size": [0.5, 0.5]},
								"east": {"uv": [24, 19], "uv_size": [1.5, 0.5]},
								"south": {"uv": [28, 32], "uv_size": [0.5, 0.5]},
								"west": {"uv": [21, 24], "uv_size": [1.5, 0.5]}
							}
						},
						{
							"origin": [-1.5, 1.57728, -4.96875],
							"size": [0.5, 0.59543, 1.4375],
							"uv": {
								"north": {"uv": [32, 26], "uv_size": [0.5, 0.5]},
								"east": {"uv": [16, 24], "uv_size": [1.5, 0.5]},
								"south": {"uv": [27, 32], "uv_size": [0.5, 0.5]},
								"west": {"uv": [24, 18], "uv_size": [1.5, 0.5]}
							}
						},
						{
							"origin": [-1.5, 1.15625, -4.54772],
							"size": [0.5, 1.4375, 0.59543],
							"pivot": [-1.25, 1.875, -4.25],
							"rotation": [-45, 0, 0],
							"uv": {
								"east": {"uv": [24, 14], "uv_size": [0.5, 1.5]},
								"west": {"uv": [15, 24], "uv_size": [0.5, 1.5]},
								"up": {"uv": [32, 25], "uv_size": [0.5, 0.5]},
								"down": {"uv": [26, 32.5], "uv_size": [0.5, -0.5]}
							}
						},
						{
							"origin": [-1.5, 1.15625, -4.54772],
							"size": [0.5, 1.4375, 0.59543],
							"uv": {
								"east": {"uv": [13, 24], "uv_size": [0.5, 1.5]},
								"west": {"uv": [14, 24], "uv_size": [0.5, 1.5]},
								"up": {"uv": [32, 24], "uv_size": [0.5, 0.5]},
								"down": {"uv": [25, 32.5], "uv_size": [0.5, -0.5]}
							}
						}
					]
				},
				{
					"name": "side_rail",
					"parent": "scope_body",
					"pivot": [0, 0, 0],
					"cubes": [
						{
							"origin": [0.75, -0.25, -2.35355],
							"size": [0.25, 0.5, 0.20711],
							"uv": {
								"east": {"uv": [23, 34], "uv_size": [0.5, 0.5]},
								"west": {"uv": [34, 23], "uv_size": [0.5, 0.5]},
								"up": {"uv": [24, 34], "uv_size": [0.5, 0.5]},
								"down": {"uv": [34, 24.5], "uv_size": [0.5, -0.5]}
							}
						},
						{
							"origin": [0.75, -0.25, -2.35355],
							"size": [0.25, 0.5, 0.20711],
							"pivot": [1.25, 0, -2.25],
							"rotation": [-45, 0, 0],
							"uv": {
								"east": {"uv": [21, 34], "uv_size": [0.5, 0.5]},
								"west": {"uv": [34, 21], "uv_size": [0.5, 0.5]},
								"up": {"uv": [22, 34], "uv_size": [0.5, 0.5]},
								"down": {"uv": [34, 22.5], "uv_size": [0.5, -0.5]}
							}
						},
						{
							"origin": [0.75, -0.10355, -2.5],
							"size": [0.25, 0.20711, 0.5],
							"uv": {
								"north": {"uv": [19, 34], "uv_size": [0.5, 0.5]},
								"east": {"uv": [34, 19], "uv_size": [0.5, 0.5]},
								"south": {"uv": [20, 34], "uv_size": [0.5, 0.5]},
								"west": {"uv": [34, 20], "uv_size": [0.5, 0.5]}
							}
						},
						{
							"origin": [0.75, -0.10355, -2.5],
							"size": [0.25, 0.20711, 0.5],
							"pivot": [1.25, 0, -2.25],
							"rotation": [-45, 0, 0],
							"uv": {
								"north": {"uv": [17, 34], "uv_size": [0.5, 0.5]},
								"east": {"uv": [34, 17], "uv_size": [0.5, 0.5]},
								"south": {"uv": [18, 34], "uv_size": [0.5, 0.5]},
								"west": {"uv": [34, 18], "uv_size": [0.5, 0.5]}
							}
						},
						{
							"origin": [-0.625, -0.25, -3],
							"size": [1.25, 0.5, 1.5],
							"uv": {
								"north": {"uv": [16, 27], "uv_size": [1.5, 0.5]},
								"east": {"uv": [27, 16], "uv_size": [1.5, 0.5]},
								"south": {"uv": [27, 17], "uv_size": [1.5, 0.5]},
								"west": {"uv": [19, 27], "uv_size": [1.5, 0.5]},
								"up": {"uv": [12, 10], "uv_size": [1.5, 1.5]},
								"down": {"uv": [12, 13.5], "uv_size": [1.5, -1.5]}
							}
						},
						{
							"origin": [-0.74908, -0.25, -3],
							"size": [0.12408, 0.53033, 1.5],
							"uv": {
								"north": {"uv": [25, 34], "uv_size": [0.5, 0.5]},
								"east": {"uv": [27, 20], "uv_size": [1.5, 0.5]},
								"south": {"uv": [34, 25], "uv_size": [0.5, 0.5]},
								"west": {"uv": [21, 27], "uv_size": [1.5, 0.5]},
								"up": {"uv": [23, 27], "uv_size": [0.5, 1.5]},
								"down": {"uv": [24, 28.5], "uv_size": [0.5, -1.5]}
							}
						},
						{
							"origin": [-1.15533, -0.25, -3],
							"size": [0.40625, 0.125, 1.5],
							"uv": {
								"north": {"uv": [26, 34], "uv_size": [0.5, 0.5]},
								"east": {"uv": [25, 27], "uv_size": [1.5, 0.5]},
								"south": {"uv": [34, 26], "uv_size": [0.5, 0.5]},
								"west": {"uv": [27, 26], "uv_size": [1.5, 0.5]},
								"up": {"uv": [27, 27], "uv_size": [0.5, 1.5]},
								"down": {"uv": [0, 29.5], "uv_size": [0.5, -1.5]}
							}
						},
						{
							"origin": [-1.35355, -0.02145, -3],
							"size": [0.75, 0.25, 1.5],
							"pivot": [-0.97855, 0.10355, -2.25],
							"rotation": [0, 0, -45],
							"uv": {
								"north": {"uv": [4, 30], "uv_size": [1, 0.5]},
								"east": {"uv": [28, 0], "uv_size": [1.5, 0.5]},
								"south": {"uv": [30, 4], "uv_size": [1, 0.5]},
								"west": {"uv": [1, 28], "uv_size": [1.5, 0.5]},
								"down": {"uv": [14, 17.5], "uv_size": [1, -1.5]}
							}
						},
						{
							"origin": [-1.35355, 0.22855, -3],
							"size": [0.75, 0.125, 1.5],
							"pivot": [-0.97855, 0.10355, -2.25],
							"rotation": [0, 0, -45],
							"uv": {
								"north": {"uv": [5, 30], "uv_size": [1, 0.5]},
								"south": {"uv": [30, 5], "uv_size": [1, 0.5]},
								"up": {"uv": [16, 14], "uv_size": [1, 1.5]}
							}
						},
						{
							"origin": [-1.15977, -0.47411, -3],
							"size": [0.17678, 0.17678, 1.5],
							"pivot": [-1.358, -0.35983, -2.25],
							"rotation": [0, 0, -90],
							"uv": {
								"north": {"uv": [27, 34], "uv_size": [0.5, 0.5]},
								"east": {"uv": [28, 1], "uv_size": [1.5, 0.5]},
								"south": {"uv": [34, 27], "uv_size": [0.5, 0.5]},
								"up": {"uv": [3, 28], "uv_size": [0.5, 1.5]}
							}
						},
						{
							"origin": [-0.89017, 0.36872, -3],
							"size": [0.17678, 0.17678, 1.5],
							"uv": {
								"north": {"uv": [36, 11], "uv_size": [0.5, 0.5]},
								"south": {"uv": [12, 36], "uv_size": [0.5, 0.5]},
								"west": {"uv": [28, 3], "uv_size": [1.5, 0.5]},
								"up": {"uv": [28, 4], "uv_size": [0.5, 1.5]}
							}
						},
						{
							"origin": [0.5, -0.125, -2.375],
							"size": [0.25, 0.25, 0.25],
							"pivot": [0.625, 0, -2.25],
							"rotation": [-45, 0, 0],
							"uv": {
								"north": {"uv": [14, 34], "uv_size": [0.5, 0.5]},
								"east": {"uv": [34, 14], "uv_size": [0.5, 0.5]},
								"south": {"uv": [15, 34], "uv_size": [0.5, 0.5]},
								"west": {"uv": [34, 15], "uv_size": [0.5, 0.5]},
								"up": {"uv": [16, 34], "uv_size": [0.5, 0.5]},
								"down": {"uv": [34, 16.5], "uv_size": [0.5, -0.5]}
							}
						}
					]
				},
				{
					"name": "side_sight",
					"parent": "scope_body",
					"pivot": [0, 0, 0],
					"cubes": [
						{
							"origin": [-0.45581, 0.08081, -2.375],
							"size": [0.125, 0.25, 0.25],
							"pivot": [-1.08081, 0.20581, -2.25],
							"rotation": [135, 0, 135],
							"uv": {
								"north": {"uv": [31, 34], "uv_size": [0.5, 0.5]},
								"east": {"uv": [34, 31], "uv_size": [0.5, 0.5]},
								"south": {"uv": [32, 34], "uv_size": [0.5, 0.5]},
								"west": {"uv": [34, 32], "uv_size": [0.5, 0.5]},
								"up": {"uv": [33, 34], "uv_size": [0.5, 0.5]},
								"down": {"uv": [34, 33.5], "uv_size": [0.5, -0.5]}
							}
						},
						{
							"origin": [-1.70581, 0.11206, -2.34375],
							"size": [1.25, 0.1875, 0.1875],
							"pivot": [-1.08081, 0.20581, -2.25],
							"rotation": [135, 0, 135],
							"uv": {
								"north": {"uv": [9, 30], "uv_size": [1, 0.5]},
								"east": {"uv": [30, 34], "uv_size": [0.5, 0.5]},
								"south": {"uv": [30, 9], "uv_size": [1, 0.5]},
								"west": {"uv": [34, 30], "uv_size": [0.5, 0.5]},
								"up": {"uv": [10, 30], "uv_size": [1, 0.5]},
								"down": {"uv": [30, 10.5], "uv_size": [1, -0.5]}
							}
						},
						{
							"origin": [-1.42946, -0.13304, -1.67705],
							"size": [1.125, 0.0625, 0.125],
							"pivot": [-0.86696, -0.00804, -2.4583],
							"rotation": [-135, 0, 135],
							"uv": {
								"east": {"uv": [35, 0], "uv_size": [0.5, 0.5]},
								"west": {"uv": [1, 35], "uv_size": [0.5, 0.5]},
								"down": {"uv": [11, 30.5], "uv_size": [1, -0.5]}
							}
						},
						{
							"origin": [-1.03661, 0.70711, -3.4375],
							"size": [0.25, 0.3125, 0.25],
							"pivot": [-1.03661, 0.95711, -3.1875],
							"rotation": [-180, 12.5, 135],
							"uv": {
								"south": {"uv": [25, 35], "uv_size": [0.5, 0.5]},
								"up": {"uv": [35, 25], "uv_size": [0.5, 0.5]},
								"down": {"uv": [26, 35.5], "uv_size": [0.5, -0.5]}
							}
						},
						{
							"origin": [-2.08211, -0.08839, -3.4375],
							"size": [0.25, 0.3125, 0.25],
							"pivot": [-1.83211, 0.16161, -3.1875],
							"rotation": [-180, -12.5, 135],
							"uv": {
								"south": {"uv": [35, 23], "uv_size": [0.5, 0.5]},
								"up": {"uv": [24, 35], "uv_size": [0.5, 0.5]},
								"down": {"uv": [35, 24.5], "uv_size": [0.5, -0.5]}
							}
						},
						{
							"origin": [-1.26665, 0.51072, -1.6875],
							"size": [0.63685, 0.3125, 0.05411],
							"pivot": [-0.94822, 0.07322, -2.4375],
							"rotation": [-180, 0, 135],
							"uv": {
								"south": {"uv": [35, 26], "uv_size": [0.5, 0.5]},
								"up": {"uv": [27, 35], "uv_size": [0.5, 0.5]},
								"down": {"uv": [35, 27.5], "uv_size": [0.5, -0.5]}
							}
						},
						{
							"origin": [-1.32544, 0.73077, -3.00758],
							"size": [0.1875, 0.125, 0.375],
							"pivot": [-1.20044, 0.79327, -2.88258],
							"rotation": [-180, -45, 135],
							"uv": {
								"west": {"uv": [36, 2], "uv_size": [0.5, 0.5]},
								"up": {"uv": [3, 36], "uv_size": [0.5, 0.5]}
							}
						},
						{
							"origin": [-1.73077, 0.26294, -3.00758],
							"size": [0.1875, 0.125, 0.375],
							"pivot": [-1.66827, 0.32544, -2.88258],
							"rotation": [-180, 45, 135],
							"uv": {
								"east": {"uv": [36, 1], "uv_size": [0.5, 0.5]},
								"up": {"uv": [2, 36], "uv_size": [0.5, 0.5]}
							}
						},
						{
							"origin": [-0.57322, 0.69822, -1.625],
							"size": [0.125, 0.125, 0.1875],
							"pivot": [-0.94822, 0.07322, -2.1875],
							"rotation": [-180, 0, 135],
							"uv": {
								"north": {"uv": [36, 0], "uv_size": [0.5, 0.5]},
								"up": {"uv": [1, 36], "uv_size": [0.5, 0.5]}
							}
						},
						{
							"origin": [-1.44822, 0.69822, -1.625],
							"size": [0.125, 0.125, 0.1875],
							"pivot": [-0.94822, 0.07322, -2.1875],
							"rotation": [-180, 0, 135],
							"uv": {
								"north": {"uv": [35, 35], "uv_size": [0.5, 0.5]},
								"up": {"uv": [0, 36], "uv_size": [0.5, 0.5]}
							}
						},
						{
							"origin": [-1.44822, 0.69822, -1.9375],
							"size": [1, 0.125, 0.25],
							"pivot": [-0.94822, 0.07322, -2.4375],
							"rotation": [-180, 0, 135],
							"uv": {
								"north": {"uv": [30, 13], "uv_size": [1, 0.5]},
								"up": {"uv": [14, 30], "uv_size": [1, 0.5]}
							}
						},
						{
							"origin": [-1.38913, 0.46729, -2.125],
							"size": [0.2794, 0.125, 0.75],
							"pivot": [-1.60973, 0.58465, -1.75],
							"rotation": [-180, 0, 110],
							"uv": {
								"north": {"uv": [36, 4], "uv_size": [0.5, 0.5]},
								"east": {"uv": [30, 19], "uv_size": [1, 0.5]},
								"south": {"uv": [5, 36], "uv_size": [0.5, 0.5]},
								"west": {"uv": [20, 30], "uv_size": [1, 0.5]},
								"up": {"uv": [30, 20], "uv_size": [0.5, 1]},
								"down": {"uv": [21, 31], "uv_size": [0.5, -1]}
							}
						},
						{
							"origin": [-1.95965, 0.61736, -2.125],
							"size": [0.2794, 0.125, 0.75],
							"pivot": [-1.45965, 0.73473, -1.75],
							"rotation": [-180, 0, 160],
							"uv": {
								"north": {"uv": [36, 3], "uv_size": [0.5, 0.5]},
								"east": {"uv": [30, 17], "uv_size": [1, 0.5]},
								"south": {"uv": [4, 36], "uv_size": [0.5, 0.5]},
								"west": {"uv": [18, 30], "uv_size": [1, 0.5]},
								"up": {"uv": [30, 18], "uv_size": [0.5, 1]},
								"down": {"uv": [19, 31], "uv_size": [0.5, -1]}
							}
						},
						{
							"origin": [-1.2575, 0.69822, -1.375],
							"size": [0.61855, 0.11808, 0.75],
							"pivot": [-0.94822, 0.07322, -1.375],
							"rotation": [-180, 0, 135],
							"uv": {
								"north": {"uv": [35, 1], "uv_size": [0.5, 0.5]},
								"east": {"uv": [30, 11], "uv_size": [1, 0.5]},
								"south": {"uv": [2, 35], "uv_size": [0.5, 0.5]},
								"west": {"uv": [12, 30], "uv_size": [1, 0.5]},
								"up": {"uv": [30, 12], "uv_size": [0.5, 1]},
								"down": {"uv": [13, 31], "uv_size": [0.5, -1]}
							}
						},
						{
							"origin": [-0.92772, 0.27047, -2.50786],
							"size": [0.0625, 0.5625, 0.25],
							"pivot": [-1.42672, 0.55172, -2.38286],
							"rotation": [107.5, 0, 135],
							"uv": {
								"north": {"uv": [35, 19], "uv_size": [0.5, 0.5]},
								"east": {"uv": [20, 35], "uv_size": [0.5, 0.5]},
								"west": {"uv": [35, 20], "uv_size": [0.5, 0.5]},
								"down": {"uv": [21, 35.5], "uv_size": [0.5, -0.5]}
							}
						},
						{
							"origin": [-1.98872, 0.27047, -2.50786],
							"size": [0.0625, 0.5625, 0.25],
							"pivot": [-1.42672, 0.55172, -2.38286],
							"rotation": [107.5, 0, 135],
							"uv": {
								"north": {"uv": [35, 21], "uv_size": [0.5, 0.5]},
								"east": {"uv": [22, 35], "uv_size": [0.5, 0.5]},
								"west": {"uv": [35, 22], "uv_size": [0.5, 0.5]},
								"down": {"uv": [23, 35.5], "uv_size": [0.5, -0.5]}
							}
						},
						{
							"origin": [-2.01061, 0.29182, -3.06084],
							"size": [0.0623, 0.5625, 0.25],
							"pivot": [-1.44821, 0.57307, -2.81084],
							"rotation": [157.5, 0, 135],
							"uv": {
								"north": {"uv": [35, 16], "uv_size": [0.5, 0.5]},
								"east": {"uv": [17, 35], "uv_size": [0.5, 0.5]},
								"west": {"uv": [35, 17], "uv_size": [0.5, 0.5]}
							}
						},
						{
							"origin": [-1.89001, -0.05008, -2.82036],
							"size": [0.0623, 0.5625, 0.25],
							"pivot": [-1.85776, 0.23117, -2.69536],
							"rotation": [157.5, 0, 135],
							"uv": {
								"north": {"uv": [18, 35], "uv_size": [0.5, 0.5]},
								"east": {"uv": [35, 18], "uv_size": [0.5, 0.5]},
								"west": {"uv": [19, 35], "uv_size": [0.5, 0.5]}
							}
						},
						{
							"origin": [-4.92494, -0.71599, -0.0625],
							"size": [0.0625, 0.5625, 0.5],
							"pivot": [-2.36244, -1.34099, -1.375],
							"rotation": [-180, 0, 135],
							"uv": {
								"north": {"uv": [35, 4], "uv_size": [0.5, 0.5]},
								"east": {"uv": [5, 35], "uv_size": [0.5, 0.5]},
								"south": {"uv": [35, 5], "uv_size": [0.5, 0.5]},
								"west": {"uv": [6, 35], "uv_size": [0.5, 0.5]}
							}
						},
						{
							"origin": [-1.39017, 1.31066, -3.1875],
							"size": [0.0625, 0.25, 0.5],
							"pivot": [-1.39017, 1.31066, -2.9375],
							"rotation": [-180, 0, 90],
							"uv": {
								"north": {"uv": [35, 8], "uv_size": [0.5, 0.5]},
								"east": {"uv": [9, 35], "uv_size": [0.5, 0.5]},
								"south": {"uv": [35, 9], "uv_size": [0.5, 0.5]},
								"west": {"uv": [10, 35], "uv_size": [0.5, 0.5]}
							}
						},
						{
							"origin": [-2.01075, 0.87792, -3.1875],
							"size": [0.0625, 0.30951, 0.5],
							"pivot": [-1.9795, 1.06243, -2.9375],
							"rotation": [-180, 0, 45],
							"uv": {
								"north": {"uv": [35, 14], "uv_size": [0.5, 0.5]},
								"east": {"uv": [15, 35], "uv_size": [0.5, 0.5]},
								"south": {"uv": [35, 15], "uv_size": [0.5, 0.5]},
								"west": {"uv": [16, 35], "uv_size": [0.5, 0.5]}
							}
						},
						{
							"origin": [-1.77494, 1.10895, -3.1875],
							"size": [0.0625, 0.25, 0.5],
							"pivot": [-1.74369, 1.23395, -2.9375],
							"rotation": [-180, 0, 67.5],
							"uv": {
								"north": {"uv": [35, 12], "uv_size": [0.5, 0.5]},
								"east": {"uv": [13, 35], "uv_size": [0.5, 0.5]},
								"south": {"uv": [35, 13], "uv_size": [0.5, 0.5]},
								"west": {"uv": [14, 35], "uv_size": [0.5, 0.5]}
							}
						},
						{
							"origin": [-1.45581, 0.45581, -2.71783],
							"size": [0.75, 0.25, 0.31066],
							"pivot": [-1.08081, 0.20581, -2.5625],
							"rotation": [-180, 0, 135],
							"uv": {
								"north": {"uv": [35, 32], "uv_size": [0.5, 0.5]},
								"east": {"uv": [33, 35], "uv_size": [0.5, 0.5]},
								"south": {"uv": [35, 33], "uv_size": [0.5, 0.5]},
								"west": {"uv": [34, 35], "uv_size": [0.5, 0.5]},
								"up": {"uv": [35, 34], "uv_size": [0.5, 0.5]}
							}
						},
						{
							"origin": [-1.45581, 0.45581, -2.71783],
							"size": [0.75, 0.25, 0.31066],
							"pivot": [-1.08081, 0.20581, -2.5625],
							"rotation": [-180, 45, 135],
							"uv": {
								"north": {"uv": [30, 35], "uv_size": [0.5, 0.5]},
								"east": {"uv": [35, 30], "uv_size": [0.5, 0.5]},
								"south": {"uv": [31, 35], "uv_size": [0.5, 0.5]},
								"west": {"uv": [35, 31], "uv_size": [0.5, 0.5]},
								"up": {"uv": [32, 35], "uv_size": [0.5, 0.5]}
							}
						},
						{
							"origin": [-1.23614, 0.45581, -2.9375],
							"size": [0.31066, 0.25, 0.75],
							"pivot": [-1.08081, 0.20581, -2.5625],
							"rotation": [-180, 0, 135],
							"uv": {
								"north": {"uv": [29, 35], "uv_size": [0.5, 0.5]},
								"east": {"uv": [16, 30], "uv_size": [1, 0.5]},
								"south": {"uv": [35, 29], "uv_size": [0.5, 0.5]},
								"west": {"uv": [30, 16], "uv_size": [1, 0.5]},
								"up": {"uv": [17, 30], "uv_size": [0.5, 1]}
							}
						},
						{
							"origin": [-1.23614, 0.45581, -2.9375],
							"size": [0.31066, 0.25, 0.75],
							"pivot": [-1.08081, 0.20581, -2.5625],
							"rotation": [-180, 45, 135],
							"uv": {
								"north": {"uv": [28, 35], "uv_size": [0.5, 0.5]},
								"east": {"uv": [30, 14], "uv_size": [1, 0.5]},
								"south": {"uv": [35, 28], "uv_size": [0.5, 0.5]},
								"west": {"uv": [15, 30], "uv_size": [1, 0.5]},
								"up": {"uv": [30, 15], "uv_size": [0.5, 1]}
							}
						},
						{
							"origin": [-2.1402, 0.74369, -3.1875],
							"size": [0.0625, 0.25, 0.5],
							"pivot": [-2.10895, 0.86869, -2.9375],
							"rotation": [-180, 0, -157.5],
							"uv": {
								"north": {"uv": [35, 10], "uv_size": [0.5, 0.5]},
								"east": {"uv": [11, 35], "uv_size": [0.5, 0.5]},
								"south": {"uv": [35, 11], "uv_size": [0.5, 0.5]},
								"west": {"uv": [12, 35], "uv_size": [0.5, 0.5]}
							}
						},
						{
							"origin": [-2.24816, 0.51517, -3.1875],
							"size": [0.0625, 0.25, 0.5],
							"pivot": [-2.18566, 0.51517, -2.9375],
							"rotation": [-180, 0, 180],
							"uv": {
								"north": {"uv": [35, 6], "uv_size": [0.5, 0.5]},
								"east": {"uv": [7, 35], "uv_size": [0.5, 0.5]},
								"south": {"uv": [35, 7], "uv_size": [0.5, 0.5]},
								"west": {"uv": [8, 35], "uv_size": [0.5, 0.5]}
							}
						},
						{
							"origin": [-3.86244, -0.71599, -0.0625],
							"size": [0.0625, 0.5625, 0.5],
							"pivot": [-2.36244, -1.34099, -1.375],
							"rotation": [-180, 0, 135],
							"uv": {
								"north": {"uv": [35, 2], "uv_size": [0.5, 0.5]},
								"east": {"uv": [3, 35], "uv_size": [0.5, 0.5]},
								"south": {"uv": [35, 3], "uv_size": [0.5, 0.5]},
								"west": {"uv": [4, 35], "uv_size": [0.5, 0.5]}
							}
						},
						{
							"origin": [-1.54197, 0.54197, -0.3125],
							"size": [0.0625, 0.125, 0.25],
							"pivot": [-0.94822, 0.07322, -1.375],
							"rotation": [-180, 0, 135],
							"uv": {
								"north": {"uv": [36, 5], "uv_size": [0.5, 0.5]},
								"east": {"uv": [6, 36], "uv_size": [0.5, 0.5]},
								"south": {"uv": [36, 6], "uv_size": [0.5, 0.5]},
								"up": {"uv": [7, 36], "uv_size": [0.5, 0.5]},
								"down": {"uv": [36, 7.5], "uv_size": [0.5, -0.5]}
							}
						},
						{
							"origin": [-1.51072, 0.51072, 0.375],
							"size": [1.125, 0.1875, 0.0625],
							"pivot": [-0.94822, 0.07322, -1.375],
							"rotation": [-180, 0, 135],
							"uv": {
								"east": {"uv": [34, 34], "uv_size": [0.5, 0.5]},
								"west": {"uv": [0, 35], "uv_size": [0.5, 0.5]}
							}
						},
						{
							"origin": [-1.51072, 0.32322, -1.375],
							"size": [1.125, 0.375, 1.75],
							"pivot": [-0.94822, 0.07322, -1.375],
							"rotation": [-180, 0, 135],
							"uv": {
								"north": {"uv": [6, 30], "uv_size": [1, 0.5]},
								"east": {"uv": [24, 5], "uv_size": [2, 0.5]},
								"south": {"uv": [30, 6], "uv_size": [1, 0.5]},
								"west": {"uv": [6, 24], "uv_size": [2, 0.5]},
								"up": {"uv": [13, 14], "uv_size": [1, 2]},
								"down": {"uv": [14, 16], "uv_size": [1, -2]}
							}
						},
						{
							"origin": [-0.57322, 0.07322, -0.9375],
							"size": [0.1875, 0.25, 0.875],
							"pivot": [-0.94822, 0.07322, -1.375],
							"rotation": [-180, 0, 135],
							"uv": {
								"north": {"uv": [29, 34], "uv_size": [0.5, 0.5]},
								"east": {"uv": [7, 30], "uv_size": [1, 0.5]},
								"south": {"uv": [34, 29], "uv_size": [0.5, 0.5]},
								"west": {"uv": [30, 7], "uv_size": [1, 0.5]},
								"up": {"uv": [8, 30], "uv_size": [0.5, 1]},
								"down": {"uv": [30, 9], "uv_size": [0.5, -1]}
							}
						},
						{
							"origin": [-1.51072, 0.07322, -1.375],
							"size": [0.1875, 0.25, 1.75],
							"pivot": [-0.94822, 0.07322, -1.375],
							"rotation": [-180, 0, 135],
							"uv": {
								"north": {"uv": [28, 34], "uv_size": [0.5, 0.5]},
								"east": {"uv": [23, 17], "uv_size": [2, 0.5]},
								"south": {"uv": [34, 28], "uv_size": [0.5, 0.5]},
								"west": {"uv": [23, 20], "uv_size": [2, 0.5]},
								"down": {"uv": [5, 26], "uv_size": [0.5, -2]}
							}
						}
					]
				},
				{
					"name": "ocular_ring",
					"pivot": [0, 1.875, 3.5],
					"cubes": [
						{
							"origin": [-0.19891, 2.75, 3.5],
							"size": [0.39782, 0.125, 0.5],
							"pivot": [0, 1.875, 3.5],
							"rotation": [0, 0, -45],
							"uv": {
								"north": {"uv": [30, 22], "uv_size": [0.5, 0.5]},
								"south": {"uv": [23, 30], "uv_size": [0.5, 0.5]},
								"up": {"uv": [30, 23], "uv_size": [0.5, 0.5]},
								"down": {"uv": [24, 30.5], "uv_size": [0.5, -0.5]}
							}
						},
						{
							"origin": [-0.19891, 2.75, 3.5],
							"size": [0.39782, 0.125, 0.5],
							"pivot": [0, 1.875, 3.5],
							"rotation": [0, 0, -22.5],
							"uv": {
								"north": {"uv": [30, 24], "uv_size": [0.5, 0.5]},
								"south": {"uv": [25, 30], "uv_size": [0.5, 0.5]},
								"up": {"uv": [30, 25], "uv_size": [0.5, 0.5]},
								"down": {"uv": [26, 30.5], "uv_size": [0.5, -0.5]}
							}
						},
						{
							"origin": [-0.19891, 2.75, 3.5],
							"size": [0.39782, 0.125, 0.5],
							"uv": {
								"north": {"uv": [30, 26], "uv_size": [0.5, 0.5]},
								"south": {"uv": [27, 30], "uv_size": [0.5, 0.5]},
								"up": {"uv": [30, 27], "uv_size": [0.5, 0.5]},
								"down": {"uv": [28, 30.5], "uv_size": [0.5, -0.5]}
							}
						},
						{
							"origin": [-0.19891, 0.875, 3.5],
							"size": [0.39782, 0.125, 0.5],
							"pivot": [0, 1.875, 3.5],
							"rotation": [0, 0, 22.5],
							"uv": {
								"north": {"uv": [30, 28], "uv_size": [0.5, 0.5]},
								"south": {"uv": [29, 30], "uv_size": [0.5, 0.5]},
								"up": {"uv": [30, 29], "uv_size": [0.5, 0.5]},
								"down": {"uv": [30, 30.5], "uv_size": [0.5, -0.5]}
							}
						},
						{
							"origin": [-0.19891, 0.875, 3.5],
							"size": [0.39782, 0.125, 0.5],
							"pivot": [0, 1.875, 3.5],
							"rotation": [0, 0, 45],
							"uv": {
								"north": {"uv": [0, 31], "uv_size": [0.5, 0.5]},
								"south": {"uv": [31, 0], "uv_size": [0.5, 0.5]},
								"up": {"uv": [1, 31], "uv_size": [0.5, 0.5]},
								"down": {"uv": [31, 1.5], "uv_size": [0.5, -0.5]}
							}
						},
						{
							"origin": [-1, 1.67609, 3.5],
							"size": [0.125, 0.39782, 0.5],
							"pivot": [0, 1.875, 3.5],
							"rotation": [0, 0, -22.5],
							"uv": {
								"north": {"uv": [2, 31], "uv_size": [0.5, 0.5]},
								"east": {"uv": [31, 2], "uv_size": [0.5, 0.5]},
								"south": {"uv": [3, 31], "uv_size": [0.5, 0.5]},
								"west": {"uv": [31, 3], "uv_size": [0.5, 0.5]}
							}
						},
						{
							"origin": [-1, 1.67609, 3.5],
							"size": [0.125, 0.39782, 0.5],
							"uv": {
								"north": {"uv": [4, 31], "uv_size": [0.5, 0.5]},
								"east": {"uv": [31, 4], "uv_size": [0.5, 0.5]},
								"south": {"uv": [5, 31], "uv_size": [0.5, 0.5]},
								"west": {"uv": [31, 5], "uv_size": [0.5, 0.5]}
							}
						},
						{
							"origin": [-1, 1.67609, 3.5],
							"size": [0.125, 0.39782, 0.5],
							"pivot": [0, 1.875, 3.5],
							"rotation": [0, 0, 22.5],
							"uv": {
								"north": {"uv": [6, 31], "uv_size": [0.5, 0.5]},
								"east": {"uv": [31, 6], "uv_size": [0.5, 0.5]},
								"south": {"uv": [7, 31], "uv_size": [0.5, 0.5]},
								"west": {"uv": [31, 7], "uv_size": [0.5, 0.5]}
							}
						},
						{
							"origin": [-0.19891, 0.875, 3.5],
							"size": [0.39782, 0.125, 0.5],
							"pivot": [0, 1.875, 3.5],
							"rotation": [0, 0, -157.5],
							"uv": {
								"north": {"uv": [8, 31], "uv_size": [0.5, 0.5]},
								"south": {"uv": [31, 8], "uv_size": [0.5, 0.5]},
								"up": {"uv": [9, 31], "uv_size": [0.5, 0.5]},
								"down": {"uv": [31, 9.5], "uv_size": [0.5, -0.5]}
							}
						},
						{
							"origin": [-0.19891, 0.875, 3.5],
							"size": [0.39782, 0.125, 0.5],
							"pivot": [0, 1.875, 3.5],
							"rotation": [0, 0, -135],
							"uv": {
								"north": {"uv": [10, 31], "uv_size": [0.5, 0.5]},
								"south": {"uv": [31, 10], "uv_size": [0.5, 0.5]},
								"up": {"uv": [11, 31], "uv_size": [0.5, 0.5]},
								"down": {"uv": [31, 11.5], "uv_size": [0.5, -0.5]}
							}
						},
						{
							"origin": [-1, 1.67609, 3.5],
							"size": [0.125, 0.39782, 0.5],
							"pivot": [0, 1.875, 3.5],
							"rotation": [0, 0, 157.5],
							"uv": {
								"north": {"uv": [12, 31], "uv_size": [0.5, 0.5]},
								"east": {"uv": [31, 12], "uv_size": [0.5, 0.5]},
								"south": {"uv": [13, 31], "uv_size": [0.5, 0.5]},
								"west": {"uv": [31, 13], "uv_size": [0.5, 0.5]}
							}
						},
						{
							"origin": [-1, 1.67609, 3.5],
							"size": [0.125, 0.39782, 0.5],
							"pivot": [0, 1.875, 3.5],
							"rotation": [0, 0, -180],
							"uv": {
								"north": {"uv": [14, 31], "uv_size": [0.5, 0.5]},
								"east": {"uv": [31, 14], "uv_size": [0.5, 0.5]},
								"south": {"uv": [15, 31], "uv_size": [0.5, 0.5]},
								"west": {"uv": [31, 15], "uv_size": [0.5, 0.5]}
							}
						},
						{
							"origin": [-1, 1.67609, 3.5],
							"size": [0.125, 0.39782, 0.5],
							"pivot": [0, 1.875, 3.5],
							"rotation": [0, 0, -157.5],
							"uv": {
								"north": {"uv": [16, 31], "uv_size": [0.5, 0.5]},
								"east": {"uv": [31, 16], "uv_size": [0.5, 0.5]},
								"south": {"uv": [17, 31], "uv_size": [0.5, 0.5]},
								"west": {"uv": [31, 17], "uv_size": [0.5, 0.5]}
							}
						},
						{
							"origin": [-0.19891, 2.75, 3.5],
							"size": [0.39782, 0.125, 0.5],
							"pivot": [0, 1.875, 3.5],
							"rotation": [0, 0, 135],
							"uv": {
								"north": {"uv": [18, 31], "uv_size": [0.5, 0.5]},
								"south": {"uv": [31, 18], "uv_size": [0.5, 0.5]},
								"up": {"uv": [19, 31], "uv_size": [0.5, 0.5]},
								"down": {"uv": [31, 19.5], "uv_size": [0.5, -0.5]}
							}
						},
						{
							"origin": [-0.19891, 2.75, 3.5],
							"size": [0.39782, 0.125, 0.5],
							"pivot": [0, 1.875, 3.5],
							"rotation": [0, 0, 157.5],
							"uv": {
								"north": {"uv": [20, 31], "uv_size": [0.5, 0.5]},
								"south": {"uv": [31, 20], "uv_size": [0.5, 0.5]},
								"up": {"uv": [21, 31], "uv_size": [0.5, 0.5]},
								"down": {"uv": [31, 21.5], "uv_size": [0.5, -0.5]}
							}
						},
						{
							"origin": [-0.19891, 2.75, 3.5],
							"size": [0.39782, 0.125, 0.5],
							"pivot": [0, 1.875, 3.5],
							"rotation": [0, 0, -180],
							"uv": {
								"north": {"uv": [22, 31], "uv_size": [0.5, 0.5]},
								"south": {"uv": [31, 22], "uv_size": [0.5, 0.5]},
								"up": {"uv": [23, 31], "uv_size": [0.5, 0.5]},
								"down": {"uv": [31, 23.5], "uv_size": [0.5, -0.5]}
							}
						}
					]
				},
				{
					"name": "oculars",
					"pivot": [0, 1.875, 3.75]
				},
				{
					"name": "ocular_scope_2",
					"parent": "oculars",
					"pivot": [0, 1.875, 3.875],
					"cubes": [
						{
							"origin": [-0.88, 1.69996, 3.875],
							"size": [1.76, 0.35009, 0],
							"pivot": [0, 1.875, 3.875],
							"rotation": [0, 0, 22.5],
							"uv": {
								"south": {"uv": [7, 18], "uv_size": [2, 0.5]}
							}
						},
						{
							"origin": [-0.88, 1.69996, 3.875],
							"size": [1.76, 0.35009, 0],
							"pivot": [0, 1.875, 3.875],
							"rotation": [0, 0, -180],
							"uv": {
								"south": {"uv": [19, 12], "uv_size": [2, 0.5]}
							}
						},
						{
							"origin": [-0.88, 1.69996, 3.875],
							"size": [1.76, 0.35009, 0],
							"pivot": [0, 1.875, 3.875],
							"rotation": [0, 0, 157.5],
							"uv": {
								"south": {"uv": [19, 9], "uv_size": [2, 0.5]}
							}
						},
						{
							"origin": [-0.17504, 0.995, 3.875],
							"size": [0.35009, 1.76, 0],
							"pivot": [0, 1.875, 3.875],
							"rotation": [0, 0, -135],
							"uv": {
								"south": {"uv": [8, 19], "uv_size": [0.5, 2]}
							}
						},
						{
							"origin": [-0.17504, 0.995, 3.875],
							"size": [0.35009, 1.76, 0],
							"pivot": [0, 1.875, 3.875],
							"rotation": [0, 0, -157.5],
							"uv": {
								"south": {"uv": [19, 7], "uv_size": [0.5, 2]}
							}
						},
						{
							"origin": [-0.17504, 0.995, 3.875],
							"size": [0.35009, 1.76, 0],
							"uv": {
								"south": {"uv": [7, 19], "uv_size": [0.5, 2]}
							}
						},
						{
							"origin": [-0.17504, 0.995, 3.875],
							"size": [0.35009, 1.76, 0],
							"pivot": [0, 1.875, 3.875],
							"rotation": [0, 0, -22.5],
							"uv": {
								"south": {"uv": [19, 5], "uv_size": [0.5, 2]}
							}
						},
						{
							"origin": [-0.17504, 0.995, 3.875],
							"size": [0.35009, 1.76, 0],
							"pivot": [0, 1.875, 3.875],
							"rotation": [0, 0, -45],
							"uv": {
								"south": {"uv": [14, 18], "uv_size": [0.5, 2]}
							}
						}
					]
				},
				{
					"name": "ocular_sight",
					"parent": "oculars",
					"pivot": [-1.76495, 0.88995, -3.1245],
					"cubes": [
						{
							"origin": [-2.09792, 0.51582, -3.125],
							"size": [0.35355, 0.25, 0.001],
							"pivot": [-1.99437, 0.64082, -3.1245],
							"rotation": [0, 0, -90],
							"uv": {
								"north": {"uv": [10, 36], "uv_size": [0.5, 0.5]},
								"south": {"uv": [36, 10], "uv_size": [0.5, 0.5]}
							}
						},
						{
							"origin": [-1.76582, 0.99437, -3.125],
							"size": [0.35355, 0.25, 0.001],
							"uv": {
								"north": {"uv": [9, 36], "uv_size": [0.5, 0.5]},
								"south": {"uv": [36, 9], "uv_size": [0.5, 0.5]}
							}
						},
						{
							"origin": [-2.13735, 0.84047, -3.125],
							"size": [0.5, 0.25, 0.001],
							"pivot": [-1.88735, 1.01235, -3.1245],
							"rotation": [0, 0, -45],
							"uv": {
								"north": {"uv": [8, 36], "uv_size": [0.5, 0.5]},
								"south": {"uv": [36, 8], "uv_size": [0.5, 0.5]}
							}
						},
						{
							"origin": [-2.21057, 0.50745, -3.125],
							"size": [1, 0.40625, 0.001],
							"pivot": [-1.71057, 0.83557, -3.1245],
							"rotation": [0, 0, -45],
							"uv": {
								"north": {"uv": [30, 21], "uv_size": [1, 0.5]},
								"south": {"uv": [22, 30], "uv_size": [1, 0.5]}
							}
						}
					]
				},
				{
					"name": "divisions",
					"pivot": [0, 1.875, -120]
				},
				{
					"name": "division_2",
					"parent": "divisions",
					"pivot": [0, 1.875, -128]
				},
				{
					"name": "division_illuminated",
					"parent": "division_2",
					"pivot": [0, 1.875, -128],
					"cubes": [
						{
							"origin": [-25, 26.875, -128],
							"size": [50, 100, 0],
							"uv": {
								"south": {"uv": [49.5, 57.5], "uv_size": [4.5, 4]}
							}
						},
						{
							"origin": [-25, -123.125, -128],
							"size": [50, 100, 0],
							"uv": {
								"south": {"uv": [49.5, 57.5], "uv_size": [4.5, 4]}
							}
						},
						{
							"origin": [-125, -123.125, -128],
							"size": [100, 250, 0],
							"uv": {
								"south": {"uv": [49.5, 57.5], "uv_size": [4.5, 4]}
							}
						},
						{
							"origin": [25, -123.125, -128],
							"size": [100, 250, 0],
							"uv": {
								"south": {"uv": [54, 57.5], "uv_size": [-4.5, 4]}
							}
						},
						{
							"origin": [-0.125, 1.75, -128],
							"size": [0.25, 0.25, 0],
							"pivot": [0, 1.875, -127.875],
							"rotation": [0, 0, 45],
							"uv": {
								"south": {"uv": [34, 12], "uv_size": [0.5, 0.5]}
							}
						},
						{
							"origin": [-25, -23.125, -128],
							"size": [50, 50, 0],
							"uv": {
								"south": {"uv": [64, 64], "uv_size": [192, 192]}
							}
						},
						{
							"origin": [-0.78749, 1.39063, 0.425],
							"size": [0.125, 0.03125, 2],
							"uv": {
								"south": {"uv": [9, 128], "uv_size": [21.5, 5]}
							}
						}
					]
				},
				{
					"name": "ammo_text",
					"parent": "division_illuminated",
					"pivot": [-0.70937, 1.35938, 1.425]
				},
				{
					"name": "division",
					"parent": "divisions",
					"pivot": [0, 1.875, -108]
				},
				{
					"name": "division_2_illuminated",
					"parent": "division",
					"pivot": [-1.71056, 0.83556, -20.375],
					"cubes": [
						{
							"origin": [-1.80431, 0.74181, -57.375],
							"size": [0.1875, 0.1875, 0],
							"pivot": [-1.71056, 0.83556, -57.375],
							"rotation": [0, 0, 90],
							"uv": {
								"south": {"uv": [11, 36], "uv_size": [0.5, 0.5]}
							}
						}
					]
				},
				{
					"name": "views",
					"pivot": [0, 0, 0]
				},
				{
					"name": "scope_view_2",
					"parent": "views",
					"pivot": [0, 1.875, 11]
				},
				{
					"name": "scope_view",
					"parent": "views",
					"pivot": [-1.71056, 0.83556, 8.5],
					"rotation": [0, 0, -45]
				}
			]
		}
	]
}