{
	"format_version": "1.12.0",
	"minecraft:geometry": [
		{
			"description": {
				"identifier": "geometry.m4a1_fom - Converted",
				"texture_width": 512,
				"texture_height": 512,
				"visible_bounds_width": 4,
				"visible_bounds_height": 2.5,
				"visible_bounds_offset": [0, 0.75, 0]
			},
			"bones": [
				{
					"name": "scope_body",
					"pivot": [0, -14.0625, 5.75],
					"cubes": [
						{
							"origin": [-0.65625, 1.36985, 0.45737],
							"size": [1.3125, 0.17188, 0.51563],
							"uv": {
								"north": {"uv": [25, 5], "uv_size": [1.5, 0.5]},
								"east": {"uv": [25, 16], "uv_size": [1, 0.5]},
								"south": {"uv": [7, 25], "uv_size": [1.5, 0.5]},
								"west": {"uv": [17, 25], "uv_size": [1, 0.5]},
								"up": {"uv": [22, 6], "uv_size": [1.5, 1]},
								"down": {"uv": [22, 8], "uv_size": [1.5, -1]}
							}
						},
						{
							"origin": [-0.91152, 0.24247, 0.45737],
							"size": [1.82304, 0.17188, 0.81674],
							"uv": {
								"north": {"uv": [25, 0], "uv_size": [2, 0.5]},
								"east": {"uv": [18.27401, 25], "uv_size": [0.72599, 0.5]},
								"south": {"uv": [25, 1], "uv_size": [2, 0.5]},
								"west": {"uv": [19, 25], "uv_size": [0.72599, 0.5]},
								"up": {"uv": [0, 17.27401], "uv_size": [2, 0.72599]},
								"down": {"uv": [0, 19], "uv_size": [2, -0.72599]}
							}
						},
						{
							"origin": [0.70873, 0.02781, 0.45737],
							"size": [0.21875, 0.17188, 0.51563],
							"pivot": [2.30248, 0.93406, 2.41049],
							"rotation": [0, 0, 45],
							"uv": {
								"north": {"uv": [27, 2], "uv_size": [0.5, 0.5]},
								"east": {"uv": [20, 25], "uv_size": [1, 0.5]},
								"south": {"uv": [3, 27], "uv_size": [0.5, 0.5]},
								"west": {"uv": [21, 25], "uv_size": [1, 0.5]},
								"up": {"uv": [22, 25], "uv_size": [0.5, 1]},
								"down": {"uv": [23, 26], "uv_size": [0.5, -1]}
							}
						},
						{
							"origin": [0.93086, -0.99523, 0.45737],
							"size": [0.21875, 0.17188, 0.81674],
							"pivot": [2.52461, -0.08898, 2.41049],
							"rotation": [0, 0, 45],
							"uv": {
								"north": {"uv": [27, 3], "uv_size": [0.5, 0.5]},
								"east": {"uv": [24.27401, 25], "uv_size": [0.72599, 0.5]},
								"south": {"uv": [4, 27], "uv_size": [0.5, 0.5]},
								"west": {"uv": [25, 25], "uv_size": [0.72599, 0.5]},
								"up": {"uv": [0, 26.27401], "uv_size": [0.5, 0.72599]},
								"down": {"uv": [1, 27], "uv_size": [0.5, -0.72599]}
							}
						},
						{
							"origin": [0.81093, 1.21517, 0.45737],
							"size": [1.04687, 0.17188, 0.8125],
							"pivot": [0.81093, 1.38705, 2.41049],
							"rotation": [0, 0, 77.75],
							"uv": {
								"north": {"uv": [2, 26], "uv_size": [1, 0.5]},
								"east": {"uv": [26, 2], "uv_size": [1, 0.5]},
								"south": {"uv": [3, 26], "uv_size": [1, 0.5]},
								"west": {"uv": [4, 26], "uv_size": [1, 0.5]},
								"up": {"uv": [10, 24], "uv_size": [1, 1]},
								"down": {"uv": [12, 25], "uv_size": [1, -1]}
							}
						},
						{
							"origin": [-1.14961, -0.99523, 0.45737],
							"size": [0.21875, 0.17188, 0.81674],
							"pivot": [-2.52461, -0.08898, 2.41049],
							"rotation": [0, 0, -45],
							"uv": {
								"north": {"uv": [27, 4], "uv_size": [0.5, 0.5]},
								"east": {"uv": [5.27401, 26], "uv_size": [0.72599, 0.5]},
								"south": {"uv": [5, 27], "uv_size": [0.5, 0.5]},
								"west": {"uv": [6, 26], "uv_size": [0.72599, 0.5]},
								"up": {"uv": [7, 26.27401], "uv_size": [0.5, 0.72599]},
								"down": {"uv": [8, 27], "uv_size": [0.5, -0.72599]}
							}
						},
						{
							"origin": [-1.8578, 1.21517, 0.45737],
							"size": [1.04687, 0.17188, 0.8125],
							"pivot": [-0.81093, 1.38705, 2.41049],
							"rotation": [0, 0, -77.75],
							"uv": {
								"north": {"uv": [9, 26], "uv_size": [1, 0.5]},
								"east": {"uv": [10, 26], "uv_size": [1, 0.5]},
								"south": {"uv": [11, 26], "uv_size": [1, 0.5]},
								"west": {"uv": [12, 26], "uv_size": [1, 0.5]},
								"up": {"uv": [2, 25], "uv_size": [1, 1]},
								"down": {"uv": [25, 3], "uv_size": [1, -1]}
							}
						},
						{
							"origin": [-0.92748, 0.02781, 0.45737],
							"size": [0.21875, 0.17188, 0.51563],
							"pivot": [-2.30248, 0.93406, 2.41049],
							"rotation": [0, 0, -45],
							"uv": {
								"north": {"uv": [27, 17], "uv_size": [0.5, 0.5]},
								"east": {"uv": [19, 26], "uv_size": [1, 0.5]},
								"south": {"uv": [18, 27], "uv_size": [0.5, 0.5]},
								"west": {"uv": [20, 26], "uv_size": [1, 0.5]},
								"up": {"uv": [26, 20], "uv_size": [0.5, 1]},
								"down": {"uv": [21, 27], "uv_size": [0.5, -1]}
							}
						},
						{
							"origin": [-0.74327, 1.00036, 1.12925],
							"size": [1.48438, 0.45313, 0.3125],
							"pivot": [-0.99327, 0.60974, 1.44175],
							"rotation": [20, 0, 0],
							"uv": {
								"south": {"uv": [14, 27], "uv_size": [1.5, 0.5]}
							}
						},
						{
							"origin": [-0.83702, 0.39099, 1.12925],
							"size": [1.67188, 0.625, 0.3125],
							"pivot": [-0.99327, 0.60974, 1.44175],
							"rotation": [20, 0, 0],
							"uv": {
								"south": {"uv": [27, 14], "uv_size": [1.5, 0.5]}
							}
						}
					]
				},
				{
					"name": "bone41",
					"parent": "scope_body",
					"pivot": [-1.00155, -1.05633, 3.84799],
					"cubes": [
						{
							"origin": [-1.48438, 0.2761, -4.29263],
							"size": [0.28125, 0.79688, 2.67187],
							"pivot": [-1.48438, 0.27611, 3.84799],
							"rotation": [0, 0, 22.5],
							"uv": {
								"north": {"uv": [13, 25], "uv_size": [0.5, 1]},
								"east": {"uv": [15, 16], "uv_size": [2.5, 1]},
								"south": {"uv": [25, 13], "uv_size": [0.5, 1]},
								"west": {"uv": [15, 17], "uv_size": [2.5, 1]},
								"up": {"uv": [4, 22], "uv_size": [0.5, 2.5]},
								"down": {"uv": [9, 24.5], "uv_size": [0.5, -2.5]}
							}
						},
						{
							"origin": [1.20312, 0.2761, -4.29263],
							"size": [0.28125, 0.79688, 2.67187],
							"pivot": [1.48437, 0.27611, 3.84799],
							"rotation": [0, 0, -22.5],
							"uv": {
								"north": {"uv": [14, 25], "uv_size": [0.5, 1]},
								"east": {"uv": [15, 18], "uv_size": [2.5, 1]},
								"south": {"uv": [25, 14], "uv_size": [0.5, 1]},
								"west": {"uv": [18, 16], "uv_size": [2.5, 1]},
								"up": {"uv": [22, 10], "uv_size": [0.5, 2.5]},
								"down": {"uv": [11, 24.5], "uv_size": [0.5, -2.5]}
							}
						},
						{
							"origin": [-1.48438, -0.1614, -4.29263],
							"size": [2.96875, 0.43751, 2.67187],
							"uv": {
								"north": {"uv": [21, 21], "uv_size": [3, 0.5]},
								"east": {"uv": [22, 8], "uv_size": [2.5, 0.5]},
								"south": {"uv": [1, 22], "uv_size": [3, 0.5]},
								"west": {"uv": [22, 13], "uv_size": [2.5, 0.5]},
								"up": {"uv": [8, 0], "uv_size": [3, 2.5]},
								"down": {"uv": [8, 5.5], "uv_size": [3, -2.5]}
							}
						},
						{
							"origin": [-1.48438, -0.06765, -2.48013],
							"size": [2.96875, 0.25001, 0.73437],
							"inflate": 0.001,
							"uv": {
								"west": {"uv": [21.5, 48], "uv_size": [11, 3.5]}
							}
						},
						{
							"origin": [-1.48437, -0.06765, -2.48013],
							"size": [2.96875, 0.25001, 0.73437],
							"inflate": 0.001,
							"uv": {
								"east": {"uv": [21.5, 48], "uv_size": [11, 3.5]}
							}
						},
						{
							"origin": [-1.39599, -0.24979, -4.29263],
							"size": [2.79198, 0.0884, 2.67187],
							"uv": {
								"north": {"uv": [22, 5], "uv_size": [3, 0.5]},
								"east": {"uv": [22, 14], "uv_size": [2.5, 0.5]},
								"south": {"uv": [6, 22], "uv_size": [3, 0.5]},
								"west": {"uv": [15, 22], "uv_size": [2.5, 0.5]},
								"up": {"uv": [8, 6], "uv_size": [3, 2.5]},
								"down": {"uv": [8, 11.5], "uv_size": [3, -2.5]}
							}
						},
						{
							"origin": [-1.38907, -2.18133, -4.29263],
							"size": [0.125, 0.125, 2.67187],
							"pivot": [1.00155, -1.05633, 3.84799],
							"rotation": [0, 0, 45],
							"uv": {
								"north": {"uv": [24, 26], "uv_size": [0.5, 0.5]},
								"east": {"uv": [22, 15], "uv_size": [2.5, 0.5]},
								"south": {"uv": [26, 24], "uv_size": [0.5, 0.5]},
								"west": {"uv": [21, 22], "uv_size": [2.5, 0.5]},
								"up": {"uv": [13, 22], "uv_size": [0.5, 2.5]},
								"down": {"uv": [18, 24.5], "uv_size": [0.5, -2.5]}
							}
						},
						{
							"origin": [1.26407, -2.18133, -4.29263],
							"size": [0.125, 0.125, 2.67187],
							"pivot": [-1.00155, -1.05633, 3.84799],
							"rotation": [0, 0, -45],
							"uv": {
								"north": {"uv": [25, 26], "uv_size": [0.5, 0.5]},
								"east": {"uv": [1, 23], "uv_size": [2.5, 0.5]},
								"south": {"uv": [26, 25], "uv_size": [0.5, 0.5]},
								"west": {"uv": [6, 23], "uv_size": [2.5, 0.5]},
								"up": {"uv": [23, 10], "uv_size": [0.5, 2.5]},
								"down": {"uv": [15, 25.5], "uv_size": [0.5, -2.5]}
							}
						}
					]
				},
				{
					"name": "bone42",
					"parent": "scope_body",
					"pivot": [0, -12.57812, 5.75],
					"cubes": [
						{
							"origin": [-0.89063, 1.32298, -4.41763],
							"size": [1.78125, 0.4375, 4.25],
							"uv": {
								"north": {"uv": [16, 23], "uv_size": [2, 0.5]},
								"east": {"uv": [18, 17], "uv_size": [4.5, 0.5]},
								"south": {"uv": [16, 24], "uv_size": [2, 0.5]},
								"west": {"uv": [18, 18], "uv_size": [4.5, 0.5]},
								"up": {"uv": [0, 7], "uv_size": [2, 4.5]},
								"down": {"uv": [2, 11.5], "uv_size": [2, -4.5]}
							}
						},
						{
							"origin": [-0.89647, 0.04812, -4.41763],
							"size": [1.79294, 0.4375, 4.25],
							"uv": {
								"north": {"uv": [3, 25], "uv_size": [2, 0.5]},
								"east": {"uv": [0, 19], "uv_size": [4.5, 0.5]},
								"south": {"uv": [25, 3], "uv_size": [2, 0.5]},
								"west": {"uv": [5, 19], "uv_size": [4.5, 0.5]},
								"up": {"uv": [4, 7], "uv_size": [2, 4.5]},
								"down": {"uv": [6, 11.5], "uv_size": [2, -4.5]}
							}
						},
						{
							"origin": [0.65041, -0.20188, -4.41763],
							"size": [0.58981, 0.32813, 4.20312],
							"uv": {
								"north": {"uv": [27, 19], "uv_size": [0.5, 0.5]},
								"east": {"uv": [15, 20], "uv_size": [4, 0.5]},
								"south": {"uv": [20, 27], "uv_size": [0.5, 0.5]},
								"west": {"uv": [19, 20], "uv_size": [4, 0.5]},
								"up": {"uv": [12, 20], "uv_size": [0.5, 4]},
								"down": {"uv": [0, 25], "uv_size": [0.5, -4]}
							}
						},
						{
							"origin": [-1.10944, -0.73177, -4.41763],
							"size": [0.47466, 0.42052, 4.20312],
							"pivot": [-0.86916, 1.6575, 3.84799],
							"rotation": [0, 0, -45],
							"uv": {
								"north": {"uv": [27, 20], "uv_size": [0.5, 0.5]},
								"east": {"uv": [20, 19], "uv_size": [4, 0.5]},
								"south": {"uv": [21, 27], "uv_size": [0.5, 0.5]},
								"west": {"uv": [1, 21], "uv_size": [4, 0.5]},
								"up": {"uv": [5, 21], "uv_size": [0.5, 4]},
								"down": {"uv": [21, 9], "uv_size": [0.5, -4]}
							}
						},
						{
							"origin": [0.63478, -0.73177, -4.41763],
							"size": [0.47466, 0.42052, 4.20312],
							"pivot": [0.86916, 1.6575, 3.84799],
							"rotation": [0, 0, 45],
							"uv": {
								"north": {"uv": [27, 21], "uv_size": [0.5, 0.5]},
								"east": {"uv": [6, 21], "uv_size": [4, 0.5]},
								"south": {"uv": [22, 27], "uv_size": [0.5, 0.5]},
								"west": {"uv": [21, 9], "uv_size": [4, 0.5]},
								"up": {"uv": [21, 10], "uv_size": [0.5, 4]},
								"down": {"uv": [14, 25], "uv_size": [0.5, -4]}
							}
						},
						{
							"origin": [-1.24022, -0.20188, -4.41763],
							"size": [0.58981, 0.32813, 4.20312],
							"uv": {
								"north": {"uv": [27, 22], "uv_size": [0.5, 0.5]},
								"east": {"uv": [15, 21], "uv_size": [4, 0.5]},
								"south": {"uv": [23, 27], "uv_size": [0.5, 0.5]},
								"west": {"uv": [21, 16], "uv_size": [4, 0.5]},
								"up": {"uv": [19, 21], "uv_size": [0.5, 4]},
								"down": {"uv": [20, 25], "uv_size": [0.5, -4]}
							}
						},
						{
							"origin": [-1.09375, 1.32298, -4.41763],
							"size": [0.20312, 0.4375, 4.25],
							"pivot": [-0.89063, 1.76048, 3.84799],
							"rotation": [0, 0, -44],
							"uv": {
								"north": {"uv": [27, 23], "uv_size": [0.5, 0.5]},
								"east": {"uv": [15, 19], "uv_size": [4.5, 0.5]},
								"south": {"uv": [24, 27], "uv_size": [0.5, 0.5]},
								"west": {"uv": [0, 20], "uv_size": [4.5, 0.5]},
								"up": {"uv": [12, 15], "uv_size": [0.5, 4.5]},
								"down": {"uv": [13, 21.5], "uv_size": [0.5, -4.5]}
							}
						},
						{
							"origin": [-2.55237, 1.18187, -4.41763],
							"size": [1.51563, 0.43751, 4.25],
							"pivot": [-1.03674, 1.61938, 3.84799],
							"rotation": [0, 0, -79],
							"uv": {
								"north": {"uv": [25, 8], "uv_size": [1.5, 0.5]},
								"east": {"uv": [20, 0], "uv_size": [4.5, 0.5]},
								"south": {"uv": [9, 25], "uv_size": [1.5, 0.5]},
								"west": {"uv": [20, 1], "uv_size": [4.5, 0.5]},
								"up": {"uv": [11, 0], "uv_size": [1.5, 4.5]},
								"down": {"uv": [11, 9.5], "uv_size": [1.5, -4.5]}
							}
						},
						{
							"origin": [1.03674, 1.18187, -4.41763],
							"size": [1.51563, 0.43751, 4.25],
							"pivot": [1.03674, 1.61938, 3.84799],
							"rotation": [0, 0, 79],
							"uv": {
								"north": {"uv": [25, 9], "uv_size": [1.5, 0.5]},
								"east": {"uv": [20, 2], "uv_size": [4.5, 0.5]},
								"south": {"uv": [11, 25], "uv_size": [1.5, 0.5]},
								"west": {"uv": [20, 3], "uv_size": [4.5, 0.5]},
								"up": {"uv": [11, 10], "uv_size": [1.5, 4.5]},
								"down": {"uv": [0, 16.5], "uv_size": [1.5, -4.5]}
							}
						},
						{
							"origin": [1.22424, 1.18187, -4.16763],
							"size": [0.10938, 0.43751, 2.5625],
							"inflate": 0.001,
							"pivot": [1.03674, 1.61938, 3.84799],
							"rotation": [0, 0, 79],
							"uv": {
								"up": {"uv": [4, 16], "uv_size": [0.5, 0.5]}
							}
						},
						{
							"origin": [-1.33362, 1.18187, -4.16763],
							"size": [0.10938, 0.43751, 2.5625],
							"inflate": 0.001,
							"pivot": [-1.03674, 1.61938, 3.84799],
							"rotation": [0, 0, -79],
							"uv": {
								"up": {"uv": [4.5, 16], "uv_size": [-0.5, 0.5]}
							}
						},
						{
							"origin": [0.89062, 1.32298, -4.41763],
							"size": [0.20313, 0.4375, 4.25],
							"pivot": [0.89062, 1.76048, 3.84799],
							"rotation": [0, 0, 44],
							"uv": {
								"north": {"uv": [1, 28], "uv_size": [0.5, 0.5]},
								"east": {"uv": [20, 4], "uv_size": [4.5, 0.5]},
								"south": {"uv": [28, 1], "uv_size": [0.5, 0.5]},
								"west": {"uv": [5, 20], "uv_size": [4.5, 0.5]},
								"up": {"uv": [10, 19], "uv_size": [0.5, 4.5]},
								"down": {"uv": [20, 9.5], "uv_size": [0.5, -4.5]}
							}
						}
					]
				},
				{
					"name": "bone",
					"parent": "bone42",
					"pivot": [1.03674, 1.61938, 3.84799],
					"rotation": [0, 0, 79],
					"cubes": [
						{
							"origin": [1.16174, 1.18187, -1.41763],
							"size": [0.23438, 0.43751, 1.0625],
							"inflate": 0.001,
							"uv": {
								"up": {"uv": [3, 16], "uv_size": [0.5, 1]}
							}
						},
						{
							"origin": [4.78674, 1.18187, -2.73013],
							"size": [0.09375, 0.43751, 0.1875],
							"inflate": 0.002,
							"pivot": [4.59924, 1.61938, 2.16049],
							"rotation": [0, 45, 0],
							"uv": {
								"up": {"uv": [5, 16], "uv_size": [0.5, 0.5]}
							}
						},
						{
							"origin": [4.59924, 1.18187, -1.7145],
							"size": [0.09375, 0.43751, 0.1875],
							"inflate": 0.002,
							"pivot": [4.41174, 1.61938, 3.17612],
							"rotation": [0, 45, 0],
							"uv": {
								"up": {"uv": [5, 16], "uv_size": [0.5, 0.5]}
							}
						},
						{
							"origin": [4.59924, 1.18187, -2.277],
							"size": [0.09375, 0.43751, 0.4375],
							"inflate": 0.002,
							"pivot": [4.41174, 1.61938, 2.61361],
							"rotation": [0, 45, 0],
							"uv": {
								"up": {"uv": [5, 16], "uv_size": [0.5, 0.5]}
							}
						}
					]
				},
				{
					"name": "bone2",
					"parent": "bone42",
					"pivot": [-1.03674, 1.61938, 3.84799],
					"rotation": [0, 0, -79],
					"cubes": [
						{
							"origin": [-1.39612, 1.18187, -1.41763],
							"size": [0.23438, 0.43751, 1.0625],
							"inflate": 0.001,
							"uv": {
								"up": {"uv": [3.5, 16], "uv_size": [-0.5, 1]}
							}
						},
						{
							"origin": [-4.88049, 1.18187, -2.73013],
							"size": [0.09375, 0.43751, 0.1875],
							"inflate": 0.002,
							"pivot": [-4.59924, 1.61938, 2.16049],
							"rotation": [0, -45, 0],
							"uv": {
								"up": {"uv": [5.5, 16], "uv_size": [-0.5, 0.5]}
							}
						},
						{
							"origin": [-4.69299, 1.18187, -1.7145],
							"size": [0.09375, 0.43751, 0.1875],
							"inflate": 0.002,
							"pivot": [-4.41174, 1.61938, 3.17612],
							"rotation": [0, -45, 0],
							"uv": {
								"up": {"uv": [5.5, 16], "uv_size": [-0.5, 0.5]}
							}
						},
						{
							"origin": [-4.69299, 1.18187, -2.277],
							"size": [0.09375, 0.43751, 0.4375],
							"inflate": 0.002,
							"pivot": [-4.41174, 1.61938, 2.61361],
							"rotation": [0, -45, 0],
							"uv": {
								"up": {"uv": [5.5, 16], "uv_size": [-0.5, 0.5]}
							}
						}
					]
				},
				{
					"name": "bone43",
					"parent": "bone42",
					"pivot": [-0.97424, 1.52563, 2.41049],
					"cubes": [
						{
							"origin": [0.97424, 1.33812, -5.85513],
							"size": [1.20313, 0.18751, 1.28549],
							"pivot": [0.97424, 1.52563, 2.41049],
							"rotation": [0, 0, 79],
							"uv": {
								"north": {"uv": [25, 15], "uv_size": [1, 0.5]},
								"east": {"uv": [18.35056, 0], "uv_size": [1.14944, 0.5]},
								"south": {"uv": [16, 25], "uv_size": [1, 0.5]},
								"west": {"uv": [13, 1], "uv_size": [1.14944, 0.5]},
								"up": {"uv": [2, 17.35056], "uv_size": [1, 1.14944]},
								"down": {"uv": [3, 18.5], "uv_size": [1, -1.14944]}
							}
						},
						{
							"origin": [-0.38513, 8.33812, -13.8395],
							"size": [1.03125, 0.18751, 0.25424],
							"inflate": 0.001,
							"pivot": [-0.38513, 8.52563, -5.65201],
							"rotation": [0, -90, 79],
							"uv": {
								"up": {"uv": [0, 59.35056], "uv_size": [20, 5.14944]}
							}
						},
						{
							"origin": [-0.64612, 8.33812, -13.8395],
							"size": [1.03125, 0.18751, 0.25424],
							"inflate": 0.001,
							"pivot": [0.38514, 8.52563, -5.65201],
							"rotation": [0, 90, -79],
							"uv": {
								"up": {"uv": [0, 59.35056], "uv_size": [20, 5.14944]}
							}
						},
						{
							"origin": [1.37563, 0.90482, -5.85513],
							"size": [0.20313, 0.3125, 1.16049],
							"pivot": [0.37563, 1.21732, 2.41049],
							"rotation": [0, 0, 46.5],
							"uv": {
								"north": {"uv": [26, 26], "uv_size": [0.5, 0.5]},
								"east": {"uv": [18.35056, 2], "uv_size": [1.14944, 0.5]},
								"south": {"uv": [0, 27], "uv_size": [0.5, 0.5]},
								"west": {"uv": [13, 3], "uv_size": [1.14944, 0.5]},
								"up": {"uv": [6, 17.35056], "uv_size": [0.5, 1.14944]},
								"down": {"uv": [7, 18.5], "uv_size": [0.5, -1.14944]}
							}
						},
						{
							"origin": [1.18813, 0.90482, -4.69464],
							"size": [0.39063, 0.3125, 5.40201],
							"pivot": [0.37563, 1.21732, 2.41049],
							"rotation": [0, 0, 46.5],
							"uv": {
								"north": {"uv": [26, 26], "uv_size": [0.5, 0.5]},
								"east": {"uv": [13, 2], "uv_size": [5.35056, 0.5]},
								"south": {"uv": [0, 27], "uv_size": [0.5, 0.5]},
								"west": {"uv": [14.14944, 3], "uv_size": [5.35056, 0.5]},
								"up": {"uv": [6, 12], "uv_size": [0.5, 5.35056]},
								"down": {"uv": [7, 17.35056], "uv_size": [0.5, -5.35056]}
							}
						},
						{
							"origin": [-1.57876, 0.90482, -5.85513],
							"size": [0.20313, 0.3125, 1.16049],
							"pivot": [-0.37563, 1.21732, 2.41049],
							"rotation": [0, 0, -46.5],
							"uv": {
								"north": {"uv": [27, 0], "uv_size": [0.5, 0.5]},
								"east": {"uv": [18.35056, 4], "uv_size": [1.14944, 0.5]},
								"south": {"uv": [1, 27], "uv_size": [0.5, 0.5]},
								"west": {"uv": [13, 5], "uv_size": [1.14944, 0.5]},
								"up": {"uv": [8, 17.35056], "uv_size": [0.5, 1.14944]},
								"down": {"uv": [9, 18.5], "uv_size": [0.5, -1.14944]}
							}
						},
						{
							"origin": [-1.57876, 0.90482, -4.69464],
							"size": [0.39063, 0.3125, 5.40201],
							"pivot": [-0.37563, 1.21732, 2.41049],
							"rotation": [0, 0, -46.5],
							"uv": {
								"north": {"uv": [27, 0], "uv_size": [0.5, 0.5]},
								"east": {"uv": [13, 4], "uv_size": [5.35056, 0.5]},
								"south": {"uv": [1, 27], "uv_size": [0.5, 0.5]},
								"west": {"uv": [14.14944, 5], "uv_size": [5.35056, 0.5]},
								"up": {"uv": [8, 12], "uv_size": [0.5, 5.35056]},
								"down": {"uv": [9, 17.35056], "uv_size": [0.5, -5.35056]}
							}
						},
						{
							"origin": [-0.97712, 0.12949, -5.85513],
							"size": [1.95424, 0.18751, 1.16049],
							"uv": {
								"north": {"uv": [24, 24], "uv_size": [2, 0.5]},
								"east": {"uv": [18.35056, 6], "uv_size": [1.14944, 0.5]},
								"south": {"uv": [0, 25], "uv_size": [2, 0.5]},
								"west": {"uv": [13, 7], "uv_size": [1.14944, 0.5]},
								"up": {"uv": [0, 5.35056], "uv_size": [2, 1.14944]},
								"down": {"uv": [2, 6.5], "uv_size": [2, -1.14944]}
							}
						},
						{
							"origin": [-0.97712, 0.12949, -4.69464],
							"size": [1.95424, 0.43751, 5.40201],
							"uv": {
								"north": {"uv": [24, 24], "uv_size": [2, 0.5]},
								"east": {"uv": [13, 6], "uv_size": [5.35056, 0.5]},
								"south": {"uv": [0, 25], "uv_size": [2, 0.5]},
								"west": {"uv": [14.14944, 7], "uv_size": [5.35056, 0.5]},
								"up": {"uv": [0, 0], "uv_size": [2, 5.35056]},
								"down": {"uv": [2, 5.35056], "uv_size": [2, -5.35056]}
							}
						},
						{
							"origin": [0.82812, 1.47923, -5.85513],
							"size": [0.20313, 0.1875, 1.16049],
							"pivot": [0.82812, 1.66673, 2.41049],
							"rotation": [0, 0, 44],
							"uv": {
								"north": {"uv": [27, 1], "uv_size": [0.5, 0.5]},
								"east": {"uv": [18.35056, 8], "uv_size": [1.14944, 0.5]},
								"south": {"uv": [2, 27], "uv_size": [0.5, 0.5]},
								"west": {"uv": [13, 9], "uv_size": [1.14944, 0.5]},
								"up": {"uv": [10, 17.35056], "uv_size": [0.5, 1.14944]},
								"down": {"uv": [13, 16.5], "uv_size": [0.5, -1.14944]}
							}
						},
						{
							"origin": [-0.82813, 1.47923, -5.85513],
							"size": [1.65625, 0.1875, 1.16049],
							"uv": {
								"north": {"uv": [25, 4], "uv_size": [1.5, 0.5]},
								"east": {"uv": [19.35056, 10], "uv_size": [1.14944, 0.5]},
								"south": {"uv": [5, 25], "uv_size": [1.5, 0.5]},
								"west": {"uv": [14, 11], "uv_size": [1.14944, 0.5]},
								"up": {"uv": [4, 5.35056], "uv_size": [1.5, 1.14944]},
								"down": {"uv": [6, 6.5], "uv_size": [1.5, -1.14944]}
							}
						},
						{
							"origin": [-0.82813, 1.22923, -4.69464],
							"size": [1.65625, 0.4375, 5.40201],
							"uv": {
								"north": {"uv": [25, 4], "uv_size": [1.5, 0.5]},
								"east": {"uv": [14, 10], "uv_size": [5.35056, 0.5]},
								"south": {"uv": [5, 25], "uv_size": [1.5, 0.5]},
								"west": {"uv": [15.14944, 11], "uv_size": [5.35056, 0.5]},
								"up": {"uv": [4, 0], "uv_size": [1.5, 5.35056]},
								"down": {"uv": [6, 5.35056], "uv_size": [1.5, -5.35056]}
							}
						},
						{
							"origin": [-1.03125, 1.47923, -5.85513],
							"size": [0.20312, 0.1875, 1.16049],
							"pivot": [-0.82813, 1.66673, 2.41049],
							"rotation": [0, 0, -44],
							"uv": {
								"north": {"uv": [27, 18], "uv_size": [0.5, 0.5]},
								"east": {"uv": [19.35056, 12], "uv_size": [1.14944, 0.5]},
								"south": {"uv": [19, 27], "uv_size": [0.5, 0.5]},
								"west": {"uv": [14, 13], "uv_size": [1.14944, 0.5]},
								"up": {"uv": [14, 19.35056], "uv_size": [0.5, 1.14944]},
								"down": {"uv": [11, 21.5], "uv_size": [0.5, -1.14944]}
							}
						},
						{
							"origin": [-1.03125, 1.22923, -4.69464],
							"size": [0.20312, 0.4375, 5.40201],
							"pivot": [-0.82813, 1.66673, 2.41049],
							"rotation": [0, 0, -44],
							"uv": {
								"north": {"uv": [27, 18], "uv_size": [0.5, 0.5]},
								"east": {"uv": [14, 12], "uv_size": [5.35056, 0.5]},
								"south": {"uv": [19, 27], "uv_size": [0.5, 0.5]},
								"west": {"uv": [15.14944, 13], "uv_size": [5.35056, 0.5]},
								"up": {"uv": [14, 14], "uv_size": [0.5, 5.35056]},
								"down": {"uv": [11, 20.35056], "uv_size": [0.5, -5.35056]}
							}
						},
						{
							"origin": [-2.17737, 1.33812, -5.85513],
							"size": [1.20313, 0.18751, 1.28549],
							"pivot": [-0.97424, 1.52563, 2.41049],
							"rotation": [0, 0, -79],
							"uv": {
								"north": {"uv": [22, 26], "uv_size": [1, 0.5]},
								"east": {"uv": [20.35056, 14], "uv_size": [1.14944, 0.5]},
								"south": {"uv": [23, 26], "uv_size": [1, 0.5]},
								"west": {"uv": [15, 15], "uv_size": [1.14944, 0.5]},
								"up": {"uv": [4, 17.35056], "uv_size": [1, 1.14944]},
								"down": {"uv": [5, 18.5], "uv_size": [1, -1.14944]}
							}
						},
						{
							"origin": [-0.97712, 0.19199, -5.79263],
							"size": [1.95424, 1.06251, 0.16049],
							"uv": {
								"north": {"uv": [17, 26], "uv_size": [2, 1]}
							}
						},
						{
							"origin": [0.97424, 1.08812, -5.79263],
							"size": [1.20313, 0.37501, 0.16049],
							"pivot": [0.97424, 1.52563, 2.41049],
							"rotation": [0, 0, 79],
							"uv": {
								"north": {"uv": [26, 17], "uv_size": [1, 0.5]}
							}
						},
						{
							"origin": [-0.82813, 1.22923, -5.79263],
							"size": [1.65625, 0.375, 0.16049],
							"uv": {
								"north": {"uv": [27, 13], "uv_size": [1.5, 0.5]}
							}
						},
						{
							"origin": [-2.17737, 1.08812, -5.79263],
							"size": [1.20313, 0.37501, 0.16049],
							"pivot": [-0.97424, 1.52563, 2.41049],
							"rotation": [0, 0, -79],
							"uv": {
								"north": {"uv": [26, 18], "uv_size": [1, 0.5]}
							}
						},
						{
							"origin": [-2.17737, 1.08812, -4.56964],
							"size": [1.20313, 0.43751, 5.27701],
							"pivot": [-0.97424, 1.52563, 2.41049],
							"rotation": [0, 0, -79],
							"uv": {
								"north": {"uv": [28, 11], "uv_size": [2, 0.5]},
								"east": {"uv": [6, 28], "uv_size": [5.5, 0.5]},
								"south": {"uv": [12, 28], "uv_size": [2, 0.5]},
								"west": {"uv": [28, 8], "uv_size": [5.5, 0.5]},
								"up": {"uv": [28, 2], "uv_size": [2, 5.5]},
								"down": {"uv": [4, 33.5], "uv_size": [2, -5.5]}
							}
						},
						{
							"origin": [0.82812, 1.22923, -4.69464],
							"size": [0.20313, 0.4375, 5.40201],
							"pivot": [0.82812, 1.66673, 2.41049],
							"rotation": [0, 0, 44],
							"uv": {
								"north": {"uv": [27, 1], "uv_size": [0.5, 0.5]},
								"east": {"uv": [13, 8], "uv_size": [5.35056, 0.5]},
								"south": {"uv": [2, 27], "uv_size": [0.5, 0.5]},
								"west": {"uv": [14.14944, 9], "uv_size": [5.35056, 0.5]},
								"up": {"uv": [10, 12], "uv_size": [0.5, 5.35056]},
								"down": {"uv": [13, 15.35056], "uv_size": [0.5, -5.35056]}
							}
						},
						{
							"origin": [0.97424, 1.08812, -4.56964],
							"size": [1.20313, 0.43751, 5.27701],
							"pivot": [0.97424, 1.52563, 2.41049],
							"rotation": [0, 0, 79],
							"uv": {
								"north": {"uv": [28, 9], "uv_size": [2, 0.5]},
								"east": {"uv": [27, 15], "uv_size": [5.5, 0.5]},
								"south": {"uv": [28, 10], "uv_size": [2, 0.5]},
								"west": {"uv": [27, 16], "uv_size": [5.5, 0.5]},
								"up": {"uv": [16, 27], "uv_size": [2, 5.5]},
								"down": {"uv": [2, 33.5], "uv_size": [2, -5.5]}
							}
						},
						{
							"origin": [1.63049, 1.08812, -0.24151],
							"size": [0.04688, 0.43751, 0.51138],
							"inflate": 0.001,
							"pivot": [0.97424, 1.52563, 2.41049],
							"rotation": [0, 0, 79],
							"uv": {
								"north": {"uv": [28, 12], "uv_size": [0.5, 0.5]},
								"east": {"uv": [14, 28], "uv_size": [0.5, 0.5]},
								"south": {"uv": [15, 28], "uv_size": [0.5, 0.5]},
								"west": {"uv": [28, 17], "uv_size": [0.5, 0.5]},
								"up": {"uv": [18, 28], "uv_size": [0.5, 0.5]},
								"down": {"uv": [28, 18.5], "uv_size": [0.5, -0.5]}
							}
						},
						{
							"origin": [3.17737, 1.08812, 3.14911],
							"size": [0.29688, 0.43751, 0.08951],
							"inflate": 0.001,
							"pivot": [0.97424, 1.52563, 2.41049],
							"rotation": [0, 90, 79],
							"uv": {
								"north": {"uv": [28, 12], "uv_size": [0.5, 0.5]},
								"east": {"uv": [14, 28], "uv_size": [0.5, 0.5]},
								"south": {"uv": [15, 28], "uv_size": [0.5, 0.5]},
								"west": {"uv": [28, 17], "uv_size": [0.5, 0.5]},
								"up": {"uv": [77.53125, 80.09375], "uv_size": [-21, -5]},
								"down": {"uv": [28, 18.5], "uv_size": [0.5, -0.5]}
							}
						},
						{
							"origin": [1.58362, 1.08812, 0.30536],
							"size": [0.14063, 0.43751, 0.04263],
							"inflate": 0.001,
							"pivot": [0.97424, 1.52563, 2.41049],
							"rotation": [0, 0, 79],
							"uv": {
								"north": {"uv": [18, 15], "uv_size": [0.5, 0.5]},
								"east": {"uv": [19, 1], "uv_size": [0.5, 0.5]},
								"south": {"uv": [19, 14], "uv_size": [0.5, 0.5]},
								"west": {"uv": [19, 15], "uv_size": [0.5, 0.5]},
								"up": {"uv": [20, 15], "uv_size": [0.5, 0.5]},
								"down": {"uv": [21, 15.5], "uv_size": [0.5, -0.5]}
							}
						},
						{
							"origin": [-3.47424, 1.08812, 3.14911],
							"size": [0.29688, 0.43751, 0.08951],
							"inflate": 0.001,
							"pivot": [-0.97424, 1.52563, 2.41049],
							"rotation": [0, -90, -79],
							"uv": {
								"north": {"uv": [28.5, 12], "uv_size": [-0.5, 0.5]},
								"east": {"uv": [28.5, 17], "uv_size": [-0.5, 0.5]},
								"south": {"uv": [15.5, 28], "uv_size": [-0.5, 0.5]},
								"west": {"uv": [14.5, 28], "uv_size": [-0.5, 0.5]},
								"up": {"uv": [77.53125, 80.09375], "uv_size": [-21, -5]},
								"down": {"uv": [28.5, 18.5], "uv_size": [-0.5, -0.5]}
							}
						},
						{
							"origin": [-1.67737, 1.08812, -0.24151],
							"size": [0.04688, 0.43751, 0.51138],
							"inflate": 0.001,
							"pivot": [-0.97424, 1.52563, 2.41049],
							"rotation": [0, 0, -79],
							"uv": {
								"north": {"uv": [28.5, 12], "uv_size": [-0.5, 0.5]},
								"east": {"uv": [28.5, 17], "uv_size": [-0.5, 0.5]},
								"south": {"uv": [15.5, 28], "uv_size": [-0.5, 0.5]},
								"west": {"uv": [14.5, 28], "uv_size": [-0.5, 0.5]},
								"up": {"uv": [18.5, 28], "uv_size": [-0.5, 0.5]},
								"down": {"uv": [28.5, 18.5], "uv_size": [-0.5, -0.5]}
							}
						},
						{
							"origin": [-1.72424, 1.08812, 0.30536],
							"size": [0.14063, 0.43751, 0.04263],
							"inflate": 0.001,
							"pivot": [-0.97424, 1.52563, 2.41049],
							"rotation": [0, 0, -79],
							"uv": {
								"north": {"uv": [18.5, 15], "uv_size": [-0.5, 0.5]},
								"east": {"uv": [19.5, 15], "uv_size": [-0.5, 0.5]},
								"south": {"uv": [19.5, 14], "uv_size": [-0.5, 0.5]},
								"west": {"uv": [19.5, 1], "uv_size": [-0.5, 0.5]},
								"up": {"uv": [20.5, 15], "uv_size": [-0.5, 0.5]},
								"down": {"uv": [21.5, 15.5], "uv_size": [-0.5, -0.5]}
							}
						}
					]
				},
				{
					"name": "octagon4",
					"parent": "bone42",
					"pivot": [0.00823, 0.57813, -1.21874],
					"cubes": [
						{
							"origin": [-1.36595, 0.46721, -1.49897],
							"size": [2.72663, 0.23944, 0.57806],
							"pivot": [-0.56982, 0.58693, -1.20994],
							"rotation": [-45, 0, 0],
							"uv": {
								"north": {"uv": [23, 17], "uv_size": [2.5, 0.5]},
								"east": {"uv": [27, 24], "uv_size": [0.5, 0.5]},
								"south": {"uv": [23, 18], "uv_size": [2.5, 0.5]},
								"west": {"uv": [25, 27], "uv_size": [0.5, 0.5]},
								"up": {"uv": [23, 20], "uv_size": [2.5, 0.5]},
								"down": {"uv": [21, 23.5], "uv_size": [2.5, -0.5]}
							}
						},
						{
							"origin": [-1.35032, 0.46721, -1.49897],
							"size": [2.69538, 0.23944, 0.57806],
							"uv": {
								"north": {"uv": [1, 24], "uv_size": [2.5, 0.5]},
								"east": {"uv": [27, 25], "uv_size": [0.5, 0.5]},
								"south": {"uv": [6, 24], "uv_size": [2.5, 0.5]},
								"west": {"uv": [26, 27], "uv_size": [0.5, 0.5]},
								"up": {"uv": [24, 6], "uv_size": [2.5, 0.5]},
								"down": {"uv": [24, 7.5], "uv_size": [2.5, -0.5]}
							}
						},
						{
							"origin": [-1.36595, 0.29791, -1.32966],
							"size": [2.72663, 0.57805, 0.23943],
							"pivot": [-0.56982, 0.58693, -1.20994],
							"rotation": [-45, 0, 0],
							"uv": {
								"north": {"uv": [24, 10], "uv_size": [2.5, 0.5]},
								"east": {"uv": [27, 26], "uv_size": [0.5, 0.5]},
								"south": {"uv": [24, 11], "uv_size": [2.5, 0.5]},
								"west": {"uv": [27, 27], "uv_size": [0.5, 0.5]},
								"up": {"uv": [24, 12], "uv_size": [2.5, 0.5]},
								"down": {"uv": [24, 19.5], "uv_size": [2.5, -0.5]}
							}
						},
						{
							"origin": [-1.35032, 0.29791, -1.32966],
							"size": [2.69538, 0.57805, 0.23943],
							"uv": {
								"north": {"uv": [21, 24], "uv_size": [2.5, 0.5]},
								"east": {"uv": [0, 28], "uv_size": [0.5, 0.5]},
								"south": {"uv": [24, 21], "uv_size": [2.5, 0.5]},
								"west": {"uv": [28, 0], "uv_size": [0.5, 0.5]},
								"up": {"uv": [24, 22], "uv_size": [2.5, 0.5]},
								"down": {"uv": [24, 23.5], "uv_size": [2.5, -0.5]}
							}
						}
					]
				},
				{
					"name": "octagon2",
					"parent": "bone42",
					"pivot": [0.01549, 0.57813, -1.21874],
					"rotation": [0, 0, -90],
					"cubes": [
						{
							"origin": [0.53444, 0.38291, -1.71194],
							"size": [0.86137, 0.42141, 1.01739],
							"pivot": [-1.00187, 0.59362, -1.20325],
							"rotation": [-45, 0, 0],
							"uv": {
								"north": {"uv": [5, 13], "uv_size": [1, 0.5]},
								"east": {"uv": [14, 0], "uv_size": [1, 0.5]},
								"south": {"uv": [2, 14], "uv_size": [1, 0.5]},
								"west": {"uv": [3, 14], "uv_size": [1, 0.5]},
								"up": {"uv": [2, 12], "uv_size": [1, 1]},
								"down": {"uv": [3, 13], "uv_size": [1, -1]}
							}
						},
						{
							"origin": [0.56195, 0.38291, -1.71194],
							"size": [0.80637, 0.42141, 1.01739],
							"uv": {
								"north": {"uv": [4, 14], "uv_size": [1, 0.5]},
								"east": {"uv": [5, 14], "uv_size": [1, 0.5]},
								"south": {"uv": [15, 0], "uv_size": [1, 0.5]},
								"west": {"uv": [15, 1], "uv_size": [1, 0.5]},
								"up": {"uv": [4, 12], "uv_size": [1, 1]},
								"down": {"uv": [5, 13], "uv_size": [1, -1]}
							}
						},
						{
							"origin": [0.53444, 0.08494, -1.41396],
							"size": [0.86137, 1.01737, 0.4214],
							"pivot": [-1.00187, 0.59362, -1.20325],
							"rotation": [-45, 0, 0],
							"uv": {
								"north": {"uv": [13, 0], "uv_size": [1, 1]},
								"east": {"uv": [2, 15], "uv_size": [0.5, 1]},
								"south": {"uv": [2, 13], "uv_size": [1, 1]},
								"west": {"uv": [3, 15], "uv_size": [0.5, 1]},
								"up": {"uv": [4, 15], "uv_size": [1, 0.5]},
								"down": {"uv": [5, 15.5], "uv_size": [1, -0.5]}
							}
						},
						{
							"origin": [0.56195, 0.08494, -1.41396],
							"size": [0.80637, 1.01737, 0.4214],
							"uv": {
								"north": {"uv": [3, 13], "uv_size": [1, 1]},
								"east": {"uv": [15, 14], "uv_size": [0.5, 1]},
								"south": {"uv": [4, 13], "uv_size": [1, 1]},
								"west": {"uv": [16, 0], "uv_size": [0.5, 1]},
								"up": {"uv": [16, 1], "uv_size": [1, 0.5]},
								"down": {"uv": [2, 16.5], "uv_size": [1, -0.5]}
							}
						}
					]
				},
				{
					"name": "ocular_ring",
					"pivot": [0.00673, 0.92224, 1.45737],
					"cubes": [
						{
							"origin": [-0.91152, 0.24247, 1.27411],
							"size": [1.82304, 0.17188, 0.30826],
							"uv": {
								"north": {"uv": [25, 0], "uv_size": [2, 0.5]},
								"east": {"uv": [18, 25], "uv_size": [0.27401, 0.5]},
								"south": {"uv": [25, 1], "uv_size": [2, 0.5]},
								"west": {"uv": [19.72599, 25], "uv_size": [0.27401, 0.5]},
								"up": {"uv": [0, 17], "uv_size": [2, 0.27401]},
								"down": {"uv": [0, 18.27401], "uv_size": [2, -0.27401]}
							}
						},
						{
							"origin": [0.93086, -0.99523, 1.27411],
							"size": [0.21875, 0.17188, 0.30826],
							"pivot": [2.52461, -0.08898, 2.41049],
							"rotation": [0, 0, 45],
							"uv": {
								"north": {"uv": [27, 3], "uv_size": [0.5, 0.5]},
								"east": {"uv": [24, 25], "uv_size": [0.27401, 0.5]},
								"south": {"uv": [4, 27], "uv_size": [0.5, 0.5]},
								"west": {"uv": [25.72599, 25], "uv_size": [0.27401, 0.5]},
								"up": {"uv": [0, 26], "uv_size": [0.5, 0.27401]},
								"down": {"uv": [1, 26.27401], "uv_size": [0.5, -0.27401]}
							}
						},
						{
							"origin": [-1.14961, -0.99523, 1.27411],
							"size": [0.21875, 0.17188, 0.30826],
							"pivot": [-2.52461, -0.08898, 2.41049],
							"rotation": [0, 0, -45],
							"uv": {
								"north": {"uv": [27, 4], "uv_size": [0.5, 0.5]},
								"east": {"uv": [5, 26], "uv_size": [0.27401, 0.5]},
								"south": {"uv": [5, 27], "uv_size": [0.5, 0.5]},
								"west": {"uv": [6.72599, 26], "uv_size": [0.27401, 0.5]},
								"up": {"uv": [7, 26], "uv_size": [0.5, 0.27401]},
								"down": {"uv": [8, 26.27401], "uv_size": [0.5, -0.27401]}
							}
						},
						{
							"origin": [0.81093, 1.21517, 0.97723],
							"size": [0.10937, 0.17188, 0.29264],
							"pivot": [0.81093, 1.38705, 2.41049],
							"rotation": [0, 0, 77.75],
							"uv": {
								"north": {"uv": [2, 26], "uv_size": [1, 0.5]},
								"east": {"uv": [26, 2], "uv_size": [0.36017, 0.5]},
								"south": {"uv": [3, 26], "uv_size": [1, 0.5]},
								"west": {"uv": [4.63983, 26], "uv_size": [0.36017, 0.5]},
								"up": {"uv": [10, 24], "uv_size": [1, 0.36017]},
								"down": {"uv": [12, 24.36017], "uv_size": [1, -0.36017]}
							}
						},
						{
							"origin": [-0.9203, 1.21517, 0.97723],
							"size": [0.10937, 0.17188, 0.29264],
							"pivot": [-0.81093, 1.38705, 2.41049],
							"rotation": [0, 0, -77.75],
							"uv": {
								"north": {"uv": [9, 26], "uv_size": [1, 0.5]},
								"east": {"uv": [10, 26], "uv_size": [0.36017, 0.5]},
								"south": {"uv": [11, 26], "uv_size": [1, 0.5]},
								"west": {"uv": [12.63983, 26], "uv_size": [0.36017, 0.5]},
								"up": {"uv": [2, 25], "uv_size": [1, 0.36017]},
								"down": {"uv": [25, 2.36017], "uv_size": [1, -0.36017]}
							}
						},
						{
							"origin": [-1.8578, 1.21517, 1.26987],
							"size": [0.1875, 0.17188, 0.3125],
							"pivot": [-0.81093, 1.38705, 2.41049],
							"rotation": [0, 0, -77.75],
							"uv": {
								"north": {"uv": [27, 5], "uv_size": [0.5, 0.5]},
								"east": {"uv": [6, 27], "uv_size": [0.5, 0.5]},
								"south": {"uv": [27, 6], "uv_size": [0.5, 0.5]},
								"west": {"uv": [7, 27], "uv_size": [0.5, 0.5]},
								"up": {"uv": [27, 7], "uv_size": [0.5, 0.5]},
								"down": {"uv": [8, 27.5], "uv_size": [0.5, -0.5]}
							}
						},
						{
							"origin": [-0.99327, 0.37536, 1.26987],
							"size": [0.90625, 0.17188, 0.3125],
							"pivot": [-0.99327, 0.54724, 1.58237],
							"rotation": [0, 20, -77.75],
							"uv": {
								"north": {"uv": [13, 26], "uv_size": [1, 0.5]},
								"east": {"uv": [27, 8], "uv_size": [0.5, 0.5]},
								"south": {"uv": [26, 13], "uv_size": [1, 0.5]},
								"west": {"uv": [9, 27], "uv_size": [0.5, 0.5]},
								"up": {"uv": [14, 26], "uv_size": [1, 0.5]},
								"down": {"uv": [26, 14.5], "uv_size": [1, -0.5]}
							}
						},
						{
							"origin": [0.08702, 0.37536, 1.26987],
							"size": [0.90625, 0.17188, 0.3125],
							"pivot": [0.99327, 0.54724, 1.58237],
							"rotation": [0, -20, 77.75],
							"uv": {
								"north": {"uv": [15, 26], "uv_size": [1, 0.5]},
								"east": {"uv": [27, 9], "uv_size": [0.5, 0.5]},
								"south": {"uv": [26, 15], "uv_size": [1, 0.5]},
								"west": {"uv": [10, 27], "uv_size": [0.5, 0.5]},
								"up": {"uv": [16, 26], "uv_size": [1, 0.5]},
								"down": {"uv": [26, 16.5], "uv_size": [1, -0.5]}
							}
						},
						{
							"origin": [1.6703, 1.21517, 1.26987],
							"size": [0.1875, 0.17188, 0.3125],
							"pivot": [0.81093, 1.38705, 2.41049],
							"rotation": [0, 0, 77.75],
							"uv": {
								"north": {"uv": [27, 10], "uv_size": [0.5, 0.5]},
								"east": {"uv": [11, 27], "uv_size": [0.5, 0.5]},
								"south": {"uv": [27, 11], "uv_size": [0.5, 0.5]},
								"west": {"uv": [12, 27], "uv_size": [0.5, 0.5]},
								"up": {"uv": [27, 12], "uv_size": [0.5, 0.5]},
								"down": {"uv": [13, 27.5], "uv_size": [0.5, -0.5]}
							}
						},
						{
							"origin": [-0.92748, 0.02781, 0.973],
							"size": [0.21875, 0.17188, 0.29688],
							"pivot": [-2.30248, 0.93406, 2.41049],
							"rotation": [0, 0, -45],
							"uv": {
								"north": {"uv": [27, 17], "uv_size": [0.5, 0.5]},
								"east": {"uv": [19, 26], "uv_size": [1, 0.5]},
								"south": {"uv": [18, 27], "uv_size": [0.5, 0.5]},
								"west": {"uv": [20, 26], "uv_size": [1, 0.5]},
								"up": {"uv": [26, 20], "uv_size": [0.5, 1]},
								"down": {"uv": [21, 27], "uv_size": [0.5, -1]}
							}
						},
						{
							"origin": [-0.65625, 1.36985, 0.973],
							"size": [1.3125, 0.17188, 0.29688],
							"uv": {
								"north": {"uv": [25, 5], "uv_size": [1.5, 0.5]},
								"east": {"uv": [25, 16], "uv_size": [1, 0.5]},
								"south": {"uv": [7, 25], "uv_size": [1.5, 0.5]},
								"west": {"uv": [17, 25], "uv_size": [1, 0.5]},
								"up": {"uv": [22, 6], "uv_size": [1.5, 1]},
								"down": {"uv": [22, 8], "uv_size": [1.5, -1]}
							}
						},
						{
							"origin": [0.70873, 0.02781, 0.973],
							"size": [0.21875, 0.17188, 0.29688],
							"pivot": [2.30248, 0.93406, 2.41049],
							"rotation": [0, 0, 45],
							"uv": {
								"north": {"uv": [27, 2], "uv_size": [0.5, 0.5]},
								"east": {"uv": [20, 25], "uv_size": [1, 0.5]},
								"south": {"uv": [3, 27], "uv_size": [0.5, 0.5]},
								"west": {"uv": [21, 25], "uv_size": [1, 0.5]},
								"up": {"uv": [22, 25], "uv_size": [0.5, 1]},
								"down": {"uv": [23, 26], "uv_size": [0.5, -1]}
							}
						}
					]
				},
				{
					"name": "oculars",
					"pivot": [0.00673, 0.92224, 1.45737]
				},
				{
					"name": "ocular",
					"parent": "oculars",
					"pivot": [0.00673, 0.92224, 1.45737],
					"cubes": [
						{
							"origin": [-0.83702, 0.39099, 1.14487],
							"size": [1.67188, 0.625, 0.3125],
							"pivot": [-0.99327, 0.60974, 1.45737],
							"rotation": [20, 0, 0],
							"uv": {
								"south": {"uv": [27, 14], "uv_size": [1.5, 0.5]}
							}
						},
						{
							"origin": [-0.74327, 1.00036, 1.14487],
							"size": [1.48438, 0.45313, 0.3125],
							"pivot": [-0.99327, 0.60974, 1.45737],
							"rotation": [20, 0, 0],
							"uv": {
								"south": {"uv": [14, 27], "uv_size": [1.5, 0.5]}
							}
						}
					]
				},
				{
					"name": "divisions",
					"pivot": [0, 0.875, 0]
				},
				{
					"name": "division",
					"parent": "divisions",
					"pivot": [0, 0.9375, 0]
				},
				{
					"name": "ne_illuminated",
					"parent": "division",
					"pivot": [1.01272, 1.80137, -6.58951],
					"cubes": [
						{
							"origin": [-3.47712, -2.43301, -13.79263],
							"size": [6.95424, 3.31251, 0.16049],
							"uv": {
								"south": {"uv": [158.5, 13], "uv_size": [155.5, 65]}
							}
						},
						{
							"origin": [-3.74327, -0.84339, -10.73013],
							"size": [0.90625, 0.10938, 0.3125],
							"pivot": [-3.74327, -0.73401, -10.41763],
							"rotation": [0, 20, -77.75],
							"uv": {
								"south": {"uv": [16, 14], "uv_size": [1, 0.5]}
							}
						},
						{
							"origin": [-3.74327, -1.03089, -10.73013],
							"size": [0.15625, 0.29688, 0.3125],
							"pivot": [-3.74327, -0.73401, -10.41763],
							"rotation": [11.79198, 16.27014, -41.05854],
							"uv": {
								"south": {"uv": [16, 14], "uv_size": [1, 0.5]}
							}
						},
						{
							"origin": [-3.13136, -2.29298, -10.62898],
							"size": [0.15625, 1.42188, 0.3125],
							"pivot": [-3.30165, -1.11429, -10.31648],
							"rotation": [-3.61644, 19.6835, -88.37758],
							"uv": {
								"south": {"uv": [16, 14], "uv_size": [1, 0.5]}
							}
						},
						{
							"origin": [2.97511, -2.29298, -10.62898],
							"size": [0.15625, 1.42188, 0.3125],
							"pivot": [3.30165, -1.11429, -10.31648],
							"rotation": [-3.61644, -19.6835, 88.37758],
							"uv": {
								"south": {"uv": [17, 14], "uv_size": [-1, 0.5]}
							}
						},
						{
							"origin": [3.58702, -1.03089, -10.73013],
							"size": [0.15625, 0.29688, 0.3125],
							"pivot": [3.74327, -0.73401, -10.41763],
							"rotation": [11.79198, -16.27014, 41.05854],
							"uv": {
								"south": {"uv": [17, 14], "uv_size": [-1, 0.5]}
							}
						},
						{
							"origin": [2.83702, -0.84339, -10.73013],
							"size": [0.90625, 0.10938, 0.3125],
							"pivot": [3.74327, -0.73401, -10.41763],
							"rotation": [0, -20, 77.75],
							"uv": {
								"south": {"uv": [17, 14], "uv_size": [-1, 0.5]}
							}
						}
					]
				},
				{
					"name": "ammo_text",
					"parent": "ne_illuminated",
					"pivot": [0, 1.48438, -0.5]
				},
				{
					"name": "views",
					"pivot": [0, 0.875, 0]
				},
				{
					"name": "scope_view",
					"parent": "views",
					"pivot": [0, 0.8125, 4.5]
				}
			]
		}
	]
}