{
	"format_version": "1.12.0",
	"minecraft:geometry": [
		{
			"description": {
				"identifier": "geometry.unknown",
				"texture_width": 256,
				"texture_height": 256,
				"visible_bounds_width": 17,
				"visible_bounds_height": 17,
				"visible_bounds_offset": [0, 0.5, 0]
			},
			"bones": [
				{
					"name": "bb_main",
					"pivot": [0, 0, 0]
				},
				{
					"name": "scope_body",
					"pivot": [0, 0, 0]
				},
				{
					"name": "sc",
					"parent": "scope_body",
					"pivot": [0, -10.6875, -1.5625],
					"cubes": [
						{
							"origin": [-0.625, -0.1875, -2.5625],
							"size": [1.25, 0.5, 2],
							"uv": {
								"north": {"uv": [51, 11], "uv_size": [1.5, 0.5]},
								"east": {"uv": [50, 37], "uv_size": [2, 0.5]},
								"south": {"uv": [51, 12], "uv_size": [1.5, 0.5]},
								"west": {"uv": [38, 50], "uv_size": [2, 0.5]},
								"up": {"uv": [8, 50], "uv_size": [1.5, 2]},
								"down": {"uv": [10, 52], "uv_size": [1.5, -2]}
							}
						},
						{
							"origin": [-0.67188, 0.04688, -2.51562],
							"size": [1.34375, 0.15625, 0.15625],
							"pivot": [0, -0.125, -2.4375],
							"rotation": [-45, 0, 0],
							"uv": {
								"north": {"uv": [13, 51], "uv_size": [1.5, 0.5]},
								"east": {"uv": [2, 55], "uv_size": [0.5, 0.5]},
								"south": {"uv": [51, 13], "uv_size": [1.5, 0.5]},
								"west": {"uv": [55, 2], "uv_size": [0.5, 0.5]},
								"up": {"uv": [51, 15], "uv_size": [1.5, 0.5]},
								"down": {"uv": [51, 16.5], "uv_size": [1.5, -0.5]}
							}
						},
						{
							"origin": [-0.67188, 0.04688, -1.14062],
							"size": [1.34375, 0.15625, 0.15625],
							"pivot": [0, -0.125, -1.0625],
							"rotation": [-45, 0, 0],
							"uv": {
								"north": {"uv": [17, 51], "uv_size": [1.5, 0.5]},
								"east": {"uv": [3, 55], "uv_size": [0.5, 0.5]},
								"south": {"uv": [51, 17], "uv_size": [1.5, 0.5]},
								"west": {"uv": [55, 3], "uv_size": [0.5, 0.5]},
								"up": {"uv": [19, 51], "uv_size": [1.5, 0.5]},
								"down": {"uv": [21, 51.5], "uv_size": [1.5, -0.5]}
							}
						},
						{
							"origin": [-0.67188, 0.79688, -0.64062],
							"size": [1.34375, 0.15625, 0.15625],
							"pivot": [0, 0.625, -0.5625],
							"rotation": [-45, 0, 0],
							"uv": {
								"north": {"uv": [23, 51], "uv_size": [1.5, 0.5]},
								"east": {"uv": [4, 55], "uv_size": [0.5, 0.5]},
								"south": {"uv": [25, 51], "uv_size": [1.5, 0.5]},
								"west": {"uv": [55, 4], "uv_size": [0.5, 0.5]},
								"up": {"uv": [27, 51], "uv_size": [1.5, 0.5]},
								"down": {"uv": [29, 51.5], "uv_size": [1.5, -0.5]}
							}
						},
						{
							"origin": [-0.625, 0.34375, -3.0625],
							"size": [1.25, 0.21875, 3],
							"uv": {
								"north": {"uv": [31, 51], "uv_size": [1.5, 0.5]},
								"east": {"uv": [50, 27], "uv_size": [3, 0.5]},
								"south": {"uv": [51, 33], "uv_size": [1.5, 0.5]},
								"west": {"uv": [50, 28], "uv_size": [3, 0.5]},
								"up": {"uv": [0, 50], "uv_size": [1.5, 3]},
								"down": {"uv": [50, 3], "uv_size": [1.5, -3]}
							}
						},
						{
							"origin": [-0.4375, 0.53125, -3.0625],
							"size": [0.875, 0.84375, 2.25],
							"uv": {
								"north": {"uv": [50, 38], "uv_size": [1, 1]},
								"east": {"uv": [13, 50], "uv_size": [2.5, 1]},
								"south": {"uv": [50, 39], "uv_size": [1, 1]},
								"west": {"uv": [50, 14], "uv_size": [2.5, 1]},
								"up": {"uv": [50, 15], "uv_size": [1, 2.5]},
								"down": {"uv": [16, 52.5], "uv_size": [1, -2.5]}
							}
						},
						{
							"origin": [-0.4375, 0.53125, -3.34375],
							"size": [0.875, 0.48438, 0.46875],
							"inflate": -0.001,
							"uv": {
								"north": {"uv": [52, 48], "uv_size": [1, 0.5]},
								"east": {"uv": [5, 55], "uv_size": [0.5, 0.5]},
								"south": {"uv": [49, 52], "uv_size": [1, 0.5]},
								"west": {"uv": [55, 5], "uv_size": [0.5, 0.5]},
								"up": {"uv": [52, 49], "uv_size": [1, 0.5]},
								"down": {"uv": [50, 52.5], "uv_size": [1, -0.5]}
							}
						},
						{
							"origin": [0.4375, 0.5625, -1.5625],
							"size": [0.1875, 0.67917, 1.31802],
							"uv": {
								"north": {"uv": [6, 55], "uv_size": [0.5, 0.5]},
								"east": {"uv": [51, 34], "uv_size": [1.5, 0.5]},
								"south": {"uv": [55, 6], "uv_size": [0.5, 0.5]},
								"west": {"uv": [51, 35], "uv_size": [1.5, 0.5]},
								"up": {"uv": [15, 51], "uv_size": [0.5, 1.5]},
								"down": {"uv": [33, 52.5], "uv_size": [0.5, -1.5]}
							}
						},
						{
							"origin": [0.4375, 0.5625, -0.25],
							"size": [0.1875, 0.70313, 0.1875],
							"inflate": -0.001,
							"pivot": [0, 0.5625, -0.0625],
							"rotation": [15, 0, 0],
							"uv": {
								"north": {"uv": [7, 55], "uv_size": [0.5, 0.5]},
								"east": {"uv": [55, 7], "uv_size": [0.5, 0.5]},
								"south": {"uv": [8, 55], "uv_size": [0.5, 0.5]},
								"west": {"uv": [55, 8], "uv_size": [0.5, 0.5]},
								"up": {"uv": [9, 55], "uv_size": [0.5, 0.5]},
								"down": {"uv": [55, 9.5], "uv_size": [0.5, -0.5]}
							}
						},
						{
							"origin": [-0.625, 0.5625, -1.0625],
							"size": [0.1875, 0.67917, 0.81802],
							"uv": {
								"north": {"uv": [10, 55], "uv_size": [0.5, 0.5]},
								"east": {"uv": [52, 50], "uv_size": [1, 0.5]},
								"south": {"uv": [55, 10], "uv_size": [0.5, 0.5]},
								"west": {"uv": [51, 52], "uv_size": [1, 0.5]},
								"up": {"uv": [52, 51], "uv_size": [0.5, 1]},
								"down": {"uv": [52, 53], "uv_size": [0.5, -1]}
							}
						},
						{
							"origin": [-0.625, 0.5625, -0.25],
							"size": [0.1875, 0.70313, 0.1875],
							"inflate": -0.001,
							"pivot": [0, 0.5625, -0.0625],
							"rotation": [15, 0, 0],
							"uv": {
								"north": {"uv": [11, 55], "uv_size": [0.5, 0.5]},
								"east": {"uv": [55, 11], "uv_size": [0.5, 0.5]},
								"south": {"uv": [12, 55], "uv_size": [0.5, 0.5]},
								"west": {"uv": [55, 12], "uv_size": [0.5, 0.5]},
								"up": {"uv": [13, 55], "uv_size": [0.5, 0.5]},
								"down": {"uv": [55, 13.5], "uv_size": [0.5, -0.5]}
							}
						},
						{
							"origin": [-0.59375, 0.04688, -3.04687],
							"size": [1.1875, 0.65625, 2.85937],
							"uv": {
								"north": {"uv": [0, 53], "uv_size": [1, 0.5]},
								"east": {"uv": [29, 50], "uv_size": [3, 0.5]},
								"south": {"uv": [53, 0], "uv_size": [1, 0.5]},
								"west": {"uv": [50, 29], "uv_size": [3, 0.5]},
								"up": {"uv": [50, 11], "uv_size": [1, 3]},
								"down": {"uv": [12, 53], "uv_size": [1, -3]}
							}
						},
						{
							"origin": [-0.625, 0.03125, -3.0625],
							"size": [1.25, 0.3125, 0.45313],
							"uv": {
								"north": {"uv": [36, 51], "uv_size": [1.5, 0.5]},
								"east": {"uv": [14, 55], "uv_size": [0.5, 0.5]},
								"south": {"uv": [51, 36], "uv_size": [1.5, 0.5]},
								"west": {"uv": [55, 14], "uv_size": [0.5, 0.5]},
								"up": {"uv": [38, 51], "uv_size": [1.5, 0.5]},
								"down": {"uv": [51, 38.5], "uv_size": [1.5, -0.5]}
							}
						},
						{
							"origin": [-0.625, 0.03125, -0.51562],
							"size": [1.25, 0.3125, 0.45312],
							"uv": {
								"north": {"uv": [51, 39], "uv_size": [1.5, 0.5]},
								"east": {"uv": [15, 55], "uv_size": [0.5, 0.5]},
								"south": {"uv": [40, 51], "uv_size": [1.5, 0.5]},
								"west": {"uv": [55, 15], "uv_size": [0.5, 0.5]},
								"up": {"uv": [51, 41], "uv_size": [1.5, 0.5]},
								"down": {"uv": [42, 51.5], "uv_size": [1.5, -0.5]}
							}
						}
					]
				},
				{
					"name": "scope_body2",
					"parent": "sc",
					"pivot": [0, 1.8125, -0.8125]
				},
				{
					"name": "bone2",
					"parent": "scope_body2",
					"pivot": [0, 1.8125, -2.9125],
					"cubes": [
						{
							"origin": [-0.525, 1.34504, 0.15],
							"size": [1.05, 0.43492, 0.175],
							"uv": {
								"east": {"uv": [8, 53], "uv_size": [0.5, 0.5]},
								"west": {"uv": [53, 8], "uv_size": [0.5, 0.5]}
							}
						},
						{
							"origin": [-0.525, 1.34504, 0.15],
							"size": [1.05, 0.43492, 0.175],
							"pivot": [0, 1.5625, -0.025],
							"rotation": [0, 0, 45],
							"uv": {
								"east": {"uv": [9, 53], "uv_size": [0.5, 0.5]},
								"west": {"uv": [53, 9], "uv_size": [0.5, 0.5]}
							}
						},
						{
							"origin": [-0.21746, 1.0375, 0.15],
							"size": [0.43492, 1.05, 0.175],
							"uv": {
								"up": {"uv": [10, 53], "uv_size": [0.5, 0.5]},
								"down": {"uv": [53, 10.5], "uv_size": [0.5, -0.5]}
							}
						},
						{
							"origin": [-0.21746, 1.0375, 0.15],
							"size": [0.43492, 1.05, 0.175],
							"pivot": [0, 1.5625, -0.025],
							"rotation": [0, 0, 45],
							"uv": {
								"up": {"uv": [11, 53], "uv_size": [0.5, 0.5]},
								"down": {"uv": [53, 11.5], "uv_size": [0.5, -0.5]}
							}
						},
						{
							"origin": [-0.7, 1.27255, -3.525],
							"size": [0.175, 0.5799, 1.575],
							"pivot": [0, 1.5625, -3],
							"rotation": [0, 0, 45],
							"uv": {
								"north": {"uv": [12, 53], "uv_size": [0.5, 0.5]},
								"east": {"uv": [40, 50], "uv_size": [1.5, 0.5]},
								"south": {"uv": [53, 12], "uv_size": [0.5, 0.5]},
								"west": {"uv": [50, 40], "uv_size": [1.5, 0.5]},
								"down": {"uv": [50, 42.5], "uv_size": [0.5, -1.5]}
							}
						},
						{
							"origin": [0.525, 1.27255, -3.35],
							"size": [0.175, 0.5799, 1.4],
							"uv": {
								"north": {"uv": [13, 53], "uv_size": [0.5, 0.5]},
								"east": {"uv": [42, 50], "uv_size": [1.5, 0.5]},
								"south": {"uv": [53, 13], "uv_size": [0.5, 0.5]},
								"west": {"uv": [50, 43], "uv_size": [1.5, 0.5]}
							}
						},
						{
							"origin": [0.525, 1.7538, -3.525],
							"size": [0.175, 0.09865, 0.175],
							"uv": {
								"north": {"uv": [14, 53], "uv_size": [0.5, 0.5]},
								"east": {"uv": [53, 14], "uv_size": [0.5, 0.5]},
								"west": {"uv": [15, 53], "uv_size": [0.5, 0.5]}
							}
						},
						{
							"origin": [0.525, 1.75365, -3.525],
							"size": [0.175, 0.1863, 0.51208],
							"pivot": [0.7, 1.7538, -3.525],
							"rotation": [-70, 0, 0],
							"uv": {
								"north": {"uv": [53, 15], "uv_size": [0.5, 0.5]},
								"east": {"uv": [16, 53], "uv_size": [0.5, 0.5]},
								"west": {"uv": [53, 16], "uv_size": [0.5, 0.5]},
								"up": {"uv": [17, 53], "uv_size": [0.5, 0.5]},
								"down": {"uv": [53, 17.5], "uv_size": [0.5, -0.5]}
							}
						},
						{
							"origin": [-0.7, 1.75365, -3.525],
							"size": [0.175, 0.1863, 0.51208],
							"pivot": [-0.7, 1.7538, -3.525],
							"rotation": [-70, 0, 0],
							"uv": {
								"north": {"uv": [18, 53], "uv_size": [0.5, 0.5]},
								"east": {"uv": [19, 53], "uv_size": [0.5, 0.5]},
								"west": {"uv": [20, 53], "uv_size": [0.5, 0.5]},
								"up": {"uv": [21, 53], "uv_size": [0.5, 0.5]},
								"down": {"uv": [22, 53.5], "uv_size": [0.5, -0.5]}
							}
						},
						{
							"origin": [-0.7, 1.7538, -3.525],
							"size": [0.175, 0.09865, 0.175],
							"uv": {
								"north": {"uv": [23, 53], "uv_size": [0.5, 0.5]},
								"east": {"uv": [24, 53], "uv_size": [0.5, 0.5]},
								"west": {"uv": [25, 53], "uv_size": [0.5, 0.5]}
							}
						},
						{
							"origin": [0.525, 1.27255, -3.35],
							"size": [0.175, 0.5799, 1.4],
							"pivot": [0, 1.5625, -3],
							"rotation": [0, 0, 45],
							"uv": {
								"north": {"uv": [26, 53], "uv_size": [0.5, 0.5]},
								"east": {"uv": [44, 50], "uv_size": [1.5, 0.5]},
								"south": {"uv": [27, 53], "uv_size": [0.5, 0.5]},
								"west": {"uv": [50, 44], "uv_size": [1.5, 0.5]}
							}
						},
						{
							"origin": [-0.28995, 2.0875, -3.525],
							"size": [0.5799, 0.175, 1.575],
							"uv": {
								"north": {"uv": [53, 27], "uv_size": [0.5, 0.5]},
								"south": {"uv": [28, 53], "uv_size": [0.5, 0.5]},
								"up": {"uv": [50, 45], "uv_size": [0.5, 1.5]},
								"down": {"uv": [46, 51.5], "uv_size": [0.5, -1.5]}
							}
						},
						{
							"origin": [-0.28995, 2.0875, -3.525],
							"size": [0.5799, 0.175, 1.575],
							"pivot": [0, 1.5625, -3],
							"rotation": [0, 0, 45],
							"uv": {
								"north": {"uv": [47, 54], "uv_size": [0.5, 0.5]},
								"south": {"uv": [54, 47], "uv_size": [0.5, 0.5]},
								"west": {"uv": [47, 50], "uv_size": [1.5, 0.5]},
								"up": {"uv": [50, 47], "uv_size": [0.5, 1.5]},
								"down": {"uv": [49, 51.5], "uv_size": [0.5, -1.5]}
							}
						},
						{
							"origin": [-0.28995, 0.8625, -3.35],
							"size": [0.5799, 0.175, 1.4],
							"uv": {
								"north": {"uv": [48, 54], "uv_size": [0.5, 0.5]},
								"south": {"uv": [54, 48], "uv_size": [0.5, 0.5]},
								"up": {"uv": [50, 49], "uv_size": [0.5, 1.5]},
								"down": {"uv": [51, 4.5], "uv_size": [0.5, -1.5]}
							}
						},
						{
							"origin": [-0.28995, 0.8625, -3.35],
							"size": [0.5799, 0.175, 1.4],
							"pivot": [0, 1.5625, -3],
							"rotation": [0, 0, 45],
							"uv": {
								"north": {"uv": [49, 54], "uv_size": [0.5, 0.5]},
								"south": {"uv": [54, 49], "uv_size": [0.5, 0.5]},
								"up": {"uv": [51, 5], "uv_size": [0.5, 1.5]},
								"down": {"uv": [51, 8.5], "uv_size": [0.5, -1.5]}
							}
						},
						{
							"origin": [-0.525, 1.2125, -3.175],
							"size": [1.05, 0.7, 0],
							"pivot": [0, 1.5625, -2.825],
							"rotation": [0, 0, 45],
							"uv": {
								"north": {"uv": [52, 45], "uv_size": [1, 0.5]},
								"south": {"uv": [46, 52], "uv_size": [1, 0.5]}
							}
						},
						{
							"origin": [-0.39375, 1.9125, -3.175],
							"size": [0.7875, 0.175, 0],
							"pivot": [0, 1.5625, -2.825],
							"rotation": [0, 0, 45],
							"uv": {
								"north": {"uv": [52, 46], "uv_size": [1, 0.5]},
								"south": {"uv": [47, 52], "uv_size": [1, 0.5]}
							}
						},
						{
							"origin": [-0.39375, 1.0375, -3.175],
							"size": [0.7875, 0.175, 0],
							"pivot": [0, 1.5625, -2.825],
							"rotation": [0, 0, 45],
							"uv": {
								"north": {"uv": [52, 47], "uv_size": [1, 0.5]},
								"south": {"uv": [48, 52], "uv_size": [1, 0.5]}
							}
						},
						{
							"origin": [-0.7, 1.27255, -3.35],
							"size": [0.175, 0.5799, 1.4],
							"uv": {
								"north": {"uv": [50, 54], "uv_size": [0.5, 0.5]},
								"east": {"uv": [51, 9], "uv_size": [1.5, 0.5]},
								"south": {"uv": [54, 50], "uv_size": [0.5, 0.5]},
								"west": {"uv": [51, 10], "uv_size": [1.5, 0.5]}
							}
						},
						{
							"origin": [-0.28995, 2.0875, -0.16562],
							"size": [0.5799, 0.175, 0.40312],
							"pivot": [0, 1.5625, -0.8125],
							"rotation": [0, 0, 45],
							"uv": {
								"north": {"uv": [2, 5], "uv_size": [0.5, 0.5]},
								"south": {"uv": [5, 2], "uv_size": [0.5, 0.5]},
								"west": {"uv": [3, 5], "uv_size": [0.5, 0.5]},
								"up": {"uv": [5, 3], "uv_size": [0.5, 0.5]},
								"down": {"uv": [4, 5.5], "uv_size": [0.5, -0.5]}
							}
						},
						{
							"origin": [0.525, 1.27255, -0.1625],
							"size": [0.175, 0.5799, 0.4],
							"uv": {
								"north": {"uv": [0, 5], "uv_size": [0.5, 0.5]},
								"east": {"uv": [5, 0], "uv_size": [0.5, 0.5]},
								"south": {"uv": [1, 5], "uv_size": [0.5, 0.5]},
								"west": {"uv": [5, 1], "uv_size": [0.5, 0.5]}
							}
						},
						{
							"origin": [0.525, 1.27255, -0.1625],
							"size": [0.175, 0.5799, 0.4],
							"pivot": [0, 1.5625, -0.8125],
							"rotation": [0, 0, 45],
							"uv": {
								"north": {"uv": [4, 2], "uv_size": [0.5, 0.5]},
								"east": {"uv": [3, 4], "uv_size": [0.5, 0.5]},
								"south": {"uv": [4, 3], "uv_size": [0.5, 0.5]},
								"west": {"uv": [4, 4], "uv_size": [0.5, 0.5]}
							}
						},
						{
							"origin": [-0.28995, 2.0875, -0.16562],
							"size": [0.5799, 0.175, 0.40312],
							"uv": {
								"north": {"uv": [4, 0], "uv_size": [0.5, 0.5]},
								"south": {"uv": [1, 4], "uv_size": [0.5, 0.5]},
								"up": {"uv": [4, 1], "uv_size": [0.5, 0.5]},
								"down": {"uv": [2, 4.5], "uv_size": [0.5, -0.5]}
							}
						},
						{
							"origin": [-0.7, 1.27255, -0.16562],
							"size": [0.175, 0.5799, 0.40312],
							"pivot": [0, 1.5625, -0.8125],
							"rotation": [0, 0, 45],
							"uv": {
								"north": {"uv": [3, 1], "uv_size": [0.5, 0.5]},
								"east": {"uv": [2, 3], "uv_size": [0.5, 0.5]},
								"south": {"uv": [3, 2], "uv_size": [0.5, 0.5]},
								"west": {"uv": [3, 3], "uv_size": [0.5, 0.5]},
								"down": {"uv": [0, 4.5], "uv_size": [0.5, -0.5]}
							}
						},
						{
							"origin": [-0.28995, 0.8625, -0.1625],
							"size": [0.5799, 0.175, 0.4],
							"pivot": [0, 1.5625, -0.8125],
							"rotation": [0, 0, 45],
							"uv": {
								"north": {"uv": [2, 2], "uv_size": [0.5, 0.5]},
								"south": {"uv": [0, 3], "uv_size": [0.5, 0.5]},
								"up": {"uv": [3, 0], "uv_size": [0.5, 0.5]},
								"down": {"uv": [1, 3.5], "uv_size": [0.5, -0.5]}
							}
						},
						{
							"origin": [-0.7, 1.27255, -0.1625],
							"size": [0.175, 0.5799, 0.4],
							"uv": {
								"north": {"uv": [0, 2], "uv_size": [0.5, 0.5]},
								"east": {"uv": [2, 0], "uv_size": [0.5, 0.5]},
								"south": {"uv": [1, 2], "uv_size": [0.5, 0.5]},
								"west": {"uv": [2, 1], "uv_size": [0.5, 0.5]}
							}
						},
						{
							"origin": [-0.28995, 0.8625, -0.1625],
							"size": [0.5799, 0.175, 0.4],
							"uv": {
								"north": {"uv": [0, 0], "uv_size": [0.5, 0.5]},
								"south": {"uv": [0, 1], "uv_size": [0.5, 0.5]},
								"up": {"uv": [1, 0], "uv_size": [0.5, 0.5]},
								"down": {"uv": [1, 1.5], "uv_size": [0.5, -0.5]}
							}
						},
						{
							"origin": [0.3375, 1.34375, -1.64375],
							"size": [0.35, 0.4375, 0.4375],
							"pivot": [-0.1875, 1.5625, -1.425],
							"rotation": [45, 0, 0],
							"uv": {
								"north": {"uv": [51, 54], "uv_size": [0.5, 0.5]},
								"east": {"uv": [54, 51], "uv_size": [0.5, 0.5]},
								"south": {"uv": [52, 54], "uv_size": [0.5, 0.5]},
								"up": {"uv": [54, 52], "uv_size": [0.5, 0.5]},
								"down": {"uv": [53, 54.5], "uv_size": [0.5, -0.5]}
							}
						},
						{
							"origin": [0.64375, 1.3, -1.6875],
							"size": [0.35, 0.525, 0.525],
							"pivot": [0.11875, 1.5625, -1.425],
							"rotation": [45, 0, 0],
							"uv": {
								"north": {"uv": [54, 53], "uv_size": [0.5, 0.5]},
								"east": {"uv": [54, 54], "uv_size": [0.5, 0.5]},
								"south": {"uv": [0, 55], "uv_size": [0.5, 0.5]},
								"west": {"uv": [55, 0], "uv_size": [0.5, 0.5]},
								"up": {"uv": [1, 55], "uv_size": [0.5, 0.5]},
								"down": {"uv": [55, 1.5], "uv_size": [0.5, -0.5]}
							}
						}
					]
				},
				{
					"name": "bone3",
					"parent": "bone2",
					"pivot": [0, 1.80625, -0.8125],
					"cubes": [
						{
							"origin": [-0.54469, 1.33582, -2.00662],
							"size": [1.08938, 0.45124, 2.24299],
							"uv": {
								"north": {"uv": [51, 42], "uv_size": [1, 0.5]},
								"east": {"uv": [50, 30], "uv_size": [2, 0.5]},
								"south": {"uv": [44, 51], "uv_size": [1, 0.5]},
								"west": {"uv": [50, 31], "uv_size": [2, 0.5]}
							}
						},
						{
							"origin": [-0.54469, 1.33582, -2.00662],
							"size": [1.08938, 0.45124, 2.24299],
							"pivot": [0, 1.56144, -0.30413],
							"rotation": [0, 0, 45],
							"uv": {
								"north": {"uv": [45, 51], "uv_size": [1, 0.5]},
								"east": {"uv": [32, 50], "uv_size": [2, 0.5]},
								"south": {"uv": [51, 45], "uv_size": [1, 0.5]},
								"west": {"uv": [50, 32], "uv_size": [2, 0.5]}
							}
						},
						{
							"origin": [-0.22562, 1.01675, -2.00662],
							"size": [0.45124, 1.08938, 2.24299],
							"pivot": [0, 1.56144, -0.30413],
							"rotation": [0, 0, 45],
							"uv": {
								"north": {"uv": [51, 46], "uv_size": [0.5, 1]},
								"south": {"uv": [47, 51], "uv_size": [0.5, 1]},
								"up": {"uv": [50, 33], "uv_size": [0.5, 2]},
								"down": {"uv": [34, 52], "uv_size": [0.5, -2]}
							}
						},
						{
							"origin": [-0.22562, 1.01675, -2.00662],
							"size": [0.45124, 1.08938, 2.24299],
							"uv": {
								"north": {"uv": [51, 47], "uv_size": [0.5, 1]},
								"south": {"uv": [48, 51], "uv_size": [0.5, 1]},
								"up": {"uv": [35, 50], "uv_size": [0.5, 2]},
								"down": {"uv": [50, 37], "uv_size": [0.5, -2]}
							}
						}
					]
				},
				{
					"name": "rail7",
					"parent": "bone2",
					"pivot": [-0.01034, -4.67549, -7.48437],
					"cubes": [
						{
							"origin": [-0.375, 2.09375, -3.51875],
							"size": [0.75, 0.2875, 3.75],
							"uv": {
								"north": {"uv": [51, 48], "uv_size": [1, 0.5]},
								"east": {"uv": [17, 50], "uv_size": [4, 0.5]},
								"south": {"uv": [51, 49], "uv_size": [1, 0.5]},
								"west": {"uv": [50, 18], "uv_size": [4, 0.5]},
								"up": {"uv": [2, 50], "uv_size": [1, 4]},
								"down": {"uv": [3, 54], "uv_size": [1, -4]}
							}
						},
						{
							"origin": [0.18147, 2.55975, -0.26875],
							"size": [0.177, 0.177, 0.5],
							"pivot": [0, 2.38789, -1.2375],
							"rotation": [0, 0, 45],
							"uv": {
								"north": {"uv": [53, 28], "uv_size": [0.5, 0.5]},
								"east": {"uv": [29, 53], "uv_size": [0.5, 0.5]},
								"south": {"uv": [53, 29], "uv_size": [0.5, 0.5]},
								"west": {"uv": [30, 53], "uv_size": [0.5, 0.5]},
								"up": {"uv": [53, 30], "uv_size": [0.5, 0.5]},
								"down": {"uv": [31, 53.5], "uv_size": [0.5, -0.5]}
							}
						},
						{
							"origin": [-0.375, 2.38125, -0.26875],
							"size": [0.75, 0.125, 0.5],
							"uv": {
								"north": {"uv": [50, 51], "uv_size": [1, 0.5]},
								"east": {"uv": [53, 31], "uv_size": [0.5, 0.5]},
								"south": {"uv": [51, 50], "uv_size": [1, 0.5]},
								"west": {"uv": [32, 53], "uv_size": [0.5, 0.5]},
								"up": {"uv": [51, 51], "uv_size": [1, 0.5]},
								"down": {"uv": [52, 0.5], "uv_size": [1, -0.5]}
							}
						},
						{
							"origin": [-0.34886, 2.02942, -0.26875],
							"size": [0.177, 0.177, 0.5],
							"pivot": [0, 2.38789, -1.2375],
							"rotation": [0, 0, 45],
							"uv": {
								"north": {"uv": [53, 32], "uv_size": [0.5, 0.5]},
								"east": {"uv": [33, 53], "uv_size": [0.5, 0.5]},
								"south": {"uv": [53, 33], "uv_size": [0.5, 0.5]},
								"west": {"uv": [34, 53], "uv_size": [0.5, 0.5]},
								"up": {"uv": [53, 34], "uv_size": [0.5, 0.5]},
								"down": {"uv": [35, 53.5], "uv_size": [0.5, -0.5]}
							}
						},
						{
							"origin": [-0.34886, 2.02942, -1.51875],
							"size": [0.177, 0.177, 0.5],
							"pivot": [0, 2.38789, -1.7375],
							"rotation": [0, 0, 45],
							"uv": {
								"north": {"uv": [53, 35], "uv_size": [0.5, 0.5]},
								"east": {"uv": [36, 53], "uv_size": [0.5, 0.5]},
								"south": {"uv": [53, 36], "uv_size": [0.5, 0.5]},
								"west": {"uv": [37, 53], "uv_size": [0.5, 0.5]},
								"up": {"uv": [53, 37], "uv_size": [0.5, 0.5]},
								"down": {"uv": [38, 53.5], "uv_size": [0.5, -0.5]}
							}
						},
						{
							"origin": [0.18147, 2.55975, -1.51875],
							"size": [0.177, 0.177, 0.5],
							"pivot": [0, 2.38789, -1.7375],
							"rotation": [0, 0, 45],
							"uv": {
								"north": {"uv": [53, 38], "uv_size": [0.5, 0.5]},
								"east": {"uv": [39, 53], "uv_size": [0.5, 0.5]},
								"south": {"uv": [53, 39], "uv_size": [0.5, 0.5]},
								"west": {"uv": [40, 53], "uv_size": [0.5, 0.5]},
								"up": {"uv": [53, 40], "uv_size": [0.5, 0.5]},
								"down": {"uv": [41, 53.5], "uv_size": [0.5, -0.5]}
							}
						},
						{
							"origin": [-0.375, 2.38125, -1.51875],
							"size": [0.75, 0.125, 0.5],
							"uv": {
								"north": {"uv": [52, 1], "uv_size": [1, 0.5]},
								"east": {"uv": [53, 41], "uv_size": [0.5, 0.5]},
								"south": {"uv": [52, 2], "uv_size": [1, 0.5]},
								"west": {"uv": [42, 53], "uv_size": [0.5, 0.5]},
								"up": {"uv": [52, 3], "uv_size": [1, 0.5]},
								"down": {"uv": [52, 4.5], "uv_size": [1, -0.5]}
							}
						},
						{
							"origin": [0.18147, 2.55975, -2.26875],
							"size": [0.177, 0.177, 0.5],
							"pivot": [0, 2.38789, -2.4875],
							"rotation": [0, 0, 45],
							"uv": {
								"north": {"uv": [53, 42], "uv_size": [0.5, 0.5]},
								"east": {"uv": [43, 53], "uv_size": [0.5, 0.5]},
								"south": {"uv": [53, 43], "uv_size": [0.5, 0.5]},
								"west": {"uv": [44, 53], "uv_size": [0.5, 0.5]},
								"up": {"uv": [53, 44], "uv_size": [0.5, 0.5]},
								"down": {"uv": [45, 53.5], "uv_size": [0.5, -0.5]}
							}
						},
						{
							"origin": [-0.34886, 2.02942, -2.26875],
							"size": [0.177, 0.177, 0.5],
							"pivot": [0, 2.38789, -2.4875],
							"rotation": [0, 0, 45],
							"uv": {
								"north": {"uv": [53, 45], "uv_size": [0.5, 0.5]},
								"east": {"uv": [46, 53], "uv_size": [0.5, 0.5]},
								"south": {"uv": [53, 46], "uv_size": [0.5, 0.5]},
								"west": {"uv": [47, 53], "uv_size": [0.5, 0.5]},
								"up": {"uv": [53, 47], "uv_size": [0.5, 0.5]},
								"down": {"uv": [48, 53.5], "uv_size": [0.5, -0.5]}
							}
						},
						{
							"origin": [-0.375, 2.38125, -2.26875],
							"size": [0.75, 0.125, 0.5],
							"uv": {
								"north": {"uv": [52, 5], "uv_size": [1, 0.5]},
								"east": {"uv": [53, 48], "uv_size": [0.5, 0.5]},
								"south": {"uv": [52, 6], "uv_size": [1, 0.5]},
								"west": {"uv": [49, 53], "uv_size": [0.5, 0.5]},
								"up": {"uv": [52, 7], "uv_size": [1, 0.5]},
								"down": {"uv": [8, 52.5], "uv_size": [1, -0.5]}
							}
						},
						{
							"origin": [-0.34886, 2.02942, -2.76875],
							"size": [0.177, 0.177, 0.25],
							"pivot": [0, 2.38789, -3.2375],
							"rotation": [0, 0, 45],
							"uv": {
								"north": {"uv": [53, 49], "uv_size": [0.5, 0.5]},
								"east": {"uv": [50, 53], "uv_size": [0.5, 0.5]},
								"south": {"uv": [53, 50], "uv_size": [0.5, 0.5]},
								"west": {"uv": [51, 53], "uv_size": [0.5, 0.5]},
								"up": {"uv": [53, 51], "uv_size": [0.5, 0.5]},
								"down": {"uv": [52, 53.5], "uv_size": [0.5, -0.5]}
							}
						},
						{
							"origin": [0.18147, 2.55975, -2.76875],
							"size": [0.177, 0.177, 0.25],
							"pivot": [0, 2.38789, -3.2375],
							"rotation": [0, 0, 45],
							"uv": {
								"north": {"uv": [53, 52], "uv_size": [0.5, 0.5]},
								"east": {"uv": [53, 53], "uv_size": [0.5, 0.5]},
								"south": {"uv": [0, 54], "uv_size": [0.5, 0.5]},
								"west": {"uv": [54, 0], "uv_size": [0.5, 0.5]},
								"up": {"uv": [1, 54], "uv_size": [0.5, 0.5]},
								"down": {"uv": [54, 1.5], "uv_size": [0.5, -0.5]}
							}
						},
						{
							"origin": [-0.375, 2.38125, -2.76875],
							"size": [0.75, 0.125, 0.25],
							"uv": {
								"north": {"uv": [52, 8], "uv_size": [1, 0.5]},
								"east": {"uv": [2, 54], "uv_size": [0.5, 0.5]},
								"south": {"uv": [9, 52], "uv_size": [1, 0.5]},
								"west": {"uv": [54, 2], "uv_size": [0.5, 0.5]},
								"up": {"uv": [10, 52], "uv_size": [1, 0.5]},
								"down": {"uv": [11, 52.5], "uv_size": [1, -0.5]}
							}
						},
						{
							"origin": [-0.34886, 2.02942, -3.51875],
							"size": [0.177, 0.177, 0.5],
							"pivot": [0, 2.38789, -4.2375],
							"rotation": [0, 0, 45],
							"uv": {
								"north": {"uv": [3, 54], "uv_size": [0.5, 0.5]},
								"east": {"uv": [54, 3], "uv_size": [0.5, 0.5]},
								"south": {"uv": [4, 54], "uv_size": [0.5, 0.5]},
								"west": {"uv": [54, 4], "uv_size": [0.5, 0.5]},
								"up": {"uv": [5, 54], "uv_size": [0.5, 0.5]},
								"down": {"uv": [54, 5.5], "uv_size": [0.5, -0.5]}
							}
						},
						{
							"origin": [-0.375, 2.38125, -3.51875],
							"size": [0.75, 0.125, 0.5],
							"uv": {
								"north": {"uv": [13, 52], "uv_size": [1, 0.5]},
								"east": {"uv": [6, 54], "uv_size": [0.5, 0.5]},
								"south": {"uv": [14, 52], "uv_size": [1, 0.5]},
								"west": {"uv": [54, 6], "uv_size": [0.5, 0.5]},
								"up": {"uv": [17, 52], "uv_size": [1, 0.5]},
								"down": {"uv": [18, 52.5], "uv_size": [1, -0.5]}
							}
						},
						{
							"origin": [0.18147, 2.55975, -3.51875],
							"size": [0.177, 0.177, 0.5],
							"pivot": [0, 2.38789, -4.2375],
							"rotation": [0, 0, 45],
							"uv": {
								"north": {"uv": [7, 54], "uv_size": [0.5, 0.5]},
								"east": {"uv": [54, 7], "uv_size": [0.5, 0.5]},
								"south": {"uv": [8, 54], "uv_size": [0.5, 0.5]},
								"west": {"uv": [54, 8], "uv_size": [0.5, 0.5]},
								"up": {"uv": [9, 54], "uv_size": [0.5, 0.5]},
								"down": {"uv": [54, 9.5], "uv_size": [0.5, -0.5]}
							}
						},
						{
							"origin": [-0.34886, 2.02942, -0.76875],
							"size": [0.177, 0.177, 0.25],
							"pivot": [0, 2.38789, -1.7375],
							"rotation": [0, 0, 45],
							"uv": {
								"north": {"uv": [10, 54], "uv_size": [0.5, 0.5]},
								"east": {"uv": [54, 10], "uv_size": [0.5, 0.5]},
								"south": {"uv": [11, 54], "uv_size": [0.5, 0.5]},
								"west": {"uv": [54, 11], "uv_size": [0.5, 0.5]},
								"up": {"uv": [12, 54], "uv_size": [0.5, 0.5]},
								"down": {"uv": [54, 12.5], "uv_size": [0.5, -0.5]}
							}
						},
						{
							"origin": [-0.375, 2.38125, -0.76875],
							"size": [0.75, 0.125, 0.25],
							"uv": {
								"north": {"uv": [19, 52], "uv_size": [1, 0.5]},
								"east": {"uv": [13, 54], "uv_size": [0.5, 0.5]},
								"south": {"uv": [20, 52], "uv_size": [1, 0.5]},
								"west": {"uv": [54, 13], "uv_size": [0.5, 0.5]},
								"up": {"uv": [21, 52], "uv_size": [1, 0.5]},
								"down": {"uv": [22, 52.5], "uv_size": [1, -0.5]}
							}
						},
						{
							"origin": [0.18147, 2.55975, -0.76875],
							"size": [0.177, 0.177, 0.25],
							"pivot": [0, 2.38789, -1.7375],
							"rotation": [0, 0, 45],
							"uv": {
								"north": {"uv": [14, 54], "uv_size": [0.5, 0.5]},
								"east": {"uv": [54, 14], "uv_size": [0.5, 0.5]},
								"south": {"uv": [15, 54], "uv_size": [0.5, 0.5]},
								"west": {"uv": [54, 15], "uv_size": [0.5, 0.5]},
								"up": {"uv": [16, 54], "uv_size": [0.5, 0.5]},
								"down": {"uv": [54, 16.5], "uv_size": [0.5, -0.5]}
							}
						},
						{
							"origin": [0.35847, 2.55975, -3.51875],
							"size": [0, 0.177, 3.75],
							"inflate": 0.001,
							"pivot": [0, 2.38789, -1.2375],
							"rotation": [0, 0, 45],
							"uv": {
								"north": {"uv": [0, 0], "uv_size": [0, 0.5]},
								"east": {"uv": [50, 19], "uv_size": [4, 0.5]},
								"south": {"uv": [0, 0], "uv_size": [0, 0.5]},
								"west": {"uv": [50, 20], "uv_size": [4, 0.5]},
								"up": {"uv": [0, 0], "uv_size": [0, 4]},
								"down": {"uv": [0, 4], "uv_size": [0, -4]}
							}
						},
						{
							"origin": [-0.5, 2.38124, -3.51875],
							"size": [1, 0, 3.75],
							"uv": {
								"north": {"uv": [0, 0], "uv_size": [1, 0]},
								"east": {"uv": [0, 0], "uv_size": [4, 0]},
								"south": {"uv": [0, 0], "uv_size": [1, 0]},
								"west": {"uv": [0, 0], "uv_size": [4, 0]},
								"up": {"uv": [50, 3], "uv_size": [1, 4]},
								"down": {"uv": [4, 54], "uv_size": [1, -4]}
							}
						},
						{
							"origin": [-0.35848, 2.55974, -3.51875],
							"size": [0, 0.177, 3.75],
							"pivot": [0, 2.38789, -1.2375],
							"rotation": [0, 0, -45],
							"uv": {
								"north": {"uv": [0, 0], "uv_size": [0, 0.5]},
								"east": {"uv": [21, 50], "uv_size": [4, 0.5]},
								"south": {"uv": [0, 0], "uv_size": [0, 0.5]},
								"west": {"uv": [50, 21], "uv_size": [4, 0.5]},
								"up": {"uv": [0, 0], "uv_size": [0, 4]},
								"down": {"uv": [0, 4], "uv_size": [0, -4]}
							}
						}
					]
				},
				{
					"name": "rail8",
					"parent": "bone2",
					"pivot": [6.23966, 1.55889, -7.48437],
					"rotation": [0, 0, -90],
					"cubes": [
						{
							"origin": [5.875, 8.32813, -3.26875],
							"size": [0.75, 0.2875, 3.5],
							"uv": {
								"north": {"uv": [23, 52], "uv_size": [1, 0.5]},
								"east": {"uv": [50, 22], "uv_size": [3.5, 0.5]},
								"south": {"uv": [24, 52], "uv_size": [1, 0.5]},
								"west": {"uv": [50, 23], "uv_size": [3.5, 0.5]},
								"up": {"uv": [5, 50], "uv_size": [1, 3.5]},
								"down": {"uv": [6, 53.5], "uv_size": [1, -3.5]}
							}
						},
						{
							"origin": [6.43147, 8.79413, -0.26875],
							"size": [0.177, 0.177, 0.5],
							"pivot": [6.25, 8.62227, -1.2375],
							"rotation": [0, 0, 45],
							"uv": {
								"north": {"uv": [17, 54], "uv_size": [0.5, 0.5]},
								"east": {"uv": [54, 17], "uv_size": [0.5, 0.5]},
								"south": {"uv": [18, 54], "uv_size": [0.5, 0.5]},
								"west": {"uv": [54, 18], "uv_size": [0.5, 0.5]},
								"up": {"uv": [19, 54], "uv_size": [0.5, 0.5]},
								"down": {"uv": [54, 19.5], "uv_size": [0.5, -0.5]}
							}
						},
						{
							"origin": [5.875, 8.61563, -0.26875],
							"size": [0.75, 0.125, 0.5],
							"uv": {
								"north": {"uv": [25, 52], "uv_size": [1, 0.5]},
								"east": {"uv": [20, 54], "uv_size": [0.5, 0.5]},
								"south": {"uv": [26, 52], "uv_size": [1, 0.5]},
								"west": {"uv": [54, 20], "uv_size": [0.5, 0.5]},
								"up": {"uv": [27, 52], "uv_size": [1, 0.5]},
								"down": {"uv": [28, 52.5], "uv_size": [1, -0.5]}
							}
						},
						{
							"origin": [5.90114, 8.2638, -0.26875],
							"size": [0.177, 0.177, 0.5],
							"pivot": [6.25, 8.62227, -1.2375],
							"rotation": [0, 0, 45],
							"uv": {
								"north": {"uv": [21, 54], "uv_size": [0.5, 0.5]},
								"east": {"uv": [54, 21], "uv_size": [0.5, 0.5]},
								"south": {"uv": [22, 54], "uv_size": [0.5, 0.5]},
								"west": {"uv": [54, 22], "uv_size": [0.5, 0.5]},
								"up": {"uv": [23, 54], "uv_size": [0.5, 0.5]},
								"down": {"uv": [54, 23.5], "uv_size": [0.5, -0.5]}
							}
						},
						{
							"origin": [5.90114, 8.2638, -1.51875],
							"size": [0.177, 0.177, 0.5],
							"pivot": [6.25, 8.62227, -1.7375],
							"rotation": [0, 0, 45],
							"uv": {
								"north": {"uv": [24, 54], "uv_size": [0.5, 0.5]},
								"east": {"uv": [54, 24], "uv_size": [0.5, 0.5]},
								"south": {"uv": [25, 54], "uv_size": [0.5, 0.5]},
								"west": {"uv": [54, 25], "uv_size": [0.5, 0.5]},
								"up": {"uv": [26, 54], "uv_size": [0.5, 0.5]},
								"down": {"uv": [54, 26.5], "uv_size": [0.5, -0.5]}
							}
						},
						{
							"origin": [6.43147, 8.79413, -1.51875],
							"size": [0.177, 0.177, 0.5],
							"pivot": [6.25, 8.62227, -1.7375],
							"rotation": [0, 0, 45],
							"uv": {
								"north": {"uv": [27, 54], "uv_size": [0.5, 0.5]},
								"east": {"uv": [54, 27], "uv_size": [0.5, 0.5]},
								"south": {"uv": [28, 54], "uv_size": [0.5, 0.5]},
								"west": {"uv": [54, 28], "uv_size": [0.5, 0.5]},
								"up": {"uv": [29, 54], "uv_size": [0.5, 0.5]},
								"down": {"uv": [54, 29.5], "uv_size": [0.5, -0.5]}
							}
						},
						{
							"origin": [5.875, 8.61563, -1.51875],
							"size": [0.75, 0.125, 0.5],
							"uv": {
								"north": {"uv": [29, 52], "uv_size": [1, 0.5]},
								"east": {"uv": [30, 54], "uv_size": [0.5, 0.5]},
								"south": {"uv": [30, 52], "uv_size": [1, 0.5]},
								"west": {"uv": [54, 30], "uv_size": [0.5, 0.5]},
								"up": {"uv": [52, 30], "uv_size": [1, 0.5]},
								"down": {"uv": [31, 52.5], "uv_size": [1, -0.5]}
							}
						},
						{
							"origin": [6.43147, 8.79413, -2.26875],
							"size": [0.177, 0.177, 0.5],
							"pivot": [6.25, 8.62227, -2.4875],
							"rotation": [0, 0, 45],
							"uv": {
								"north": {"uv": [31, 54], "uv_size": [0.5, 0.5]},
								"east": {"uv": [54, 31], "uv_size": [0.5, 0.5]},
								"south": {"uv": [32, 54], "uv_size": [0.5, 0.5]},
								"west": {"uv": [54, 32], "uv_size": [0.5, 0.5]},
								"up": {"uv": [33, 54], "uv_size": [0.5, 0.5]},
								"down": {"uv": [54, 33.5], "uv_size": [0.5, -0.5]}
							}
						},
						{
							"origin": [5.90114, 8.2638, -2.26875],
							"size": [0.177, 0.177, 0.5],
							"pivot": [6.25, 8.62227, -2.4875],
							"rotation": [0, 0, 45],
							"uv": {
								"north": {"uv": [34, 54], "uv_size": [0.5, 0.5]},
								"east": {"uv": [54, 34], "uv_size": [0.5, 0.5]},
								"south": {"uv": [35, 54], "uv_size": [0.5, 0.5]},
								"west": {"uv": [54, 35], "uv_size": [0.5, 0.5]},
								"up": {"uv": [36, 54], "uv_size": [0.5, 0.5]},
								"down": {"uv": [54, 36.5], "uv_size": [0.5, -0.5]}
							}
						},
						{
							"origin": [5.875, 8.61563, -2.26875],
							"size": [0.75, 0.125, 0.5],
							"uv": {
								"north": {"uv": [52, 31], "uv_size": [1, 0.5]},
								"east": {"uv": [37, 54], "uv_size": [0.5, 0.5]},
								"south": {"uv": [32, 52], "uv_size": [1, 0.5]},
								"west": {"uv": [54, 37], "uv_size": [0.5, 0.5]},
								"up": {"uv": [52, 32], "uv_size": [1, 0.5]},
								"down": {"uv": [34, 52.5], "uv_size": [1, -0.5]}
							}
						},
						{
							"origin": [5.90114, 8.2638, -3.26875],
							"size": [0.177, 0.177, 0.75],
							"pivot": [6.25, 8.62227, -3.2375],
							"rotation": [0, 0, 45],
							"uv": {
								"north": {"uv": [38, 54], "uv_size": [0.5, 0.5]},
								"east": {"uv": [35, 52], "uv_size": [1, 0.5]},
								"south": {"uv": [54, 38], "uv_size": [0.5, 0.5]},
								"west": {"uv": [36, 52], "uv_size": [1, 0.5]},
								"up": {"uv": [37, 52], "uv_size": [0.5, 1]},
								"down": {"uv": [52, 38], "uv_size": [0.5, -1]}
							}
						},
						{
							"origin": [6.43147, 8.79413, -3.26875],
							"size": [0.177, 0.177, 0.75],
							"pivot": [6.25, 8.62227, -3.2375],
							"rotation": [0, 0, 45],
							"uv": {
								"north": {"uv": [39, 54], "uv_size": [0.5, 0.5]},
								"east": {"uv": [38, 52], "uv_size": [1, 0.5]},
								"south": {"uv": [54, 39], "uv_size": [0.5, 0.5]},
								"west": {"uv": [39, 52], "uv_size": [1, 0.5]},
								"up": {"uv": [40, 52], "uv_size": [0.5, 1]},
								"down": {"uv": [52, 41], "uv_size": [0.5, -1]}
							}
						},
						{
							"origin": [5.875, 8.61563, -3.26875],
							"size": [0.75, 0.125, 0.75],
							"uv": {
								"north": {"uv": [41, 52], "uv_size": [1, 0.5]},
								"east": {"uv": [42, 52], "uv_size": [1, 0.5]},
								"south": {"uv": [52, 42], "uv_size": [1, 0.5]},
								"west": {"uv": [43, 52], "uv_size": [1, 0.5]},
								"up": {"uv": [36, 50], "uv_size": [1, 1]},
								"down": {"uv": [37, 51], "uv_size": [1, -1]}
							}
						},
						{
							"origin": [5.90114, 8.2638, -0.76875],
							"size": [0.177, 0.177, 0.25],
							"pivot": [6.25, 8.62227, -1.7375],
							"rotation": [0, 0, 45],
							"uv": {
								"north": {"uv": [40, 54], "uv_size": [0.5, 0.5]},
								"east": {"uv": [54, 40], "uv_size": [0.5, 0.5]},
								"south": {"uv": [41, 54], "uv_size": [0.5, 0.5]},
								"west": {"uv": [54, 41], "uv_size": [0.5, 0.5]},
								"up": {"uv": [42, 54], "uv_size": [0.5, 0.5]},
								"down": {"uv": [54, 42.5], "uv_size": [0.5, -0.5]}
							}
						},
						{
							"origin": [5.875, 8.61563, -0.76875],
							"size": [0.75, 0.125, 0.25],
							"uv": {
								"north": {"uv": [52, 43], "uv_size": [1, 0.5]},
								"east": {"uv": [43, 54], "uv_size": [0.5, 0.5]},
								"south": {"uv": [44, 52], "uv_size": [1, 0.5]},
								"west": {"uv": [54, 43], "uv_size": [0.5, 0.5]},
								"up": {"uv": [52, 44], "uv_size": [1, 0.5]},
								"down": {"uv": [45, 52.5], "uv_size": [1, -0.5]}
							}
						},
						{
							"origin": [6.43147, 8.79413, -0.76875],
							"size": [0.177, 0.177, 0.25],
							"pivot": [6.25, 8.62227, -1.7375],
							"rotation": [0, 0, 45],
							"uv": {
								"north": {"uv": [44, 54], "uv_size": [0.5, 0.5]},
								"east": {"uv": [54, 44], "uv_size": [0.5, 0.5]},
								"south": {"uv": [45, 54], "uv_size": [0.5, 0.5]},
								"west": {"uv": [54, 45], "uv_size": [0.5, 0.5]},
								"up": {"uv": [46, 54], "uv_size": [0.5, 0.5]},
								"down": {"uv": [54, 46.5], "uv_size": [0.5, -0.5]}
							}
						},
						{
							"origin": [6.60847, 8.79413, -3.26875],
							"size": [0, 0.177, 3.5],
							"inflate": 0.001,
							"pivot": [6.25, 8.62227, -1.2375],
							"rotation": [0, 0, 45],
							"uv": {
								"north": {"uv": [0, 0], "uv_size": [0, 0.5]},
								"east": {"uv": [50, 24], "uv_size": [3.5, 0.5]},
								"south": {"uv": [0, 0], "uv_size": [0, 0.5]},
								"west": {"uv": [25, 50], "uv_size": [3.5, 0.5]},
								"up": {"uv": [0, 0], "uv_size": [0, 3.5]},
								"down": {"uv": [0, 3.5], "uv_size": [0, -3.5]}
							}
						},
						{
							"origin": [5.75, 8.61562, -3.26875],
							"size": [1, 0, 3.5],
							"uv": {
								"north": {"uv": [0, 0], "uv_size": [1, 0]},
								"east": {"uv": [0, 0], "uv_size": [3.5, 0]},
								"south": {"uv": [0, 0], "uv_size": [1, 0]},
								"west": {"uv": [0, 0], "uv_size": [3.5, 0]},
								"up": {"uv": [7, 50], "uv_size": [1, 3.5]},
								"down": {"uv": [50, 10.5], "uv_size": [1, -3.5]}
							}
						},
						{
							"origin": [5.89152, 8.79412, -3.26875],
							"size": [0, 0.177, 3.5],
							"pivot": [6.25, 8.62227, -1.2375],
							"rotation": [0, 0, -45],
							"uv": {
								"north": {"uv": [0, 0], "uv_size": [0, 0.5]},
								"east": {"uv": [50, 25], "uv_size": [3.5, 0.5]},
								"south": {"uv": [0, 0], "uv_size": [0, 0.5]},
								"west": {"uv": [50, 26], "uv_size": [3.5, 0.5]},
								"up": {"uv": [0, 0], "uv_size": [0, 3.5]},
								"down": {"uv": [0, 3.5], "uv_size": [0, -3.5]}
							}
						}
					]
				},
				{
					"name": "side_rail",
					"parent": "scope_body",
					"pivot": [0, 0.0625, -1.625],
					"cubes": [
						{
							"origin": [0.75, -0.1875, -3.97855],
							"size": [0.25, 0.5, 0.20711],
							"uv": {
								"east": {"uv": [66.5, 44.5], "uv_size": [0.5, 0.5]},
								"west": {"uv": [64.5, 47.5], "uv_size": [0.5, 0.5]},
								"up": {"uv": [66.5, 45.5], "uv_size": [0.5, 0.5]},
								"down": {"uv": [65.5, 48], "uv_size": [0.5, -0.5]}
							}
						},
						{
							"origin": [0.75, -0.1875, -3.97855],
							"size": [0.25, 0.5, 0.20711],
							"pivot": [1.25, 0.0625, -3.875],
							"rotation": [-45, 0, 0],
							"uv": {
								"east": {"uv": [66.5, 47.5], "uv_size": [0.5, 0.5]},
								"west": {"uv": [59.5, 48.5], "uv_size": [0.5, 0.5]},
								"up": {"uv": [60.5, 48.5], "uv_size": [0.5, 0.5]},
								"down": {"uv": [67.5, 42], "uv_size": [0.5, -0.5]}
							}
						},
						{
							"origin": [0.75, -0.04105, -4.125],
							"size": [0.25, 0.20711, 0.5],
							"uv": {
								"north": {"uv": [61.5, 48.5], "uv_size": [0.5, 0.5]},
								"east": {"uv": [67.5, 42.5], "uv_size": [0.5, 0.5]},
								"south": {"uv": [62.5, 48.5], "uv_size": [0.5, 0.5]},
								"west": {"uv": [67.5, 43.5], "uv_size": [0.5, 0.5]}
							}
						},
						{
							"origin": [0.75, -0.04105, -4.125],
							"size": [0.25, 0.20711, 0.5],
							"pivot": [1.25, 0.0625, -3.875],
							"rotation": [-45, 0, 0],
							"uv": {
								"north": {"uv": [63.5, 48.5], "uv_size": [0.5, 0.5]},
								"east": {"uv": [67.5, 44.5], "uv_size": [0.5, 0.5]},
								"south": {"uv": [64.5, 48.5], "uv_size": [0.5, 0.5]},
								"west": {"uv": [67.5, 45.5], "uv_size": [0.5, 0.5]}
							}
						},
						{
							"origin": [-0.625, -0.1875, -4.625],
							"size": [1.25, 0.5, 1.5],
							"uv": {
								"north": {"uv": [62.5, 40.5], "uv_size": [1.5, 0.5]},
								"east": {"uv": [62.5, 41.5], "uv_size": [1.5, 0.5]},
								"south": {"uv": [62.5, 42.5], "uv_size": [1.5, 0.5]},
								"west": {"uv": [62.5, 43.5], "uv_size": [1.5, 0.5]},
								"up": {"uv": [59.5, 40.5], "uv_size": [1.5, 1.5]},
								"down": {"uv": [59.5, 44], "uv_size": [1.5, -1.5]}
							}
						},
						{
							"origin": [-0.74908, -0.1875, -4.625],
							"size": [0.12408, 0.53033, 1.5],
							"uv": {
								"north": {"uv": [65.5, 48.5], "uv_size": [0.5, 0.5]},
								"east": {"uv": [59.5, 44.5], "uv_size": [1.5, 0.5]},
								"south": {"uv": [67.5, 46.5], "uv_size": [0.5, 0.5]},
								"west": {"uv": [61.5, 44.5], "uv_size": [1.5, 0.5]},
								"up": {"uv": [63.5, 44.5], "uv_size": [0.5, 1.5]},
								"down": {"uv": [59.5, 47], "uv_size": [0.5, -1.5]}
							}
						},
						{
							"origin": [-1.15533, -0.1875, -4.625],
							"size": [0.40625, 0.125, 1.5],
							"uv": {
								"north": {"uv": [66.5, 48.5], "uv_size": [0.5, 0.5]},
								"east": {"uv": [64.5, 40.5], "uv_size": [1.5, 0.5]},
								"south": {"uv": [67.5, 47.5], "uv_size": [0.5, 0.5]},
								"west": {"uv": [60.5, 45.5], "uv_size": [1.5, 0.5]},
								"up": {"uv": [64.5, 41.5], "uv_size": [0.5, 1.5]},
								"down": {"uv": [62.5, 47], "uv_size": [0.5, -1.5]}
							}
						},
						{
							"origin": [-1.35355, 0.04105, -4.625],
							"size": [0.75, 0.25, 1.5],
							"pivot": [-0.97855, 0.16605, -3.875],
							"rotation": [0, 0, -45],
							"uv": {
								"north": {"uv": [59.5, 47.5], "uv_size": [1, 0.5]},
								"east": {"uv": [64.5, 43.5], "uv_size": [1.5, 0.5]},
								"south": {"uv": [62.5, 47.5], "uv_size": [1, 0.5]},
								"west": {"uv": [64.5, 44.5], "uv_size": [1.5, 0.5]},
								"down": {"uv": [61.5, 42], "uv_size": [1, -1.5]}
							}
						},
						{
							"origin": [-1.35355, 0.29105, -4.625],
							"size": [0.75, 0.125, 1.5],
							"pivot": [-0.97855, 0.16605, -3.875],
							"rotation": [0, 0, -45],
							"uv": {
								"north": {"uv": [66.5, 43.5], "uv_size": [1, 0.5]},
								"south": {"uv": [63.5, 47.5], "uv_size": [1, 0.5]},
								"up": {"uv": [61.5, 42.5], "uv_size": [1, 1.5]}
							}
						},
						{
							"origin": [-1.70581, 0.17456, -3.96875],
							"size": [1.25, 0.1875, 0.1875],
							"pivot": [-1.08081, 0.26831, -3.875],
							"rotation": [135, 0, 135],
							"uv": {
								"north": {"uv": [65.5, 42.5], "uv_size": [1.5, 0.5]},
								"east": {"uv": [68.5, 44.5], "uv_size": [0.5, 0.5]},
								"south": {"uv": [63.5, 46.5], "uv_size": [1.5, 0.5]},
								"west": {"uv": [64.5, 49.5], "uv_size": [0.5, 0.5]},
								"up": {"uv": [65.5, 46.5], "uv_size": [1.5, 0.5]},
								"down": {"uv": [66.5, 41], "uv_size": [1.5, -0.5]}
							}
						},
						{
							"origin": [-0.45581, 0.14331, -4],
							"size": [0.125, 0.25, 0.25],
							"pivot": [-1.08081, 0.26831, -3.875],
							"rotation": [135, 0, 135],
							"uv": {
								"north": {"uv": [68.5, 45.5], "uv_size": [0.5, 0.5]},
								"east": {"uv": [65.5, 49.5], "uv_size": [0.5, 0.5]},
								"south": {"uv": [68.5, 46.5], "uv_size": [0.5, 0.5]},
								"west": {"uv": [66.5, 49.5], "uv_size": [0.5, 0.5]},
								"up": {"uv": [68.5, 47.5], "uv_size": [0.5, 0.5]},
								"down": {"uv": [67.5, 50], "uv_size": [0.5, -0.5]}
							}
						},
						{
							"origin": [-1.15977, -0.41161, -4.625],
							"size": [0.17678, 0.17678, 1.5],
							"pivot": [-1.358, -0.29733, -3.875],
							"rotation": [0, 0, -90],
							"uv": {
								"north": {"uv": [67.5, 48.5], "uv_size": [0.5, 0.5]},
								"east": {"uv": [64.5, 45.5], "uv_size": [1.5, 0.5]},
								"south": {"uv": [59.5, 49.5], "uv_size": [0.5, 0.5]},
								"up": {"uv": [60.5, 46.5], "uv_size": [0.5, 1.5]}
							}
						},
						{
							"origin": [-0.89017, 0.43122, -4.625],
							"size": [0.17678, 0.17678, 1.5],
							"uv": {
								"north": {"uv": [68.5, 40.5], "uv_size": [0.5, 0.5]},
								"south": {"uv": [60.5, 49.5], "uv_size": [0.5, 0.5]},
								"west": {"uv": [65.5, 41.5], "uv_size": [1.5, 0.5]},
								"up": {"uv": [61.5, 46.5], "uv_size": [0.5, 1.5]}
							}
						},
						{
							"origin": [0.5, -0.0625, -4],
							"size": [0.25, 0.25, 0.25],
							"pivot": [0.625, 0.0625, -3.875],
							"rotation": [-45, 0, 0],
							"uv": {
								"north": {"uv": [68.5, 41.5], "uv_size": [0.5, 0.5]},
								"east": {"uv": [61.5, 49.5], "uv_size": [0.5, 0.5]},
								"south": {"uv": [68.5, 42.5], "uv_size": [0.5, 0.5]},
								"west": {"uv": [62.5, 49.5], "uv_size": [0.5, 0.5]},
								"up": {"uv": [68.5, 43.5], "uv_size": [0.5, 0.5]},
								"down": {"uv": [63.5, 50], "uv_size": [0.5, -0.5]}
							}
						}
					]
				},
				{
					"name": "scope_body3",
					"parent": "scope_body",
					"pivot": [-1.66833, 0.89622, -2.75],
					"rotation": [0, 0, -45],
					"cubes": [
						{
							"origin": [-2.29017, 0.19139, -3.50711],
							"size": [1.24055, 0.29225, 0.68378],
							"uv": {
								"north": {"uv": [7, 8], "uv_size": [1, 0.5]},
								"east": {"uv": [12, 1], "uv_size": [0.5, 0.5]},
								"south": {"uv": [8, 8], "uv_size": [1, 0.5]},
								"west": {"uv": [2, 12], "uv_size": [0.5, 0.5]},
								"up": {"uv": [0, 9], "uv_size": [1, 0.5]},
								"down": {"uv": [2, 9.5], "uv_size": [1, -0.5]}
							}
						},
						{
							"origin": [-2.29017, 0.19139, -4.81251],
							"size": [1.24055, 0.29225, 0.68378],
							"uv": {
								"north": {"uv": [9, 3], "uv_size": [1, 0.5]},
								"east": {"uv": [12, 2], "uv_size": [0.5, 0.5]},
								"south": {"uv": [4, 9], "uv_size": [1, 0.5]},
								"west": {"uv": [3, 12], "uv_size": [0.5, 0.5]},
								"up": {"uv": [9, 4], "uv_size": [1, 0.5]},
								"down": {"uv": [5, 9.5], "uv_size": [1, -0.5]}
							}
						},
						{
							"origin": [-1.22767, -0.12111, -4.81251],
							"size": [0.17805, 0.29225, 1.99628],
							"uv": {
								"north": {"uv": [12, 0], "uv_size": [0.5, 0.5]},
								"east": {"uv": [2, 6], "uv_size": [2, 0.5]},
								"south": {"uv": [1, 12], "uv_size": [0.5, 0.5]},
								"west": {"uv": [6, 2], "uv_size": [2, 0.5]},
								"up": {"uv": [6, 3], "uv_size": [0.5, 2]},
								"down": {"uv": [4, 8], "uv_size": [0.5, -2]}
							}
						},
						{
							"origin": [-2.28704, -0.12111, -4.81251],
							"size": [0.17805, 0.29225, 1.24628],
							"uv": {
								"north": {"uv": [12, 3], "uv_size": [0.5, 0.5]},
								"east": {"uv": [6, 5], "uv_size": [2, 0.5]},
								"south": {"uv": [4, 12], "uv_size": [0.5, 0.5]},
								"west": {"uv": [6, 6], "uv_size": [2, 0.5]},
								"up": {"uv": [7, 0], "uv_size": [0.5, 2]},
								"down": {"uv": [2, 9], "uv_size": [0.5, -2]}
							}
						},
						{
							"origin": [-2.25736, 0.12889, -4.75001],
							"size": [1.17805, 0.10475, 1.87128],
							"uv": {
								"north": {"uv": [7, 9], "uv_size": [1, 0.5]},
								"east": {"uv": [5, 7], "uv_size": [2, 0.5]},
								"south": {"uv": [9, 7], "uv_size": [1, 0.5]},
								"west": {"uv": [7, 7], "uv_size": [2, 0.5]},
								"up": {"uv": [6, 0], "uv_size": [1, 2]},
								"down": {"uv": [1, 8], "uv_size": [1, -2]}
							}
						},
						{
							"origin": [-2.228, 0.19139, -4.12873],
							"size": [1.11622, 0.06217, 0.62162],
							"uv": {
								"north": {"uv": [8, 9], "uv_size": [1, 0.5]},
								"east": {"uv": [12, 4], "uv_size": [0.5, 0.5]},
								"south": {"uv": [9, 8], "uv_size": [1, 0.5]},
								"west": {"uv": [5, 12], "uv_size": [0.5, 0.5]},
								"up": {"uv": [9, 9], "uv_size": [1, 0.5]},
								"down": {"uv": [0, 10.5], "uv_size": [1, -0.5]}
							}
						},
						{
							"origin": [-1.87461, -0.11435, -4.12873],
							"size": [0.08792, 0.06216, 0.62162],
							"pivot": [-1.63828, 0.57122, -3.97477],
							"rotation": [0, 0, 45],
							"uv": {
								"north": {"uv": [12, 5], "uv_size": [0.5, 0.5]},
								"east": {"uv": [6, 12], "uv_size": [0.5, 0.5]},
								"south": {"uv": [12, 6], "uv_size": [0.5, 0.5]},
								"west": {"uv": [7, 12], "uv_size": [0.5, 0.5]},
								"up": {"uv": [12, 7], "uv_size": [0.5, 0.5]},
								"down": {"uv": [8, 12.5], "uv_size": [0.5, -0.5]}
							}
						},
						{
							"origin": [-2.29017, 0.25356, -4.12873],
							"size": [1.24055, 0.23008, 0.62162],
							"uv": {
								"north": {"uv": [10, 0], "uv_size": [1, 0.5]},
								"east": {"uv": [12, 8], "uv_size": [0.5, 0.5]},
								"south": {"uv": [1, 10], "uv_size": [1, 0.5]},
								"west": {"uv": [9, 12], "uv_size": [0.5, 0.5]},
								"up": {"uv": [10, 1], "uv_size": [1, 0.5]},
								"down": {"uv": [2, 10.5], "uv_size": [1, -0.5]}
							}
						},
						{
							"origin": [-1.53457, -0.06965, -4.12873],
							"size": [0.08791, 0.06216, 0.62162],
							"pivot": [-1.63828, 0.57122, -3.97477],
							"rotation": [0, 0, -45],
							"uv": {
								"north": {"uv": [12, 9], "uv_size": [0.5, 0.5]},
								"east": {"uv": [10, 12], "uv_size": [0.5, 0.5]},
								"south": {"uv": [12, 10], "uv_size": [0.5, 0.5]},
								"west": {"uv": [11, 12], "uv_size": [0.5, 0.5]},
								"up": {"uv": [12, 11], "uv_size": [0.5, 0.5]},
								"down": {"uv": [12, 12.5], "uv_size": [0.5, -0.5]}
							}
						},
						{
							"origin": [-2.22799, 0.48363, -4.81251],
							"size": [1.11621, 0.06217, 1.05675],
							"uv": {
								"north": {"uv": [10, 2], "uv_size": [1, 0.5]},
								"east": {"uv": [3, 10], "uv_size": [1, 0.5]},
								"south": {"uv": [10, 3], "uv_size": [1, 0.5]},
								"west": {"uv": [4, 10], "uv_size": [1, 0.5]},
								"up": {"uv": [3, 7], "uv_size": [1, 1]},
								"down": {"uv": [0, 9], "uv_size": [1, -1]}
							}
						},
						{
							"origin": [-2.10637, 0.64594, -3.80192],
							"size": [0.87297, 0.06216, 0.12432],
							"pivot": [-1.63828, 0.57122, -3.97477],
							"rotation": [-45, 0, 0],
							"uv": {
								"north": {"uv": [10, 4], "uv_size": [1, 0.5]},
								"east": {"uv": [0, 13], "uv_size": [0.5, 0.5]},
								"south": {"uv": [5, 10], "uv_size": [1, 0.5]},
								"west": {"uv": [13, 0], "uv_size": [0.5, 0.5]},
								"up": {"uv": [10, 5], "uv_size": [1, 0.5]},
								"down": {"uv": [6, 10.5], "uv_size": [1, -0.5]}
							}
						},
						{
							"origin": [-2.10637, 0.25903, -3.62406],
							"size": [0.87296, 0.06216, 0.18649],
							"pivot": [-1.63828, 0.57122, -3.97477],
							"rotation": [22.5, 0, 0],
							"uv": {
								"north": {"uv": [10, 6], "uv_size": [1, 0.5]},
								"east": {"uv": [1, 13], "uv_size": [0.5, 0.5]},
								"south": {"uv": [7, 10], "uv_size": [1, 0.5]},
								"west": {"uv": [13, 1], "uv_size": [0.5, 0.5]},
								"up": {"uv": [10, 7], "uv_size": [1, 0.5]},
								"down": {"uv": [8, 10.5], "uv_size": [1, -0.5]}
							}
						},
						{
							"origin": [-1.2334, 0.48363, -3.75576],
							"size": [0.12162, 0.06217, 0.37298],
							"uv": {
								"north": {"uv": [2, 13], "uv_size": [0.5, 0.5]},
								"east": {"uv": [13, 2], "uv_size": [0.5, 0.5]},
								"south": {"uv": [3, 13], "uv_size": [0.5, 0.5]},
								"west": {"uv": [13, 3], "uv_size": [0.5, 0.5]},
								"up": {"uv": [4, 13], "uv_size": [0.5, 0.5]},
								"down": {"uv": [13, 4.5], "uv_size": [0.5, -0.5]}
							}
						},
						{
							"origin": [-2.228, 0.48363, -3.75576],
							"size": [0.12163, 0.06217, 0.37298],
							"uv": {
								"north": {"uv": [5, 13], "uv_size": [0.5, 0.5]},
								"east": {"uv": [13, 5], "uv_size": [0.5, 0.5]},
								"south": {"uv": [6, 13], "uv_size": [0.5, 0.5]},
								"west": {"uv": [13, 6], "uv_size": [0.5, 0.5]},
								"up": {"uv": [7, 13], "uv_size": [0.5, 0.5]},
								"down": {"uv": [13, 7.5], "uv_size": [0.5, -0.5]}
							}
						},
						{
							"origin": [-2.22799, 0.48363, -3.38278],
							"size": [1.11621, 0.06217, 0.55945],
							"uv": {
								"north": {"uv": [10, 8], "uv_size": [1, 0.5]},
								"east": {"uv": [8, 13], "uv_size": [0.5, 0.5]},
								"south": {"uv": [9, 10], "uv_size": [1, 0.5]},
								"west": {"uv": [13, 8], "uv_size": [0.5, 0.5]},
								"up": {"uv": [10, 9], "uv_size": [1, 0.5]},
								"down": {"uv": [10, 10.5], "uv_size": [1, -0.5]}
							}
						},
						{
							"origin": [-2.16117, 0.9111, -4.81251],
							"size": [0.08792, 0.05913, 1.98918],
							"pivot": [-1.63828, 0.57122, -3.97477],
							"rotation": [0, 0, -45],
							"uv": {
								"north": {"uv": [9, 13], "uv_size": [0.5, 0.5]},
								"east": {"uv": [8, 0], "uv_size": [2, 0.5]},
								"south": {"uv": [13, 9], "uv_size": [0.5, 0.5]},
								"west": {"uv": [8, 1], "uv_size": [2, 0.5]},
								"up": {"uv": [1, 8], "uv_size": [0.5, 2]},
								"down": {"uv": [3, 10], "uv_size": [0.5, -2]}
							}
						},
						{
							"origin": [-1.24801, 0.8664, -4.81251],
							"size": [0.08791, 0.05913, 1.98918],
							"pivot": [-1.63828, 0.57122, -3.97477],
							"rotation": [0, 0, 45],
							"uv": {
								"north": {"uv": [10, 13], "uv_size": [0.5, 0.5]},
								"east": {"uv": [8, 2], "uv_size": [2, 0.5]},
								"south": {"uv": [13, 10], "uv_size": [0.5, 0.5]},
								"west": {"uv": [4, 8], "uv_size": [2, 0.5]},
								"up": {"uv": [8, 5], "uv_size": [0.5, 2]},
								"down": {"uv": [6, 10], "uv_size": [0.5, -2]}
							}
						},
						{
							"origin": [-2.29016, 0.48364, -4.76892],
							"size": [0.12163, 0.93243, 0.66521],
							"uv": {
								"north": {"uv": [0, 11], "uv_size": [0.5, 1]},
								"east": {"uv": [11, 0], "uv_size": [0.5, 1]},
								"south": {"uv": [1, 11], "uv_size": [0.5, 1]},
								"west": {"uv": [11, 1], "uv_size": [0.5, 1]},
								"up": {"uv": [11, 13], "uv_size": [0.5, 0.5]},
								"down": {"uv": [13, 11.5], "uv_size": [0.5, -0.5]}
							}
						},
						{
							"origin": [-2.69663, 0.70767, -4.76892],
							"size": [0.12892, 0.17702, 0.66521],
							"pivot": [-1.63828, 0.57122, -3.97477],
							"rotation": [0, 0, 45],
							"uv": {
								"north": {"uv": [12, 13], "uv_size": [0.5, 0.5]},
								"east": {"uv": [13, 12], "uv_size": [0.5, 0.5]},
								"south": {"uv": [13, 13], "uv_size": [0.5, 0.5]},
								"west": {"uv": [0, 14], "uv_size": [0.5, 0.5]},
								"up": {"uv": [14, 0], "uv_size": [0.5, 0.5]},
								"down": {"uv": [1, 14.5], "uv_size": [0.5, -0.5]}
							}
						},
						{
							"origin": [-2.16499, 1.38244, -4.76892],
							"size": [0.12433, 0.1588, 0.66521],
							"uv": {
								"north": {"uv": [14, 1], "uv_size": [0.5, 0.5]},
								"east": {"uv": [2, 14], "uv_size": [0.5, 0.5]},
								"south": {"uv": [14, 2], "uv_size": [0.5, 0.5]},
								"west": {"uv": [3, 14], "uv_size": [0.5, 0.5]},
								"up": {"uv": [14, 3], "uv_size": [0.5, 0.5]},
								"down": {"uv": [4, 14.5], "uv_size": [0.5, -0.5]}
							}
						},
						{
							"origin": [-1.29911, 1.38244, -4.76892],
							"size": [0.12432, 0.1588, 0.66521],
							"uv": {
								"north": {"uv": [14, 4], "uv_size": [0.5, 0.5]},
								"east": {"uv": [5, 14], "uv_size": [0.5, 0.5]},
								"south": {"uv": [14, 5], "uv_size": [0.5, 0.5]},
								"west": {"uv": [6, 14], "uv_size": [0.5, 0.5]},
								"up": {"uv": [14, 6], "uv_size": [0.5, 0.5]},
								"down": {"uv": [7, 14.5], "uv_size": [0.5, -0.5]}
							}
						},
						{
							"origin": [-1.94117, 1.37617, -4.76892],
							"size": [0.54257, 0.11674, 0.66521],
							"uv": {
								"north": {"uv": [14, 7], "uv_size": [0.5, 0.5]},
								"east": {"uv": [8, 14], "uv_size": [0.5, 0.5]},
								"south": {"uv": [14, 8], "uv_size": [0.5, 0.5]},
								"west": {"uv": [9, 14], "uv_size": [0.5, 0.5]},
								"up": {"uv": [14, 9], "uv_size": [0.5, 0.5]},
								"down": {"uv": [10, 14.5], "uv_size": [0.5, -0.5]}
							}
						},
						{
							"origin": [-2.05211, 1.41034, -4.76892],
							"size": [0.35845, 0.106, 0.66521],
							"pivot": [-1.90414, 1.46335, -4.43632],
							"rotation": [0, 0, 10],
							"uv": {
								"north": {"uv": [14, 10], "uv_size": [0.5, 0.5]},
								"east": {"uv": [11, 14], "uv_size": [0.5, 0.5]},
								"south": {"uv": [14, 11], "uv_size": [0.5, 0.5]},
								"west": {"uv": [12, 14], "uv_size": [0.5, 0.5]},
								"up": {"uv": [14, 12], "uv_size": [0.5, 0.5]},
								"down": {"uv": [13, 14.5], "uv_size": [0.5, -0.5]}
							}
						},
						{
							"origin": [-1.643, 1.41034, -4.76892],
							"size": [0.35845, 0.106, 0.66521],
							"pivot": [-1.43252, 1.46335, -4.43632],
							"rotation": [0, 0, -10],
							"uv": {
								"north": {"uv": [14, 13], "uv_size": [0.5, 0.5]},
								"east": {"uv": [14, 14], "uv_size": [0.5, 0.5]},
								"south": {"uv": [0, 15], "uv_size": [0.5, 0.5]},
								"west": {"uv": [15, 0], "uv_size": [0.5, 0.5]},
								"up": {"uv": [1, 15], "uv_size": [0.5, 0.5]},
								"down": {"uv": [15, 1.5], "uv_size": [0.5, -0.5]}
							}
						},
						{
							"origin": [-0.75355, 0.75237, -4.76892],
							"size": [0.12891, 0.17702, 0.66521],
							"pivot": [-1.63828, 0.57122, -3.97477],
							"rotation": [0, 0, -45],
							"uv": {
								"north": {"uv": [2, 15], "uv_size": [0.5, 0.5]},
								"east": {"uv": [15, 2], "uv_size": [0.5, 0.5]},
								"south": {"uv": [3, 15], "uv_size": [0.5, 0.5]},
								"west": {"uv": [15, 3], "uv_size": [0.5, 0.5]},
								"up": {"uv": [4, 15], "uv_size": [0.5, 0.5]},
								"down": {"uv": [15, 4.5], "uv_size": [0.5, -0.5]}
							}
						},
						{
							"origin": [-2.29016, 0.39032, -4.13286],
							"size": [0.12163, 0.9169, 0.32332],
							"pivot": [-1.63828, 0.57122, -3.97477],
							"rotation": [22.5, 0, 0],
							"uv": {
								"north": {"uv": [2, 11], "uv_size": [0.5, 1]},
								"east": {"uv": [11, 2], "uv_size": [0.5, 1]},
								"south": {"uv": [3, 11], "uv_size": [0.5, 1]},
								"west": {"uv": [11, 3], "uv_size": [0.5, 1]},
								"up": {"uv": [5, 15], "uv_size": [0.5, 0.5]},
								"down": {"uv": [15, 5.5], "uv_size": [0.5, -0.5]}
							}
						},
						{
							"origin": [-2.29016, 0.26893, -3.89272],
							"size": [0.12163, 0.29527, 0.09022],
							"pivot": [-1.63828, 0.57122, -3.97477],
							"rotation": [45, 0, 0],
							"uv": {
								"north": {"uv": [6, 15], "uv_size": [0.5, 0.5]},
								"east": {"uv": [15, 6], "uv_size": [0.5, 0.5]},
								"south": {"uv": [7, 15], "uv_size": [0.5, 0.5]},
								"west": {"uv": [15, 7], "uv_size": [0.5, 0.5]},
								"up": {"uv": [8, 15], "uv_size": [0.5, 0.5]},
								"down": {"uv": [15, 8.5], "uv_size": [0.5, -0.5]}
							}
						},
						{
							"origin": [-1.17125, 0.26893, -3.89272],
							"size": [0.12163, 0.29527, 0.09022],
							"pivot": [-1.63828, 0.57122, -3.97477],
							"rotation": [45, 0, 0],
							"uv": {
								"north": {"uv": [9, 15], "uv_size": [0.5, 0.5]},
								"east": {"uv": [15, 9], "uv_size": [0.5, 0.5]},
								"south": {"uv": [15, 10], "uv_size": [0.5, 0.5]},
								"west": {"uv": [15, 11], "uv_size": [0.5, 0.5]},
								"up": {"uv": [15, 12], "uv_size": [0.5, 0.5]},
								"down": {"uv": [15, 13.5], "uv_size": [0.5, -0.5]}
							}
						},
						{
							"origin": [-2.29016, 0.48364, -4.81251],
							"size": [0.12163, 0.45067, 0.04359],
							"uv": {
								"north": {"uv": [15, 14], "uv_size": [0.5, 0.5]},
								"east": {"uv": [0, 16], "uv_size": [0.5, 0.5]},
								"south": {"uv": [16, 0], "uv_size": [0.5, 0.5]},
								"west": {"uv": [1, 16], "uv_size": [0.5, 0.5]},
								"up": {"uv": [16, 1], "uv_size": [0.5, 0.5]},
								"down": {"uv": [2, 16.5], "uv_size": [0.5, -0.5]}
							}
						},
						{
							"origin": [-1.17125, 0.48364, -4.76892],
							"size": [0.12163, 0.93243, 0.66521],
							"uv": {
								"north": {"uv": [4, 11], "uv_size": [0.5, 1]},
								"east": {"uv": [11, 4], "uv_size": [0.5, 1]},
								"south": {"uv": [5, 11], "uv_size": [0.5, 1]},
								"west": {"uv": [11, 5], "uv_size": [0.5, 1]},
								"up": {"uv": [16, 2], "uv_size": [0.5, 0.5]},
								"down": {"uv": [3, 16.5], "uv_size": [0.5, -0.5]}
							}
						},
						{
							"origin": [-1.7862, 1.3847, -4.76892],
							"size": [0.31081, 0.11126, 0.66521],
							"pivot": [-1.63828, 0.57122, -3.97477],
							"rotation": [0, 0, 22.5],
							"uv": {
								"north": {"uv": [16, 3], "uv_size": [0.5, 0.5]},
								"east": {"uv": [4, 16], "uv_size": [0.5, 0.5]},
								"south": {"uv": [16, 4], "uv_size": [0.5, 0.5]},
								"west": {"uv": [5, 16], "uv_size": [0.5, 0.5]},
								"up": {"uv": [16, 5], "uv_size": [0.5, 0.5]},
								"down": {"uv": [6, 16.5], "uv_size": [0.5, -0.5]}
							}
						},
						{
							"origin": [-1.00173, 0.77448, -4.76892],
							"size": [0.08019, 0.34189, 0.66521],
							"pivot": [-1.63828, 0.57122, -3.97477],
							"rotation": [0, 0, -22.5],
							"uv": {
								"north": {"uv": [16, 6], "uv_size": [0.5, 0.5]},
								"east": {"uv": [7, 16], "uv_size": [0.5, 0.5]},
								"south": {"uv": [16, 7], "uv_size": [0.5, 0.5]},
								"west": {"uv": [8, 16], "uv_size": [0.5, 0.5]},
								"up": {"uv": [16, 8], "uv_size": [0.5, 0.5]},
								"down": {"uv": [9, 16.5], "uv_size": [0.5, -0.5]}
							}
						},
						{
							"origin": [-1.54892, 0.35219, -4.81251],
							"size": [0.37298, 0.12163, 0.92941],
							"pivot": [-1.63828, 0.57122, -3.97477],
							"rotation": [0, 0, -22.5],
							"uv": {
								"north": {"uv": [16, 9], "uv_size": [0.5, 0.5]},
								"east": {"uv": [6, 11], "uv_size": [1, 0.5]},
								"south": {"uv": [16, 10], "uv_size": [0.5, 0.5]},
								"west": {"uv": [11, 6], "uv_size": [1, 0.5]},
								"up": {"uv": [7, 11], "uv_size": [0.5, 1]},
								"down": {"uv": [11, 8], "uv_size": [0.5, -1]}
							}
						},
						{
							"origin": [-2.15902, 0.328, -4.81251],
							"size": [0.37297, 0.12163, 0.92941],
							"pivot": [-1.63828, 0.57122, -3.97477],
							"rotation": [0, 0, 22.5],
							"uv": {
								"north": {"uv": [16, 11], "uv_size": [0.5, 0.5]},
								"east": {"uv": [8, 11], "uv_size": [1, 0.5]},
								"south": {"uv": [16, 12], "uv_size": [0.5, 0.5]},
								"west": {"uv": [11, 8], "uv_size": [1, 0.5]},
								"up": {"uv": [9, 11], "uv_size": [0.5, 1]},
								"down": {"uv": [11, 10], "uv_size": [0.5, -1]}
							}
						},
						{
							"origin": [-2.41342, 0.75029, -4.76892],
							"size": [0.08019, 0.34189, 0.66521],
							"pivot": [-1.63828, 0.57122, -3.97477],
							"rotation": [0, 0, 22.5],
							"uv": {
								"north": {"uv": [16, 13], "uv_size": [0.5, 0.5]},
								"east": {"uv": [16, 14], "uv_size": [0.5, 0.5]},
								"south": {"uv": [0, 17], "uv_size": [0.5, 0.5]},
								"west": {"uv": [17, 0], "uv_size": [0.5, 0.5]},
								"up": {"uv": [1, 17], "uv_size": [0.5, 0.5]},
								"down": {"uv": [17, 1.5], "uv_size": [0.5, -0.5]}
							}
						},
						{
							"origin": [-1.85957, 1.40888, -4.76892],
							"size": [0.31081, 0.11127, 0.66521],
							"pivot": [-1.63828, 0.57122, -3.97477],
							"rotation": [0, 0, -22.5],
							"uv": {
								"north": {"uv": [2, 17], "uv_size": [0.5, 0.5]},
								"east": {"uv": [17, 2], "uv_size": [0.5, 0.5]},
								"south": {"uv": [3, 17], "uv_size": [0.5, 0.5]},
								"west": {"uv": [17, 3], "uv_size": [0.5, 0.5]},
								"up": {"uv": [4, 17], "uv_size": [0.5, 0.5]},
								"down": {"uv": [17, 4.5], "uv_size": [0.5, -0.5]}
							}
						},
						{
							"origin": [-1.17125, 0.48364, -4.81251],
							"size": [0.12163, 0.45067, 0.04359],
							"uv": {
								"north": {"uv": [5, 17], "uv_size": [0.5, 0.5]},
								"east": {"uv": [17, 5], "uv_size": [0.5, 0.5]},
								"south": {"uv": [6, 17], "uv_size": [0.5, 0.5]},
								"west": {"uv": [17, 6], "uv_size": [0.5, 0.5]},
								"up": {"uv": [7, 17], "uv_size": [0.5, 0.5]},
								"down": {"uv": [17, 7.5], "uv_size": [0.5, -0.5]}
							}
						},
						{
							"origin": [-1.17125, 0.58608, -4.88769],
							"size": [0.12163, 0.13986, 0.04359],
							"pivot": [-1.63828, 0.57122, -3.97477],
							"rotation": [-22.5, 0, 0],
							"uv": {
								"north": {"uv": [8, 17], "uv_size": [0.5, 0.5]},
								"east": {"uv": [17, 8], "uv_size": [0.5, 0.5]},
								"south": {"uv": [9, 17], "uv_size": [0.5, 0.5]},
								"west": {"uv": [17, 9], "uv_size": [0.5, 0.5]},
								"up": {"uv": [17, 10], "uv_size": [0.5, 0.5]},
								"down": {"uv": [17, 11.5], "uv_size": [0.5, -0.5]}
							}
						},
						{
							"origin": [-2.29016, 0.58608, -4.88769],
							"size": [0.12163, 0.13986, 0.04359],
							"pivot": [-1.63828, 0.57122, -3.97477],
							"rotation": [-22.5, 0, 0],
							"uv": {
								"north": {"uv": [17, 12], "uv_size": [0.5, 0.5]},
								"east": {"uv": [17, 13], "uv_size": [0.5, 0.5]},
								"south": {"uv": [17, 14], "uv_size": [0.5, 0.5]},
								"west": {"uv": [0, 18], "uv_size": [0.5, 0.5]},
								"up": {"uv": [18, 0], "uv_size": [0.5, 0.5]},
								"down": {"uv": [1, 18.5], "uv_size": [0.5, -0.5]}
							}
						},
						{
							"origin": [-1.17125, 0.39032, -4.13286],
							"size": [0.12163, 0.9169, 0.32332],
							"pivot": [-1.63828, 0.57122, -3.97477],
							"rotation": [22.5, 0, 0],
							"uv": {
								"north": {"uv": [10, 11], "uv_size": [0.5, 1]},
								"east": {"uv": [11, 10], "uv_size": [0.5, 1]},
								"south": {"uv": [11, 11], "uv_size": [0.5, 1]},
								"west": {"uv": [0, 12], "uv_size": [0.5, 1]},
								"up": {"uv": [18, 1], "uv_size": [0.5, 0.5]},
								"down": {"uv": [2, 18.5], "uv_size": [0.5, -0.5]}
							}
						},
						{
							"origin": [-1.24615, 0.59157, -3.36925],
							"size": [0.24554, 0.08239, 0.19892],
							"pivot": [-1.63828, 0.57122, -3.97477],
							"rotation": [-22.5, 0, 0],
							"uv": {
								"north": {"uv": [18, 2], "uv_size": [0.5, 0.5]},
								"east": {"uv": [3, 18], "uv_size": [0.5, 0.5]},
								"south": {"uv": [18, 3], "uv_size": [0.5, 0.5]},
								"west": {"uv": [4, 18], "uv_size": [0.5, 0.5]},
								"up": {"uv": [18, 4], "uv_size": [0.5, 0.5]},
								"down": {"uv": [5, 18.5], "uv_size": [0.5, -0.5]}
							}
						},
						{
							"origin": [-1.24615, 0.07505, -3.53221],
							"size": [0.24554, 0.08239, 0.19892],
							"pivot": [-1.63828, 0.57122, -3.97477],
							"rotation": [22.5, 0, 0],
							"uv": {
								"north": {"uv": [18, 5], "uv_size": [0.5, 0.5]},
								"east": {"uv": [6, 18], "uv_size": [0.5, 0.5]},
								"south": {"uv": [18, 6], "uv_size": [0.5, 0.5]},
								"west": {"uv": [7, 18], "uv_size": [0.5, 0.5]},
								"up": {"uv": [18, 7], "uv_size": [0.5, 0.5]},
								"down": {"uv": [8, 18.5], "uv_size": [0.5, -0.5]}
							}
						},
						{
							"origin": [-1.24615, 0.53331, -3.31099],
							"size": [0.24554, 0.19892, 0.08239],
							"pivot": [-1.63828, 0.57122, -3.97477],
							"rotation": [-22.5, 0, 0],
							"uv": {
								"north": {"uv": [18, 8], "uv_size": [0.5, 0.5]},
								"east": {"uv": [9, 18], "uv_size": [0.5, 0.5]},
								"south": {"uv": [18, 9], "uv_size": [0.5, 0.5]},
								"west": {"uv": [18, 10], "uv_size": [0.5, 0.5]},
								"up": {"uv": [18, 11], "uv_size": [0.5, 0.5]},
								"down": {"uv": [18, 12.5], "uv_size": [0.5, -0.5]}
							}
						},
						{
							"origin": [-1.24615, 0.01679, -3.47395],
							"size": [0.24554, 0.19892, 0.08239],
							"pivot": [-1.63828, 0.57122, -3.97477],
							"rotation": [22.5, 0, 0],
							"uv": {
								"north": {"uv": [18, 13], "uv_size": [0.5, 0.5]},
								"east": {"uv": [18, 14], "uv_size": [0.5, 0.5]},
								"south": {"uv": [0, 19], "uv_size": [0.5, 0.5]},
								"west": {"uv": [19, 0], "uv_size": [0.5, 0.5]},
								"up": {"uv": [1, 19], "uv_size": [0.5, 0.5]},
								"down": {"uv": [19, 1.5], "uv_size": [0.5, -0.5]}
							}
						},
						{
							"origin": [-1.40758, 0.4524, -3.33522],
							"size": [0.12359, 0.13675, 0.29838],
							"pivot": [-1.63828, 0.57122, -3.97477],
							"rotation": [0, -22.5, 0],
							"uv": {
								"north": {"uv": [2, 19], "uv_size": [0.5, 0.5]},
								"east": {"uv": [19, 2], "uv_size": [0.5, 0.5]},
								"south": {"uv": [3, 19], "uv_size": [0.5, 0.5]},
								"west": {"uv": [19, 3], "uv_size": [0.5, 0.5]},
								"up": {"uv": [4, 19], "uv_size": [0.5, 0.5]},
								"down": {"uv": [19, 4.5], "uv_size": [0.5, -0.5]}
							}
						},
						{
							"origin": [-2.05097, 0.4524, -3.35941],
							"size": [0.12359, 0.13675, 0.29838],
							"pivot": [-1.63828, 0.57122, -3.97477],
							"rotation": [0, 22.5, 0],
							"uv": {
								"north": {"uv": [5, 19], "uv_size": [0.5, 0.5]},
								"east": {"uv": [19, 5], "uv_size": [0.5, 0.5]},
								"south": {"uv": [6, 19], "uv_size": [0.5, 0.5]},
								"west": {"uv": [19, 6], "uv_size": [0.5, 0.5]},
								"up": {"uv": [7, 19], "uv_size": [0.5, 0.5]},
								"down": {"uv": [19, 7.5], "uv_size": [0.5, -0.5]}
							}
						},
						{
							"origin": [-1.49498, 0.4524, -3.24782],
							"size": [0.29838, 0.13675, 0.12358],
							"pivot": [-1.63828, 0.57122, -3.97477],
							"rotation": [0, -22.5, 0],
							"uv": {
								"north": {"uv": [8, 19], "uv_size": [0.5, 0.5]},
								"east": {"uv": [19, 8], "uv_size": [0.5, 0.5]},
								"south": {"uv": [9, 19], "uv_size": [0.5, 0.5]},
								"west": {"uv": [19, 9], "uv_size": [0.5, 0.5]},
								"up": {"uv": [19, 10], "uv_size": [0.5, 0.5]},
								"down": {"uv": [19, 11.5], "uv_size": [0.5, -0.5]}
							}
						},
						{
							"origin": [-2.13837, 0.4524, -3.27201],
							"size": [0.29838, 0.13675, 0.12359],
							"pivot": [-1.63828, 0.57122, -3.97477],
							"rotation": [0, 22.5, 0],
							"uv": {
								"north": {"uv": [19, 12], "uv_size": [0.5, 0.5]},
								"east": {"uv": [19, 13], "uv_size": [0.5, 0.5]},
								"south": {"uv": [19, 14], "uv_size": [0.5, 0.5]},
								"west": {"uv": [0, 20], "uv_size": [0.5, 0.5]},
								"up": {"uv": [20, 0], "uv_size": [0.5, 0.5]},
								"down": {"uv": [1, 20.5], "uv_size": [0.5, -0.5]}
							}
						}
					]
				},
				{
					"name": "knobs",
					"parent": "scope_body3",
					"pivot": [-1.66833, 19.14622, -2.75]
				},
				{
					"name": "octagon3",
					"parent": "knobs",
					"pivot": [-1.66833, 19.14622, -2.75]
				},
				{
					"name": "octagon",
					"parent": "knobs",
					"pivot": [-1.66833, 19.14622, -2.75]
				},
				{
					"name": "screws",
					"parent": "scope_body3",
					"pivot": [-1.66833, 19.10203, -1.5]
				},
				{
					"name": "ocular_ring",
					"pivot": [0, 1.875, 3.5]
				},
				{
					"name": "ocular_ring2",
					"parent": "ocular_ring",
					"pivot": [0, 1.8125, 1.41875],
					"cubes": [
						{
							"origin": [-0.27183, 0.90625, 0.23438],
							"size": [0.54366, 0.175, 0.30937],
							"pivot": [0, 1.5625, 0.63125],
							"rotation": [0, 0, 45],
							"uv": {
								"north": {"uv": [16, 55], "uv_size": [0.5, 0.5]},
								"south": {"uv": [55, 16], "uv_size": [0.5, 0.5]},
								"up": {"uv": [17, 55], "uv_size": [0.5, 0.5]},
								"down": {"uv": [55, 17.5], "uv_size": [0.5, -0.5]}
							}
						},
						{
							"origin": [-0.27183, 0.90625, 0.23438],
							"size": [0.54366, 0.175, 0.30937],
							"uv": {
								"north": {"uv": [18, 55], "uv_size": [0.5, 0.5]},
								"south": {"uv": [55, 18], "uv_size": [0.5, 0.5]},
								"up": {"uv": [19, 55], "uv_size": [0.5, 0.5]},
								"down": {"uv": [55, 19.5], "uv_size": [0.5, -0.5]}
							}
						},
						{
							"origin": [-0.27183, 2.04375, 0.23438],
							"size": [0.54366, 0.175, 0.30937],
							"pivot": [0, 1.5625, 0.63125],
							"rotation": [0, 0, 45],
							"uv": {
								"north": {"uv": [20, 55], "uv_size": [0.5, 0.5]},
								"south": {"uv": [55, 20], "uv_size": [0.5, 0.5]},
								"up": {"uv": [21, 55], "uv_size": [0.5, 0.5]},
								"down": {"uv": [55, 21.5], "uv_size": [0.5, -0.5]}
							}
						},
						{
							"origin": [-0.27183, 2.04375, 0.23438],
							"size": [0.54366, 0.175, 0.30937],
							"uv": {
								"north": {"uv": [22, 55], "uv_size": [0.5, 0.5]},
								"south": {"uv": [55, 22], "uv_size": [0.5, 0.5]},
								"up": {"uv": [23, 55], "uv_size": [0.5, 0.5]},
								"down": {"uv": [55, 23.5], "uv_size": [0.5, -0.5]}
							}
						},
						{
							"origin": [-0.09683, 2.04375, 0.23438],
							"size": [0.19366, 0.175, 0.30937],
							"pivot": [0, 1.5625, 0.63125],
							"rotation": [0, 0, -22.5],
							"uv": {
								"north": {"uv": [24, 55], "uv_size": [0.5, 0.5]},
								"south": {"uv": [55, 24], "uv_size": [0.5, 0.5]},
								"down": {"uv": [25, 55.5], "uv_size": [0.5, -0.5]}
							}
						},
						{
							"origin": [-0.09683, 2.04375, 0.23438],
							"size": [0.19366, 0.175, 0.30937],
							"pivot": [0, 1.5625, 0.63125],
							"rotation": [0, 0, 157.5],
							"uv": {
								"north": {"uv": [55, 25], "uv_size": [0.5, 0.5]},
								"south": {"uv": [26, 55], "uv_size": [0.5, 0.5]},
								"down": {"uv": [55, 26.5], "uv_size": [0.5, -0.5]}
							}
						},
						{
							"origin": [-0.09683, 2.04375, 0.23438],
							"size": [0.19366, 0.175, 0.30937],
							"pivot": [0, 1.5625, 0.4125],
							"rotation": [0, 0, 112.5],
							"uv": {
								"north": {"uv": [27, 55], "uv_size": [0.5, 0.5]},
								"south": {"uv": [55, 27], "uv_size": [0.5, 0.5]},
								"down": {"uv": [28, 55.5], "uv_size": [0.5, -0.5]}
							}
						},
						{
							"origin": [-0.09683, 2.04375, 0.23438],
							"size": [0.19366, 0.175, 0.30937],
							"pivot": [0, 1.5625, 0.4125],
							"rotation": [0, 0, -67.5],
							"uv": {
								"north": {"uv": [55, 28], "uv_size": [0.5, 0.5]},
								"south": {"uv": [29, 55], "uv_size": [0.5, 0.5]},
								"down": {"uv": [55, 29.5], "uv_size": [0.5, -0.5]}
							}
						},
						{
							"origin": [-0.09683, 2.04375, 0.23438],
							"size": [0.19366, 0.175, 0.30937],
							"pivot": [0, 1.5625, 0.4125],
							"rotation": [0, 0, 67.5],
							"uv": {
								"north": {"uv": [30, 55], "uv_size": [0.5, 0.5]},
								"south": {"uv": [55, 30], "uv_size": [0.5, 0.5]},
								"down": {"uv": [31, 55.5], "uv_size": [0.5, -0.5]}
							}
						},
						{
							"origin": [-0.09683, 2.04375, 0.23438],
							"size": [0.19366, 0.175, 0.30937],
							"pivot": [0, 1.5625, 0.4125],
							"rotation": [0, 0, -112.5],
							"uv": {
								"north": {"uv": [55, 31], "uv_size": [0.5, 0.5]},
								"south": {"uv": [32, 55], "uv_size": [0.5, 0.5]},
								"down": {"uv": [55, 32.5], "uv_size": [0.5, -0.5]}
							}
						},
						{
							"origin": [-0.09683, 2.04375, 0.23438],
							"size": [0.19366, 0.175, 0.30937],
							"pivot": [0, 1.5625, 0.4125],
							"rotation": [0, 0, 22.5],
							"uv": {
								"north": {"uv": [33, 55], "uv_size": [0.5, 0.5]},
								"south": {"uv": [55, 33], "uv_size": [0.5, 0.5]},
								"down": {"uv": [34, 55.5], "uv_size": [0.5, -0.5]}
							}
						},
						{
							"origin": [-0.09683, 2.04375, 0.23438],
							"size": [0.19366, 0.175, 0.30937],
							"pivot": [0, 1.5625, 0.4125],
							"rotation": [0, 0, -157.5],
							"uv": {
								"north": {"uv": [55, 34], "uv_size": [0.5, 0.5]},
								"south": {"uv": [35, 55], "uv_size": [0.5, 0.5]},
								"down": {"uv": [55, 35.5], "uv_size": [0.5, -0.5]}
							}
						},
						{
							"origin": [0.48125, 1.29067, 0.23438],
							"size": [0.175, 0.54366, 0.30937],
							"pivot": [0, 1.5625, 0.63125],
							"rotation": [0, 0, 45],
							"uv": {
								"north": {"uv": [36, 55], "uv_size": [0.5, 0.5]},
								"east": {"uv": [55, 36], "uv_size": [0.5, 0.5]},
								"south": {"uv": [37, 55], "uv_size": [0.5, 0.5]},
								"west": {"uv": [55, 37], "uv_size": [0.5, 0.5]}
							}
						},
						{
							"origin": [0.48125, 1.29067, 0.23438],
							"size": [0.175, 0.54366, 0.30937],
							"uv": {
								"north": {"uv": [38, 55], "uv_size": [0.5, 0.5]},
								"east": {"uv": [55, 38], "uv_size": [0.5, 0.5]},
								"south": {"uv": [39, 55], "uv_size": [0.5, 0.5]},
								"west": {"uv": [55, 39], "uv_size": [0.5, 0.5]}
							}
						},
						{
							"origin": [-0.65625, 1.29067, 0.23438],
							"size": [0.175, 0.54366, 0.30937],
							"pivot": [0, 1.5625, 0.63125],
							"rotation": [0, 0, 45],
							"uv": {
								"north": {"uv": [40, 55], "uv_size": [0.5, 0.5]},
								"east": {"uv": [55, 40], "uv_size": [0.5, 0.5]},
								"south": {"uv": [41, 55], "uv_size": [0.5, 0.5]},
								"west": {"uv": [55, 41], "uv_size": [0.5, 0.5]}
							}
						},
						{
							"origin": [-0.65625, 1.29067, 0.23438],
							"size": [0.175, 0.54366, 0.30937],
							"uv": {
								"north": {"uv": [42, 55], "uv_size": [0.5, 0.5]},
								"east": {"uv": [55, 42], "uv_size": [0.5, 0.5]},
								"south": {"uv": [43, 55], "uv_size": [0.5, 0.5]},
								"west": {"uv": [55, 43], "uv_size": [0.5, 0.5]}
							}
						}
					]
				},
				{
					"name": "oculars",
					"pivot": [0, 1.875, 3.75]
				},
				{
					"name": "ocular_scope_2",
					"parent": "oculars",
					"pivot": [0, 1.875, 3.875],
					"cubes": [
						{
							"origin": [-0.39375, 1.0375, 0.425],
							"size": [0.7875, 0.175, 0],
							"pivot": [0, 1.5625, 0.075],
							"rotation": [0, 0, 45],
							"uv": {
								"north": {"uv": [1, 53], "uv_size": [1, 0.5]},
								"south": {"uv": [53, 1], "uv_size": [1, 0.5]}
							}
						},
						{
							"origin": [-0.525, 1.2125, 0.425],
							"size": [1.05, 0.7, 0],
							"pivot": [0, 1.5625, 0.075],
							"rotation": [0, 0, 45],
							"uv": {
								"north": {"uv": [53, 2], "uv_size": [1, 0.5]},
								"south": {"uv": [53, 3], "uv_size": [1, 0.5]}
							}
						},
						{
							"origin": [-0.39375, 1.9125, 0.425],
							"size": [0.7875, 0.175, 0],
							"pivot": [0, 1.5625, 0.075],
							"rotation": [0, 0, 45],
							"uv": {
								"north": {"uv": [53, 4], "uv_size": [1, 0.5]},
								"south": {"uv": [53, 5], "uv_size": [1, 0.5]}
							}
						}
					]
				},
				{
					"name": "ocular_sight",
					"parent": "oculars",
					"pivot": [-1.77814, 0.92612, -4.4995],
					"rotation": [0, 0, -45],
					"cubes": [
						{
							"origin": [-2.32708, 0.10731, -4.294],
							"size": [1.10901, 1.21241, 0.02463],
							"uv": {
								"south": {"uv": [5, 4], "uv_size": [1, 1]}
							}
						}
					]
				},
				{
					"name": "divisions",
					"pivot": [0, 1.875, -120]
				},
				{
					"name": "division_2",
					"parent": "divisions",
					"pivot": [0, 1.875, -128]
				},
				{
					"name": "division_illuminated",
					"parent": "division_2",
					"pivot": [0, 1.875, -128],
					"cubes": [
						{
							"origin": [-4, -2.45312, -68],
							"size": [8, 8, 0],
							"uv": {
								"south": {"uv": [10, 15.5], "uv_size": [26.5, 26.5]}
							}
						},
						{
							"origin": [-0.42187, 1.07813, -3.5],
							"size": [0.1875, 0.04688, 2],
							"uv": {
								"south": {"uv": [3.5, 60], "uv_size": [21.5, 5]}
							}
						}
					]
				},
				{
					"name": "ammo_text",
					"parent": "division_illuminated",
					"pivot": [-0.25, 1, -2.5]
				},
				{
					"name": "division",
					"parent": "divisions",
					"pivot": [0, 1.875, -108]
				},
				{
					"name": "division_2_illuminated",
					"parent": "division",
					"pivot": [-1.71056, 0.83556, -20.375],
					"cubes": [
						{
							"origin": [-2.5, 4.77306, -16.375],
							"size": [0.1875, 0.1875, 0],
							"pivot": [0, 3.25744, -16.375],
							"rotation": [0, 0, -90],
							"uv": {
								"south": {"uv": [95.5, 15.5], "uv_size": [2, 2]}
							}
						}
					]
				},
				{
					"name": "views",
					"pivot": [0, 0, 0]
				},
				{
					"name": "scope_view_2",
					"parent": "views",
					"pivot": [0, 1.5625, 5]
				},
				{
					"name": "scope_view",
					"parent": "views",
					"pivot": [-1.70899, 0.94317, 5],
					"rotation": [0, 0, -45]
				}
			]
		}
	]
}