{
	"format_version": "1.12.0",
	"minecraft:geometry": [
		{
			"description": {
				"identifier": "geometry.scope_standard_8x - Converted",
				"texture_width": 128,
				"texture_height": 128,
				"visible_bounds_width": 44,
				"visible_bounds_height": 9,
				"visible_bounds_offset": [0, 0.5, 0]
			},
			"bones": [
				{
					"name": "bone3",
					"pivot": [0, 0, 0]
				},
				{
					"name": "scope_body",
					"parent": "bone3",
					"pivot": [0, 0.7625, -0.375]
				},
				{
					"name": "hd_weixing",
					"parent": "scope_body",
					"pivot": [0.11138, 0.32639, -0.19345]
				},
				{
					"name": "hd_weixing_1",
					"parent": "hd_weixing",
					"pivot": [0.23864, 0.83108, -1.85609],
					"cubes": [
						{
							"origin": [-0.84182, 0.77767, -3.27766],
							"size": [0.08, 1.24688, 0.68],
							"uv": {
								"north": {"uv": [1, 22], "uv_size": [0.5, 1]},
								"east": {"uv": [7, 22], "uv_size": [0.5, 1]},
								"south": {"uv": [8, 22], "uv_size": [0.5, 1]},
								"west": {"uv": [22, 8], "uv_size": [0.5, 1]},
								"up": {"uv": [24, 21], "uv_size": [0.5, 0.5]},
								"down": {"uv": [22, 24.5], "uv_size": [0.5, -0.5]}
							}
						},
						{
							"origin": [-0.78013, 0.84017, -3.27766],
							"size": [1.56027, 0.16485, 0.68],
							"uv": {
								"north": {"uv": [22, 2], "uv_size": [1.5, 0.5]},
								"east": {"uv": [30, 13], "uv_size": [0.5, 0.5]},
								"south": {"uv": [3, 22], "uv_size": [1.5, 0.5]},
								"west": {"uv": [14, 30], "uv_size": [0.5, 0.5]},
								"up": {"uv": [5, 22], "uv_size": [1.5, 0.5]},
								"down": {"uv": [22, 5.5], "uv_size": [1.5, -0.5]}
							}
						},
						{
							"origin": [-1.35409, 1.12466, -3.27766],
							"size": [0.09031, 0.21312, 0.68],
							"pivot": [-0.01136, 0.95608, -1.85609],
							"rotation": [0, 0, 45],
							"uv": {
								"north": {"uv": [24, 22], "uv_size": [0.5, 0.5]},
								"east": {"uv": [23, 24], "uv_size": [0.5, 0.5]},
								"south": {"uv": [24, 23], "uv_size": [0.5, 0.5]},
								"west": {"uv": [24, 24], "uv_size": [0.5, 0.5]},
								"up": {"uv": [0, 25], "uv_size": [0.5, 0.5]},
								"down": {"uv": [25, 0.5], "uv_size": [0.5, -0.5]}
							}
						},
						{
							"origin": [0.8469, 0.44958, -3.0648],
							"size": [0, 0.2, 0.7675],
							"uv": {
								"north": {"uv": [0, 0], "uv_size": [0, 0.5]},
								"east": {"uv": [9, 22], "uv_size": [1, 0.5]},
								"south": {"uv": [0, 0], "uv_size": [0, 0.5]},
								"west": {"uv": [14.5, 74.5], "uv_size": [21, 6]},
								"up": {"uv": [0, 0], "uv_size": [0, 1]},
								"down": {"uv": [0, 1], "uv_size": [0, -1]}
							}
						},
						{
							"origin": [-0.8469, 0.44958, -2.7523],
							"size": [0, 0.23125, 0.7675],
							"uv": {
								"north": {"uv": [0, 0], "uv_size": [0, 0.5]},
								"east": {"uv": [27.5, 82], "uv_size": [-10, 3]},
								"south": {"uv": [0, 0], "uv_size": [0, 0.5]},
								"west": {"uv": [10, 22], "uv_size": [-1, 0.5]},
								"up": {"uv": [0, 0], "uv_size": [0, 1]},
								"down": {"uv": [0, 1], "uv_size": [0, -1]}
							}
						},
						{
							"origin": [0.8469, 0.44958, -2.09667],
							"size": [0, 0.2, 0.43938],
							"uv": {
								"north": {"uv": [0, 0], "uv_size": [0, 0.5]},
								"east": {"uv": [11, 22], "uv_size": [1, 0.5]},
								"south": {"uv": [0, 0], "uv_size": [0, 0.5]},
								"west": {"uv": [41.5, 77.5], "uv_size": [5, 2.5]},
								"up": {"uv": [0, 0], "uv_size": [0, 1]},
								"down": {"uv": [0, 1], "uv_size": [0, -1]}
							}
						},
						{
							"origin": [-0.9404, 1.26003, -3.27766],
							"size": [0.08, 0.68, 0.68],
							"pivot": [-0.01136, 0.95608, -1.85609],
							"rotation": [0, 0, 5.5],
							"uv": {
								"north": {"uv": [30, 8], "uv_size": [0.5, 0.5]},
								"east": {"uv": [9, 30], "uv_size": [0.5, 0.5]},
								"south": {"uv": [30, 9], "uv_size": [0.5, 0.5]},
								"west": {"uv": [10, 30], "uv_size": [0.5, 0.5]},
								"up": {"uv": [30, 10], "uv_size": [0.5, 0.5]},
								"down": {"uv": [11, 30.5], "uv_size": [0.5, -0.5]}
							}
						},
						{
							"origin": [-0.9404, 0.98503, -3.27766],
							"size": [0.12, 0.275, 0.68],
							"pivot": [-0.01136, 0.95608, -1.85609],
							"rotation": [0, 0, 5.5],
							"uv": {
								"north": {"uv": [1, 25], "uv_size": [0.5, 0.5]},
								"east": {"uv": [25, 1], "uv_size": [0.5, 0.5]},
								"south": {"uv": [2, 25], "uv_size": [0.5, 0.5]},
								"west": {"uv": [25, 2], "uv_size": [0.5, 0.5]},
								"up": {"uv": [3, 25], "uv_size": [0.5, 0.5]},
								"down": {"uv": [25, 3.5], "uv_size": [0.5, -0.5]}
							}
						},
						{
							"origin": [-0.95326, 1.42561, -3.27766],
							"size": [0.12428, 0.2306, 0.68],
							"pivot": [-0.01995, 1.39666, -1.65425],
							"rotation": [0, 0, -35],
							"uv": {
								"north": {"uv": [5, 29], "uv_size": [0.5, 0.5]},
								"east": {"uv": [29, 5], "uv_size": [0.5, 0.5]},
								"south": {"uv": [6, 29], "uv_size": [0.5, 0.5]},
								"west": {"uv": [29, 6], "uv_size": [0.5, 0.5]},
								"up": {"uv": [7, 29], "uv_size": [0.5, 0.5]},
								"down": {"uv": [29, 7.5], "uv_size": [0.5, -0.5]}
							}
						},
						{
							"origin": [-0.6656, 0.41332, -3.27766],
							"size": [0.2225, 0.10438, 0.68],
							"pivot": [-0.01136, 0.95608, -1.85609],
							"rotation": [0, 0, 50],
							"uv": {
								"north": {"uv": [4, 25], "uv_size": [0.5, 0.5]},
								"east": {"uv": [25, 4], "uv_size": [0.5, 0.5]},
								"south": {"uv": [5, 25], "uv_size": [0.5, 0.5]},
								"west": {"uv": [25, 5], "uv_size": [0.5, 0.5]},
								"up": {"uv": [6, 25], "uv_size": [0.5, 0.5]},
								"down": {"uv": [25, 6.5], "uv_size": [0.5, -0.5]}
							}
						},
						{
							"origin": [-0.69091, 2.09812, -3.27766],
							"size": [1.38182, 0.07732, 0.68],
							"uv": {
								"north": {"uv": [19, 3], "uv_size": [1.5, 0.5]},
								"east": {"uv": [7, 25], "uv_size": [0.5, 0.5]},
								"south": {"uv": [4, 19], "uv_size": [1.5, 0.5]},
								"west": {"uv": [25, 7], "uv_size": [0.5, 0.5]},
								"up": {"uv": [19, 4], "uv_size": [1.5, 0.5]},
								"down": {"uv": [6, 19.5], "uv_size": [1.5, -0.5]}
							}
						},
						{
							"origin": [-0.52, 0.48011, -3.43609],
							"size": [1.04, 0.26, 4.12],
							"uv": {
								"north": {"uv": [14, 22], "uv_size": [1, 0.5]},
								"east": {"uv": [7, 2], "uv_size": [4, 0.5]},
								"south": {"uv": [15, 22], "uv_size": [1, 0.5]},
								"west": {"uv": [7, 3], "uv_size": [4, 0.5]},
								"up": {"uv": [2, 4], "uv_size": [1, 4]},
								"down": {"uv": [3, 8], "uv_size": [1, -4]}
							}
						},
						{
							"origin": [-0.52, 0.58011, -1.63609],
							"size": [1.04, 0.28, 2.32],
							"uv": {
								"north": {"uv": [16, 22], "uv_size": [1, 0.5]},
								"east": {"uv": [12, 15], "uv_size": [2.5, 0.5]},
								"south": {"uv": [17, 22], "uv_size": [1, 0.5]},
								"west": {"uv": [15, 12], "uv_size": [2.5, 0.5]},
								"up": {"uv": [6, 2], "uv_size": [1, 2.5]},
								"down": {"uv": [4, 8.5], "uv_size": [1, -2.5]}
							}
						},
						{
							"origin": [-0.52, 0.86859, -1.57963],
							"size": [1.04, 0.28, 0.12],
							"pivot": [0.23864, 0.83108, -1.85609],
							"rotation": [-45, 0, 0],
							"uv": {
								"north": {"uv": [22, 18], "uv_size": [1, 0.5]},
								"east": {"uv": [8, 25], "uv_size": [0.5, 0.5]},
								"south": {"uv": [19, 22], "uv_size": [1, 0.5]},
								"west": {"uv": [25, 8], "uv_size": [0.5, 0.5]},
								"up": {"uv": [22, 19], "uv_size": [1, 0.5]},
								"down": {"uv": [20, 22.5], "uv_size": [1, -0.5]}
							}
						},
						{
							"origin": [-0.1, 0.71657, -1.74271],
							"size": [0.2, 0.2, 0.12],
							"pivot": [0.23864, 0.83108, -1.85609],
							"rotation": [-45, 0, 0],
							"uv": {
								"north": {"uv": [9, 25], "uv_size": [0.5, 0.5]},
								"east": {"uv": [25, 9], "uv_size": [0.5, 0.5]},
								"south": {"uv": [10, 25], "uv_size": [0.5, 0.5]},
								"west": {"uv": [25, 10], "uv_size": [0.5, 0.5]},
								"up": {"uv": [11, 25], "uv_size": [0.5, 0.5]},
								"down": {"uv": [25, 11.5], "uv_size": [0.5, -0.5]}
							}
						},
						{
							"origin": [-0.52, 0.58011, -3.43297],
							"size": [0.16, 0.28, 1.8],
							"uv": {
								"north": {"uv": [12, 25], "uv_size": [0.5, 0.5]},
								"east": {"uv": [15, 15], "uv_size": [2, 0.5]},
								"south": {"uv": [25, 12], "uv_size": [0.5, 0.5]},
								"west": {"uv": [0, 16], "uv_size": [2, 0.5]},
								"up": {"uv": [16, 0], "uv_size": [0.5, 2]},
								"down": {"uv": [2, 18], "uv_size": [0.5, -2]}
							}
						},
						{
							"origin": [-0.32414, 0.99491, -3.43297],
							"size": [0.16, 0.28, 1.8],
							"pivot": [0.23864, 0.83108, -1.85609],
							"rotation": [0, 0, -45],
							"uv": {
								"north": {"uv": [13, 25], "uv_size": [0.5, 0.5]},
								"east": {"uv": [16, 2], "uv_size": [2, 0.5]},
								"south": {"uv": [25, 13], "uv_size": [0.5, 0.5]},
								"west": {"uv": [3, 16], "uv_size": [2, 0.5]},
								"up": {"uv": [16, 3], "uv_size": [0.5, 2]},
								"down": {"uv": [5, 18], "uv_size": [0.5, -2]}
							}
						},
						{
							"origin": [0.30393, 0.65742, -3.43297],
							"size": [0.16, 0.28, 1.8],
							"pivot": [0.23864, 0.83108, -1.85609],
							"rotation": [0, 0, 45],
							"uv": {
								"north": {"uv": [14, 25], "uv_size": [0.5, 0.5]},
								"east": {"uv": [16, 5], "uv_size": [2, 0.5]},
								"south": {"uv": [25, 14], "uv_size": [0.5, 0.5]},
								"west": {"uv": [6, 16], "uv_size": [2, 0.5]},
								"up": {"uv": [16, 9], "uv_size": [0.5, 2]},
								"down": {"uv": [10, 18], "uv_size": [0.5, -2]}
							}
						},
						{
							"origin": [0.36, 0.58011, -3.43297],
							"size": [0.16, 0.28, 1.8],
							"uv": {
								"north": {"uv": [15, 25], "uv_size": [0.5, 0.5]},
								"east": {"uv": [11, 16], "uv_size": [2, 0.5]},
								"south": {"uv": [25, 15], "uv_size": [0.5, 0.5]},
								"west": {"uv": [13, 16], "uv_size": [2, 0.5]},
								"up": {"uv": [15, 16], "uv_size": [0.5, 2]},
								"down": {"uv": [16, 18], "uv_size": [0.5, -2]}
							}
						},
						{
							"origin": [-0.79, 0.95682, -3.23141],
							"size": [1.455, 0.08, 0.12],
							"uv": {
								"north": {"uv": [19, 6], "uv_size": [1.5, 0.5]},
								"east": {"uv": [16, 25], "uv_size": [0.5, 0.5]},
								"south": {"uv": [19, 7], "uv_size": [1.5, 0.5]},
								"west": {"uv": [25, 16], "uv_size": [0.5, 0.5]},
								"up": {"uv": [8, 19], "uv_size": [1.5, 0.5]},
								"down": {"uv": [19, 9.5], "uv_size": [1.5, -0.5]}
							}
						},
						{
							"origin": [-0.64027, 2.07099, -3.23141],
							"size": [1.3125, 0.04, 0.12],
							"uv": {
								"north": {"uv": [10, 19], "uv_size": [1.5, 0.5]},
								"east": {"uv": [17, 25], "uv_size": [0.5, 0.5]},
								"south": {"uv": [19, 10], "uv_size": [1.5, 0.5]},
								"west": {"uv": [25, 17], "uv_size": [0.5, 0.5]},
								"up": {"uv": [19, 11], "uv_size": [1.5, 0.5]},
								"down": {"uv": [12, 19.5], "uv_size": [1.5, -0.5]}
							}
						},
						{
							"origin": [-0.45983, 1.36096, -3.23141],
							"size": [0.04, 0.32, 0.12],
							"pivot": [-0.01136, 0.95608, -1.85609],
							"rotation": [0, 0, -40],
							"uv": {
								"north": {"uv": [18, 25], "uv_size": [0.5, 0.5]},
								"east": {"uv": [25, 18], "uv_size": [0.5, 0.5]},
								"south": {"uv": [19, 25], "uv_size": [0.5, 0.5]},
								"west": {"uv": [25, 19], "uv_size": [0.5, 0.5]},
								"up": {"uv": [20, 25], "uv_size": [0.5, 0.5]},
								"down": {"uv": [25, 20.5], "uv_size": [0.5, -0.5]}
							}
						},
						{
							"origin": [-0.69437, 0.97418, -3.19141],
							"size": [1.3575, 0.08, 0.04],
							"uv": {
								"north": {"uv": [14, 19], "uv_size": [1.5, 0.5]},
								"east": {"uv": [21, 25], "uv_size": [0.5, 0.5]},
								"south": {"uv": [19, 15], "uv_size": [1.5, 0.5]},
								"west": {"uv": [25, 21], "uv_size": [0.5, 0.5]},
								"up": {"uv": [19, 16], "uv_size": [1.5, 0.5]},
								"down": {"uv": [19, 17.5], "uv_size": [1.5, -0.5]}
							}
						},
						{
							"origin": [-0.02, 0.84068, -1.74514],
							"size": [0.04, 0.04, 0.08],
							"pivot": [0.23864, 0.83108, -1.85609],
							"rotation": [-45, 0, 0],
							"uv": {
								"north": {"uv": [22, 25], "uv_size": [0.5, 0.5]},
								"east": {"uv": [25, 22], "uv_size": [0.5, 0.5]},
								"south": {"uv": [23, 25], "uv_size": [0.5, 0.5]},
								"west": {"uv": [25, 23], "uv_size": [0.5, 0.5]},
								"up": {"uv": [24, 25], "uv_size": [0.5, 0.5]},
								"down": {"uv": [25, 24.5], "uv_size": [0.5, -0.5]}
							}
						},
						{
							"origin": [-0.66312, 2.04073, -3.19141],
							"size": [1.295, 0.04, 0.04],
							"uv": {
								"north": {"uv": [22, 20], "uv_size": [1, 0.5]},
								"east": {"uv": [25, 25], "uv_size": [0.5, 0.5]},
								"south": {"uv": [22, 21], "uv_size": [1, 0.5]},
								"west": {"uv": [0, 26], "uv_size": [0.5, 0.5]},
								"up": {"uv": [22, 22], "uv_size": [1, 0.5]},
								"down": {"uv": [1, 23.5], "uv_size": [1, -0.5]}
							}
						},
						{
							"origin": [-0.47806, 1.354, -3.19141],
							"size": [0.08, 0.3425, 0.04],
							"pivot": [-0.01136, 0.95608, -1.85609],
							"rotation": [0, 0, -40],
							"uv": {
								"north": {"uv": [26, 0], "uv_size": [0.5, 0.5]},
								"east": {"uv": [1, 26], "uv_size": [0.5, 0.5]},
								"south": {"uv": [26, 1], "uv_size": [0.5, 0.5]},
								"west": {"uv": [2, 26], "uv_size": [0.5, 0.5]},
								"up": {"uv": [26, 2], "uv_size": [0.5, 0.5]},
								"down": {"uv": [3, 26.5], "uv_size": [0.5, -0.5]}
							}
						},
						{
							"origin": [-1.25429, 1.103, -3.19141],
							"size": [0.06907, 0.245, 0.04],
							"pivot": [-0.01136, 0.95608, -1.85609],
							"rotation": [0, 0, 45],
							"uv": {
								"north": {"uv": [26, 3], "uv_size": [0.5, 0.5]},
								"east": {"uv": [4, 26], "uv_size": [0.5, 0.5]},
								"south": {"uv": [26, 4], "uv_size": [0.5, 0.5]},
								"west": {"uv": [5, 26], "uv_size": [0.5, 0.5]},
								"up": {"uv": [26, 5], "uv_size": [0.5, 0.5]},
								"down": {"uv": [6, 26.5], "uv_size": [0.5, -0.5]}
							}
						},
						{
							"origin": [-0.74188, 1.15917, -3.19141],
							"size": [0.04, 0.8, 0.04],
							"uv": {
								"north": {"uv": [2, 23], "uv_size": [0.5, 1]},
								"east": {"uv": [3, 23], "uv_size": [0.5, 1]},
								"south": {"uv": [23, 3], "uv_size": [0.5, 1]},
								"west": {"uv": [4, 23], "uv_size": [0.5, 1]},
								"up": {"uv": [26, 6], "uv_size": [0.5, 0.5]},
								"down": {"uv": [7, 26.5], "uv_size": [0.5, -0.5]}
							}
						},
						{
							"origin": [-1.27271, 1.11923, -3.23141],
							"size": [0.04937, 0.205, 0.12],
							"pivot": [-0.01136, 0.95608, -1.85609],
							"rotation": [0, 0, 45],
							"uv": {
								"north": {"uv": [26, 7], "uv_size": [0.5, 0.5]},
								"east": {"uv": [8, 26], "uv_size": [0.5, 0.5]},
								"south": {"uv": [26, 8], "uv_size": [0.5, 0.5]},
								"west": {"uv": [9, 26], "uv_size": [0.5, 0.5]},
								"up": {"uv": [26, 9], "uv_size": [0.5, 0.5]},
								"down": {"uv": [10, 26.5], "uv_size": [0.5, -0.5]}
							}
						},
						{
							"origin": [-0.77, 1.14511, -3.23141],
							"size": [0.04, 0.81531, 0.12],
							"uv": {
								"north": {"uv": [23, 4], "uv_size": [0.5, 1]},
								"east": {"uv": [5, 23], "uv_size": [0.5, 1]},
								"south": {"uv": [6, 23], "uv_size": [0.5, 1]},
								"west": {"uv": [23, 6], "uv_size": [0.5, 1]},
								"up": {"uv": [26, 10], "uv_size": [0.5, 0.5]},
								"down": {"uv": [11, 26.5], "uv_size": [0.5, -0.5]}
							}
						},
						{
							"origin": [0.76182, 0.77767, -3.27766],
							"size": [0.08, 1.24688, 0.68],
							"uv": {
								"north": {"uv": [24, 10], "uv_size": [0.5, 1]},
								"east": {"uv": [11, 24], "uv_size": [0.5, 1]},
								"south": {"uv": [24, 11], "uv_size": [0.5, 1]},
								"west": {"uv": [12, 24], "uv_size": [0.5, 1]},
								"up": {"uv": [30, 7], "uv_size": [0.5, 0.5]},
								"down": {"uv": [8, 30.5], "uv_size": [0.5, -0.5]}
							}
						},
						{
							"origin": [1.26378, 1.12466, -3.27766],
							"size": [0.09031, 0.21312, 0.68],
							"pivot": [0.01136, 0.95608, -1.85609],
							"rotation": [0, 0, -45],
							"uv": {
								"north": {"uv": [30, 4], "uv_size": [0.5, 0.5]},
								"east": {"uv": [5, 30], "uv_size": [0.5, 0.5]},
								"south": {"uv": [30, 5], "uv_size": [0.5, 0.5]},
								"west": {"uv": [6, 30], "uv_size": [0.5, 0.5]},
								"up": {"uv": [30, 6], "uv_size": [0.5, 0.5]},
								"down": {"uv": [7, 30.5], "uv_size": [0.5, -0.5]}
							}
						},
						{
							"origin": [0.8604, 1.26003, -3.27766],
							"size": [0.08, 0.68, 0.68],
							"pivot": [0.01136, 0.95608, -1.85609],
							"rotation": [0, 0, -5.5],
							"uv": {
								"north": {"uv": [30, 1], "uv_size": [0.5, 0.5]},
								"east": {"uv": [2, 30], "uv_size": [0.5, 0.5]},
								"south": {"uv": [30, 2], "uv_size": [0.5, 0.5]},
								"west": {"uv": [3, 30], "uv_size": [0.5, 0.5]},
								"up": {"uv": [30, 3], "uv_size": [0.5, 0.5]},
								"down": {"uv": [4, 30.5], "uv_size": [0.5, -0.5]}
							}
						},
						{
							"origin": [0.8204, 0.98503, -3.27766],
							"size": [0.12, 0.275, 0.68],
							"pivot": [0.01136, 0.95608, -1.85609],
							"rotation": [0, 0, -5.5],
							"uv": {
								"north": {"uv": [28, 29], "uv_size": [0.5, 0.5]},
								"east": {"uv": [29, 28], "uv_size": [0.5, 0.5]},
								"south": {"uv": [29, 29], "uv_size": [0.5, 0.5]},
								"west": {"uv": [0, 30], "uv_size": [0.5, 0.5]},
								"up": {"uv": [30, 0], "uv_size": [0.5, 0.5]},
								"down": {"uv": [1, 30.5], "uv_size": [0.5, -0.5]}
							}
						},
						{
							"origin": [0.4431, 0.41332, -3.27766],
							"size": [0.2225, 0.10438, 0.68],
							"pivot": [0.01136, 0.95608, -1.85609],
							"rotation": [0, 0, -50],
							"uv": {
								"north": {"uv": [25, 29], "uv_size": [0.5, 0.5]},
								"east": {"uv": [29, 25], "uv_size": [0.5, 0.5]},
								"south": {"uv": [26, 29], "uv_size": [0.5, 0.5]},
								"west": {"uv": [29, 26], "uv_size": [0.5, 0.5]},
								"up": {"uv": [27, 29], "uv_size": [0.5, 0.5]},
								"down": {"uv": [29, 27.5], "uv_size": [0.5, -0.5]}
							}
						},
						{
							"origin": [0.41983, 1.36096, -3.23141],
							"size": [0.04, 0.32, 0.12],
							"pivot": [0.01136, 0.95608, -1.85609],
							"rotation": [0, 0, 40],
							"uv": {
								"north": {"uv": [22, 29], "uv_size": [0.5, 0.5]},
								"east": {"uv": [29, 22], "uv_size": [0.5, 0.5]},
								"south": {"uv": [23, 29], "uv_size": [0.5, 0.5]},
								"west": {"uv": [29, 23], "uv_size": [0.5, 0.5]},
								"up": {"uv": [24, 29], "uv_size": [0.5, 0.5]},
								"down": {"uv": [29, 24.5], "uv_size": [0.5, -0.5]}
							}
						},
						{
							"origin": [0.39807, 1.354, -3.19141],
							"size": [0.08, 0.3425, 0.04],
							"pivot": [0.01136, 0.95608, -1.85609],
							"rotation": [0, 0, 40],
							"uv": {
								"north": {"uv": [19, 29], "uv_size": [0.5, 0.5]},
								"east": {"uv": [29, 19], "uv_size": [0.5, 0.5]},
								"south": {"uv": [20, 29], "uv_size": [0.5, 0.5]},
								"west": {"uv": [29, 20], "uv_size": [0.5, 0.5]},
								"up": {"uv": [21, 29], "uv_size": [0.5, 0.5]},
								"down": {"uv": [29, 21.5], "uv_size": [0.5, -0.5]}
							}
						},
						{
							"origin": [1.18522, 1.103, -3.19141],
							"size": [0.06907, 0.245, 0.04],
							"pivot": [0.01136, 0.95608, -1.85609],
							"rotation": [0, 0, -45],
							"uv": {
								"north": {"uv": [16, 29], "uv_size": [0.5, 0.5]},
								"east": {"uv": [29, 16], "uv_size": [0.5, 0.5]},
								"south": {"uv": [17, 29], "uv_size": [0.5, 0.5]},
								"west": {"uv": [29, 17], "uv_size": [0.5, 0.5]},
								"up": {"uv": [18, 29], "uv_size": [0.5, 0.5]},
								"down": {"uv": [29, 18.5], "uv_size": [0.5, -0.5]}
							}
						},
						{
							"origin": [0.70188, 1.15917, -3.19141],
							"size": [0.04, 0.8, 0.04],
							"uv": {
								"north": {"uv": [24, 8], "uv_size": [0.5, 1]},
								"east": {"uv": [9, 24], "uv_size": [0.5, 1]},
								"south": {"uv": [24, 9], "uv_size": [0.5, 1]},
								"west": {"uv": [10, 24], "uv_size": [0.5, 1]},
								"up": {"uv": [15, 29], "uv_size": [0.5, 0.5]},
								"down": {"uv": [29, 15.5], "uv_size": [0.5, -0.5]}
							}
						},
						{
							"origin": [1.22334, 1.11923, -3.23141],
							"size": [0.04937, 0.205, 0.12],
							"pivot": [0.01136, 0.95608, -1.85609],
							"rotation": [0, 0, -45],
							"uv": {
								"north": {"uv": [12, 29], "uv_size": [0.5, 0.5]},
								"east": {"uv": [29, 12], "uv_size": [0.5, 0.5]},
								"south": {"uv": [13, 29], "uv_size": [0.5, 0.5]},
								"west": {"uv": [29, 13], "uv_size": [0.5, 0.5]},
								"up": {"uv": [14, 29], "uv_size": [0.5, 0.5]},
								"down": {"uv": [29, 14.5], "uv_size": [0.5, -0.5]}
							}
						},
						{
							"origin": [0.73, 1.14511, -3.23141],
							"size": [0.04, 0.81531, 0.12],
							"uv": {
								"north": {"uv": [24, 6], "uv_size": [0.5, 1]},
								"east": {"uv": [7, 24], "uv_size": [0.5, 1]},
								"south": {"uv": [24, 7], "uv_size": [0.5, 1]},
								"west": {"uv": [8, 24], "uv_size": [0.5, 1]},
								"up": {"uv": [11, 29], "uv_size": [0.5, 0.5]},
								"down": {"uv": [29, 11.5], "uv_size": [0.5, -0.5]}
							}
						},
						{
							"origin": [0.82899, 1.42561, -3.27766],
							"size": [0.12428, 0.2306, 0.68],
							"pivot": [0.01995, 1.39666, -1.65425],
							"rotation": [0, 0, 35],
							"uv": {
								"north": {"uv": [8, 29], "uv_size": [0.5, 0.5]},
								"east": {"uv": [29, 8], "uv_size": [0.5, 0.5]},
								"south": {"uv": [9, 29], "uv_size": [0.5, 0.5]},
								"west": {"uv": [29, 9], "uv_size": [0.5, 0.5]},
								"up": {"uv": [10, 29], "uv_size": [0.5, 0.5]},
								"down": {"uv": [29, 10.5], "uv_size": [0.5, -0.5]}
							}
						},
						{
							"origin": [-0.52, 0.34011, -3.43609],
							"size": [1.32, 0.24, 4.12],
							"uv": {
								"north": {"uv": [18, 19], "uv_size": [1.5, 0.5]},
								"east": {"uv": [7, 4], "uv_size": [4, 0.5]},
								"south": {"uv": [0, 20], "uv_size": [1.5, 0.5]},
								"west": {"uv": [7, 5], "uv_size": [4, 0.5]},
								"up": {"uv": [0, 0], "uv_size": [1.5, 4]},
								"down": {"uv": [2, 4], "uv_size": [1.5, -4]}
							}
						},
						{
							"origin": [-0.8, 0.34011, -3.43609],
							"size": [0.28, 0.24, 4.12],
							"uv": {
								"north": {"uv": [26, 11], "uv_size": [0.5, 0.5]},
								"east": {"uv": [7, 6], "uv_size": [4, 0.5]},
								"south": {"uv": [12, 26], "uv_size": [0.5, 0.5]},
								"west": {"uv": [7, 7], "uv_size": [4, 0.5]},
								"up": {"uv": [0, 8], "uv_size": [0.5, 4]},
								"down": {"uv": [1, 12], "uv_size": [0.5, -4]}
							}
						},
						{
							"origin": [0.17812, 0.2586, -3.43297],
							"size": [0.28, 0.39406, 4.11375],
							"pivot": [0.23864, 0.83108, -1.85609],
							"rotation": [0, 0, -45],
							"uv": {
								"north": {"uv": [26, 12], "uv_size": [0.5, 0.5]},
								"east": {"uv": [8, 0], "uv_size": [4, 0.5]},
								"south": {"uv": [13, 26], "uv_size": [0.5, 0.5]},
								"west": {"uv": [8, 1], "uv_size": [4, 0.5]},
								"up": {"uv": [2, 8], "uv_size": [0.5, 4]},
								"down": {"uv": [3, 12], "uv_size": [0.5, -4]}
							}
						},
						{
							"origin": [-0.31832, -0.0789, -3.43297],
							"size": [0.28, 0.39407, 4.11375],
							"pivot": [0.23864, 0.83108, -1.85609],
							"rotation": [0, 0, 45],
							"uv": {
								"north": {"uv": [26, 13], "uv_size": [0.5, 0.5]},
								"east": {"uv": [6, 8], "uv_size": [4, 0.5]},
								"south": {"uv": [14, 26], "uv_size": [0.5, 0.5]},
								"west": {"uv": [4, 9], "uv_size": [4, 0.5]},
								"up": {"uv": [8, 9], "uv_size": [0.5, 4]},
								"down": {"uv": [9, 13], "uv_size": [0.5, -4]}
							}
						},
						{
							"origin": [-0.52, 0.13989, -1.63609],
							"size": [1.04, 0.28, 2.32],
							"uv": {
								"north": {"uv": [24, 12], "uv_size": [1, 0.5]},
								"east": {"uv": [15, 13], "uv_size": [2.5, 0.5]},
								"south": {"uv": [13, 24], "uv_size": [1, 0.5]},
								"west": {"uv": [15, 14], "uv_size": [2.5, 0.5]},
								"up": {"uv": [5, 6], "uv_size": [1, 2.5]},
								"down": {"uv": [6, 7.5], "uv_size": [1, -2.5]}
							}
						},
						{
							"origin": [0.17812, 0.34734, -3.43297],
							"size": [0.28, 0.39406, 4.11375],
							"pivot": [0.23864, 0.16892, -1.85609],
							"rotation": [0, 0, 45],
							"uv": {
								"north": {"uv": [30, 12], "uv_size": [0.5, 0.5]},
								"east": {"uv": [2, 12], "uv_size": [4, 0.5]},
								"south": {"uv": [13, 30], "uv_size": [0.5, 0.5]},
								"west": {"uv": [12, 5], "uv_size": [4, 0.5]},
								"up": {"uv": [6, 12], "uv_size": [0.5, 4]},
								"down": {"uv": [7, 16], "uv_size": [0.5, -4]}
							}
						},
						{
							"origin": [-0.31832, 0.68483, -3.43297],
							"size": [0.28, 0.39407, 4.11375],
							"pivot": [0.23864, 0.16892, -1.85609],
							"rotation": [0, 0, -45],
							"uv": {
								"north": {"uv": [30, 11], "uv_size": [0.5, 0.5]},
								"east": {"uv": [11, 7], "uv_size": [4, 0.5]},
								"south": {"uv": [12, 30], "uv_size": [0.5, 0.5]},
								"west": {"uv": [12, 0], "uv_size": [4, 0.5]},
								"up": {"uv": [1, 12], "uv_size": [0.5, 4]},
								"down": {"uv": [12, 5], "uv_size": [0.5, -4]}
							}
						},
						{
							"origin": [-0.48803, 0.02454, -2.51922],
							"size": [0.28, 0.23406, 1.52],
							"pivot": [0.23864, 0.83108, -1.85609],
							"rotation": [0, 0, 45],
							"uv": {
								"north": {"uv": [26, 14], "uv_size": [0.5, 0.5]},
								"east": {"uv": [20, 0], "uv_size": [1.5, 0.5]},
								"south": {"uv": [15, 26], "uv_size": [0.5, 0.5]},
								"west": {"uv": [20, 1], "uv_size": [1.5, 0.5]},
								"up": {"uv": [3, 20], "uv_size": [0.5, 1.5]},
								"down": {"uv": [4, 21.5], "uv_size": [0.5, -1.5]}
							}
						},
						{
							"origin": [-0.64001, 0.3076, -0.99922],
							"size": [0.28, 0.23406, 1.6],
							"pivot": [0.23864, 0.83108, -1.85609],
							"rotation": [0, 0, 25],
							"uv": {
								"north": {"uv": [26, 15], "uv_size": [0.5, 0.5]},
								"east": {"uv": [20, 2], "uv_size": [1.5, 0.5]},
								"south": {"uv": [16, 26], "uv_size": [0.5, 0.5]},
								"west": {"uv": [5, 20], "uv_size": [1.5, 0.5]},
								"up": {"uv": [7, 20], "uv_size": [0.5, 1.5]},
								"down": {"uv": [8, 21.5], "uv_size": [0.5, -1.5]}
							}
						},
						{
							"origin": [0.40472, 0.50931, -0.99922],
							"size": [0.28, 0.23406, 1.6],
							"pivot": [0.23864, 0.83108, -1.85609],
							"rotation": [0, 0, -25],
							"uv": {
								"north": {"uv": [26, 16], "uv_size": [0.5, 0.5]},
								"east": {"uv": [20, 5], "uv_size": [1.5, 0.5]},
								"south": {"uv": [17, 26], "uv_size": [0.5, 0.5]},
								"west": {"uv": [20, 8], "uv_size": [1.5, 0.5]},
								"up": {"uv": [9, 20], "uv_size": [0.5, 1.5]},
								"down": {"uv": [10, 21.5], "uv_size": [0.5, -1.5]}
							}
						},
						{
							"origin": [0.34782, 0.36203, -2.51922],
							"size": [0.28, 0.23406, 1.52],
							"pivot": [0.23864, 0.83108, -1.85609],
							"rotation": [0, 0, -45],
							"uv": {
								"north": {"uv": [26, 17], "uv_size": [0.5, 0.5]},
								"east": {"uv": [11, 20], "uv_size": [1.5, 0.5]},
								"south": {"uv": [18, 26], "uv_size": [0.5, 0.5]},
								"west": {"uv": [20, 12], "uv_size": [1.5, 0.5]},
								"up": {"uv": [13, 20], "uv_size": [0.5, 1.5]},
								"down": {"uv": [20, 14.5], "uv_size": [0.5, -1.5]}
							}
						},
						{
							"origin": [0.96892, 0.36203, -1.37741],
							"size": [0.08, 0.23406, 0.12],
							"pivot": [0.23864, 0.83108, -1.85609],
							"rotation": [0, -35, -45],
							"uv": {
								"north": {"uv": [26, 18], "uv_size": [0.5, 0.5]},
								"east": {"uv": [19, 26], "uv_size": [0.5, 0.5]},
								"south": {"uv": [26, 19], "uv_size": [0.5, 0.5]},
								"west": {"uv": [20, 26], "uv_size": [0.5, 0.5]},
								"up": {"uv": [26, 20], "uv_size": [0.5, 0.5]},
								"down": {"uv": [21, 26.5], "uv_size": [0.5, -0.5]}
							}
						},
						{
							"origin": [-0.84809, 0.02454, -1.57098],
							"size": [0.08, 0.23406, 0.12],
							"pivot": [0.23864, 0.83108, -1.85609],
							"rotation": [0, 35, 45],
							"uv": {
								"north": {"uv": [26, 21], "uv_size": [0.5, 0.5]},
								"east": {"uv": [22, 26], "uv_size": [0.5, 0.5]},
								"south": {"uv": [26, 22], "uv_size": [0.5, 0.5]},
								"west": {"uv": [23, 26], "uv_size": [0.5, 0.5]},
								"up": {"uv": [26, 23], "uv_size": [0.5, 0.5]},
								"down": {"uv": [24, 26.5], "uv_size": [0.5, -0.5]}
							}
						},
						{
							"origin": [-0.88, -0.37445, -2.62185],
							"size": [1.76, 0.12, 0.12],
							"pivot": [0.23864, 0.83108, -1.85609],
							"rotation": [-45, 0, 0],
							"uv": {
								"north": {"uv": [0, 17], "uv_size": [2, 0.5]},
								"east": {"uv": [26, 24], "uv_size": [0.5, 0.5]},
								"south": {"uv": [17, 0], "uv_size": [2, 0.5]},
								"west": {"uv": [25, 26], "uv_size": [0.5, 0.5]},
								"up": {"uv": [17, 1], "uv_size": [2, 0.5]},
								"down": {"uv": [3, 17.5], "uv_size": [2, -0.5]}
							}
						},
						{
							"origin": [-0.88, 0.03434, -1.61913],
							"size": [1.76, 0.12, 0.12],
							"pivot": [0.23864, 0.83108, -1.85609],
							"rotation": [45, 0, 0],
							"uv": {
								"north": {"uv": [17, 3], "uv_size": [2, 0.5]},
								"east": {"uv": [26, 25], "uv_size": [0.5, 0.5]},
								"south": {"uv": [17, 4], "uv_size": [2, 0.5]},
								"west": {"uv": [26, 26], "uv_size": [0.5, 0.5]},
								"up": {"uv": [6, 17], "uv_size": [2, 0.5]},
								"down": {"uv": [17, 9.5], "uv_size": [2, -0.5]}
							}
						},
						{
							"origin": [-0.52, 1.07124, -1.61013],
							"size": [1.04, 0.16, 0.04],
							"pivot": [0.23864, 0.83108, -1.85609],
							"rotation": [-45, 0, 0],
							"uv": {
								"north": {"uv": [7, 23], "uv_size": [1, 0.5]},
								"east": {"uv": [0, 27], "uv_size": [0.5, 0.5]},
								"south": {"uv": [23, 7], "uv_size": [1, 0.5]},
								"west": {"uv": [27, 0], "uv_size": [0.5, 0.5]},
								"up": {"uv": [8, 23], "uv_size": [1, 0.5]},
								"down": {"uv": [23, 8.5], "uv_size": [1, -0.5]}
							}
						},
						{
							"origin": [-0.68, 0.62011, -1.39922],
							"size": [1.36, 0.32, 2],
							"uv": {
								"north": {"uv": [14, 20], "uv_size": [1.5, 0.5]},
								"east": {"uv": [17, 10], "uv_size": [2, 0.5]},
								"south": {"uv": [16, 20], "uv_size": [1.5, 0.5]},
								"west": {"uv": [11, 17], "uv_size": [2, 0.5]},
								"up": {"uv": [4, 4], "uv_size": [1.5, 2]},
								"down": {"uv": [6, 2], "uv_size": [1.5, -2]}
							}
						},
						{
							"origin": [0.53423, 0.59918, -0.39688],
							"size": [0.08187, 0.08188, 1.1],
							"pivot": [0.55954, 0.64012, -0.34688],
							"rotation": [0, 0, -45],
							"uv": {
								"north": {"uv": [1, 27], "uv_size": [0.5, 0.5]},
								"east": {"uv": [9, 23], "uv_size": [1, 0.5]},
								"south": {"uv": [27, 1], "uv_size": [0.5, 0.5]},
								"west": {"uv": [23, 9], "uv_size": [1, 0.5]},
								"up": {"uv": [10, 23], "uv_size": [0.5, 1]},
								"down": {"uv": [23, 11], "uv_size": [0.5, -1]}
							}
						},
						{
							"origin": [-0.6161, 0.59918, -0.39688],
							"size": [0.08187, 0.08188, 1.1],
							"pivot": [-0.55954, 0.64012, -0.34688],
							"rotation": [0, 0, 45],
							"uv": {
								"north": {"uv": [2, 27], "uv_size": [0.5, 0.5]},
								"east": {"uv": [11, 23], "uv_size": [1, 0.5]},
								"south": {"uv": [27, 2], "uv_size": [0.5, 0.5]},
								"west": {"uv": [23, 11], "uv_size": [1, 0.5]},
								"up": {"uv": [12, 23], "uv_size": [0.5, 1]},
								"down": {"uv": [23, 13], "uv_size": [0.5, -1]}
							}
						},
						{
							"origin": [-0.86, -0.37572, -0.49825],
							"size": [1.72, 0.48, 0.2],
							"pivot": [0.23864, 0.83108, -1.10609],
							"rotation": [45, 0, 0],
							"uv": {
								"north": {"uv": [18, 20], "uv_size": [1.5, 0.5]},
								"east": {"uv": [3, 27], "uv_size": [0.5, 0.5]},
								"south": {"uv": [20, 18], "uv_size": [1.5, 0.5]},
								"west": {"uv": [27, 3], "uv_size": [0.5, 0.5]},
								"up": {"uv": [20, 19], "uv_size": [1.5, 0.5]},
								"down": {"uv": [20, 20.5], "uv_size": [1.5, -0.5]}
							}
						},
						{
							"origin": [-0.86, 0.40798, -0.02194],
							"size": [1.72, 0.48, 0.2],
							"uv": {
								"north": {"uv": [0, 21], "uv_size": [1.5, 0.5]},
								"east": {"uv": [4, 27], "uv_size": [0.5, 0.5]},
								"south": {"uv": [21, 3], "uv_size": [1.5, 0.5]},
								"west": {"uv": [27, 4], "uv_size": [0.5, 0.5]},
								"up": {"uv": [21, 4], "uv_size": [1.5, 0.5]},
								"down": {"uv": [5, 21.5], "uv_size": [1.5, -0.5]}
							}
						},
						{
							"origin": [-0.86, 1.29893, -0.23929],
							"size": [1.72, 0.48, 0.2],
							"pivot": [0.23864, 0.83108, -1.10609],
							"rotation": [-45, 0, 0],
							"uv": {
								"north": {"uv": [21, 6], "uv_size": [1.5, 0.5]},
								"east": {"uv": [5, 27], "uv_size": [0.5, 0.5]},
								"south": {"uv": [21, 7], "uv_size": [1.5, 0.5]},
								"west": {"uv": [27, 5], "uv_size": [0.5, 0.5]},
								"up": {"uv": [21, 9], "uv_size": [1.5, 0.5]},
								"down": {"uv": [21, 10.5], "uv_size": [1.5, -0.5]}
							}
						},
						{
							"origin": [-0.86, 1.77524, -1.02299],
							"size": [1.72, 0.48, 0.2],
							"pivot": [0.23864, 0.83108, -1.10609],
							"rotation": [-90, 0, 0],
							"uv": {
								"north": {"uv": [11, 21], "uv_size": [1.5, 0.5]},
								"east": {"uv": [6, 27], "uv_size": [0.5, 0.5]},
								"south": {"uv": [21, 11], "uv_size": [1.5, 0.5]},
								"west": {"uv": [27, 6], "uv_size": [0.5, 0.5]},
								"up": {"uv": [21, 13], "uv_size": [1.5, 0.5]},
								"down": {"uv": [14, 21.5], "uv_size": [1.5, -0.5]}
							}
						},
						{
							"origin": [-0.92, 1.82993, -0.99955],
							"size": [1.84, 0.37062, 0.15313],
							"pivot": [0.23864, 0.83108, -1.10609],
							"rotation": [-90, 0, 0],
							"uv": {
								"north": {"uv": [17, 11], "uv_size": [2, 0.5]},
								"east": {"uv": [7, 27], "uv_size": [0.5, 0.5]},
								"south": {"uv": [13, 17], "uv_size": [2, 0.5]},
								"west": {"uv": [27, 7], "uv_size": [0.5, 0.5]},
								"up": {"uv": [17, 15], "uv_size": [2, 0.5]},
								"down": {"uv": [17, 16.5], "uv_size": [2, -0.5]}
							}
						},
						{
							"origin": [-0.92, -0.32103, -0.47481],
							"size": [1.84, 0.37063, 0.15313],
							"pivot": [0.23864, 0.83108, -1.10609],
							"rotation": [45, 0, 0],
							"uv": {
								"north": {"uv": [17, 17], "uv_size": [2, 0.5]},
								"east": {"uv": [8, 27], "uv_size": [0.5, 0.5]},
								"south": {"uv": [0, 18], "uv_size": [2, 0.5]},
								"west": {"uv": [27, 8], "uv_size": [0.5, 0.5]},
								"up": {"uv": [2, 18], "uv_size": [2, 0.5]},
								"down": {"uv": [18, 2.5], "uv_size": [2, -0.5]}
							}
						},
						{
							"origin": [-0.92, 0.46267, 0.0015],
							"size": [1.84, 0.37062, 0.15312],
							"uv": {
								"north": {"uv": [4, 18], "uv_size": [2, 0.5]},
								"east": {"uv": [9, 27], "uv_size": [0.5, 0.5]},
								"south": {"uv": [18, 5], "uv_size": [2, 0.5]},
								"west": {"uv": [27, 9], "uv_size": [0.5, 0.5]},
								"up": {"uv": [6, 18], "uv_size": [2, 0.5]},
								"down": {"uv": [18, 8.5], "uv_size": [2, -0.5]}
							}
						},
						{
							"origin": [-0.92, 1.35362, -0.21586],
							"size": [1.84, 0.37062, 0.15313],
							"pivot": [0.23864, 0.83108, -1.10609],
							"rotation": [-45, 0, 0],
							"uv": {
								"north": {"uv": [10, 18], "uv_size": [2, 0.5]},
								"east": {"uv": [10, 27], "uv_size": [0.5, 0.5]},
								"south": {"uv": [12, 18], "uv_size": [2, 0.5]},
								"west": {"uv": [27, 10], "uv_size": [0.5, 0.5]},
								"up": {"uv": [18, 12], "uv_size": [2, 0.5]},
								"down": {"uv": [18, 13.5], "uv_size": [2, -0.5]}
							}
						},
						{
							"origin": [-0.16, 0.62011, -1.71922],
							"size": [0.32, 0.2, 0.24],
							"uv": {
								"north": {"uv": [11, 27], "uv_size": [0.5, 0.5]},
								"east": {"uv": [27, 11], "uv_size": [0.5, 0.5]},
								"south": {"uv": [12, 27], "uv_size": [0.5, 0.5]},
								"west": {"uv": [27, 12], "uv_size": [0.5, 0.5]},
								"up": {"uv": [13, 27], "uv_size": [0.5, 0.5]},
								"down": {"uv": [27, 13.5], "uv_size": [0.5, -0.5]}
							}
						},
						{
							"origin": [0.19079, 0.56771, -1.71922],
							"size": [0.2, 0.2, 0.24],
							"pivot": [0.23864, 0.83108, -1.85609],
							"rotation": [0, 0, 45],
							"uv": {
								"north": {"uv": [14, 27], "uv_size": [0.5, 0.5]},
								"east": {"uv": [27, 14], "uv_size": [0.5, 0.5]},
								"south": {"uv": [15, 27], "uv_size": [0.5, 0.5]},
								"west": {"uv": [27, 15], "uv_size": [0.5, 0.5]},
								"up": {"uv": [16, 27], "uv_size": [0.5, 0.5]},
								"down": {"uv": [27, 16.5], "uv_size": [0.5, -0.5]}
							}
						},
						{
							"origin": [-0.251, 0.90521, -1.71922],
							"size": [0.2, 0.2, 0.24],
							"pivot": [0.23864, 0.83108, -1.85609],
							"rotation": [0, 0, -45],
							"uv": {
								"north": {"uv": [17, 27], "uv_size": [0.5, 0.5]},
								"east": {"uv": [27, 17], "uv_size": [0.5, 0.5]},
								"south": {"uv": [18, 27], "uv_size": [0.5, 0.5]},
								"west": {"uv": [27, 18], "uv_size": [0.5, 0.5]},
								"up": {"uv": [19, 27], "uv_size": [0.5, 0.5]},
								"down": {"uv": [27, 19.5], "uv_size": [0.5, -0.5]}
							}
						},
						{
							"origin": [-0.68, 0.74011, -2.51922],
							"size": [0.16, 0.2, 1.12],
							"uv": {
								"north": {"uv": [20, 27], "uv_size": [0.5, 0.5]},
								"east": {"uv": [13, 23], "uv_size": [1, 0.5]},
								"south": {"uv": [27, 20], "uv_size": [0.5, 0.5]},
								"west": {"uv": [23, 13], "uv_size": [1, 0.5]},
								"up": {"uv": [14, 23], "uv_size": [0.5, 1]},
								"down": {"uv": [23, 15], "uv_size": [0.5, -1]}
							}
						},
						{
							"origin": [-0.68, 0.74011, -3.31922],
							"size": [1.36, 0.2, 0.8],
							"uv": {
								"north": {"uv": [21, 14], "uv_size": [1.5, 0.5]},
								"east": {"uv": [15, 23], "uv_size": [1, 0.5]},
								"south": {"uv": [21, 15], "uv_size": [1.5, 0.5]},
								"west": {"uv": [23, 15], "uv_size": [1, 0.5]},
								"up": {"uv": [10, 15], "uv_size": [1.5, 1]},
								"down": {"uv": [15, 12], "uv_size": [1.5, -1]}
							}
						},
						{
							"origin": [-0.48803, 0.02454, -3.31922],
							"size": [0.28, 0.23406, 0.8],
							"pivot": [0.23864, 0.83108, -1.85609],
							"rotation": [0, 0, 45],
							"uv": {
								"north": {"uv": [21, 27], "uv_size": [0.5, 0.5]},
								"east": {"uv": [16, 23], "uv_size": [1, 0.5]},
								"south": {"uv": [27, 21], "uv_size": [0.5, 0.5]},
								"west": {"uv": [23, 16], "uv_size": [1, 0.5]},
								"up": {"uv": [17, 23], "uv_size": [0.5, 1]},
								"down": {"uv": [23, 18], "uv_size": [0.5, -1]}
							}
						},
						{
							"origin": [-0.84551, 0.3746, -3.31922],
							"size": [0.28, 0.4, 3.92],
							"uv": {
								"north": {"uv": [22, 27], "uv_size": [0.5, 0.5]},
								"east": {"uv": [4, 10], "uv_size": [4, 0.5]},
								"south": {"uv": [27, 22], "uv_size": [0.5, 0.5]},
								"west": {"uv": [10, 8], "uv_size": [4, 0.5]},
								"up": {"uv": [10, 9], "uv_size": [0.5, 4]},
								"down": {"uv": [11, 6], "uv_size": [0.5, -4]}
							}
						},
						{
							"origin": [0.34782, 0.36203, -3.31922],
							"size": [0.28, 0.23406, 0.8],
							"pivot": [0.23864, 0.83108, -1.85609],
							"rotation": [0, 0, -45],
							"uv": {
								"north": {"uv": [23, 27], "uv_size": [0.5, 0.5]},
								"east": {"uv": [18, 23], "uv_size": [1, 0.5]},
								"south": {"uv": [27, 23], "uv_size": [0.5, 0.5]},
								"west": {"uv": [23, 18], "uv_size": [1, 0.5]},
								"up": {"uv": [19, 23], "uv_size": [0.5, 1]},
								"down": {"uv": [23, 20], "uv_size": [0.5, -1]}
							}
						},
						{
							"origin": [0.56551, 0.3746, -3.31922],
							"size": [0.28, 0.4, 3.92],
							"uv": {
								"north": {"uv": [24, 27], "uv_size": [0.5, 0.5]},
								"east": {"uv": [4, 11], "uv_size": [4, 0.5]},
								"south": {"uv": [27, 24], "uv_size": [0.5, 0.5]},
								"west": {"uv": [11, 6], "uv_size": [4, 0.5]},
								"up": {"uv": [11, 9], "uv_size": [0.5, 4]},
								"down": {"uv": [0, 16], "uv_size": [0.5, -4]}
							}
						},
						{
							"origin": [0.52, 0.74011, -2.51922],
							"size": [0.16, 0.2, 1.12],
							"uv": {
								"north": {"uv": [25, 27], "uv_size": [0.5, 0.5]},
								"east": {"uv": [20, 23], "uv_size": [1, 0.5]},
								"south": {"uv": [27, 25], "uv_size": [0.5, 0.5]},
								"west": {"uv": [23, 20], "uv_size": [1, 0.5]},
								"up": {"uv": [21, 23], "uv_size": [0.5, 1]},
								"down": {"uv": [23, 22], "uv_size": [0.5, -1]}
							}
						},
						{
							"origin": [0.3605, 0.90713, -2.51922],
							"size": [0.08, 0.2, 1.12],
							"pivot": [0.23864, 0.83108, -1.85609],
							"rotation": [0, 0, 45],
							"uv": {
								"north": {"uv": [26, 27], "uv_size": [0.5, 0.5]},
								"east": {"uv": [22, 23], "uv_size": [1, 0.5]},
								"south": {"uv": [27, 26], "uv_size": [0.5, 0.5]},
								"west": {"uv": [23, 22], "uv_size": [1, 0.5]},
								"up": {"uv": [23, 23], "uv_size": [0.5, 1]},
								"down": {"uv": [0, 25], "uv_size": [0.5, -1]}
							}
						},
						{
							"origin": [-0.30071, 1.24462, -2.51922],
							"size": [0.08, 0.2, 1.12],
							"pivot": [0.23864, 0.83108, -1.85609],
							"rotation": [0, 0, -45],
							"uv": {
								"north": {"uv": [27, 27], "uv_size": [0.5, 0.5]},
								"east": {"uv": [24, 0], "uv_size": [1, 0.5]},
								"south": {"uv": [0, 28], "uv_size": [0.5, 0.5]},
								"west": {"uv": [1, 24], "uv_size": [1, 0.5]},
								"up": {"uv": [24, 1], "uv_size": [0.5, 1]},
								"down": {"uv": [2, 25], "uv_size": [0.5, -1]}
							}
						},
						{
							"origin": [1.18999, -0.13989, -1.62142],
							"size": [0.2, 0.36, 0.32],
							"pivot": [0.23864, 0.83108, -1.77797],
							"rotation": [0, -40, 0],
							"uv": {
								"north": {"uv": [28, 0], "uv_size": [0.5, 0.5]},
								"east": {"uv": [1, 28], "uv_size": [0.5, 0.5]},
								"south": {"uv": [28, 1], "uv_size": [0.5, 0.5]},
								"west": {"uv": [2, 28], "uv_size": [0.5, 0.5]},
								"up": {"uv": [28, 2], "uv_size": [0.5, 0.5]},
								"down": {"uv": [3, 28.5], "uv_size": [0.5, -0.5]}
							}
						},
						{
							"origin": [0.82, -0.13989, -2.39797],
							"size": [0.2, 0.36, 1.48],
							"uv": {
								"north": {"uv": [28, 3], "uv_size": [0.5, 0.5]},
								"east": {"uv": [16, 21], "uv_size": [1.5, 0.5]},
								"south": {"uv": [4, 28], "uv_size": [0.5, 0.5]},
								"west": {"uv": [21, 16], "uv_size": [1.5, 0.5]},
								"up": {"uv": [2, 21], "uv_size": [0.5, 1.5]},
								"down": {"uv": [18, 22.5], "uv_size": [0.5, -1.5]}
							}
						},
						{
							"origin": [1.06955, -0.13989, -2.2473],
							"size": [0.16, 0.36, 0.64],
							"pivot": [0.23864, 0.83108, -1.77797],
							"rotation": [0, 45, 0],
							"uv": {
								"north": {"uv": [28, 4], "uv_size": [0.5, 0.5]},
								"east": {"uv": [5, 28], "uv_size": [0.5, 0.5]},
								"south": {"uv": [28, 5], "uv_size": [0.5, 0.5]},
								"west": {"uv": [6, 28], "uv_size": [0.5, 0.5]},
								"up": {"uv": [28, 6], "uv_size": [0.5, 0.5]},
								"down": {"uv": [7, 28.5], "uv_size": [0.5, -0.5]}
							}
						},
						{
							"origin": [1.0247, 0.22011, -1.69902],
							"size": [0.24, 0.08, 0.24],
							"pivot": [0.23864, 0.83108, -1.77797],
							"rotation": [0, 45, 0],
							"uv": {
								"north": {"uv": [28, 7], "uv_size": [0.5, 0.5]},
								"east": {"uv": [8, 28], "uv_size": [0.5, 0.5]},
								"south": {"uv": [28, 8], "uv_size": [0.5, 0.5]},
								"west": {"uv": [9, 28], "uv_size": [0.5, 0.5]},
								"up": {"uv": [28, 9], "uv_size": [0.5, 0.5]},
								"down": {"uv": [10, 28.5], "uv_size": [0.5, -0.5]}
							}
						},
						{
							"origin": [1.0247, -0.21989, -1.69902],
							"size": [0.24, 0.08, 0.24],
							"pivot": [0.23864, 0.83108, -1.77797],
							"rotation": [0, 45, 0],
							"uv": {
								"north": {"uv": [28, 10], "uv_size": [0.5, 0.5]},
								"east": {"uv": [11, 28], "uv_size": [0.5, 0.5]},
								"south": {"uv": [28, 11], "uv_size": [0.5, 0.5]},
								"west": {"uv": [12, 28], "uv_size": [0.5, 0.5]},
								"up": {"uv": [28, 12], "uv_size": [0.5, 0.5]},
								"down": {"uv": [13, 28.5], "uv_size": [0.5, -0.5]}
							}
						},
						{
							"origin": [1.0479, -0.13989, -1.67582],
							"size": [0.2, 0.36, 0.2],
							"pivot": [0.23864, 0.83108, -1.77797],
							"rotation": [0, 45, 0],
							"uv": {
								"north": {"uv": [28, 13], "uv_size": [0.5, 0.5]},
								"east": {"uv": [14, 28], "uv_size": [0.5, 0.5]},
								"south": {"uv": [28, 14], "uv_size": [0.5, 0.5]},
								"west": {"uv": [15, 28], "uv_size": [0.5, 0.5]},
								"up": {"uv": [28, 15], "uv_size": [0.5, 0.5]},
								"down": {"uv": [16, 28.5], "uv_size": [0.5, -0.5]}
							}
						},
						{
							"origin": [0.07496, -0.13989, -0.41013],
							"size": [0.08, 0.36, 0.2],
							"pivot": [0.23864, 0.83108, -1.77797],
							"rotation": [0, 47.5, 0],
							"uv": {
								"north": {"uv": [28, 16], "uv_size": [0.5, 0.5]},
								"east": {"uv": [17, 28], "uv_size": [0.5, 0.5]},
								"south": {"uv": [28, 17], "uv_size": [0.5, 0.5]},
								"west": {"uv": [18, 28], "uv_size": [0.5, 0.5]},
								"up": {"uv": [28, 18], "uv_size": [0.5, 0.5]},
								"down": {"uv": [19, 28.5], "uv_size": [0.5, -0.5]}
							}
						},
						{
							"origin": [0.66837, -0.13989, -0.66911],
							"size": [0.08, 0.36, 0.2],
							"pivot": [0.23864, 0.83108, -1.77797],
							"rotation": [0, 22.5, 0],
							"uv": {
								"north": {"uv": [28, 19], "uv_size": [0.5, 0.5]},
								"east": {"uv": [20, 28], "uv_size": [0.5, 0.5]},
								"south": {"uv": [28, 20], "uv_size": [0.5, 0.5]},
								"west": {"uv": [21, 28], "uv_size": [0.5, 0.5]},
								"up": {"uv": [28, 21], "uv_size": [0.5, 0.5]},
								"down": {"uv": [22, 28.5], "uv_size": [0.5, -0.5]}
							}
						},
						{
							"origin": [1.06, -0.13989, -2.27797],
							"size": [0.08, 0.36, 1.36],
							"uv": {
								"north": {"uv": [28, 22], "uv_size": [0.5, 0.5]},
								"east": {"uv": [21, 17], "uv_size": [1.5, 0.5]},
								"south": {"uv": [23, 28], "uv_size": [0.5, 0.5]},
								"west": {"uv": [19, 21], "uv_size": [1.5, 0.5]},
								"up": {"uv": [21, 21], "uv_size": [0.5, 1.5]},
								"down": {"uv": [0, 23.5], "uv_size": [0.5, -1.5]}
							}
						},
						{
							"origin": [-0.77453, 0.35372, -3.51609],
							"size": [0.52, 0.32, 3.32],
							"pivot": [0, 0.17547, -2.17609],
							"rotation": [0, 0, -45],
							"uv": {
								"north": {"uv": [28, 23], "uv_size": [0.5, 0.5]},
								"east": {"uv": [12, 9], "uv_size": [3.5, 0.5]},
								"south": {"uv": [24, 28], "uv_size": [0.5, 0.5]},
								"west": {"uv": [12, 10], "uv_size": [3.5, 0.5]},
								"up": {"uv": [12, 11], "uv_size": [0.5, 3.5]},
								"down": {"uv": [13, 4.5], "uv_size": [0.5, -3.5]}
							}
						},
						{
							"origin": [0.25453, 0.35372, -3.51609],
							"size": [0.52, 0.32, 0.88062],
							"pivot": [0, 0.17547, -2.17609],
							"rotation": [0, 0, 45],
							"uv": {
								"north": {"uv": [28, 24], "uv_size": [0.5, 0.5]},
								"east": {"uv": [24, 2], "uv_size": [1, 0.5]},
								"south": {"uv": [25, 28], "uv_size": [0.5, 0.5]},
								"west": {"uv": [3, 24], "uv_size": [1, 0.5]},
								"up": {"uv": [24, 3], "uv_size": [0.5, 1]},
								"down": {"uv": [4, 25], "uv_size": [0.5, -1]}
							}
						},
						{
							"origin": [0.25453, 0.35372, -2.35672],
							"size": [0.52, 0.32, 2.16063],
							"pivot": [0, 0.17547, -2.17609],
							"rotation": [0, 0, 45],
							"uv": {
								"north": {"uv": [28, 25], "uv_size": [0.5, 0.5]},
								"east": {"uv": [14, 18], "uv_size": [2, 0.5]},
								"south": {"uv": [26, 28], "uv_size": [0.5, 0.5]},
								"west": {"uv": [18, 14], "uv_size": [2, 0.5]},
								"up": {"uv": [16, 18], "uv_size": [0.5, 2]},
								"down": {"uv": [17, 20], "uv_size": [0.5, -2]}
							}
						},
						{
							"origin": [-0.9, -0.01989, -3.51609],
							"size": [0.28, 0.32, 3.32],
							"uv": {
								"north": {"uv": [28, 26], "uv_size": [0.5, 0.5]},
								"east": {"uv": [2, 13], "uv_size": [3.5, 0.5]},
								"south": {"uv": [27, 28], "uv_size": [0.5, 0.5]},
								"west": {"uv": [8, 13], "uv_size": [3.5, 0.5]},
								"up": {"uv": [13, 11], "uv_size": [0.5, 3.5]},
								"down": {"uv": [14, 4.5], "uv_size": [0.5, -3.5]}
							}
						},
						{
							"origin": [-0.72453, -0.36995, -3.51609],
							"size": [0.36, 0.28, 3.32],
							"pivot": [0, 0.17547, -2.17609],
							"rotation": [0, 0, 45],
							"uv": {
								"north": {"uv": [28, 27], "uv_size": [0.5, 0.5]},
								"east": {"uv": [2, 14], "uv_size": [3.5, 0.5]},
								"south": {"uv": [28, 28], "uv_size": [0.5, 0.5]},
								"west": {"uv": [8, 14], "uv_size": [3.5, 0.5]},
								"up": {"uv": [14, 11], "uv_size": [0.5, 3.5]},
								"down": {"uv": [15, 4.5], "uv_size": [0.5, -3.5]}
							}
						},
						{
							"origin": [-0.7, 0.10011, -3.51609],
							"size": [1.4, 0.4, 3.32],
							"uv": {
								"north": {"uv": [22, 0], "uv_size": [1.5, 0.5]},
								"east": {"uv": [14, 8], "uv_size": [3.5, 0.5]},
								"south": {"uv": [22, 1], "uv_size": [1.5, 0.5]},
								"west": {"uv": [2, 15], "uv_size": [3.5, 0.5]},
								"up": {"uv": [0, 4], "uv_size": [1.5, 3.5]},
								"down": {"uv": [4, 3.5], "uv_size": [1.5, -3.5]}
							}
						},
						{
							"origin": [0.36453, -0.36995, -3.51609],
							"size": [0.36, 0.28, 3.32],
							"pivot": [0, 0.17547, -2.17609],
							"rotation": [0, 0, -45],
							"uv": {
								"north": {"uv": [0, 29], "uv_size": [0.5, 0.5]},
								"east": {"uv": [15, 6], "uv_size": [3.5, 0.5]},
								"south": {"uv": [29, 0], "uv_size": [0.5, 0.5]},
								"west": {"uv": [15, 7], "uv_size": [3.5, 0.5]},
								"up": {"uv": [8, 15], "uv_size": [0.5, 3.5]},
								"down": {"uv": [9, 18.5], "uv_size": [0.5, -3.5]}
							}
						},
						{
							"origin": [0.62, -0.01989, -3.51609],
							"size": [0.28, 0.32, 0.88],
							"uv": {
								"north": {"uv": [1, 29], "uv_size": [0.5, 0.5]},
								"east": {"uv": [24, 4], "uv_size": [1, 0.5]},
								"south": {"uv": [29, 1], "uv_size": [0.5, 0.5]},
								"west": {"uv": [5, 24], "uv_size": [1, 0.5]},
								"up": {"uv": [24, 5], "uv_size": [0.5, 1]},
								"down": {"uv": [6, 25], "uv_size": [0.5, -1]}
							}
						},
						{
							"origin": [0.62, -0.01989, -2.35609],
							"size": [0.28, 0.32, 2.16],
							"uv": {
								"north": {"uv": [2, 29], "uv_size": [0.5, 0.5]},
								"east": {"uv": [18, 18], "uv_size": [2, 0.5]},
								"south": {"uv": [29, 2], "uv_size": [0.5, 0.5]},
								"west": {"uv": [0, 19], "uv_size": [2, 0.5]},
								"up": {"uv": [19, 0], "uv_size": [0.5, 2]},
								"down": {"uv": [2, 21], "uv_size": [0.5, -2]}
							}
						}
					]
				},
				{
					"name": "bone2",
					"parent": "hd_weixing_1",
					"pivot": [0.57162, 0, -1.36595],
					"cubes": [
						{
							"origin": [0.305, 0.93261, -0.46172],
							"size": [0.25, 0.02312, 0.8125],
							"uv": {
								"north": {"uv": [30, 14], "uv_size": [0.5, 0.5]},
								"east": {"uv": [24, 13], "uv_size": [1, 0.5]},
								"south": {"uv": [15, 30], "uv_size": [0.5, 0.5]},
								"west": {"uv": [14, 24], "uv_size": [1, 0.5]},
								"up": {"uv": [24, 14], "uv_size": [0.5, 1]},
								"down": {"uv": [15, 25], "uv_size": [0.5, -1]}
							}
						},
						{
							"origin": [-0.32, 0.93261, 0.22578],
							"size": [0.625, 0.02312, 0.125],
							"uv": {
								"north": {"uv": [5, 31], "uv_size": [0.5, 0.5]},
								"east": {"uv": [31, 5], "uv_size": [0.5, 0.5]},
								"south": {"uv": [6, 31], "uv_size": [0.5, 0.5]},
								"west": {"uv": [31, 6], "uv_size": [0.5, 0.5]},
								"up": {"uv": [7, 31], "uv_size": [0.5, 0.5]},
								"down": {"uv": [31, 7.5], "uv_size": [0.5, -0.5]}
							}
						},
						{
							"origin": [-0.555, 0.93261, -0.46172],
							"size": [0.25063, 0.02312, 0.8125],
							"uv": {
								"north": {"uv": [8, 31], "uv_size": [0.5, 0.5]},
								"east": {"uv": [24, 19], "uv_size": [1, 0.5]},
								"south": {"uv": [31, 8], "uv_size": [0.5, 0.5]},
								"west": {"uv": [20, 24], "uv_size": [1, 0.5]},
								"up": {"uv": [24, 20], "uv_size": [0.5, 1]},
								"down": {"uv": [21, 25], "uv_size": [0.5, -1]}
							}
						},
						{
							"origin": [0.445, 0.93261, -1.02422],
							"size": [0.11, 0.02312, 0.5625],
							"uv": {
								"north": {"uv": [30, 18], "uv_size": [0.5, 0.5]},
								"east": {"uv": [19, 30], "uv_size": [0.5, 0.5]},
								"south": {"uv": [30, 19], "uv_size": [0.5, 0.5]},
								"west": {"uv": [20, 30], "uv_size": [0.5, 0.5]},
								"up": {"uv": [30, 20], "uv_size": [0.5, 0.5]},
								"down": {"uv": [21, 30.5], "uv_size": [0.5, -0.5]}
							}
						},
						{
							"origin": [-0.12662, 0.93261, -0.45267],
							"size": [0.11, 0.02312, 0.125],
							"pivot": [-0.57162, 0, -1.36595],
							"rotation": [0, 45, 0],
							"uv": {
								"north": {"uv": [30, 22], "uv_size": [0.5, 0.5]},
								"east": {"uv": [23, 30], "uv_size": [0.5, 0.5]},
								"south": {"uv": [30, 23], "uv_size": [0.5, 0.5]},
								"west": {"uv": [24, 30], "uv_size": [0.5, 0.5]},
								"up": {"uv": [30, 24], "uv_size": [0.5, 0.5]},
								"down": {"uv": [25, 30.5], "uv_size": [0.5, -0.5]}
							}
						},
						{
							"origin": [-0.46661, 0.93261, -1.11261],
							"size": [0.93322, 0.02312, 0.11],
							"uv": {
								"north": {"uv": [24, 15], "uv_size": [1, 0.5]},
								"east": {"uv": [30, 21], "uv_size": [0.5, 0.5]},
								"south": {"uv": [16, 24], "uv_size": [1, 0.5]},
								"west": {"uv": [22, 30], "uv_size": [0.5, 0.5]},
								"up": {"uv": [24, 16], "uv_size": [1, 0.5]},
								"down": {"uv": [17, 24.5], "uv_size": [1, -0.5]}
							}
						},
						{
							"origin": [-0.555, 0.93261, -1.02422],
							"size": [0.11, 0.02312, 0.5625],
							"uv": {
								"north": {"uv": [30, 15], "uv_size": [0.5, 0.5]},
								"east": {"uv": [16, 30], "uv_size": [0.5, 0.5]},
								"south": {"uv": [30, 16], "uv_size": [0.5, 0.5]},
								"west": {"uv": [17, 30], "uv_size": [0.5, 0.5]},
								"up": {"uv": [30, 17], "uv_size": [0.5, 0.5]},
								"down": {"uv": [18, 30.5], "uv_size": [0.5, -0.5]}
							}
						},
						{
							"origin": [0.01662, 0.93261, -0.45267],
							"size": [0.11, 0.02312, 0.125],
							"pivot": [0.57162, 0, -1.36595],
							"rotation": [0, -45, 0],
							"uv": {
								"north": {"uv": [30, 25], "uv_size": [0.5, 0.5]},
								"east": {"uv": [26, 30], "uv_size": [0.5, 0.5]},
								"south": {"uv": [30, 26], "uv_size": [0.5, 0.5]},
								"west": {"uv": [27, 30], "uv_size": [0.5, 0.5]},
								"up": {"uv": [30, 27], "uv_size": [0.5, 0.5]},
								"down": {"uv": [28, 30.5], "uv_size": [0.5, -0.5]}
							}
						},
						{
							"origin": [-0.31412, 0.93261, -0.3442],
							"size": [0.2975, 0.02312, 0.125],
							"pivot": [-0.57162, 0, 0.69408],
							"rotation": [0, -45, 0],
							"uv": {
								"north": {"uv": [2, 31], "uv_size": [0.5, 0.5]},
								"east": {"uv": [31, 2], "uv_size": [0.5, 0.5]},
								"south": {"uv": [3, 31], "uv_size": [0.5, 0.5]},
								"west": {"uv": [31, 3], "uv_size": [0.5, 0.5]},
								"up": {"uv": [4, 31], "uv_size": [0.5, 0.5]},
								"down": {"uv": [31, 4.5], "uv_size": [0.5, -0.5]}
							}
						},
						{
							"origin": [-0.46661, 0.93261, 0.33073],
							"size": [0.93322, 0.02312, 0.11],
							"uv": {
								"north": {"uv": [24, 17], "uv_size": [1, 0.5]},
								"east": {"uv": [1, 31], "uv_size": [0.5, 0.5]},
								"south": {"uv": [18, 24], "uv_size": [1, 0.5]},
								"west": {"uv": [31, 1], "uv_size": [0.5, 0.5]},
								"up": {"uv": [24, 18], "uv_size": [1, 0.5]},
								"down": {"uv": [19, 24.5], "uv_size": [1, -0.5]}
							}
						},
						{
							"origin": [0.01662, 0.93261, -0.3442],
							"size": [0.2975, 0.02312, 0.125],
							"pivot": [0.57162, 0, 0.69408],
							"rotation": [0, 45, 0],
							"uv": {
								"north": {"uv": [30, 28], "uv_size": [0.5, 0.5]},
								"east": {"uv": [29, 30], "uv_size": [0.5, 0.5]},
								"south": {"uv": [30, 29], "uv_size": [0.5, 0.5]},
								"west": {"uv": [30, 30], "uv_size": [0.5, 0.5]},
								"up": {"uv": [0, 31], "uv_size": [0.5, 0.5]},
								"down": {"uv": [31, 0.5], "uv_size": [0.5, -0.5]}
							}
						}
					]
				},
				{
					"name": "ocularring",
					"parent": "bone3",
					"pivot": [0, 1.075, 4.225]
				},
				{
					"name": "ocular",
					"parent": "bone3",
					"pivot": [0, 1.54375, 6.225],
					"cubes": [
						{
							"origin": [-0.75, 0.98125, -3.0375],
							"size": [1.5, 1.0625, 0.125],
							"uv": {
								"south": {"uv": [3, 19], "uv_size": [1, 1]}
							}
						}
					]
				},
				{
					"name": "division",
					"parent": "ocular",
					"pivot": [0, 1.53125, 0]
				},
				{
					"name": "bone72_illuminated",
					"parent": "division",
					"pivot": [0.125, -0.90625, -16.175],
					"cubes": [
						{
							"origin": [0.19378, 0.85938, -17.1125],
							"size": [0.1875, 0.04688, 0.25],
							"pivot": [-0.61872, 0.78125, -17.8625],
							"rotation": [0, 0, -45],
							"uv": {
								"south": {"uv": [10, 22], "uv_size": [0.5, 0.5]}
							}
						},
						{
							"origin": [0.23438, 1.53125, -17.1125],
							"size": [0.35938, 0.03125, 0.25],
							"uv": {
								"south": {"uv": [10, 22], "uv_size": [0.5, 0.5]}
							}
						},
						{
							"origin": [0.64063, 1.40625, -17.1125],
							"size": [0.07813, 0.03125, 0.25],
							"uv": {
								"south": {"uv": [10, 22], "uv_size": [0.5, 0.5]}
							}
						},
						{
							"origin": [0.64063, 1.53125, -17.1125],
							"size": [0.07813, 0.03125, 0.25],
							"uv": {
								"south": {"uv": [10, 22], "uv_size": [0.5, 0.5]}
							}
						},
						{
							"origin": [0.64063, 1.46875, -17.1125],
							"size": [0.07813, 0.03125, 0.25],
							"uv": {
								"south": {"uv": [10, 22], "uv_size": [0.5, 0.5]}
							}
						},
						{
							"origin": [-0.59375, 1.53125, -17.1125],
							"size": [0.35938, 0.03125, 0.25],
							"uv": {
								"south": {"uv": [10.5, 22], "uv_size": [-0.5, 0.5]}
							}
						},
						{
							"origin": [-0.0221, 1.08938, -17.1125],
							"size": [0.04419, 0.30902, 0.25],
							"uv": {
								"south": {"uv": [10.5, 22], "uv_size": [-0.5, 0.5]}
							}
						},
						{
							"origin": [-0.31897, 1.05813, -3.6125],
							"size": [0.02857, 0.15277, 0.25],
							"pivot": [-0.3125, 1.14063, -4.3625],
							"rotation": [0, 0, 22.5],
							"uv": {
								"south": {"uv": [9.5, 33], "uv_size": [0.5, 1.5]}
							}
						},
						{
							"origin": [-0.4004, 0.80805, -3.6125],
							"size": [0.02857, 0.34027, 0.25],
							"pivot": [-0.39393, 1.07805, -4.3625],
							"rotation": [0, 0, 90],
							"uv": {
								"south": {"uv": [9.5, 33], "uv_size": [0.5, 1.5]}
							}
						},
						{
							"origin": [0.37183, 0.80805, -3.6125],
							"size": [0.02857, 0.34027, 0.25],
							"pivot": [0.39393, 1.07805, -4.3625],
							"rotation": [0, 0, -90],
							"uv": {
								"south": {"uv": [10, 33], "uv_size": [-0.5, 1.5]}
							}
						},
						{
							"origin": [0.2904, 1.05813, -3.6125],
							"size": [0.02857, 0.15277, 0.25],
							"pivot": [0.3125, 1.14063, -4.3625],
							"rotation": [0, 0, -22.5],
							"uv": {
								"south": {"uv": [10, 33], "uv_size": [-0.5, 1.5]}
							}
						},
						{
							"origin": [0.35003, 0.73438, -17.1125],
							"size": [0.03125, 0.01563, 0.25],
							"pivot": [-0.61872, 0.625, -17.8625],
							"rotation": [0, 0, -45],
							"uv": {
								"south": {"uv": [10, 22], "uv_size": [0.5, 0.5]}
							}
						},
						{
							"origin": [-0.38128, 0.73438, -17.1125],
							"size": [0.03125, 0.01563, 0.25],
							"pivot": [0.61872, 0.625, -17.8625],
							"rotation": [0, 0, 45],
							"uv": {
								"south": {"uv": [10.5, 22], "uv_size": [-0.5, 0.5]}
							}
						},
						{
							"origin": [-0.38128, 0.85938, -17.1125],
							"size": [0.1875, 0.04688, 0.25],
							"pivot": [0.61872, 0.78125, -17.8625],
							"rotation": [0, 0, 45],
							"uv": {
								"south": {"uv": [10.5, 22], "uv_size": [-0.5, 0.5]}
							}
						}
					]
				},
				{
					"name": "ammo_text",
					"parent": "bone72_illuminated",
					"pivot": [0, 1.10938, -3.2375]
				},
				{
					"name": "scope_view",
					"parent": "ocular",
					"pivot": [0, 1.53751, 8.35313]
				}
			]
		}
	]
}