{
	"format_version": "1.12.0",
	"minecraft:geometry": [
		{
			"description": {
				"identifier": "geometry.sight_coyote - Converted",
				"texture_width": 256,
				"texture_height": 256,
				"visible_bounds_width": 15,
				"visible_bounds_height": 2.5,
				"visible_bounds_offset": [0, 0.75, 0]
			},
			"bones": [
				{
					"name": "scope_body",
					"pivot": [0, 20.35625, -1.75],
					"cubes": [
						{
							"origin": [1.36563, 0.36156, -0.50313],
							"size": [0.11875, 0.29375, 0.53438],
							"uv": {
								"north": {"uv": [8, 32], "uv_size": [0.5, 0.5]},
								"south": {"uv": [32, 8], "uv_size": [0.5, 0.5]},
								"west": {"uv": [10, 32], "uv_size": [0.5, 0.5]},
								"up": {"uv": [32, 10], "uv_size": [0.5, 0.5]},
								"down": {"uv": [12, 32.5], "uv_size": [0.5, -0.5]}
							}
						},
						{
							"origin": [1.36563, 0.36156, -1.15625],
							"size": [0.11875, 0.29375, 0.53438],
							"uv": {
								"north": {"uv": [32, 12], "uv_size": [0.5, 0.5]},
								"south": {"uv": [14, 32], "uv_size": [0.5, 0.5]},
								"west": {"uv": [32, 14], "uv_size": [0.5, 0.5]},
								"up": {"uv": [32, 16], "uv_size": [0.5, 0.5]},
								"down": {"uv": [32, 18.5], "uv_size": [0.5, -0.5]}
							}
						},
						{
							"origin": [1.36563, 0.83969, -0.44375],
							"size": [0.11875, 0.35625, 0.35625],
							"pivot": [1.425, 1.01781, -0.26562],
							"rotation": [-45, 0, 0],
							"uv": {
								"north": {"uv": [32, 20], "uv_size": [0.5, 0.5]},
								"east": {"uv": [32, 28], "uv_size": [0.5, 0.5]},
								"south": {"uv": [30, 32], "uv_size": [0.5, 0.5]},
								"west": {"uv": [32, 30], "uv_size": [0.5, 0.5]},
								"up": {"uv": [32, 32], "uv_size": [0.5, 0.5]},
								"down": {"uv": [0, 33.5], "uv_size": [0.5, -0.5]}
							}
						},
						{
							"origin": [0.59375, 0.81, -0.1329],
							"size": [0.17812, 0.17812, 0.19296],
							"pivot": [0.68281, 0.89906, -0.03642],
							"rotation": [16.32495, 15.69986, -42.73421],
							"uv": {
								"north": {"uv": [33, 0], "uv_size": [0.5, 0.5]},
								"east": {"uv": [25, 0], "uv_size": [1, 0.5]},
								"south": {"uv": [33, 2], "uv_size": [0.5, 0.5]},
								"west": {"uv": [2, 26], "uv_size": [1, 0.5]},
								"up": {"uv": [26, 7], "uv_size": [0.5, 1]},
								"down": {"uv": [26, 10], "uv_size": [0.5, -1]}
							}
						},
						{
							"origin": [-0.77187, 0.81, -0.1329],
							"size": [0.17812, 0.17812, 0.19296],
							"pivot": [-0.68281, 0.89906, -0.03642],
							"rotation": [-16.32495, -15.69986, 137.26579],
							"uv": {
								"north": {"uv": [4, 33], "uv_size": [0.5, 0.5]},
								"east": {"uv": [26, 11], "uv_size": [1, 0.5]},
								"south": {"uv": [33, 4], "uv_size": [0.5, 0.5]},
								"west": {"uv": [26, 13], "uv_size": [1, 0.5]},
								"up": {"uv": [15, 26], "uv_size": [0.5, 1]},
								"down": {"uv": [26, 16], "uv_size": [0.5, -1]}
							}
						},
						{
							"origin": [-0.74219, 0.15687, -0.72665],
							"size": [0.2375, 0.2375, 0.97969],
							"pivot": [-0.62344, 0.27563, -0.2368],
							"rotation": [0, 0, -45],
							"uv": {
								"north": {"uv": [16, 33], "uv_size": [0.5, 0.5]},
								"east": {"uv": [26, 17], "uv_size": [1, 0.5]},
								"south": {"uv": [18, 33], "uv_size": [0.5, 0.5]},
								"west": {"uv": [26, 19], "uv_size": [1, 0.5]},
								"up": {"uv": [26, 21], "uv_size": [0.5, 1]},
								"down": {"uv": [0, 28], "uv_size": [0.5, -1]}
							}
						},
						{
							"origin": [0.50469, 0.15687, -0.72665],
							"size": [0.2375, 0.2375, 0.97969],
							"pivot": [0.62344, 0.27563, -0.2368],
							"rotation": [0, 0, -45],
							"uv": {
								"north": {"uv": [20, 33], "uv_size": [0.5, 0.5]},
								"east": {"uv": [27, 0], "uv_size": [1, 0.5]},
								"south": {"uv": [22, 33], "uv_size": [0.5, 0.5]},
								"west": {"uv": [27, 2], "uv_size": [1, 0.5]},
								"up": {"uv": [4, 27], "uv_size": [0.5, 1]},
								"down": {"uv": [27, 5], "uv_size": [0.5, -1]}
							}
						},
						{
							"origin": [-1.27656, 0.30531, -0.52175],
							"size": [0.68281, 0.2375, 0.2375],
							"pivot": [-0.80156, 0.06781, -0.75925],
							"rotation": [-45, 0, 0],
							"uv": {
								"north": {"uv": [33, 22], "uv_size": [0.5, 0.5]},
								"east": {"uv": [24, 33], "uv_size": [0.5, 0.5]},
								"south": {"uv": [33, 24], "uv_size": [0.5, 0.5]},
								"west": {"uv": [26, 33], "uv_size": [0.5, 0.5]},
								"up": {"uv": [33, 26], "uv_size": [0.5, 0.5]},
								"down": {"uv": [28, 33.5], "uv_size": [0.5, -0.5]}
							}
						},
						{
							"origin": [0.53437, 0.72094, -1.80938],
							"size": [0.92031, 0.2375, 0.2375],
							"pivot": [1.00937, 0.48344, -2.04687],
							"rotation": [-45, 0, 0],
							"uv": {
								"north": {"uv": [17, 27], "uv_size": [1, 0.5]},
								"east": {"uv": [2, 34], "uv_size": [0.5, 0.5]},
								"south": {"uv": [19, 27], "uv_size": [1, 0.5]},
								"west": {"uv": [6, 34], "uv_size": [0.5, 0.5]},
								"up": {"uv": [21, 27], "uv_size": [1, 0.5]},
								"down": {"uv": [23, 27.5], "uv_size": [1, -0.5]}
							}
						},
						{
							"origin": [0.53437, 0.72094, -2.81875],
							"size": [0.92031, 0.2375, 0.2375],
							"pivot": [1.00937, 0.48344, -3.05625],
							"rotation": [-45, 0, 0],
							"uv": {
								"north": {"uv": [27, 23], "uv_size": [1, 0.5]},
								"east": {"uv": [34, 6], "uv_size": [0.5, 0.5]},
								"south": {"uv": [25, 27], "uv_size": [1, 0.5]},
								"west": {"uv": [8, 34], "uv_size": [0.5, 0.5]},
								"up": {"uv": [27, 25], "uv_size": [1, 0.5]},
								"down": {"uv": [27, 27.5], "uv_size": [1, -0.5]}
							}
						},
						{
							"origin": [-1.12812, 0.91944, -1.15625],
							"size": [0.11875, 0.19674, 0.475],
							"pivot": [-0.7125, 1.01781, -0.91875],
							"rotation": [-45, 0, 0],
							"uv": {
								"north": {"uv": [34, 8], "uv_size": [0.5, 0.5]},
								"east": {"uv": [10, 34], "uv_size": [0.5, 0.5]},
								"south": {"uv": [34, 10], "uv_size": [0.5, 0.5]},
								"west": {"uv": [12, 34], "uv_size": [0.5, 0.5]},
								"up": {"uv": [34, 12], "uv_size": [0.5, 0.5]},
								"down": {"uv": [14, 34.5], "uv_size": [0.5, -0.5]}
							}
						},
						{
							"origin": [-1.12812, 0.91944, -1.15625],
							"size": [0.11875, 0.19674, 0.475],
							"uv": {
								"north": {"uv": [34, 14], "uv_size": [0.5, 0.5]},
								"east": {"uv": [34, 16], "uv_size": [0.5, 0.5]},
								"south": {"uv": [34, 18], "uv_size": [0.5, 0.5]},
								"west": {"uv": [34, 20], "uv_size": [0.5, 0.5]},
								"up": {"uv": [34, 28], "uv_size": [0.5, 0.5]},
								"down": {"uv": [30, 34.5], "uv_size": [0.5, -0.5]}
							}
						},
						{
							"origin": [-1.12812, 0.78031, -1.01712],
							"size": [0.11875, 0.475, 0.19675],
							"pivot": [-0.7125, 1.01781, -0.91875],
							"rotation": [-45, 0, 0],
							"uv": {
								"east": {"uv": [34, 30], "uv_size": [0.5, 0.5]},
								"west": {"uv": [32, 34], "uv_size": [0.5, 0.5]},
								"up": {"uv": [34, 32], "uv_size": [0.5, 0.5]},
								"down": {"uv": [34, 34.5], "uv_size": [0.5, -0.5]}
							}
						},
						{
							"origin": [-1.12812, 0.78031, -1.01712],
							"size": [0.11875, 0.475, 0.19675],
							"uv": {
								"east": {"uv": [0, 35], "uv_size": [0.5, 0.5]},
								"up": {"uv": [35, 0], "uv_size": [0.5, 0.5]},
								"down": {"uv": [35, 2.5], "uv_size": [0.5, -0.5]}
							}
						},
						{
							"origin": [-1.12812, 0.62257, -2.52187],
							"size": [0.11875, 0.19674, 0.475],
							"pivot": [-0.65312, 0.72094, -2.28437],
							"rotation": [-45, 0, 0],
							"uv": {
								"north": {"uv": [4, 35], "uv_size": [0.5, 0.5]},
								"east": {"uv": [35, 4], "uv_size": [0.5, 0.5]},
								"south": {"uv": [16, 35], "uv_size": [0.5, 0.5]},
								"west": {"uv": [18, 35], "uv_size": [0.5, 0.5]}
							}
						},
						{
							"origin": [-1.12812, 0.62257, -2.52187],
							"size": [0.11875, 0.19674, 0.475],
							"uv": {
								"north": {"uv": [20, 35], "uv_size": [0.5, 0.5]},
								"east": {"uv": [22, 35], "uv_size": [0.5, 0.5]},
								"south": {"uv": [35, 22], "uv_size": [0.5, 0.5]},
								"west": {"uv": [24, 35], "uv_size": [0.5, 0.5]},
								"up": {"uv": [35, 24], "uv_size": [0.5, 0.5]},
								"down": {"uv": [26, 35.5], "uv_size": [0.5, -0.5]}
							}
						},
						{
							"origin": [-1.12812, 0.48344, -2.38275],
							"size": [0.11875, 0.475, 0.19674],
							"pivot": [-0.65312, 0.72094, -2.28437],
							"rotation": [-45, 0, 0],
							"uv": {
								"north": {"uv": [35, 26], "uv_size": [0.5, 0.5]},
								"east": {"uv": [28, 35], "uv_size": [0.5, 0.5]},
								"south": {"uv": [2, 36], "uv_size": [0.5, 0.5]},
								"west": {"uv": [6, 36], "uv_size": [0.5, 0.5]},
								"up": {"uv": [36, 6], "uv_size": [0.5, 0.5]},
								"down": {"uv": [8, 36.5], "uv_size": [0.5, -0.5]}
							}
						},
						{
							"origin": [-1.12812, 0.48344, -2.38275],
							"size": [0.11875, 0.475, 0.19674],
							"uv": {
								"east": {"uv": [36, 8], "uv_size": [0.5, 0.5]},
								"up": {"uv": [10, 36], "uv_size": [0.5, 0.5]},
								"down": {"uv": [36, 10.5], "uv_size": [0.5, -0.5]}
							}
						},
						{
							"origin": [1.425, 0.83969, -1.69062],
							"size": [0.01484, 0.41563, 1.00937],
							"uv": {
								"north": {"uv": [12, 36], "uv_size": [0.5, 0.5]},
								"south": {"uv": [36, 12], "uv_size": [0.5, 0.5]},
								"west": {"uv": [152.5, 9.5], "uv_size": [8.5, 3.5]},
								"up": {"uv": [6, 28], "uv_size": [0.5, 1]},
								"down": {"uv": [28, 7], "uv_size": [0.5, -1]}
							}
						},
						{
							"origin": [1.30625, 0.06781, -1.09687],
							"size": [0.11875, 1.30625, 1.24687],
							"uv": {
								"east": {"uv": [9, 0], "uv_size": [1.5, 1.5]},
								"south": {"uv": [11, 22], "uv_size": [0.5, 1.5]},
								"west": {"uv": [9, 7], "uv_size": [1.5, 1.5]},
								"down": {"uv": [13, 23.5], "uv_size": [0.5, -1.5]}
							}
						},
						{
							"origin": [1.12813, 1.49281, -2.225],
							"size": [0.11875, 0.77188, 1.78125],
							"uv": {
								"north": {"uv": [8, 28], "uv_size": [0.5, 1]},
								"east": {"uv": [9, 3], "uv_size": [2, 1]},
								"south": {"uv": [28, 8], "uv_size": [0.5, 1]},
								"west": {"uv": [10, 5], "uv_size": [2, 1]}
							}
						},
						{
							"origin": [1.30625, 0.24594, -2.87812],
							"size": [0.11875, 0.83125, 1.78125],
							"uv": {
								"north": {"uv": [10, 28], "uv_size": [0.5, 1]},
								"east": {"uv": [6, 10], "uv_size": [2, 1]},
								"west": {"uv": [9, 10], "uv_size": [2, 1]},
								"down": {"uv": [16, 19], "uv_size": [0.5, -2]}
							}
						},
						{
							"origin": [-0.68281, 2.65063, -2.225],
							"size": [1.36823, 0.11929, 1.78125],
							"uv": {
								"north": {"uv": [21, 17], "uv_size": [1.5, 0.5]},
								"east": {"uv": [18, 2], "uv_size": [2, 0.5]},
								"south": {"uv": [22, 0], "uv_size": [1.5, 0.5]},
								"up": {"uv": [0, 7], "uv_size": [1.5, 2]},
								"down": {"uv": [3, 9], "uv_size": [1.5, -2]}
							}
						},
						{
							"origin": [1.30625, 1.07719, -2.58125],
							"size": [0.11875, 0.29688, 1.48438],
							"uv": {
								"east": {"uv": [22, 6], "uv_size": [1.5, 0.5]},
								"west": {"uv": [17, 22], "uv_size": [1.5, 0.5]},
								"up": {"uv": [22, 19], "uv_size": [0.5, 1.5]}
							}
						},
						{
							"origin": [1.12813, 1.43344, -2.4625],
							"size": [0.11875, 0.11875, 2.6125],
							"uv": {
								"north": {"uv": [14, 36], "uv_size": [0.5, 0.5]},
								"east": {"uv": [2, 13], "uv_size": [3, 0.5]},
								"south": {"uv": [36, 14], "uv_size": [0.5, 0.5]},
								"up": {"uv": [13, 11], "uv_size": [0.5, 3]},
								"down": {"uv": [6, 17], "uv_size": [0.5, -3]}
							}
						},
						{
							"origin": [1.21868, 1.2886, -2.4625],
							"size": [0.11875, 0.25191, 2.6125],
							"pivot": [1.27805, 1.43704, -1.5125],
							"rotation": [0, 0, -45],
							"uv": {
								"north": {"uv": [36, 16], "uv_size": [0.5, 0.5]},
								"east": {"uv": [13, 4], "uv_size": [3, 0.5]},
								"south": {"uv": [36, 18], "uv_size": [0.5, 0.5]},
								"west": {"uv": [15, 0], "uv_size": [3, 0.5]}
							}
						},
						{
							"origin": [1.12813, 1.40375, -2.40313],
							"size": [0.11875, 0.62344, 0.2375],
							"pivot": [-0.05937, 1.61156, -2.07656],
							"rotation": [-22.5, 0, 0],
							"uv": {
								"north": {"uv": [36, 20], "uv_size": [0.5, 0.5]},
								"east": {"uv": [36, 28], "uv_size": [0.5, 0.5]},
								"west": {"uv": [30, 36], "uv_size": [0.5, 0.5]}
							}
						},
						{
							"origin": [0.62076, 2.56363, -2.225],
							"size": [0.46016, 0.11875, 1.78125],
							"pivot": [0.87311, 2.56363, -1.33437],
							"rotation": [0, 0, 22.5],
							"uv": {
								"north": {"uv": [36, 30], "uv_size": [0.5, 0.5]},
								"south": {"uv": [32, 36], "uv_size": [0.5, 0.5]},
								"up": {"uv": [0, 18], "uv_size": [0.5, 2]},
								"down": {"uv": [6, 20], "uv_size": [0.5, -2]}
							}
						},
						{
							"origin": [1.30625, 0.73323, -2.70087],
							"size": [0.11875, 0.41985, 0.2375],
							"pivot": [0.11875, 1.11917, -2.37431],
							"rotation": [-45, 0, 0],
							"uv": {
								"north": {"uv": [36, 32], "uv_size": [0.5, 0.5]},
								"east": {"uv": [34, 36], "uv_size": [0.5, 0.5]},
								"west": {"uv": [36, 34], "uv_size": [0.5, 0.5]}
							}
						},
						{
							"origin": [1.05763, 2.20342, -2.225],
							"size": [0.11875, 0.35625, 1.78125],
							"pivot": [1.05763, 2.41123, -1.33437],
							"rotation": [0, 0, -22.5],
							"uv": {
								"north": {"uv": [36, 36], "uv_size": [0.5, 0.5]},
								"east": {"uv": [18, 10], "uv_size": [2, 0.5]},
								"south": {"uv": [0, 37], "uv_size": [0.5, 0.5]},
								"west": {"uv": [18, 17], "uv_size": [2, 0.5]}
							}
						},
						{
							"origin": [1.12813, 1.47992, -0.33642],
							"size": [0.11875, 0.13359, 0.475],
							"pivot": [1.1875, 1.55414, -0.00986],
							"rotation": [-22.5, 0, 0],
							"uv": {
								"east": {"uv": [37, 0], "uv_size": [0.5, 0.5]},
								"south": {"uv": [37, 2], "uv_size": [0.5, 0.5]},
								"west": {"uv": [4, 37], "uv_size": [0.5, 0.5]},
								"up": {"uv": [37, 4], "uv_size": [0.5, 0.5]},
								"down": {"uv": [16, 37.5], "uv_size": [0.5, -0.5]}
							}
						},
						{
							"origin": [-1.17638, 2.20342, -2.225],
							"size": [0.11875, 0.35625, 1.78125],
							"pivot": [-1.05763, 2.41123, -1.33437],
							"rotation": [0, 0, 22.5],
							"uv": {
								"north": {"uv": [18, 37], "uv_size": [0.5, 0.5]},
								"east": {"uv": [19, 0], "uv_size": [2, 0.5]},
								"south": {"uv": [20, 37], "uv_size": [0.5, 0.5]},
								"west": {"uv": [19, 6], "uv_size": [2, 0.5]}
							}
						},
						{
							"origin": [-1.08092, 2.56363, -2.225],
							"size": [0.46016, 0.11875, 1.78125],
							"pivot": [-0.87311, 2.56363, -1.33437],
							"rotation": [0, 0, -22.5],
							"uv": {
								"north": {"uv": [22, 37], "uv_size": [0.5, 0.5]},
								"south": {"uv": [37, 22], "uv_size": [0.5, 0.5]},
								"west": {"uv": [8, 19], "uv_size": [2, 0.5]},
								"up": {"uv": [11, 19], "uv_size": [0.5, 2]},
								"down": {"uv": [19, 14], "uv_size": [0.5, -2]}
							}
						},
						{
							"origin": [1.12813, 1.44064, -0.54933],
							"size": [0.11875, 0.7125, 0.29688],
							"pivot": [-0.05937, 1.67814, -0.48996],
							"rotation": [22.5, 0, 0],
							"uv": {
								"east": {"uv": [28, 10], "uv_size": [0.5, 1]},
								"south": {"uv": [12, 28], "uv_size": [0.5, 1]},
								"west": {"uv": [28, 12], "uv_size": [0.5, 1]}
							}
						},
						{
							"origin": [1.30625, 0.17245, -1.44476],
							"size": [0.11875, 0.17813, 0.475],
							"pivot": [1.36563, 0.43963, -1.29633],
							"rotation": [-22.5, 0, 0],
							"uv": {
								"east": {"uv": [24, 37], "uv_size": [0.5, 0.5]},
								"west": {"uv": [37, 24], "uv_size": [0.5, 0.5]},
								"down": {"uv": [26, 37.5], "uv_size": [0.5, -0.5]}
							}
						},
						{
							"origin": [-1.24687, -0.16969, -0.44375],
							"size": [0.11875, 1.72188, 0.59375],
							"uv": {
								"north": {"uv": [13, 19], "uv_size": [0.5, 2]},
								"east": {"uv": [18, 19], "uv_size": [0.5, 2]},
								"south": {"uv": [15, 20], "uv_size": [0.5, 2]},
								"west": {"uv": [20, 19], "uv_size": [0.5, 2]},
								"down": {"uv": [37, 26.5], "uv_size": [0.5, -0.5]}
							}
						},
						{
							"origin": [-1.24687, 0.18656, -2.87812],
							"size": [0.11875, 0.89063, 0.11875],
							"uv": {
								"north": {"uv": [14, 28], "uv_size": [0.5, 1]},
								"east": {"uv": [28, 14], "uv_size": [0.5, 1]},
								"south": {"uv": [28, 16], "uv_size": [0.5, 1]},
								"west": {"uv": [28, 18], "uv_size": [0.5, 1]}
							}
						},
						{
							"origin": [-1.24687, 1.25531, -2.40313],
							"size": [0.11875, 0.77187, 0.65313],
							"pivot": [0.05938, 1.61156, -2.07656],
							"rotation": [-22.5, 0, 0],
							"uv": {
								"north": {"uv": [28, 20], "uv_size": [0.5, 1]},
								"east": {"uv": [0, 29], "uv_size": [0.5, 1]},
								"west": {"uv": [29, 0], "uv_size": [0.5, 1]},
								"down": {"uv": [28, 37.5], "uv_size": [0.5, -0.5]}
							}
						},
						{
							"origin": [-1.24687, 0.73323, -2.70087],
							"size": [0.11875, 0.59375, 0.11875],
							"pivot": [0.05938, 1.11917, -2.37431],
							"rotation": [-45, 0, 0],
							"uv": {
								"north": {"uv": [2, 38], "uv_size": [0.5, 0.5]},
								"east": {"uv": [6, 38], "uv_size": [0.5, 0.5]},
								"west": {"uv": [38, 6], "uv_size": [0.5, 0.5]},
								"up": {"uv": [8, 38], "uv_size": [0.5, 0.5]}
							}
						},
						{
							"origin": [-1.24687, 1.44064, -0.54933],
							"size": [0.11875, 0.7125, 0.29688],
							"pivot": [0.05938, 1.67814, -0.48996],
							"rotation": [22.5, 0, 0],
							"uv": {
								"east": {"uv": [29, 2], "uv_size": [0.5, 1]},
								"south": {"uv": [4, 29], "uv_size": [0.5, 1]},
								"west": {"uv": [29, 4], "uv_size": [0.5, 1]}
							}
						},
						{
							"origin": [-1.24687, 1.43539, -0.33642],
							"size": [0.11875, 0.17813, 0.475],
							"pivot": [-1.1875, 1.55414, -0.00986],
							"rotation": [-22.5, 0, 0],
							"uv": {
								"east": {"uv": [38, 8], "uv_size": [0.5, 0.5]},
								"west": {"uv": [10, 38], "uv_size": [0.5, 0.5]},
								"up": {"uv": [38, 10], "uv_size": [0.5, 0.5]}
							}
						},
						{
							"origin": [-1.24687, 0.77188, -0.44375],
							"size": [0.11875, 0.49187, 0.2375],
							"pivot": [-0.77187, 1.01781, -0.91875],
							"rotation": [-45, 0, 0],
							"uv": {
								"north": {"uv": [12, 38], "uv_size": [0.5, 0.5]},
								"east": {"uv": [38, 12], "uv_size": [0.5, 0.5]},
								"west": {"uv": [14, 38], "uv_size": [0.5, 0.5]}
							}
						},
						{
							"origin": [-1.24687, 0.30531, -1.16469],
							"size": [0.11875, 0.2375, 0.49187],
							"pivot": [-0.77187, 1.01781, -0.91875],
							"rotation": [-45, 0, 0],
							"uv": {
								"east": {"uv": [38, 14], "uv_size": [0.5, 0.5]},
								"west": {"uv": [38, 16], "uv_size": [0.5, 0.5]},
								"up": {"uv": [38, 18], "uv_size": [0.5, 0.5]}
							}
						},
						{
							"origin": [-1.24687, 1.49281, -1.16469],
							"size": [0.11875, 0.2375, 0.49187],
							"pivot": [-0.77187, 1.01781, -0.91875],
							"rotation": [-45, 0, 0],
							"uv": {
								"north": {"uv": [38, 20], "uv_size": [0.5, 0.5]},
								"east": {"uv": [38, 28], "uv_size": [0.5, 0.5]},
								"south": {"uv": [30, 38], "uv_size": [0.5, 0.5]},
								"west": {"uv": [38, 30], "uv_size": [0.5, 0.5]},
								"up": {"uv": [32, 38], "uv_size": [0.5, 0.5]},
								"down": {"uv": [38, 32.5], "uv_size": [0.5, -0.5]}
							}
						},
						{
							"origin": [-1.24687, 0.475, -2.87812],
							"size": [0.11875, 0.55125, 0.11875],
							"pivot": [-0.77187, 0.72094, -2.28437],
							"rotation": [-45, 0, 0],
							"uv": {
								"east": {"uv": [34, 38], "uv_size": [0.5, 0.5]},
								"south": {"uv": [38, 34], "uv_size": [0.5, 0.5]},
								"west": {"uv": [36, 38], "uv_size": [0.5, 0.5]},
								"up": {"uv": [38, 36], "uv_size": [0.5, 0.5]}
							}
						},
						{
							"origin": [-1.24687, 0.475, -1.80938],
							"size": [0.11875, 0.49187, 0.2375],
							"pivot": [-0.77187, 0.72094, -2.28437],
							"rotation": [-45, 0, 0],
							"uv": {
								"north": {"uv": [38, 38], "uv_size": [0.5, 0.5]},
								"east": {"uv": [0, 39], "uv_size": [0.5, 0.5]},
								"south": {"uv": [39, 0], "uv_size": [0.5, 0.5]},
								"west": {"uv": [39, 2], "uv_size": [0.5, 0.5]}
							}
						},
						{
							"origin": [-1.24687, 0.475, -1.80938],
							"size": [0.11875, 0.78875, 0.41563],
							"uv": {
								"north": {"uv": [16, 29], "uv_size": [0.5, 1]},
								"east": {"uv": [18, 29], "uv_size": [0.5, 1]},
								"south": {"uv": [20, 29], "uv_size": [0.5, 1]},
								"west": {"uv": [22, 29], "uv_size": [0.5, 1]}
							}
						},
						{
							"origin": [-1.24687, 0.12719, -2.53031],
							"size": [0.11875, 0.11875, 0.49187],
							"pivot": [-0.77187, 0.72094, -2.28437],
							"rotation": [-45, 0, 0],
							"uv": {
								"east": {"uv": [4, 39], "uv_size": [0.5, 0.5]},
								"west": {"uv": [39, 4], "uv_size": [0.5, 0.5]},
								"up": {"uv": [16, 39], "uv_size": [0.5, 0.5]}
							}
						},
						{
							"origin": [-1.24687, 1.19594, -2.53031],
							"size": [0.11875, 0.9465, 0.52666],
							"pivot": [-0.77187, 0.72094, -2.28437],
							"rotation": [-45, 0, 0],
							"uv": {
								"east": {"uv": [29, 22], "uv_size": [0.5, 1]},
								"south": {"uv": [24, 29], "uv_size": [0.5, 1]},
								"west": {"uv": [29, 24], "uv_size": [0.5, 1]},
								"down": {"uv": [18, 39.5], "uv_size": [0.5, -0.5]}
							}
						},
						{
							"origin": [-1.24687, 1.19594, -2.53031],
							"size": [0.11875, 0.17813, 0.49187],
							"uv": {
								"north": {"uv": [20, 39], "uv_size": [0.5, 0.5]},
								"east": {"uv": [22, 39], "uv_size": [0.5, 0.5]},
								"south": {"uv": [39, 22], "uv_size": [0.5, 0.5]},
								"west": {"uv": [24, 39], "uv_size": [0.5, 0.5]},
								"up": {"uv": [39, 24], "uv_size": [0.5, 0.5]},
								"down": {"uv": [26, 39.5], "uv_size": [0.5, -0.5]}
							}
						},
						{
							"origin": [-1.24687, -0.16969, -1.09687],
							"size": [0.11875, 0.7125, 0.65312],
							"uv": {
								"east": {"uv": [26, 29], "uv_size": [0.5, 1]},
								"west": {"uv": [29, 26], "uv_size": [0.5, 1]},
								"up": {"uv": [39, 26], "uv_size": [0.5, 0.5]},
								"down": {"uv": [28, 39.5], "uv_size": [0.5, -0.5]}
							}
						},
						{
							"origin": [-1.24687, 0.00844, -1.75],
							"size": [0.11875, 0.53438, 0.65313],
							"uv": {
								"north": {"uv": [2, 40], "uv_size": [0.5, 0.5]},
								"east": {"uv": [6, 40], "uv_size": [0.5, 0.5]},
								"west": {"uv": [40, 6], "uv_size": [0.5, 0.5]},
								"up": {"uv": [8, 40], "uv_size": [0.5, 0.5]},
								"down": {"uv": [40, 8.5], "uv_size": [0.5, -0.5]}
							}
						},
						{
							"origin": [-1.24687, -0.06505, -1.44476],
							"size": [0.11875, 0.17813, 0.475],
							"pivot": [-1.1875, 0.20213, -1.29633],
							"rotation": [-22.5, 0, 0],
							"uv": {
								"east": {"uv": [10, 40], "uv_size": [0.5, 0.5]},
								"west": {"uv": [40, 10], "uv_size": [0.5, 0.5]},
								"down": {"uv": [12, 40.5], "uv_size": [0.5, -0.5]}
							}
						},
						{
							"origin": [-1.24687, 0.00844, -2.87812],
							"size": [0.11875, 0.2375, 1.12812],
							"uv": {
								"north": {"uv": [40, 12], "uv_size": [0.5, 0.5]},
								"east": {"uv": [28, 29], "uv_size": [1, 0.5]},
								"west": {"uv": [2, 30], "uv_size": [1, 0.5]},
								"up": {"uv": [6, 30], "uv_size": [0.5, 1]},
								"down": {"uv": [30, 7], "uv_size": [0.5, -1]}
							}
						},
						{
							"origin": [-1.24687, 0.04322, -2.49553],
							"size": [0.11875, 0.11875, 0.25438],
							"pivot": [-0.77187, 0.63697, -2.36835],
							"rotation": [-45, 0, 0],
							"uv": {
								"east": {"uv": [14, 40], "uv_size": [0.5, 0.5]},
								"west": {"uv": [40, 14], "uv_size": [0.5, 0.5]}
							}
						},
						{
							"origin": [-1.24687, 1.49281, -2.225],
							"size": [0.11875, 0.77188, 1.78125],
							"uv": {
								"north": {"uv": [8, 30], "uv_size": [0.5, 1]},
								"east": {"uv": [12, 0], "uv_size": [2, 1]},
								"south": {"uv": [30, 8], "uv_size": [0.5, 1]},
								"west": {"uv": [12, 2], "uv_size": [2, 1]},
								"down": {"uv": [0, 23], "uv_size": [0.5, -2]}
							}
						},
						{
							"origin": [-0.35625, -0.05094, -2.58125],
							"size": [1.36563, 0.35625, 2.49375],
							"uv": {
								"north": {"uv": [20, 22], "uv_size": [1.5, 0.5]},
								"south": {"uv": [8, 23], "uv_size": [1.5, 0.5]},
								"west": {"uv": [15, 13], "uv_size": [2.5, 0.5]},
								"down": {"uv": [6, 2.5], "uv_size": [1.5, -2.5]}
							}
						},
						{
							"origin": [0.35625, -0.22906, -2.58125],
							"size": [0.475, 0.17812, 2.49375],
							"uv": {
								"east": {"uv": [16, 15], "uv_size": [2.5, 0.5]},
								"south": {"uv": [40, 16], "uv_size": [0.5, 0.5]},
								"down": {"uv": [2, 19.5], "uv_size": [0.5, -2.5]}
							}
						},
						{
							"origin": [-1.06937, -0.08721, -0.97812],
							"size": [0.2519, 0.17812, 0.89062],
							"pivot": [-1.05497, 0.00185, -1.57187],
							"rotation": [0, 0, 45],
							"uv": {
								"north": {"uv": [40, 18], "uv_size": [0.5, 0.5]},
								"south": {"uv": [40, 20], "uv_size": [0.5, 0.5]},
								"down": {"uv": [10, 31], "uv_size": [0.5, -1]}
							}
						},
						{
							"origin": [-0.35625, -0.28844, -3.11562],
							"size": [0.7125, 0.35625, 0.53437],
							"uv": {
								"north": {"uv": [30, 10], "uv_size": [1, 0.5]},
								"down": {"uv": [12, 30.5], "uv_size": [1, -0.5]}
							}
						},
						{
							"origin": [-0.95, -0.22906, -0.97812],
							"size": [0.59375, 0.17812, 0.89062],
							"uv": {
								"north": {"uv": [40, 28], "uv_size": [0.5, 0.5]},
								"south": {"uv": [30, 40], "uv_size": [0.5, 0.5]},
								"west": {"uv": [30, 12], "uv_size": [1, 0.5]},
								"down": {"uv": [14, 31], "uv_size": [0.5, -1]}
							}
						},
						{
							"origin": [0.69872, -0.08721, -2.58125],
							"size": [0.2519, 0.17812, 2.49375],
							"pivot": [0.93622, 0.00185, -1.57187],
							"rotation": [0, 0, -45],
							"uv": {
								"north": {"uv": [40, 30], "uv_size": [0.5, 0.5]},
								"south": {"uv": [32, 40], "uv_size": [0.5, 0.5]},
								"down": {"uv": [4, 19.5], "uv_size": [0.5, -2.5]}
							}
						},
						{
							"origin": [-1.12812, -0.05094, -0.97812],
							"size": [0.77188, 0.35625, 0.89062],
							"uv": {
								"north": {"uv": [30, 14], "uv_size": [1, 0.5]},
								"east": {"uv": [30, 16], "uv_size": [1, 0.5]},
								"south": {"uv": [30, 18], "uv_size": [1, 0.5]},
								"up": {"uv": [19, 8], "uv_size": [1, 1]}
							}
						},
						{
							"origin": [-0.83125, -0.28844, -3.11562],
							"size": [0.475, 0.59375, 2.1375],
							"uv": {
								"north": {"uv": [40, 32], "uv_size": [0.5, 0.5]},
								"south": {"uv": [34, 40], "uv_size": [0.5, 0.5]},
								"west": {"uv": [17, 4], "uv_size": [2.5, 0.5]},
								"down": {"uv": [17, 8.5], "uv_size": [0.5, -2.5]}
							}
						},
						{
							"origin": [-1.00937, -0.28844, -2.9375],
							"size": [0.17812, 0.59375, 1.78125],
							"uv": {
								"east": {"uv": [20, 15], "uv_size": [2, 0.5]},
								"down": {"uv": [2, 23], "uv_size": [0.5, -2]}
							}
						},
						{
							"origin": [-0.69959, -0.28844, -2.98731],
							"size": [0.17812, 0.59375, 0.25191],
							"pivot": [-0.61053, 0.00844, -3.2104],
							"rotation": [0, -45, 0],
							"uv": {
								"east": {"uv": [40, 34], "uv_size": [0.5, 0.5]},
								"up": {"uv": [36, 40], "uv_size": [0.5, 0.5]},
								"down": {"uv": [40, 36.5], "uv_size": [0.5, -0.5]}
							}
						},
						{
							"origin": [-0.9464, -0.28844, -1.25611],
							"size": [0.17812, 0.59375, 0.2519],
							"pivot": [-0.85734, 0.00844, -1.13016],
							"rotation": [0, 45, 0],
							"uv": {
								"east": {"uv": [38, 40], "uv_size": [0.5, 0.5]},
								"up": {"uv": [40, 38], "uv_size": [0.5, 0.5]},
								"down": {"uv": [40, 40.5], "uv_size": [0.5, -0.5]}
							}
						},
						{
							"origin": [0.35625, -0.28844, -3.11562],
							"size": [0.475, 0.59375, 0.53437],
							"uv": {
								"north": {"uv": [0, 41], "uv_size": [0.5, 0.5]},
								"east": {"uv": [41, 0], "uv_size": [0.5, 0.5]},
								"south": {"uv": [41, 2], "uv_size": [0.5, 0.5]},
								"down": {"uv": [4, 41.5], "uv_size": [0.5, -0.5]}
							}
						},
						{
							"origin": [0.72229, -0.28844, -3.13872],
							"size": [0.2045, 0.59375, 0.4937],
							"pivot": [0.93706, 0.03813, -2.88704],
							"rotation": [0, 22.5, 0],
							"uv": {
								"south": {"uv": [41, 4], "uv_size": [0.5, 0.5]},
								"west": {"uv": [16, 41], "uv_size": [0.5, 0.5]},
								"up": {"uv": [18, 41], "uv_size": [0.5, 0.5]},
								"down": {"uv": [20, 41.5], "uv_size": [0.5, -0.5]}
							}
						},
						{
							"origin": [-1.12812, -0.06535, -2.225],
							"size": [0.59375, 0.14757, 0.35625],
							"pivot": [-0.7125, 0.00844, -2.04687],
							"rotation": [-45, 0, 0],
							"uv": {
								"north": {"uv": [22, 41], "uv_size": [0.5, 0.5]},
								"east": {"uv": [41, 22], "uv_size": [0.5, 0.5]},
								"south": {"uv": [24, 41], "uv_size": [0.5, 0.5]},
								"west": {"uv": [41, 24], "uv_size": [0.5, 0.5]}
							}
						},
						{
							"origin": [-1.12812, -0.06535, -2.225],
							"size": [0.59375, 0.14757, 0.35625],
							"uv": {
								"north": {"uv": [26, 41], "uv_size": [0.5, 0.5]},
								"east": {"uv": [41, 26], "uv_size": [0.5, 0.5]},
								"south": {"uv": [28, 41], "uv_size": [0.5, 0.5]}
							}
						},
						{
							"origin": [-1.12812, -0.16969, -2.12066],
							"size": [0.59375, 0.35625, 0.14757],
							"pivot": [-0.7125, 0.00844, -2.04687],
							"rotation": [-45, 0, 0],
							"uv": {
								"east": {"uv": [2, 42], "uv_size": [0.5, 0.5]},
								"west": {"uv": [6, 42], "uv_size": [0.5, 0.5]},
								"up": {"uv": [42, 6], "uv_size": [0.5, 0.5]},
								"down": {"uv": [8, 42.5], "uv_size": [0.5, -0.5]}
							}
						},
						{
							"origin": [-1.12812, -0.16969, -2.12066],
							"size": [0.59375, 0.35625, 0.14757],
							"uv": {
								"east": {"uv": [42, 8], "uv_size": [0.5, 0.5]},
								"up": {"uv": [10, 42], "uv_size": [0.5, 0.5]},
								"down": {"uv": [42, 10.5], "uv_size": [0.5, -0.5]}
							}
						},
						{
							"origin": [1.24688, -0.22906, -1.54219],
							"size": [0.17812, 0.28204, 1.57344],
							"uv": {
								"east": {"uv": [23, 14], "uv_size": [1.5, 0.5]},
								"south": {"uv": [12, 42], "uv_size": [0.5, 0.5]},
								"west": {"uv": [23, 22], "uv_size": [1.5, 0.5]},
								"up": {"uv": [15, 23], "uv_size": [0.5, 1.5]},
								"down": {"uv": [0, 25.5], "uv_size": [0.5, -1.5]}
							}
						},
						{
							"origin": [1.24688, -0.30411, -1.64864],
							"size": [0.17812, 0.2375, 0.475],
							"pivot": [1.36563, -0.18536, -0.84708],
							"rotation": [-22.5, 0, 0],
							"uv": {
								"east": {"uv": [42, 12], "uv_size": [0.5, 0.5]},
								"west": {"uv": [14, 42], "uv_size": [0.5, 0.5]},
								"up": {"uv": [42, 14], "uv_size": [0.5, 0.5]}
							}
						},
						{
							"origin": [1.24688, -0.22906, -2.28437],
							"size": [0.17812, 0.46016, 0.74219],
							"uv": {
								"east": {"uv": [30, 20], "uv_size": [1, 0.5]},
								"west": {"uv": [30, 28], "uv_size": [1, 0.5]},
								"up": {"uv": [30, 30], "uv_size": [0.5, 1]},
								"down": {"uv": [0, 32], "uv_size": [0.5, -1]}
							}
						},
						{
							"origin": [0.73309, -0.22906, -2.44563],
							"size": [0.65312, 0.46016, 0.35625],
							"pivot": [1.00027, 0.03813, -2.2675],
							"rotation": [0, -22.5, 0],
							"uv": {
								"north": {"uv": [42, 16], "uv_size": [0.5, 0.5]},
								"south": {"uv": [42, 18], "uv_size": [0.5, 0.5]},
								"up": {"uv": [42, 20], "uv_size": [0.5, 0.5]},
								"down": {"uv": [42, 28.5], "uv_size": [0.5, -0.5]}
							}
						},
						{
							"origin": [-1.24687, 0.4699, -4.00625],
							"size": [0.2375, 0.4427, 1.06875],
							"pivot": [-0.05937, 0.69125, -3.47187],
							"rotation": [-45, 0, 0],
							"uv": {
								"north": {"uv": [30, 42], "uv_size": [0.5, 0.5]},
								"east": {"uv": [31, 0], "uv_size": [1, 0.5]},
								"south": {"uv": [42, 30], "uv_size": [0.5, 0.5]},
								"west": {"uv": [31, 2], "uv_size": [1, 0.5]}
							}
						},
						{
							"origin": [-1.24687, 0.4699, -4.00625],
							"size": [0.2375, 0.4427, 1.06875],
							"uv": {
								"north": {"uv": [32, 42], "uv_size": [0.5, 0.5]},
								"east": {"uv": [4, 31], "uv_size": [1, 0.5]},
								"south": {"uv": [42, 32], "uv_size": [0.5, 0.5]}
							}
						},
						{
							"origin": [-1.24687, 0.15687, -3.69322],
							"size": [0.2375, 1.06875, 0.4427],
							"pivot": [-0.05937, 0.69125, -3.47187],
							"rotation": [-45, 0, 0],
							"uv": {
								"north": {"uv": [31, 4], "uv_size": [0.5, 1]},
								"east": {"uv": [16, 31], "uv_size": [0.5, 1]},
								"south": {"uv": [18, 31], "uv_size": [0.5, 1]},
								"west": {"uv": [20, 31], "uv_size": [0.5, 1]},
								"up": {"uv": [34, 42], "uv_size": [0.5, 0.5]},
								"down": {"uv": [42, 34.5], "uv_size": [0.5, -0.5]}
							}
						},
						{
							"origin": [-1.24687, 0.15687, -3.69322],
							"size": [0.2375, 1.06875, 0.4427],
							"uv": {
								"north": {"uv": [22, 31], "uv_size": [0.5, 1]},
								"east": {"uv": [31, 22], "uv_size": [0.5, 1]},
								"south": {"uv": [24, 31], "uv_size": [0.5, 1]},
								"west": {"uv": [31, 24], "uv_size": [0.5, 1]},
								"up": {"uv": [36, 42], "uv_size": [0.5, 0.5]},
								"down": {"uv": [42, 36.5], "uv_size": [0.5, -0.5]}
							}
						},
						{
							"origin": [0.83125, 1.19594, -3.70937],
							"size": [0.17812, 0.11875, 1.72187],
							"uv": {
								"west": {"uv": [21, 2], "uv_size": [2, 0.5]},
								"up": {"uv": [4, 21], "uv_size": [0.5, 2]}
							}
						},
						{
							"origin": [0.83125, 1.19594, -1.9875],
							"size": [0.17812, 1.06875, 1.425],
							"uv": {
								"north": {"uv": [26, 31], "uv_size": [0.5, 1]},
								"east": {"uv": [2, 15], "uv_size": [1.5, 1]},
								"west": {"uv": [15, 2], "uv_size": [1.5, 1]}
							}
						},
						{
							"origin": [-0.7125, 2.38344, -1.9875],
							"size": [1.425, 0.17813, 1.425],
							"uv": {
								"north": {"uv": [2, 24], "uv_size": [1.5, 0.5]},
								"south": {"uv": [24, 2], "uv_size": [1.5, 0.5]},
								"up": {"uv": [0, 10], "uv_size": [1.5, 1.5]},
								"down": {"uv": [3, 11.5], "uv_size": [1.5, -1.5]}
							}
						},
						{
							"origin": [0.83125, 1.07468, -0.75323],
							"size": [0.17812, 1.1875, 0.41563],
							"pivot": [0.92031, 1.69812, -0.45636],
							"rotation": [22.5, 0, 0],
							"uv": {
								"east": {"uv": [5, 24], "uv_size": [0.5, 1.5]},
								"south": {"uv": [24, 8], "uv_size": [0.5, 1.5]},
								"west": {"uv": [24, 11], "uv_size": [0.5, 1.5]}
							}
						},
						{
							"origin": [-1.00937, 1.19594, -3.70937],
							"size": [0.17812, 0.11875, 1.72187],
							"uv": {
								"east": {"uv": [21, 4], "uv_size": [2, 0.5]},
								"up": {"uv": [6, 21], "uv_size": [0.5, 2]}
							}
						},
						{
							"origin": [-1.00937, 1.07468, -0.75323],
							"size": [0.17812, 1.1875, 0.41563],
							"pivot": [-0.92031, 1.69812, -0.45636],
							"rotation": [22.5, 0, 0],
							"uv": {
								"east": {"uv": [24, 16], "uv_size": [0.5, 1.5]},
								"south": {"uv": [17, 24], "uv_size": [0.5, 1.5]},
								"west": {"uv": [19, 24], "uv_size": [0.5, 1.5]}
							}
						},
						{
							"origin": [-0.83125, 0.83969, -3.82812],
							"size": [1.6625, 0.35625, 0.11875],
							"uv": {
								"east": {"uv": [38, 42], "uv_size": [0.5, 0.5]},
								"west": {"uv": [42, 38], "uv_size": [0.5, 0.5]},
								"up": {"uv": [8, 21], "uv_size": [2, 0.5]}
							}
						},
						{
							"origin": [-1.00937, 1.48817, -2.3679],
							"size": [0.17812, 0.29688, 0.53438],
							"pivot": [0, 1.57723, -1.77415],
							"rotation": [45, 0, 0],
							"uv": {
								"east": {"uv": [40, 42], "uv_size": [0.5, 0.5]},
								"west": {"uv": [42, 40], "uv_size": [0.5, 0.5]},
								"up": {"uv": [42, 42], "uv_size": [0.5, 0.5]}
							}
						},
						{
							"origin": [0.83125, 1.48817, -2.3679],
							"size": [0.17812, 0.29688, 0.53438],
							"pivot": [0, 1.57723, -1.77415],
							"rotation": [45, 0, 0],
							"uv": {
								"east": {"uv": [0, 43], "uv_size": [0.5, 0.5]},
								"west": {"uv": [43, 0], "uv_size": [0.5, 0.5]},
								"up": {"uv": [43, 2], "uv_size": [0.5, 0.5]}
							}
						},
						{
							"origin": [-1.00937, 0.06781, -3.70937],
							"size": [2.01875, 1.12812, 3.62187],
							"uv": {
								"east": {"uv": [0, 5], "uv_size": [4, 1]},
								"south": {"uv": [6, 12], "uv_size": [2, 1]},
								"west": {"uv": [5, 5], "uv_size": [4, 1]},
								"up": {"uv": [0, 0], "uv_size": [2, 4]},
								"down": {"uv": [3, 4], "uv_size": [2, -4]}
							}
						},
						{
							"origin": [1.00937, -0.16969, -1.0375],
							"size": [0.29688, 1.60312, 0.83125],
							"uv": {
								"north": {"uv": [24, 19], "uv_size": [0.5, 1.5]},
								"east": {"uv": [15, 6], "uv_size": [1, 1.5]},
								"up": {"uv": [31, 26], "uv_size": [0.5, 1]},
								"down": {"uv": [28, 32], "uv_size": [0.5, -1]}
							}
						},
						{
							"origin": [-0.89062, 0.06781, -0.0875],
							"size": [1.78125, 0.475, 0.2375],
							"uv": {
								"east": {"uv": [2, 32], "uv_size": [0.5, 1]},
								"south": {"uv": [12, 7], "uv_size": [2, 1]},
								"west": {"uv": [6, 32], "uv_size": [0.5, 1]},
								"down": {"uv": [21, 8.5], "uv_size": [2, -0.5]}
							}
						},
						{
							"origin": [0.45822, 1.94769, -1.9875],
							"size": [0.41985, 0.17812, 1.425],
							"pivot": [1.11135, 2.03675, -1.0375],
							"rotation": [0, 0, 45],
							"uv": {
								"north": {"uv": [4, 43], "uv_size": [0.5, 0.5]},
								"south": {"uv": [43, 4], "uv_size": [0.5, 0.5]},
								"up": {"uv": [21, 24], "uv_size": [0.5, 1.5]},
								"down": {"uv": [23, 25.5], "uv_size": [0.5, -1.5]}
							}
						},
						{
							"origin": [-0.89062, 0.46799, -0.22615],
							"size": [1.78125, 0.63829, 0.2375],
							"pivot": [0, 0.85393, -0.1074],
							"rotation": [22.5, 0, 0],
							"uv": {
								"east": {"uv": [16, 43], "uv_size": [0.5, 0.5]},
								"south": {"uv": [21, 10], "uv_size": [2, 0.5]},
								"west": {"uv": [18, 43], "uv_size": [0.5, 0.5]}
							}
						},
						{
							"origin": [1.00937, -0.16969, -0.20625],
							"size": [0.29688, 1.36562, 0.2375],
							"uv": {
								"east": {"uv": [25, 4], "uv_size": [0.5, 1.5]},
								"south": {"uv": [7, 25], "uv_size": [0.5, 1.5]},
								"down": {"uv": [20, 43.5], "uv_size": [0.5, -0.5]}
							}
						},
						{
							"origin": [-0.9254, 1.08737, -3.70937],
							"size": [0.17812, 0.11875, 3.50313],
							"pivot": [-0.74728, 1.14675, -2.84844],
							"rotation": [0, 0, 45],
							"uv": {
								"north": {"uv": [22, 43], "uv_size": [0.5, 0.5]},
								"south": {"uv": [43, 22], "uv_size": [0.5, 0.5]},
								"up": {"uv": [9, 12], "uv_size": [0.5, 3.5]}
							}
						},
						{
							"origin": [1.00937, 1.07446, -0.26202],
							"size": [0.29688, 0.33587, 0.2375],
							"pivot": [1.15781, 1.20252, -0.14327],
							"rotation": [45, 0, 0],
							"uv": {
								"east": {"uv": [24, 43], "uv_size": [0.5, 0.5]},
								"south": {"uv": [43, 24], "uv_size": [0.5, 0.5]},
								"west": {"uv": [26, 43], "uv_size": [0.5, 0.5]}
							}
						},
						{
							"origin": [-1.00937, 1.19594, -1.9875],
							"size": [0.17812, 1.06875, 1.425],
							"uv": {
								"north": {"uv": [32, 6], "uv_size": [0.5, 1]},
								"east": {"uv": [15, 11], "uv_size": [1.5, 1]},
								"west": {"uv": [13, 15], "uv_size": [1.5, 1]}
							}
						},
						{
							"origin": [0.74728, 1.08737, -3.70937],
							"size": [0.17812, 0.11875, 3.50313],
							"pivot": [0.74728, 1.14675, -2.84844],
							"rotation": [0, 0, -45],
							"uv": {
								"north": {"uv": [43, 26], "uv_size": [0.5, 0.5]},
								"south": {"uv": [28, 43], "uv_size": [0.5, 0.5]},
								"west": {"uv": [12, 9], "uv_size": [3.5, 0.5]},
								"up": {"uv": [11, 12], "uv_size": [0.5, 3.5]},
								"down": {"uv": [0, 16.5], "uv_size": [0.5, -3.5]}
							}
						},
						{
							"origin": [-0.87808, 1.94769, -1.9875],
							"size": [0.41985, 0.17812, 1.425],
							"pivot": [-1.11135, 2.03675, -1.0375],
							"rotation": [0, 0, -45],
							"uv": {
								"north": {"uv": [2, 44], "uv_size": [0.5, 0.5]},
								"south": {"uv": [6, 44], "uv_size": [0.5, 0.5]},
								"up": {"uv": [9, 25], "uv_size": [0.5, 1.5]},
								"down": {"uv": [11, 26.5], "uv_size": [0.5, -1.5]}
							}
						},
						{
							"origin": [-1.00937, 0.43301, -4.07457],
							"size": [0.17812, 0.51648, 0.475],
							"pivot": [-0.53437, 0.69125, -3.45114],
							"rotation": [-45, 0, 0],
							"uv": {
								"north": {"uv": [44, 6], "uv_size": [0.5, 0.5]},
								"east": {"uv": [8, 44], "uv_size": [0.5, 0.5]},
								"west": {"uv": [44, 8], "uv_size": [0.5, 0.5]}
							}
						},
						{
							"origin": [0.83125, 0.43301, -4.07457],
							"size": [0.41563, 0.51648, 0.475],
							"pivot": [1.30625, 0.69125, -3.45114],
							"rotation": [-45, 0, 0],
							"uv": {
								"north": {"uv": [10, 44], "uv_size": [0.5, 0.5]},
								"east": {"uv": [44, 10], "uv_size": [0.5, 0.5]},
								"west": {"uv": [12, 44], "uv_size": [0.5, 0.5]}
							}
						},
						{
							"origin": [-0.83125, 0.43301, -4.07457],
							"size": [1.6625, 0.34854, 0.475],
							"pivot": [1.12813, 0.69125, -3.45114],
							"rotation": [-45, 0, 0],
							"uv": {
								"north": {"uv": [21, 12], "uv_size": [2, 0.5]}
							}
						},
						{
							"origin": [-1.00937, 0.43301, -4.07457],
							"size": [2.25625, 0.51648, 0.475],
							"uv": {
								"north": {"uv": [8, 17], "uv_size": [2.5, 0.5]},
								"east": {"uv": [44, 12], "uv_size": [0.5, 0.5]},
								"west": {"uv": [14, 44], "uv_size": [0.5, 0.5]}
							}
						},
						{
							"origin": [1.00937, 0.06781, -3.70937],
							"size": [0.2375, 1.24687, 0.5848],
							"uv": {
								"west": {"uv": [13, 25], "uv_size": [0.5, 1.5]},
								"up": {"uv": [44, 14], "uv_size": [0.5, 0.5]},
								"down": {"uv": [44, 16.5], "uv_size": [0.5, -0.5]}
							}
						},
						{
							"origin": [0.8374, 0.06781, -3.29419],
							"size": [0.2375, 1.24687, 0.3473],
							"pivot": [0.95615, 0.69125, -3.00179],
							"rotation": [0, -45, 0],
							"uv": {
								"west": {"uv": [25, 24], "uv_size": [0.5, 1.5]},
								"up": {"uv": [44, 18], "uv_size": [0.5, 0.5]},
								"down": {"uv": [44, 20.5], "uv_size": [0.5, -0.5]}
							}
						},
						{
							"origin": [-1.00937, 0.06781, -3.70937],
							"size": [2.25625, 0.475, 0.51648],
							"pivot": [-0.53437, 0.69125, -3.45114],
							"rotation": [-45, 0, 0],
							"uv": {
								"east": {"uv": [44, 28], "uv_size": [0.5, 0.5]},
								"west": {"uv": [30, 44], "uv_size": [0.5, 0.5]},
								"down": {"uv": [12, 17.5], "uv_size": [2.5, -0.5]}
							}
						}
					]
				},
				{
					"name": "bone",
					"parent": "scope_body",
					"pivot": [0, 0, -0.3125],
					"cubes": [
						{
							"origin": [-0.87808, 1.46794, -1.3],
							"size": [0.41985, 0.17812, 0.425],
							"pivot": [-1.11135, 1.54138, -1.35],
							"rotation": [0, 0, 45],
							"uv": {
								"south": {"uv": [2, 2.5], "uv_size": [0.5, -0.5]}
							}
						},
						{
							"origin": [-0.7125, 1.07906, -1.3],
							"size": [1.425, 0.17813, 0.425],
							"uv": {
								"south": {"uv": [0, 4.5], "uv_size": [1.5, -0.5]}
							}
						},
						{
							"origin": [0.45822, 1.46794, -1.3],
							"size": [0.41985, 0.17812, 0.425],
							"pivot": [1.11135, 1.54138, -1.35],
							"rotation": [0, 0, -45],
							"uv": {
								"south": {"uv": [2, 3.5], "uv_size": [0.5, -0.5]}
							}
						},
						{
							"origin": [0.76875, 1.19594, -1.3],
							"size": [0.17812, 1.06875, 0.425],
							"uv": {
								"south": {"uv": [2, 1], "uv_size": [0.5, 1]}
							}
						},
						{
							"origin": [0.45822, 1.88519, -1.3],
							"size": [0.41985, 0.17812, 0.425],
							"pivot": [1.11135, 2.03675, -1.35],
							"rotation": [0, 0, 45],
							"uv": {
								"south": {"uv": [2, 3], "uv_size": [0.5, 0.5]}
							}
						},
						{
							"origin": [-0.7125, 2.32094, -1.3],
							"size": [1.425, 0.17813, 0.425],
							"uv": {
								"south": {"uv": [0, 4], "uv_size": [1.5, 0.5]}
							}
						},
						{
							"origin": [-0.87808, 1.88519, -1.3],
							"size": [0.41985, 0.17812, 0.425],
							"pivot": [-1.11135, 2.03675, -1.35],
							"rotation": [0, 0, -45],
							"uv": {
								"south": {"uv": [2, 2], "uv_size": [0.5, 0.5]}
							}
						},
						{
							"origin": [-0.94687, 1.19594, -1.3],
							"size": [0.17812, 1.06875, 0.425],
							"uv": {
								"south": {"uv": [2, 0], "uv_size": [0.5, 1]}
							}
						}
					]
				},
				{
					"name": "knobs",
					"parent": "scope_body",
					"pivot": [0, 20.35625, -1.75]
				},
				{
					"name": "octagon3",
					"parent": "knobs",
					"pivot": [0, 20.35625, -1.75]
				},
				{
					"name": "octagon",
					"parent": "knobs",
					"pivot": [0, 20.35625, -1.75]
				},
				{
					"name": "screws",
					"parent": "scope_body",
					"pivot": [0, 20.31427, -0.5625]
				},
				{
					"name": "pattern",
					"parent": "scope_body",
					"pivot": [-8.03047, 8.11313, 6.0875],
					"cubes": [
						{
							"origin": [1.24688, 1.73031, -2.10625],
							"size": [0.00095, 0.38, 1.52],
							"uv": {
								"north": {"uv": [3.5, 17], "uv_size": [0, 0.25]},
								"south": {"uv": [4.5, 17], "uv_size": [0, 0.25]},
								"west": {"uv": [58, 5.25], "uv_size": [64, 16]},
								"up": {"uv": [8, 45], "uv_size": [0, 1.5]},
								"down": {"uv": [8.5, 46.5], "uv_size": [0, -1.5]}
							}
						},
						{
							"origin": [-1.24782, 1.73031, -2.10625],
							"size": [0.00095, 0.38, 1.52],
							"uv": {
								"north": {"uv": [3.5, 17], "uv_size": [0, 0.25]},
								"east": {"uv": [58, 5.75], "uv_size": [64, 16]},
								"south": {"uv": [4.5, 17], "uv_size": [0, 0.25]},
								"up": {"uv": [8, 45], "uv_size": [0, 1.5]},
								"down": {"uv": [8.5, 46.5], "uv_size": [0, -1.5]}
							}
						}
					]
				},
				{
					"name": "division",
					"pivot": [0, -0.0625, -72]
				},
				{
					"name": "division_illuminated",
					"parent": "division",
					"pivot": [0, 2.06375, -103.3],
					"cubes": [
						{
							"origin": [-1.5, 0.31375, -106],
							"size": [3, 3, 0.3],
							"uv": {
								"south": {"uv": [57.125, 60], "uv_size": [64, 64]}
							}
						}
					]
				},
				{
					"name": "ocular",
					"pivot": [0.02968, 1.91172, -2.40668],
					"cubes": [
						{
							"origin": [-0.8295, 1.18052, -0.794],
							"size": [1.67151, 1.21241, 0.02463],
							"uv": {
								"south": {"uv": [6, 7], "uv_size": [2, 1.5]}
							}
						}
					]
				},
				{
					"name": "scope_view",
					"pivot": [0, 1.825, 16]
				}
			]
		}
	]
}