{
	"format_version": "1.12.0",
	"minecraft:geometry": [
		{
			"description": {
				"identifier": "geometry.sight_sro_dot - Converted",
				"texture_width": 256,
				"texture_height": 256,
				"visible_bounds_width": 11,
				"visible_bounds_height": 1.5,
				"visible_bounds_offset": [0, 0.25, 0]
			},
			"bones": [
				{
					"name": "scope_view",
					"pivot": [0, 0.78125, 7]
				},
				{
					"name": "scope_body",
					"pivot": [0, 18.95, 0],
					"cubes": [
						{
							"origin": [-0.62184, -0.00483, -0.75711],
							"size": [1.24055, 0.29225, 0.68378],
							"uv": {
								"north": {"uv": [0, 4], "uv_size": [1, 0.5]},
								"east": {"uv": [7, 9], "uv_size": [0.5, 0.5]},
								"south": {"uv": [1, 4], "uv_size": [1, 0.5]},
								"west": {"uv": [9, 7], "uv_size": [0.5, 0.5]},
								"up": {"uv": [4, 1], "uv_size": [1, 0.5]},
								"down": {"uv": [4, 2.5], "uv_size": [1, -0.5]}
							}
						},
						{
							"origin": [0.19066, 0.10455, -0.63211],
							"size": [0.42805, 0.10475, 0.43378],
							"inflate": 0.001,
							"uv": {
								"west": {"uv": [20, 101], "uv_size": [20, 5]}
							}
						},
						{
							"origin": [-0.63434, 0.10455, -0.63211],
							"size": [0.42805, 0.10475, 0.43378],
							"inflate": 0.001,
							"uv": {
								"east": {"uv": [20, 101], "uv_size": [20, 5]}
							}
						},
						{
							"origin": [-0.62184, -0.00483, -2.06251],
							"size": [1.24055, 0.29225, 0.68378],
							"uv": {
								"north": {"uv": [4, 3], "uv_size": [1, 0.5]},
								"east": {"uv": [8, 9], "uv_size": [0.5, 0.5]},
								"south": {"uv": [4, 4], "uv_size": [1, 0.5]},
								"west": {"uv": [9, 8], "uv_size": [0.5, 0.5]},
								"up": {"uv": [0, 5], "uv_size": [1, 0.5]},
								"down": {"uv": [5, 0.5], "uv_size": [1, -0.5]}
							}
						},
						{
							"origin": [-0.62183, 0.2718, -2.43751],
							"size": [1.24055, 0.12038, 0.73438],
							"uv": {
								"north": {"uv": [8, 5], "uv_size": [1, 0.5]},
								"east": {"uv": [17, 5], "uv_size": [0.5, 0.5]},
								"south": {"uv": [6, 8], "uv_size": [1, 0.5]},
								"west": {"uv": [6, 17], "uv_size": [0.5, 0.5]},
								"up": {"uv": [8, 6], "uv_size": [1, 0.5]},
								"down": {"uv": [7, 8.5], "uv_size": [1, -0.5]}
							}
						},
						{
							"origin": [-0.55933, 0.2718, -1.70313],
							"size": [1.11555, 0.12038, 0.32813],
							"uv": {
								"north": {"uv": [3, 9], "uv_size": [1, 0.5]},
								"east": {"uv": [17, 8], "uv_size": [0.5, 0.5]},
								"south": {"uv": [9, 3], "uv_size": [1, 0.5]},
								"west": {"uv": [9, 17], "uv_size": [0.5, 0.5]},
								"up": {"uv": [4, 9], "uv_size": [1, 0.5]},
								"down": {"uv": [9, 4.5], "uv_size": [1, -0.5]}
							}
						},
						{
							"origin": [-0.55933, -0.01478, -1.41459],
							"size": [1.11555, 0.12038, 0.32813],
							"pivot": [0.00001, 0.06818, -0.08646],
							"rotation": [-12.5, 0, 0],
							"uv": {
								"north": {"uv": [5, 9], "uv_size": [1, 0.5]},
								"east": {"uv": [17, 9], "uv_size": [0.5, 0.5]},
								"south": {"uv": [9, 5], "uv_size": [1, 0.5]},
								"west": {"uv": [10, 17], "uv_size": [0.5, 0.5]},
								"up": {"uv": [6, 9], "uv_size": [1, 0.5]},
								"down": {"uv": [9, 6.5], "uv_size": [1, -0.5]}
							}
						},
						{
							"origin": [-0.62183, -0.17658, -2.46844],
							"size": [1.24055, 0.12038, 0.39063],
							"pivot": [0.00001, -0.09363, -0.40593],
							"rotation": [-12.5, 0, 0],
							"uv": {
								"north": {"uv": [1, 9], "uv_size": [1, 0.5]},
								"east": {"uv": [17, 7], "uv_size": [0.5, 0.5]},
								"south": {"uv": [9, 1], "uv_size": [1, 0.5]},
								"west": {"uv": [8, 17], "uv_size": [0.5, 0.5]},
								"up": {"uv": [2, 9], "uv_size": [1, 0.5]},
								"down": {"uv": [9, 2.5], "uv_size": [1, -0.5]}
							}
						},
						{
							"origin": [-0.62183, 0.25617, -1.68751],
							"size": [1.24054, 0.08939, 0.4233],
							"uv": {
								"north": {"uv": [8, 7], "uv_size": [1, 0.5]},
								"east": {"uv": [17, 6], "uv_size": [0.5, 0.5]},
								"south": {"uv": [8, 8], "uv_size": [1, 0.5]},
								"west": {"uv": [7, 17], "uv_size": [0.5, 0.5]},
								"up": {"uv": [0, 9], "uv_size": [1, 0.5]},
								"down": {"uv": [9, 0.5], "uv_size": [1, -0.5]}
							}
						},
						{
							"origin": [-0.55967, -0.00483, -1.37873],
							"size": [1.11622, 0.06217, 0.62162],
							"uv": {
								"north": {"uv": [1, 5], "uv_size": [1, 0.5]},
								"east": {"uv": [9, 9], "uv_size": [0.5, 0.5]},
								"south": {"uv": [5, 1], "uv_size": [1, 0.5]},
								"west": {"uv": [0, 10], "uv_size": [0.5, 0.5]},
								"up": {"uv": [2, 5], "uv_size": [1, 0.5]},
								"down": {"uv": [5, 2.5], "uv_size": [1, -0.5]}
							}
						},
						{
							"origin": [-0.20628, -0.31057, -1.37873],
							"size": [0.08792, 0.06216, 0.62162],
							"pivot": [0.03005, 0.375, -1.22477],
							"rotation": [0, 0, 45],
							"uv": {
								"north": {"uv": [10, 0], "uv_size": [0.5, 0.5]},
								"east": {"uv": [1, 10], "uv_size": [0.5, 0.5]},
								"south": {"uv": [10, 1], "uv_size": [0.5, 0.5]},
								"west": {"uv": [2, 10], "uv_size": [0.5, 0.5]},
								"up": {"uv": [10, 2], "uv_size": [0.5, 0.5]},
								"down": {"uv": [3, 10.5], "uv_size": [0.5, -0.5]}
							}
						},
						{
							"origin": [-0.62184, 0.05734, -1.37873],
							"size": [1.24055, 0.23008, 0.62162],
							"uv": {
								"north": {"uv": [3, 5], "uv_size": [1, 0.5]},
								"east": {"uv": [10, 3], "uv_size": [0.5, 0.5]},
								"south": {"uv": [5, 3], "uv_size": [1, 0.5]},
								"west": {"uv": [4, 10], "uv_size": [0.5, 0.5]},
								"up": {"uv": [4, 5], "uv_size": [1, 0.5]},
								"down": {"uv": [5, 4.5], "uv_size": [1, -0.5]}
							}
						},
						{
							"origin": [0.13376, -0.26587, -1.37873],
							"size": [0.08791, 0.06216, 0.62162],
							"pivot": [0.03005, 0.375, -1.22477],
							"rotation": [0, 0, -45],
							"uv": {
								"north": {"uv": [10, 4], "uv_size": [0.5, 0.5]},
								"east": {"uv": [5, 10], "uv_size": [0.5, 0.5]},
								"south": {"uv": [10, 5], "uv_size": [0.5, 0.5]},
								"west": {"uv": [6, 10], "uv_size": [0.5, 0.5]},
								"up": {"uv": [10, 6], "uv_size": [0.5, 0.5]},
								"down": {"uv": [7, 10.5], "uv_size": [0.5, -0.5]}
							}
						},
						{
							"origin": [-0.55966, 0.28741, -2.06251],
							"size": [1.11621, 0.06217, 1.05675],
							"uv": {
								"north": {"uv": [5, 5], "uv_size": [1, 0.5]},
								"east": {"uv": [0, 6], "uv_size": [1, 0.5]},
								"south": {"uv": [6, 0], "uv_size": [1, 0.5]},
								"west": {"uv": [1, 6], "uv_size": [1, 0.5]},
								"up": {"uv": [0, 0], "uv_size": [1, 1]},
								"down": {"uv": [0, 2], "uv_size": [1, -1]}
							}
						},
						{
							"origin": [-0.43804, 0.44972, -1.05192],
							"size": [0.87297, 0.06216, 0.12432],
							"pivot": [0.03005, 0.375, -1.22477],
							"rotation": [-45, 0, 0],
							"uv": {
								"north": {"uv": [6, 1], "uv_size": [1, 0.5]},
								"east": {"uv": [10, 7], "uv_size": [0.5, 0.5]},
								"south": {"uv": [2, 6], "uv_size": [1, 0.5]},
								"west": {"uv": [8, 10], "uv_size": [0.5, 0.5]},
								"up": {"uv": [6, 2], "uv_size": [1, 0.5]},
								"down": {"uv": [3, 6.5], "uv_size": [1, -0.5]}
							}
						},
						{
							"origin": [-0.43804, 0.06281, -0.87406],
							"size": [0.87296, 0.06216, 0.18649],
							"pivot": [0.03005, 0.375, -1.22477],
							"rotation": [22.5, 0, 0],
							"uv": {
								"north": {"uv": [6, 3], "uv_size": [1, 0.5]},
								"east": {"uv": [10, 8], "uv_size": [0.5, 0.5]},
								"south": {"uv": [4, 6], "uv_size": [1, 0.5]},
								"west": {"uv": [9, 10], "uv_size": [0.5, 0.5]},
								"up": {"uv": [6, 4], "uv_size": [1, 0.5]},
								"down": {"uv": [5, 6.5], "uv_size": [1, -0.5]}
							}
						},
						{
							"origin": [-0.04741, 0.09406, -0.92093],
							"size": [0.09171, 0.04653, 0.10836],
							"pivot": [0.03005, 0.40625, -1.22477],
							"rotation": [22.5, 0, 0],
							"uv": {
								"north": {"uv": [18, 9], "uv_size": [0.5, 0.5]},
								"east": {"uv": [10, 18], "uv_size": [0.5, 0.5]},
								"south": {"uv": [18, 10], "uv_size": [0.5, 0.5]},
								"west": {"uv": [11, 18], "uv_size": [0.5, 0.5]},
								"up": {"uv": [18, 11], "uv_size": [0.5, 0.5]},
								"down": {"uv": [12, 18.5], "uv_size": [0.5, -0.5]}
							}
						},
						{
							"origin": [0.43493, 0.28741, -1.00576],
							"size": [0.12162, 0.06217, 0.37298],
							"uv": {
								"north": {"uv": [10, 9], "uv_size": [0.5, 0.5]},
								"east": {"uv": [10, 10], "uv_size": [0.5, 0.5]},
								"south": {"uv": [0, 11], "uv_size": [0.5, 0.5]},
								"west": {"uv": [11, 0], "uv_size": [0.5, 0.5]},
								"up": {"uv": [1, 11], "uv_size": [0.5, 0.5]},
								"down": {"uv": [11, 1.5], "uv_size": [0.5, -0.5]}
							}
						},
						{
							"origin": [-0.55967, 0.28741, -1.00576],
							"size": [0.12163, 0.06217, 0.37298],
							"uv": {
								"north": {"uv": [2, 11], "uv_size": [0.5, 0.5]},
								"east": {"uv": [11, 2], "uv_size": [0.5, 0.5]},
								"south": {"uv": [3, 11], "uv_size": [0.5, 0.5]},
								"west": {"uv": [11, 3], "uv_size": [0.5, 0.5]},
								"up": {"uv": [4, 11], "uv_size": [0.5, 0.5]},
								"down": {"uv": [11, 4.5], "uv_size": [0.5, -0.5]}
							}
						},
						{
							"origin": [-0.55966, 0.28741, -0.63278],
							"size": [1.11621, 0.06217, 0.55945],
							"uv": {
								"north": {"uv": [6, 5], "uv_size": [1, 0.5]},
								"east": {"uv": [5, 11], "uv_size": [0.5, 0.5]},
								"south": {"uv": [6, 6], "uv_size": [1, 0.5]},
								"west": {"uv": [11, 5], "uv_size": [0.5, 0.5]},
								"up": {"uv": [0, 7], "uv_size": [1, 0.5]},
								"down": {"uv": [7, 0.5], "uv_size": [1, -0.5]}
							}
						},
						{
							"origin": [-0.49284, 0.71488, -2.06251],
							"size": [0.08792, 0.05913, 1.98918],
							"pivot": [0.03005, 0.375, -1.22477],
							"rotation": [0, 0, -45],
							"uv": {
								"north": {"uv": [6, 11], "uv_size": [0.5, 0.5]},
								"east": {"uv": [1, 0], "uv_size": [2, 0.5]},
								"south": {"uv": [11, 6], "uv_size": [0.5, 0.5]},
								"west": {"uv": [1, 1], "uv_size": [2, 0.5]},
								"up": {"uv": [0, 2], "uv_size": [0.5, 2]},
								"down": {"uv": [1, 4], "uv_size": [0.5, -2]}
							}
						},
						{
							"origin": [0.42032, 0.67018, -2.06251],
							"size": [0.08791, 0.05913, 1.98918],
							"pivot": [0.03005, 0.375, -1.22477],
							"rotation": [0, 0, 45],
							"uv": {
								"north": {"uv": [7, 11], "uv_size": [0.5, 0.5]},
								"east": {"uv": [2, 2], "uv_size": [2, 0.5]},
								"south": {"uv": [11, 7], "uv_size": [0.5, 0.5]},
								"west": {"uv": [3, 0], "uv_size": [2, 0.5]},
								"up": {"uv": [2, 3], "uv_size": [0.5, 2]},
								"down": {"uv": [3, 5], "uv_size": [0.5, -2]}
							}
						},
						{
							"origin": [-0.62183, 0.34992, -2.39392],
							"size": [0.12163, 0.93243, 0.66521],
							"uv": {
								"north": {"uv": [1, 7], "uv_size": [0.5, 1]},
								"east": {"uv": [7, 1], "uv_size": [0.5, 1]},
								"south": {"uv": [2, 7], "uv_size": [0.5, 1]},
								"west": {"uv": [7, 2], "uv_size": [0.5, 1]},
								"up": {"uv": [8, 11], "uv_size": [0.5, 0.5]},
								"down": {"uv": [11, 8.5], "uv_size": [0.5, -0.5]}
							}
						},
						{
							"origin": [-1.0283, 0.57395, -2.39392],
							"size": [0.12892, 0.17702, 0.66521],
							"pivot": [0.03005, 0.4375, -1.59977],
							"rotation": [0, 0, 45],
							"uv": {
								"north": {"uv": [9, 11], "uv_size": [0.5, 0.5]},
								"east": {"uv": [11, 9], "uv_size": [0.5, 0.5]},
								"south": {"uv": [10, 11], "uv_size": [0.5, 0.5]},
								"west": {"uv": [11, 10], "uv_size": [0.5, 0.5]},
								"up": {"uv": [11, 11], "uv_size": [0.5, 0.5]},
								"down": {"uv": [0, 12.5], "uv_size": [0.5, -0.5]}
							}
						},
						{
							"origin": [-0.49666, 1.24872, -2.39392],
							"size": [0.12433, 0.1588, 0.66521],
							"uv": {
								"north": {"uv": [12, 0], "uv_size": [0.5, 0.5]},
								"east": {"uv": [1, 12], "uv_size": [0.5, 0.5]},
								"south": {"uv": [12, 1], "uv_size": [0.5, 0.5]},
								"west": {"uv": [2, 12], "uv_size": [0.5, 0.5]},
								"up": {"uv": [12, 2], "uv_size": [0.5, 0.5]},
								"down": {"uv": [3, 12.5], "uv_size": [0.5, -0.5]}
							}
						},
						{
							"origin": [0.36922, 1.24872, -2.39392],
							"size": [0.12432, 0.1588, 0.66521],
							"uv": {
								"north": {"uv": [12, 3], "uv_size": [0.5, 0.5]},
								"east": {"uv": [4, 12], "uv_size": [0.5, 0.5]},
								"south": {"uv": [12, 4], "uv_size": [0.5, 0.5]},
								"west": {"uv": [5, 12], "uv_size": [0.5, 0.5]},
								"up": {"uv": [12, 5], "uv_size": [0.5, 0.5]},
								"down": {"uv": [6, 12.5], "uv_size": [0.5, -0.5]}
							}
						},
						{
							"origin": [-0.27284, 1.24245, -2.39392],
							"size": [0.54257, 0.11674, 0.66521],
							"uv": {
								"north": {"uv": [12, 6], "uv_size": [0.5, 0.5]},
								"east": {"uv": [7, 12], "uv_size": [0.5, 0.5]},
								"south": {"uv": [12, 7], "uv_size": [0.5, 0.5]},
								"west": {"uv": [8, 12], "uv_size": [0.5, 0.5]},
								"up": {"uv": [12, 8], "uv_size": [0.5, 0.5]},
								"down": {"uv": [9, 12.5], "uv_size": [0.5, -0.5]}
							}
						},
						{
							"origin": [-0.05409, 1.30495, -2.28454],
							"size": [0.10507, 0.08549, 0.44646],
							"uv": {
								"north": {"uv": [16, 17], "uv_size": [0.5, 0.5]},
								"east": {"uv": [17, 16], "uv_size": [0.5, 0.5]},
								"south": {"uv": [17, 17], "uv_size": [0.5, 0.5]},
								"west": {"uv": [0, 18], "uv_size": [0.5, 0.5]},
								"up": {"uv": [18, 0], "uv_size": [0.5, 0.5]},
								"down": {"uv": [1, 18.5], "uv_size": [0.5, -0.5]}
							}
						},
						{
							"origin": [-0.05409, 2.59626, -1.84372],
							"size": [0.10507, 0.08549, 0.05584],
							"pivot": [0, 1.35381, -0.2623],
							"rotation": [40, 0, 0],
							"uv": {
								"north": {"uv": [18, 1], "uv_size": [0.5, 0.5]},
								"east": {"uv": [2, 18], "uv_size": [0.5, 0.5]},
								"south": {"uv": [18, 2], "uv_size": [0.5, 0.5]},
								"west": {"uv": [3, 18], "uv_size": [0.5, 0.5]},
								"up": {"uv": [18, 3], "uv_size": [0.5, 0.5]},
								"down": {"uv": [4, 18.5], "uv_size": [0.5, -0.5]}
							}
						},
						{
							"origin": [-0.05409, 2.59626, -2.33475],
							"size": [0.10507, 0.08549, 0.05584],
							"pivot": [0, 1.35381, -3.86033],
							"rotation": [-40, 0, 0],
							"uv": {
								"north": {"uv": [18, 4], "uv_size": [0.5, 0.5]},
								"east": {"uv": [5, 18], "uv_size": [0.5, 0.5]},
								"south": {"uv": [18, 5], "uv_size": [0.5, 0.5]},
								"west": {"uv": [6, 18], "uv_size": [0.5, 0.5]},
								"up": {"uv": [18, 6], "uv_size": [0.5, 0.5]},
								"down": {"uv": [7, 18.5], "uv_size": [0.5, -0.5]}
							}
						},
						{
							"origin": [-0.38378, 1.27662, -2.39392],
							"size": [0.35845, 0.106, 0.66521],
							"pivot": [-0.23581, 1.32963, -2.06132],
							"rotation": [0, 0, 10],
							"uv": {
								"north": {"uv": [12, 9], "uv_size": [0.5, 0.5]},
								"east": {"uv": [10, 12], "uv_size": [0.5, 0.5]},
								"south": {"uv": [12, 10], "uv_size": [0.5, 0.5]},
								"west": {"uv": [11, 12], "uv_size": [0.5, 0.5]},
								"up": {"uv": [12, 11], "uv_size": [0.5, 0.5]},
								"down": {"uv": [12, 12.5], "uv_size": [0.5, -0.5]}
							}
						},
						{
							"origin": [0.02533, 1.27662, -2.39392],
							"size": [0.35845, 0.106, 0.66521],
							"pivot": [0.23581, 1.32963, -2.06132],
							"rotation": [0, 0, -10],
							"uv": {
								"north": {"uv": [0, 13], "uv_size": [0.5, 0.5]},
								"east": {"uv": [13, 0], "uv_size": [0.5, 0.5]},
								"south": {"uv": [1, 13], "uv_size": [0.5, 0.5]},
								"west": {"uv": [13, 1], "uv_size": [0.5, 0.5]},
								"up": {"uv": [2, 13], "uv_size": [0.5, 0.5]},
								"down": {"uv": [13, 2.5], "uv_size": [0.5, -0.5]}
							}
						},
						{
							"origin": [0.91478, 0.61865, -2.39392],
							"size": [0.12891, 0.17702, 0.66521],
							"pivot": [0.03005, 0.4375, -1.59977],
							"rotation": [0, 0, -45],
							"uv": {
								"north": {"uv": [3, 13], "uv_size": [0.5, 0.5]},
								"east": {"uv": [13, 3], "uv_size": [0.5, 0.5]},
								"south": {"uv": [4, 13], "uv_size": [0.5, 0.5]},
								"west": {"uv": [13, 4], "uv_size": [0.5, 0.5]},
								"up": {"uv": [5, 13], "uv_size": [0.5, 0.5]},
								"down": {"uv": [13, 5.5], "uv_size": [0.5, -0.5]}
							}
						},
						{
							"origin": [0.91478, 0.69678, -2.22204],
							"size": [0.12891, 0.06765, 0.32146],
							"inflate": 0.002,
							"pivot": [0.03005, 0.4375, -1.59977],
							"rotation": [0, 0, -45],
							"uv": {
								"west": {"uv": [35, 134], "uv_size": [10, 2.5]}
							}
						},
						{
							"origin": [-0.62183, 0.2566, -1.75786],
							"size": [0.12163, 0.9169, 0.32332],
							"pivot": [0.03005, 0.4375, -1.59977],
							"rotation": [22.5, 0, 0],
							"uv": {
								"north": {"uv": [3, 7], "uv_size": [0.5, 1]},
								"east": {"uv": [7, 3], "uv_size": [0.5, 1]},
								"south": {"uv": [4, 7], "uv_size": [0.5, 1]},
								"west": {"uv": [7, 4], "uv_size": [0.5, 1]},
								"up": {"uv": [6, 13], "uv_size": [0.5, 0.5]},
								"down": {"uv": [13, 6.5], "uv_size": [0.5, -0.5]}
							}
						},
						{
							"origin": [-0.62183, 0.13521, -1.51772],
							"size": [0.12163, 0.29527, 0.09022],
							"pivot": [0.03005, 0.4375, -1.59977],
							"rotation": [45, 0, 0],
							"uv": {
								"north": {"uv": [7, 13], "uv_size": [0.5, 0.5]},
								"east": {"uv": [13, 7], "uv_size": [0.5, 0.5]},
								"south": {"uv": [8, 13], "uv_size": [0.5, 0.5]},
								"west": {"uv": [13, 8], "uv_size": [0.5, 0.5]},
								"up": {"uv": [9, 13], "uv_size": [0.5, 0.5]},
								"down": {"uv": [13, 9.5], "uv_size": [0.5, -0.5]}
							}
						},
						{
							"origin": [0.49708, 0.13521, -1.51772],
							"size": [0.12163, 0.29527, 0.09022],
							"pivot": [0.03005, 0.4375, -1.59977],
							"rotation": [45, 0, 0],
							"uv": {
								"north": {"uv": [10, 13], "uv_size": [0.5, 0.5]},
								"east": {"uv": [13, 10], "uv_size": [0.5, 0.5]},
								"south": {"uv": [11, 13], "uv_size": [0.5, 0.5]},
								"west": {"uv": [13, 11], "uv_size": [0.5, 0.5]},
								"up": {"uv": [12, 13], "uv_size": [0.5, 0.5]},
								"down": {"uv": [13, 12.5], "uv_size": [0.5, -0.5]}
							}
						},
						{
							"origin": [-0.62183, 0.34992, -2.43751],
							"size": [0.12163, 0.45067, 0.04359],
							"uv": {
								"north": {"uv": [13, 13], "uv_size": [0.5, 0.5]},
								"east": {"uv": [0, 14], "uv_size": [0.5, 0.5]},
								"south": {"uv": [14, 0], "uv_size": [0.5, 0.5]},
								"west": {"uv": [1, 14], "uv_size": [0.5, 0.5]},
								"up": {"uv": [14, 1], "uv_size": [0.5, 0.5]},
								"down": {"uv": [2, 14.5], "uv_size": [0.5, -0.5]}
							}
						},
						{
							"origin": [0.49708, 0.34992, -2.39392],
							"size": [0.12163, 0.93243, 0.66521],
							"uv": {
								"north": {"uv": [5, 7], "uv_size": [0.5, 1]},
								"east": {"uv": [7, 5], "uv_size": [0.5, 1]},
								"south": {"uv": [6, 7], "uv_size": [0.5, 1]},
								"west": {"uv": [7, 6], "uv_size": [0.5, 1]},
								"up": {"uv": [14, 2], "uv_size": [0.5, 0.5]},
								"down": {"uv": [3, 14.5], "uv_size": [0.5, -0.5]}
							}
						},
						{
							"origin": [-0.11787, 1.25098, -2.39392],
							"size": [0.31081, 0.11126, 0.66521],
							"pivot": [0.03005, 0.4375, -1.59977],
							"rotation": [0, 0, 22.5],
							"uv": {
								"north": {"uv": [14, 3], "uv_size": [0.5, 0.5]},
								"east": {"uv": [4, 14], "uv_size": [0.5, 0.5]},
								"south": {"uv": [14, 4], "uv_size": [0.5, 0.5]},
								"west": {"uv": [5, 14], "uv_size": [0.5, 0.5]},
								"up": {"uv": [14, 5], "uv_size": [0.5, 0.5]},
								"down": {"uv": [6, 14.5], "uv_size": [0.5, -0.5]}
							}
						},
						{
							"origin": [0.6666, 0.64076, -2.39392],
							"size": [0.08019, 0.34189, 0.66521],
							"pivot": [0.03005, 0.4375, -1.59977],
							"rotation": [0, 0, -22.5],
							"uv": {
								"north": {"uv": [14, 6], "uv_size": [0.5, 0.5]},
								"east": {"uv": [7, 14], "uv_size": [0.5, 0.5]},
								"south": {"uv": [14, 7], "uv_size": [0.5, 0.5]},
								"west": {"uv": [8, 14], "uv_size": [0.5, 0.5]},
								"up": {"uv": [14, 8], "uv_size": [0.5, 0.5]},
								"down": {"uv": [9, 14.5], "uv_size": [0.5, -0.5]}
							}
						},
						{
							"origin": [0.11941, 0.21847, -2.43751],
							"size": [0.37298, 0.12163, 0.92941],
							"pivot": [0.03005, 0.4375, -1.59977],
							"rotation": [0, 0, -22.5],
							"uv": {
								"north": {"uv": [14, 9], "uv_size": [0.5, 0.5]},
								"east": {"uv": [7, 7], "uv_size": [1, 0.5]},
								"south": {"uv": [10, 14], "uv_size": [0.5, 0.5]},
								"west": {"uv": [0, 8], "uv_size": [1, 0.5]},
								"up": {"uv": [8, 0], "uv_size": [0.5, 1]},
								"down": {"uv": [1, 9], "uv_size": [0.5, -1]}
							}
						},
						{
							"origin": [-0.49069, 0.19428, -2.43751],
							"size": [0.37297, 0.12163, 0.92941],
							"pivot": [0.03005, 0.4375, -1.59977],
							"rotation": [0, 0, 22.5],
							"uv": {
								"north": {"uv": [14, 10], "uv_size": [0.5, 0.5]},
								"east": {"uv": [8, 1], "uv_size": [1, 0.5]},
								"south": {"uv": [11, 14], "uv_size": [0.5, 0.5]},
								"west": {"uv": [2, 8], "uv_size": [1, 0.5]},
								"up": {"uv": [8, 2], "uv_size": [0.5, 1]},
								"down": {"uv": [3, 9], "uv_size": [0.5, -1]}
							}
						},
						{
							"origin": [-0.74509, 0.61657, -2.39392],
							"size": [0.08019, 0.34189, 0.66521],
							"pivot": [0.03005, 0.4375, -1.59977],
							"rotation": [0, 0, 22.5],
							"uv": {
								"north": {"uv": [14, 11], "uv_size": [0.5, 0.5]},
								"east": {"uv": [12, 14], "uv_size": [0.5, 0.5]},
								"south": {"uv": [14, 12], "uv_size": [0.5, 0.5]},
								"west": {"uv": [13, 14], "uv_size": [0.5, 0.5]},
								"up": {"uv": [14, 13], "uv_size": [0.5, 0.5]},
								"down": {"uv": [14, 14.5], "uv_size": [0.5, -0.5]}
							}
						},
						{
							"origin": [-0.19124, 1.27516, -2.39392],
							"size": [0.31081, 0.11127, 0.66521],
							"pivot": [0.03005, 0.4375, -1.59977],
							"rotation": [0, 0, -22.5],
							"uv": {
								"north": {"uv": [0, 15], "uv_size": [0.5, 0.5]},
								"east": {"uv": [15, 0], "uv_size": [0.5, 0.5]},
								"south": {"uv": [1, 15], "uv_size": [0.5, 0.5]},
								"west": {"uv": [15, 1], "uv_size": [0.5, 0.5]},
								"up": {"uv": [2, 15], "uv_size": [0.5, 0.5]},
								"down": {"uv": [15, 2.5], "uv_size": [0.5, -0.5]}
							}
						},
						{
							"origin": [0.49708, 0.34992, -2.43751],
							"size": [0.12163, 0.45067, 0.04359],
							"uv": {
								"north": {"uv": [3, 15], "uv_size": [0.5, 0.5]},
								"east": {"uv": [15, 3], "uv_size": [0.5, 0.5]},
								"south": {"uv": [4, 15], "uv_size": [0.5, 0.5]},
								"west": {"uv": [15, 4], "uv_size": [0.5, 0.5]},
								"up": {"uv": [5, 15], "uv_size": [0.5, 0.5]},
								"down": {"uv": [15, 5.5], "uv_size": [0.5, -0.5]}
							}
						},
						{
							"origin": [0.49708, 0.45236, -2.51269],
							"size": [0.12163, 0.13986, 0.04359],
							"pivot": [0.03005, 0.4375, -1.59977],
							"rotation": [-22.5, 0, 0],
							"uv": {
								"north": {"uv": [6, 15], "uv_size": [0.5, 0.5]},
								"east": {"uv": [15, 6], "uv_size": [0.5, 0.5]},
								"south": {"uv": [7, 15], "uv_size": [0.5, 0.5]},
								"west": {"uv": [15, 7], "uv_size": [0.5, 0.5]},
								"up": {"uv": [8, 15], "uv_size": [0.5, 0.5]},
								"down": {"uv": [15, 8.5], "uv_size": [0.5, -0.5]}
							}
						},
						{
							"origin": [-0.62183, 0.45236, -2.51269],
							"size": [0.12163, 0.13986, 0.04359],
							"pivot": [0.03005, 0.4375, -1.59977],
							"rotation": [-22.5, 0, 0],
							"uv": {
								"north": {"uv": [9, 15], "uv_size": [0.5, 0.5]},
								"east": {"uv": [15, 9], "uv_size": [0.5, 0.5]},
								"south": {"uv": [10, 15], "uv_size": [0.5, 0.5]},
								"west": {"uv": [15, 10], "uv_size": [0.5, 0.5]},
								"up": {"uv": [11, 15], "uv_size": [0.5, 0.5]},
								"down": {"uv": [15, 11.5], "uv_size": [0.5, -0.5]}
							}
						},
						{
							"origin": [0.49708, 0.2566, -1.75786],
							"size": [0.12163, 0.9169, 0.32332],
							"pivot": [0.03005, 0.4375, -1.59977],
							"rotation": [22.5, 0, 0],
							"uv": {
								"north": {"uv": [8, 3], "uv_size": [0.5, 1]},
								"east": {"uv": [4, 8], "uv_size": [0.5, 1]},
								"south": {"uv": [8, 4], "uv_size": [0.5, 1]},
								"west": {"uv": [5, 8], "uv_size": [0.5, 1]},
								"up": {"uv": [12, 15], "uv_size": [0.5, 0.5]},
								"down": {"uv": [15, 12.5], "uv_size": [0.5, -0.5]}
							}
						},
						{
							"origin": [0.59105, 1.10037, -2.0357],
							"size": [0.06251, 0.11535, 0.27849],
							"pivot": [0.04207, 1.07187, -2.88343],
							"rotation": [-22.5, 0, 0],
							"uv": {
								"north": {"uv": [13, 15], "uv_size": [0.5, 0.5]},
								"east": {"uv": [15, 13], "uv_size": [0.5, 0.5]},
								"south": {"uv": [14, 15], "uv_size": [0.5, 0.5]},
								"west": {"uv": [15, 14], "uv_size": [0.5, 0.5]},
								"up": {"uv": [15, 15], "uv_size": [0.5, 0.5]},
								"down": {"uv": [0, 16.5], "uv_size": [0.5, -0.5]}
							}
						},
						{
							"origin": [0.59105, 0.37724, -2.26384],
							"size": [0.06251, 0.11535, 0.27849],
							"pivot": [0.04207, 1.07187, -2.88343],
							"rotation": [22.5, 0, 0],
							"uv": {
								"north": {"uv": [16, 0], "uv_size": [0.5, 0.5]},
								"east": {"uv": [1, 16], "uv_size": [0.5, 0.5]},
								"south": {"uv": [16, 1], "uv_size": [0.5, 0.5]},
								"west": {"uv": [2, 16], "uv_size": [0.5, 0.5]},
								"up": {"uv": [16, 2], "uv_size": [0.5, 0.5]},
								"down": {"uv": [3, 16.5], "uv_size": [0.5, -0.5]}
							}
						},
						{
							"origin": [0.59105, 1.0188, -1.95414],
							"size": [0.06251, 0.27849, 0.11535],
							"pivot": [0.04207, 1.07187, -2.88343],
							"rotation": [-22.5, 0, 0],
							"uv": {
								"north": {"uv": [16, 3], "uv_size": [0.5, 0.5]},
								"east": {"uv": [4, 16], "uv_size": [0.5, 0.5]},
								"south": {"uv": [16, 4], "uv_size": [0.5, 0.5]},
								"west": {"uv": [5, 16], "uv_size": [0.5, 0.5]},
								"up": {"uv": [16, 5], "uv_size": [0.5, 0.5]},
								"down": {"uv": [6, 16.5], "uv_size": [0.5, -0.5]}
							}
						},
						{
							"origin": [0.60668, 1.13162, -2.00445],
							"size": [0.06251, 0.05285, 0.21599],
							"pivot": [0.04207, 1.07187, -2.88343],
							"rotation": [-22.5, 0, 0],
							"uv": {
								"north": {"uv": [5, 17], "uv_size": [0.5, 0.5]},
								"east": {"uv": [17, 10], "uv_size": [0.5, 0.5]},
								"south": {"uv": [11, 17], "uv_size": [0.5, 0.5]},
								"west": {"uv": [17, 11], "uv_size": [0.5, 0.5]},
								"up": {"uv": [12, 17], "uv_size": [0.5, 0.5]},
								"down": {"uv": [17, 12.5], "uv_size": [0.5, -0.5]}
							}
						},
						{
							"origin": [0.60668, 1.05005, -1.92289],
							"size": [0.06251, 0.21599, 0.05285],
							"pivot": [0.04207, 1.07187, -2.88343],
							"rotation": [-22.5, 0, 0],
							"uv": {
								"north": {"uv": [13, 17], "uv_size": [0.5, 0.5]},
								"east": {"uv": [17, 13], "uv_size": [0.5, 0.5]},
								"south": {"uv": [14, 17], "uv_size": [0.5, 0.5]},
								"west": {"uv": [17, 14], "uv_size": [0.5, 0.5]},
								"up": {"uv": [15, 17], "uv_size": [0.5, 0.5]},
								"down": {"uv": [17, 15.5], "uv_size": [0.5, -0.5]}
							}
						},
						{
							"origin": [0.59105, 0.29567, -2.18228],
							"size": [0.06251, 0.27849, 0.11535],
							"pivot": [0.04207, 1.07187, -2.88343],
							"rotation": [22.5, 0, 0],
							"uv": {
								"north": {"uv": [16, 6], "uv_size": [0.5, 0.5]},
								"east": {"uv": [7, 16], "uv_size": [0.5, 0.5]},
								"south": {"uv": [16, 7], "uv_size": [0.5, 0.5]},
								"west": {"uv": [8, 16], "uv_size": [0.5, 0.5]},
								"up": {"uv": [16, 8], "uv_size": [0.5, 0.5]},
								"down": {"uv": [9, 16.5], "uv_size": [0.5, -0.5]}
							}
						},
						{
							"origin": [-0.66918, 1.13162, -2.00445],
							"size": [0.06251, 0.05285, 0.21599],
							"pivot": [-0.04207, 1.07187, -2.88343],
							"rotation": [-22.5, 0, 0],
							"uv": {
								"north": {"uv": [5.5, 17], "uv_size": [-0.5, 0.5]},
								"east": {"uv": [17.5, 11], "uv_size": [-0.5, 0.5]},
								"south": {"uv": [11.5, 17], "uv_size": [-0.5, 0.5]},
								"west": {"uv": [17.5, 10], "uv_size": [-0.5, 0.5]},
								"up": {"uv": [12.5, 17], "uv_size": [-0.5, 0.5]},
								"down": {"uv": [17.5, 12.5], "uv_size": [-0.5, -0.5]}
							}
						},
						{
							"origin": [-0.65356, 0.37724, -2.26384],
							"size": [0.06251, 0.11535, 0.27849],
							"pivot": [-0.04207, 1.07187, -2.88343],
							"rotation": [22.5, 0, 0],
							"uv": {
								"north": {"uv": [16.5, 0], "uv_size": [-0.5, 0.5]},
								"east": {"uv": [2.5, 16], "uv_size": [-0.5, 0.5]},
								"south": {"uv": [16.5, 1], "uv_size": [-0.5, 0.5]},
								"west": {"uv": [1.5, 16], "uv_size": [-0.5, 0.5]},
								"up": {"uv": [16.5, 2], "uv_size": [-0.5, 0.5]},
								"down": {"uv": [3.5, 16.5], "uv_size": [-0.5, -0.5]}
							}
						},
						{
							"origin": [-0.65356, 1.10037, -2.0357],
							"size": [0.06251, 0.11535, 0.27849],
							"pivot": [-0.04207, 1.07187, -2.88343],
							"rotation": [-22.5, 0, 0],
							"uv": {
								"north": {"uv": [13.5, 15], "uv_size": [-0.5, 0.5]},
								"east": {"uv": [15.5, 14], "uv_size": [-0.5, 0.5]},
								"south": {"uv": [14.5, 15], "uv_size": [-0.5, 0.5]},
								"west": {"uv": [15.5, 13], "uv_size": [-0.5, 0.5]},
								"up": {"uv": [15.5, 15], "uv_size": [-0.5, 0.5]},
								"down": {"uv": [0.5, 16.5], "uv_size": [-0.5, -0.5]}
							}
						},
						{
							"origin": [-0.65356, 0.29567, -2.18228],
							"size": [0.06251, 0.27849, 0.11535],
							"pivot": [-0.04207, 1.07187, -2.88343],
							"rotation": [22.5, 0, 0],
							"uv": {
								"north": {"uv": [16.5, 6], "uv_size": [-0.5, 0.5]},
								"east": {"uv": [8.5, 16], "uv_size": [-0.5, 0.5]},
								"south": {"uv": [16.5, 7], "uv_size": [-0.5, 0.5]},
								"west": {"uv": [7.5, 16], "uv_size": [-0.5, 0.5]},
								"up": {"uv": [16.5, 8], "uv_size": [-0.5, 0.5]},
								"down": {"uv": [9.5, 16.5], "uv_size": [-0.5, -0.5]}
							}
						},
						{
							"origin": [-0.65356, 1.0188, -1.95414],
							"size": [0.06251, 0.27849, 0.11535],
							"pivot": [-0.04207, 1.07187, -2.88343],
							"rotation": [-22.5, 0, 0],
							"uv": {
								"north": {"uv": [16.5, 3], "uv_size": [-0.5, 0.5]},
								"east": {"uv": [5.5, 16], "uv_size": [-0.5, 0.5]},
								"south": {"uv": [16.5, 4], "uv_size": [-0.5, 0.5]},
								"west": {"uv": [4.5, 16], "uv_size": [-0.5, 0.5]},
								"up": {"uv": [16.5, 5], "uv_size": [-0.5, 0.5]},
								"down": {"uv": [6.5, 16.5], "uv_size": [-0.5, -0.5]}
							}
						},
						{
							"origin": [0.01075, 0.25618, -0.58522],
							"size": [0.12359, 0.13675, 0.29838],
							"pivot": [-0.21995, 0.375, -1.22477],
							"rotation": [0, -22.5, 0],
							"uv": {
								"north": {"uv": [16, 9], "uv_size": [0.5, 0.5]},
								"east": {"uv": [10, 16], "uv_size": [0.5, 0.5]},
								"south": {"uv": [16, 10], "uv_size": [0.5, 0.5]},
								"west": {"uv": [11, 16], "uv_size": [0.5, 0.5]},
								"up": {"uv": [16, 11], "uv_size": [0.5, 0.5]},
								"down": {"uv": [12, 16.5], "uv_size": [0.5, -0.5]}
							}
						},
						{
							"origin": [-0.63264, 0.25618, -0.60941],
							"size": [0.12359, 0.13675, 0.29838],
							"pivot": [-0.21995, 0.375, -1.22477],
							"rotation": [0, 22.5, 0],
							"uv": {
								"north": {"uv": [16, 12], "uv_size": [0.5, 0.5]},
								"east": {"uv": [13, 16], "uv_size": [0.5, 0.5]},
								"south": {"uv": [16, 13], "uv_size": [0.5, 0.5]},
								"west": {"uv": [14, 16], "uv_size": [0.5, 0.5]},
								"up": {"uv": [16, 14], "uv_size": [0.5, 0.5]},
								"down": {"uv": [15, 16.5], "uv_size": [0.5, -0.5]}
							}
						},
						{
							"origin": [-0.07665, 0.25618, -0.49782],
							"size": [0.29838, 0.13675, 0.12358],
							"pivot": [-0.21995, 0.375, -1.22477],
							"rotation": [0, -22.5, 0],
							"uv": {
								"north": {"uv": [16, 15], "uv_size": [0.5, 0.5]},
								"east": {"uv": [16, 16], "uv_size": [0.5, 0.5]},
								"south": {"uv": [0, 17], "uv_size": [0.5, 0.5]},
								"west": {"uv": [17, 0], "uv_size": [0.5, 0.5]},
								"up": {"uv": [1, 17], "uv_size": [0.5, 0.5]},
								"down": {"uv": [17, 1.5], "uv_size": [0.5, -0.5]}
							}
						},
						{
							"origin": [-0.72004, 0.25618, -0.52201],
							"size": [0.29838, 0.13675, 0.12359],
							"pivot": [-0.21995, 0.375, -1.22477],
							"rotation": [0, 22.5, 0],
							"uv": {
								"north": {"uv": [2, 17], "uv_size": [0.5, 0.5]},
								"east": {"uv": [17, 2], "uv_size": [0.5, 0.5]},
								"south": {"uv": [3, 17], "uv_size": [0.5, 0.5]},
								"west": {"uv": [17, 3], "uv_size": [0.5, 0.5]},
								"up": {"uv": [4, 17], "uv_size": [0.5, 0.5]},
								"down": {"uv": [17, 4.5], "uv_size": [0.5, -0.5]}
							}
						}
					]
				},
				{
					"name": "bone",
					"parent": "scope_body",
					"pivot": [-0.05162, 0.39829, -1.74607],
					"cubes": [
						{
							"origin": [-0.15676, 1.25157, -2.04022],
							"size": [0.31081, 0.06439, 0.16521],
							"pivot": [-0.06724, 0.41391, -1.74607],
							"rotation": [0, 0, 22.5],
							"uv": {
								"south": {"uv": [18.5, 8], "uv_size": [-0.5, 0.5]}
							}
						},
						{
							"origin": [-0.30933, 1.2093, -2.10938],
							"size": [0.61555, 0.05788, 0.23438],
							"uv": {
								"south": {"uv": [8, 18], "uv_size": [0.5, 0.5]}
							}
						},
						{
							"origin": [-0.15405, 1.25157, -2.04022],
							"size": [0.31081, 0.06439, 0.16521],
							"pivot": [0.06724, 0.41391, -1.74607],
							"rotation": [0, 0, -22.5],
							"uv": {
								"south": {"uv": [18, 8], "uv_size": [0.5, 0.5]}
							}
						},
						{
							"origin": [-0.69227, 0.68673, -2.04022],
							"size": [0.04894, 0.23252, 0.16521],
							"pivot": [0.05162, 0.39829, -1.74607],
							"rotation": [0, 0, 22.5],
							"uv": {
								"south": {"uv": [9, 18], "uv_size": [0.5, 0.5]}
							}
						},
						{
							"origin": [-0.52808, 0.53742, -2.10938],
							"size": [0.06868, 0.55788, 0.23438],
							"uv": {
								"south": {"uv": [8, 18], "uv_size": [0.5, 0.5]}
							}
						},
						{
							"origin": [-0.50639, 0.25161, -2.1638],
							"size": [0.37297, 0.12163, 0.28878],
							"pivot": [0.01435, 0.49483, -1.96668],
							"rotation": [0, 0, 22.5],
							"uv": {
								"south": {"uv": [18, 7], "uv_size": [0.5, 0.5]}
							}
						},
						{
							"origin": [-0.30933, 0.31867, -2.10938],
							"size": [0.61555, 0.12038, 0.23438],
							"uv": {
								"south": {"uv": [8, 18], "uv_size": [0.5, 0.5]}
							}
						},
						{
							"origin": [0.13342, 0.25161, -2.1638],
							"size": [0.37297, 0.12163, 0.28878],
							"pivot": [-0.01435, 0.49483, -1.96668],
							"rotation": [0, 0, -22.5],
							"uv": {
								"south": {"uv": [18.5, 7], "uv_size": [-0.5, 0.5]}
							}
						},
						{
							"origin": [0.4594, 0.53742, -2.10938],
							"size": [0.06868, 0.55788, 0.23438],
							"uv": {
								"south": {"uv": [8.5, 18], "uv_size": [-0.5, 0.5]}
							}
						},
						{
							"origin": [0.64333, 0.68673, -2.04022],
							"size": [0.04894, 0.23252, 0.16521],
							"pivot": [-0.05162, 0.39829, -1.74607],
							"rotation": [0, 0, -22.5],
							"uv": {
								"south": {"uv": [9.5, 18], "uv_size": [-0.5, 0.5]}
							}
						}
					]
				},
				{
					"name": "knobs",
					"parent": "scope_body",
					"pivot": [0, 18.95, 0]
				},
				{
					"name": "octagon3",
					"parent": "knobs",
					"pivot": [0, 18.95, 0]
				},
				{
					"name": "octagon",
					"parent": "knobs",
					"pivot": [0, 18.95, 0]
				},
				{
					"name": "screws",
					"parent": "scope_body",
					"pivot": [0, 18.90581, 1.25]
				},
				{
					"name": "ammo_text",
					"parent": "scope_body",
					"pivot": [0, 0.45, -0.98437],
					"rotation": [20, 0, 0]
				},
				{
					"name": "division",
					"pivot": [0, 0, 0]
				},
				{
					"name": "division_illuminated",
					"parent": "division",
					"pivot": [0, 0.75125, -55.3],
					"cubes": [
						{
							"origin": [-0.25, 0.53249, -10],
							"size": [0.5, 0.5, 0.3],
							"uv": {
								"south": {"uv": [43, 27.5], "uv_size": [43.5, 43]}
							}
						}
					]
				},
				{
					"name": "ocular",
					"pivot": [0, 2.60938, -0.2875],
					"cubes": [
						{
							"origin": [-0.54826, 0.13364, -1.8565],
							"size": [1.10901, 1.21241, 0.02463],
							"uv": {
								"south": {"uv": [3, 1], "uv_size": [1, 1]}
							}
						}
					]
				}
			]
		}
	]
}