{
	"format_version": "1.12.0",
	"minecraft:geometry": [
		{
			"description": {
				"identifier": "geometry.unknown",
				"texture_width": 128,
				"texture_height": 128,
				"visible_bounds_width": 6,
				"visible_bounds_height": 4,
				"visible_bounds_offset": [0, 0, 0]
			},
			"bones": [
				{
					"name": "stock_default2",
					"pivot": [0, -9.51562, -11.5]
				},
				{
					"name": "base2",
					"parent": "stock_default2",
					"pivot": [0.19248, 19.58852, -1.22267],
					"cubes": [
						{
							"origin": [-0.31264, -4.52578, 6.77209],
							"size": [0.6253, 0.21417, 0.45971],
							"pivot": [0, -2.12911, 4.97119],
							"rotation": [-45, 0, 0],
							"uv": {
								"east": {"uv": [1, 26], "uv_size": [0.5, 0.5]},
								"south": {"uv": [26, 1], "uv_size": [0.5, 0.5]},
								"west": {"uv": [2, 26], "uv_size": [0.5, 0.5]},
								"up": {"uv": [26, 2], "uv_size": [0.5, 0.5]},
								"down": {"uv": [3, 26.5], "uv_size": [0.5, -0.5]}
							}
						},
						{
							"origin": [-0.5, -5.03508, 5.67442],
							"size": [1, 1.26367, 0.39634],
							"pivot": [0, -2.12911, 4.97119],
							"rotation": [-22.5, 0, 0],
							"uv": {
								"north": {"uv": [20, 7], "uv_size": [1, 1.5]},
								"east": {"uv": [11, 22], "uv_size": [0.5, 1.5]},
								"south": {"uv": [8, 20], "uv_size": [1, 1.5]},
								"west": {"uv": [22, 11], "uv_size": [0.5, 1.5]},
								"down": {"uv": [2, 24.5], "uv_size": [1, -0.5]}
							}
						},
						{
							"origin": [-0.5, -4.06719, 4.96224],
							"size": [1, 0.57616, 0.39634],
							"inflate": 0.001,
							"uv": {
								"north": {"uv": [24, 2], "uv_size": [1, 0.5]},
								"east": {"uv": [26, 3], "uv_size": [0.5, 0.5]},
								"south": {"uv": [3, 24], "uv_size": [1, 0.5]},
								"west": {"uv": [4, 26], "uv_size": [0.5, 0.5]}
							}
						},
						{
							"origin": [-0.5, -3.36608, 3.88576],
							"size": [1, 3.13867, 0.39635],
							"inflate": -0.001,
							"pivot": [0, -2.12911, 4.97119],
							"rotation": [45, 0, 0],
							"uv": {
								"north": {"uv": [9, 13], "uv_size": [1, 3]},
								"east": {"uv": [15, 20], "uv_size": [0.5, 3]},
								"south": {"uv": [4, 14], "uv_size": [1, 3]},
								"west": {"uv": [16, 20], "uv_size": [0.5, 3]},
								"down": {"uv": [24, 3.5], "uv_size": [1, -0.5]}
							}
						},
						{
							"origin": [-0.10464, -1.54441, 8.6875],
							"size": [0.37529, 1.375, 1.5],
							"pivot": [0, -2.12911, 4.97119],
							"rotation": [0, 0, 22.5],
							"uv": {
								"north": {"uv": [13, 22], "uv_size": [0.5, 1.5]},
								"east": {"uv": [16, 10], "uv_size": [1.5, 1.5]},
								"south": {"uv": [22, 13], "uv_size": [0.5, 1.5]},
								"west": {"uv": [15, 16], "uv_size": [1.5, 1.5]},
								"down": {"uv": [22, 16.5], "uv_size": [0.5, -1.5]}
							}
						},
						{
							"origin": [-0.27065, -1.54443, 8.6875],
							"size": [0.37529, 1.375, 1.5],
							"pivot": [0, -2.12911, 4.97119],
							"rotation": [0, 0, -22.5],
							"uv": {
								"north": {"uv": [22, 17], "uv_size": [0.5, 1.5]},
								"east": {"uv": [17, 0], "uv_size": [1.5, 1.5]},
								"south": {"uv": [19, 22], "uv_size": [0.5, 1.5]},
								"west": {"uv": [4, 17], "uv_size": [1.5, 1.5]},
								"down": {"uv": [20, 23.5], "uv_size": [0.5, -1.5]}
							}
						},
						{
							"origin": [-0.5003, -5.23466, 4.875],
							"size": [1.0003, 0.5625, 4.75],
							"inflate": 0.001,
							"uv": {
								"north": {"uv": [4, 24], "uv_size": [1, 0.5]},
								"east": {"uv": [15, 13], "uv_size": [5, 0.5]},
								"west": {"uv": [15, 14], "uv_size": [5, 0.5]},
								"up": {"uv": [7, 8], "uv_size": [1, 5]},
								"down": {"uv": [9, 13], "uv_size": [1, -5]}
							}
						},
						{
							"origin": [-0.5003, -3.60966, 8.6875],
							"size": [1.0003, 2.8125, 0.625],
							"uv": {
								"north": {"uv": [14, 4], "uv_size": [1, 3]},
								"east": {"uv": [17, 20], "uv_size": [0.5, 3]},
								"south": {"uv": [5, 14], "uv_size": [1, 3]},
								"west": {"uv": [20, 18], "uv_size": [0.5, 3]}
							}
						},
						{
							"origin": [-0.5003, -4.67216, 8.375],
							"size": [1.0003, 1.0625, 0.9375],
							"uv": {
								"north": {"uv": [5, 21], "uv_size": [1, 1]},
								"east": {"uv": [21, 6], "uv_size": [1, 1]},
								"south": {"uv": [21, 7], "uv_size": [1, 1]},
								"west": {"uv": [21, 8], "uv_size": [1, 1]}
							}
						},
						{
							"origin": [-0.5, -2.54716, 4.9375],
							"size": [1, 1.75, 2.5625],
							"inflate": 0.001,
							"uv": {
								"north": {"uv": [12, 17], "uv_size": [1, 2]},
								"east": {"uv": [10, 8], "uv_size": [2.5, 2]},
								"west": {"uv": [10, 10], "uv_size": [2.5, 2]},
								"down": {"uv": [16, 2.5], "uv_size": [1, -2.5]}
							}
						},
						{
							"origin": [-0.5, -1.17216, -0.75],
							"size": [1, 0.375, 5.6875],
							"inflate": 0.001,
							"uv": {
								"north": {"uv": [24, 4], "uv_size": [1, 0.5]},
								"east": {"uv": [15, 6], "uv_size": [5.5, 0.5]},
								"west": {"uv": [15, 12], "uv_size": [5.5, 0.5]},
								"down": {"uv": [6, 13.5], "uv_size": [1, -5.5]}
							}
						},
						{
							"origin": [-0.5, -1.54716, 3],
							"size": [1, 0.375, 0.1875],
							"uv": {
								"east": {"uv": [26, 4], "uv_size": [0.5, 0.5]},
								"south": {"uv": [24, 5], "uv_size": [1, 0.5]},
								"west": {"uv": [5, 26], "uv_size": [0.5, 0.5]}
							}
						},
						{
							"origin": [-0.5, -1.54716, 2.375],
							"size": [1, 0.375, 0.125],
							"uv": {
								"north": {"uv": [24, 6], "uv_size": [1, 0.5]},
								"east": {"uv": [26, 5], "uv_size": [0.5, 0.5]},
								"south": {"uv": [7, 24], "uv_size": [1, 0.5]},
								"west": {"uv": [6, 26], "uv_size": [0.5, 0.5]}
							}
						},
						{
							"origin": [-0.5, -1.67216, 2.375],
							"size": [1, 0.3125, 0.125],
							"pivot": [0, -1.35966, 2.40625],
							"rotation": [30, 0, 0],
							"uv": {
								"north": {"uv": [24, 7], "uv_size": [1, 0.5]},
								"east": {"uv": [26, 6], "uv_size": [0.5, 0.5]},
								"south": {"uv": [8, 24], "uv_size": [1, 0.5]},
								"west": {"uv": [7, 26], "uv_size": [0.5, 0.5]},
								"down": {"uv": [10, 24.5], "uv_size": [1, -0.5]}
							}
						},
						{
							"origin": [-0.5, -1.35966, 2.375],
							"size": [1, 0.3125, 0.125],
							"pivot": [0, -1.35966, 2.40625],
							"rotation": [-30, 0, 0],
							"uv": {
								"north": {"uv": [11, 24], "uv_size": [1, 0.5]},
								"east": {"uv": [26, 7], "uv_size": [0.5, 0.5]},
								"south": {"uv": [13, 24], "uv_size": [1, 0.5]},
								"west": {"uv": [8, 26], "uv_size": [0.5, 0.5]}
							}
						},
						{
							"origin": [-0.5, -1.35966, 3],
							"size": [1, 0.3125, 0.125],
							"pivot": [0, -1.35966, 3.03125],
							"rotation": [30, 0, 0],
							"uv": {
								"north": {"uv": [14, 24], "uv_size": [1, 0.5]},
								"east": {"uv": [26, 8], "uv_size": [0.5, 0.5]},
								"south": {"uv": [15, 24], "uv_size": [1, 0.5]},
								"west": {"uv": [9, 26], "uv_size": [0.5, 0.5]}
							}
						},
						{
							"origin": [-0.5, -1.39874, 2.82297],
							"size": [1, 0.3125, 0.1875],
							"pivot": [0, -1.35966, 2.98438],
							"rotation": [150, 0, 0],
							"uv": {
								"north": {"uv": [16, 24], "uv_size": [1, 0.5]},
								"east": {"uv": [26, 9], "uv_size": [0.5, 0.5]},
								"south": {"uv": [17, 24], "uv_size": [1, 0.5]},
								"west": {"uv": [10, 26], "uv_size": [0.5, 0.5]},
								"down": {"uv": [24, 18.5], "uv_size": [1, -0.5]}
							}
						},
						{
							"origin": [-0.5003, -1.79716, 7.5],
							"size": [1.0003, 1, 1.1875],
							"uv": {
								"east": {"uv": [9, 21], "uv_size": [1, 1]},
								"west": {"uv": [21, 9], "uv_size": [1, 1]},
								"down": {"uv": [21, 11], "uv_size": [1, -1]}
							}
						},
						{
							"origin": [-0.5003, -0.58037, 6.41476],
							"size": [1.0003, 1.1875, 0.8125],
							"pivot": [0, -2.12911, 4.97119],
							"rotation": [-45, 0, 0],
							"uv": {
								"east": {"uv": [21, 11], "uv_size": [1, 1]},
								"south": {"uv": [21, 12], "uv_size": [1, 1]},
								"west": {"uv": [13, 21], "uv_size": [1, 1]}
							}
						},
						{
							"origin": [-0.5003, -5.90386, 4.76289],
							"size": [1.0003, 0.71874, 0.375],
							"pivot": [0, -2.12911, 4.97119],
							"rotation": [45, 0, 0],
							"uv": {
								"east": {"uv": [26, 10], "uv_size": [0.5, 0.5]},
								"south": {"uv": [19, 24], "uv_size": [1, 0.5]},
								"west": {"uv": [11, 26], "uv_size": [0.5, 0.5]}
							}
						},
						{
							"origin": [-0.5003, -3.43245, 7.2759],
							"size": [1.0003, 0.71875, 0.375],
							"pivot": [0, -2.12911, 4.97119],
							"rotation": [-45, 0, 0],
							"uv": {
								"north": {"uv": [24, 19], "uv_size": [1, 0.5]},
								"east": {"uv": [26, 11], "uv_size": [0.5, 0.5]},
								"west": {"uv": [12, 26], "uv_size": [0.5, 0.5]}
							}
						},
						{
							"origin": [-0.5003, -6.21686, 5.96182],
							"size": [1.0003, 2.18749, 0.5625],
							"inflate": -0.001,
							"pivot": [0, -2.12911, 4.97119],
							"rotation": [45, 0, 0],
							"uv": {
								"north": {"uv": [7, 18], "uv_size": [1, 2]},
								"east": {"uv": [21, 13], "uv_size": [0.5, 2]},
								"south": {"uv": [8, 18], "uv_size": [1, 2]},
								"west": {"uv": [14, 21], "uv_size": [0.5, 2]}
							}
						},
						{
							"origin": [-0.5003, -2.61608, 4.28211],
							"size": [1.0003, 0.5, 0.875],
							"inflate": -0.001,
							"pivot": [0, -2.12911, 4.97119],
							"rotation": [45, 0, 0],
							"uv": {
								"north": {"uv": [20, 24], "uv_size": [1, 0.5]},
								"east": {"uv": [24, 20], "uv_size": [1, 0.5]},
								"west": {"uv": [24, 21], "uv_size": [1, 0.5]},
								"up": {"uv": [21, 15], "uv_size": [1, 1]},
								"down": {"uv": [21, 19], "uv_size": [1, -1]}
							}
						},
						{
							"origin": [-0.5003, -2.65581, 4.26628],
							"size": [1.0003, 0.25, 0.43749],
							"uv": {
								"north": {"uv": [24, 22], "uv_size": [1, 0.5]},
								"east": {"uv": [26, 12], "uv_size": [0.5, 0.5]},
								"west": {"uv": [13, 26], "uv_size": [0.5, 0.5]},
								"up": {"uv": [23, 24], "uv_size": [1, 0.5]},
								"down": {"uv": [24, 23.5], "uv_size": [1, -0.5]}
							}
						},
						{
							"origin": [-0.5003, -3.60966, 8.375],
							"size": [1.0003, 0.25, 0.3125],
							"uv": {
								"east": {"uv": [26, 13], "uv_size": [0.5, 0.5]},
								"west": {"uv": [14, 26], "uv_size": [0.5, 0.5]},
								"up": {"uv": [24, 24], "uv_size": [1, 0.5]}
							}
						},
						{
							"origin": [-0.5003, -2.89091, 7.65625],
							"size": [1.0003, 0.5625, 0.25],
							"uv": {
								"east": {"uv": [26, 14], "uv_size": [0.5, 0.5]},
								"south": {"uv": [25, 0], "uv_size": [1, 0.5]},
								"west": {"uv": [15, 26], "uv_size": [0.5, 0.5]}
							}
						},
						{
							"origin": [-0.5003, -1.77421, 8.94466],
							"size": [1.0003, 0.5, 0.25],
							"pivot": [0, -2.12911, 4.97119],
							"rotation": [-45, 0, 0],
							"uv": {
								"north": {"uv": [1, 25], "uv_size": [1, 0.5]},
								"east": {"uv": [26, 15], "uv_size": [0.5, 0.5]},
								"west": {"uv": [16, 26], "uv_size": [0.5, 0.5]}
							}
						},
						{
							"origin": [-0.5003, -5.23466, 9.625],
							"size": [1.0003, 4.8125, 0.5625],
							"uv": {
								"north": {"uv": [8, 10], "uv_size": [1, 5]},
								"east": {"uv": [1, 16], "uv_size": [0.5, 5]},
								"south": {"uv": [0, 11], "uv_size": [1, 5]},
								"west": {"uv": [2, 16], "uv_size": [0.5, 5]},
								"down": {"uv": [25, 1.5], "uv_size": [1, -0.5]}
							}
						},
						{
							"origin": [-0.3128, -5.42216, 4.875],
							"size": [0.6253, 0.1875, 5.3125],
							"uv": {
								"north": {"uv": [26, 16], "uv_size": [0.5, 0.5]},
								"east": {"uv": [13, 15], "uv_size": [5.5, 0.5]},
								"south": {"uv": [17, 26], "uv_size": [0.5, 0.5]},
								"down": {"uv": [0, 21.5], "uv_size": [0.5, -5.5]}
							}
						},
						{
							"origin": [-2.10757, -4.67862, 4.875],
							"size": [0.26517, 0.1875, 4.5],
							"pivot": [0, -2.12911, 4.97119],
							"rotation": [0, 0, -45],
							"uv": {
								"north": {"uv": [26, 17], "uv_size": [0.5, 0.5]},
								"down": {"uv": [10, 21.5], "uv_size": [0.5, -4.5]}
							}
						},
						{
							"origin": [-2.10756, -4.67862, 9.375],
							"size": [0.26516, 0.1875, 0.8125],
							"pivot": [0, -2.12911, 4.97119],
							"rotation": [0, 0, -45],
							"uv": {
								"south": {"uv": [18, 26], "uv_size": [0.5, 0.5]},
								"down": {"uv": [2, 26], "uv_size": [0.5, -1]}
							}
						},
						{
							"origin": [1.8424, -4.67862, 9.375],
							"size": [0.26516, 0.1875, 0.8125],
							"pivot": [0, -2.12911, 4.97119],
							"rotation": [0, 0, 45],
							"uv": {
								"south": {"uv": [26, 18], "uv_size": [0.5, 0.5]},
								"down": {"uv": [25, 3], "uv_size": [0.5, -1]}
							}
						},
						{
							"origin": [1.84219, -4.67882, 4.875],
							"size": [0.26538, 0.1877, 4.5],
							"pivot": [0, -2.12911, 4.97119],
							"rotation": [0, 0, 45],
							"uv": {
								"north": {"uv": [19, 26], "uv_size": [0.5, 0.5]},
								"south": {"uv": [26, 19], "uv_size": [0.5, 0.5]},
								"west": {"uv": [17, 2], "uv_size": [4.5, 0.5]},
								"down": {"uv": [11, 21.5], "uv_size": [0.5, -4.5]}
							}
						},
						{
							"origin": [0.38136, -1.67225, -1.375],
							"size": [0.37287, 1.36847, 0.625],
							"pivot": [0.57953, -0.98077, -1.05763],
							"rotation": [0, 0, 22.5],
							"uv": {
								"north": {"uv": [22, 21], "uv_size": [0.5, 1.5]},
								"east": {"uv": [23, 0], "uv_size": [0.5, 1.5]},
								"south": {"uv": [1, 23], "uv_size": [0.5, 1.5]},
								"west": {"uv": [23, 2], "uv_size": [0.5, 1.5]},
								"up": {"uv": [20, 26], "uv_size": [0.5, 0.5]}
							}
						},
						{
							"origin": [-0.75423, -1.67225, -1.375],
							"size": [0.37287, 1.36847, 0.625],
							"pivot": [-0.57953, -0.98077, -1.05763],
							"rotation": [0, 0, -22.5],
							"uv": {
								"north": {"uv": [23, 4], "uv_size": [0.5, 1.5]},
								"east": {"uv": [5, 23], "uv_size": [0.5, 1.5]},
								"south": {"uv": [6, 23], "uv_size": [0.5, 1.5]},
								"west": {"uv": [23, 6], "uv_size": [0.5, 1.5]},
								"up": {"uv": [26, 20], "uv_size": [0.5, 0.5]}
							}
						},
						{
							"origin": [-0.5, -1.74897, -1.375],
							"size": [1, 0.20313, 4.52733],
							"inflate": 0.001,
							"uv": {
								"north": {"uv": [3, 25], "uv_size": [1, 0.5]},
								"east": {"uv": [17, 16], "uv_size": [4.5, 0.5]},
								"west": {"uv": [17, 17], "uv_size": [4.5, 0.5]},
								"up": {"uv": [13, 4], "uv_size": [1, 4.5]},
								"down": {"uv": [7, 17.5], "uv_size": [1, -4.5]}
							}
						},
						{
							"origin": [1.08568, -1.62922, -0.75],
							"size": [0.82842, 2, 10.9375],
							"pivot": [0, -2.12911, 4.97119],
							"rotation": [0, 0, -45],
							"uv": {
								"north": {"uv": [18, 10], "uv_size": [1, 2]},
								"south": {"uv": [15, 18], "uv_size": [1, 2]},
								"up": {"uv": [0, 0], "uv_size": [1, 11]},
								"down": {"uv": [1, 11], "uv_size": [1, -11]}
							}
						},
						{
							"origin": [-0.41421, -1.00796, -0.75],
							"size": [0.82842, 2, 10.9375],
							"uv": {
								"north": {"uv": [16, 18], "uv_size": [1, 2]},
								"south": {"uv": [17, 18], "uv_size": [1, 2]},
								"up": {"uv": [2, 0], "uv_size": [1, 11]},
								"down": {"uv": [3, 11], "uv_size": [1, -11]}
							}
						},
						{
							"origin": [0.49989, -1.04344, -0.75],
							"size": [2, 0.82842, 10.9375],
							"pivot": [0, -2.12911, 4.97119],
							"rotation": [0, 0, -45],
							"uv": {
								"north": {"uv": [18, 18], "uv_size": [2, 1]},
								"east": {"uv": [4, 0], "uv_size": [11, 1]},
								"south": {"uv": [19, 0], "uv_size": [2, 1]},
								"west": {"uv": [4, 1], "uv_size": [11, 1]}
							}
						},
						{
							"origin": [-1, -0.42216, -0.75],
							"size": [2, 0.82842, 10.9375],
							"uv": {
								"north": {"uv": [19, 1], "uv_size": [2, 1]},
								"east": {"uv": [4, 2], "uv_size": [11, 1]},
								"south": {"uv": [19, 3], "uv_size": [2, 1]},
								"west": {"uv": [4, 3], "uv_size": [11, 1]}
							}
						},
						{
							"origin": [-1, -0.42216, -1.375],
							"size": [2, 0.32842, 0.625],
							"uv": {
								"north": {"uv": [19, 21], "uv_size": [2, 0.5]},
								"east": {"uv": [21, 26], "uv_size": [0.5, 0.5]},
								"west": {"uv": [26, 21], "uv_size": [0.5, 0.5]},
								"up": {"uv": [21, 19], "uv_size": [2, 0.5]}
							}
						},
						{
							"origin": [-1, -0.29716, -1.28163],
							"size": [2, 0.36112, 0.73299],
							"pivot": [0, -0.00796, -1.0625],
							"rotation": [45, 0, 0],
							"uv": {
								"east": {"uv": [22, 26], "uv_size": [0.5, 0.5]},
								"west": {"uv": [26, 22], "uv_size": [0.5, 0.5]},
								"up": {"uv": [21, 20], "uv_size": [2, 0.5]}
							}
						},
						{
							"origin": [-0.5003, -4.67216, 6.9375],
							"size": [1.0003, 2.125, 0.3125],
							"uv": {
								"north": {"uv": [4, 19], "uv_size": [1, 2]},
								"east": {"uv": [21, 21], "uv_size": [0.5, 2]},
								"south": {"uv": [19, 4], "uv_size": [1, 2]},
								"west": {"uv": [0, 22], "uv_size": [0.5, 2]}
							}
						},
						{
							"origin": [-0.5003, -4.67216, 6.1875],
							"size": [1.0003, 2.125, 0.3125],
							"uv": {
								"north": {"uv": [5, 19], "uv_size": [1, 2]},
								"east": {"uv": [22, 0], "uv_size": [0.5, 2]},
								"south": {"uv": [19, 9], "uv_size": [1, 2]},
								"west": {"uv": [22, 2], "uv_size": [0.5, 2]}
							}
						},
						{
							"origin": [-0.5003, -2.17216, 9.3125],
							"size": [1.0003, 0.5625, 0.3125],
							"uv": {
								"east": {"uv": [23, 26], "uv_size": [0.5, 0.5]},
								"west": {"uv": [26, 23], "uv_size": [0.5, 0.5]},
								"up": {"uv": [25, 3], "uv_size": [1, 0.5]},
								"down": {"uv": [4, 25.5], "uv_size": [1, -0.5]}
							}
						},
						{
							"origin": [-0.5003, -3.85966, 9.3125],
							"size": [1.0003, 0.9375, 0.3125],
							"uv": {
								"east": {"uv": [25, 4], "uv_size": [0.5, 1]},
								"up": {"uv": [5, 25], "uv_size": [1, 0.5]},
								"down": {"uv": [25, 5.5], "uv_size": [1, -0.5]}
							}
						},
						{
							"origin": [-0.875, -4.49037, 5.05925],
							"size": [1.375, 0.5, 0.5],
							"pivot": [0, -2.12911, 4.97119],
							"rotation": [45, 0, 0],
							"uv": {
								"north": {"uv": [7, 23], "uv_size": [1.5, 0.5]},
								"east": {"uv": [24, 26], "uv_size": [0.5, 0.5]},
								"south": {"uv": [23, 8], "uv_size": [1.5, 0.5]},
								"up": {"uv": [23, 9], "uv_size": [1.5, 0.5]},
								"down": {"uv": [23, 10.5], "uv_size": [1.5, -0.5]}
							}
						},
						{
							"origin": [0.5, -4.67787, 4.87175],
							"size": [0.25, 0.875, 0.875],
							"pivot": [0, -2.12911, 4.97119],
							"rotation": [45, 0, 0],
							"uv": {
								"north": {"uv": [6, 25], "uv_size": [0.5, 1]},
								"east": {"uv": [22, 4], "uv_size": [1, 1]},
								"south": {"uv": [25, 6], "uv_size": [0.5, 1]},
								"west": {"uv": [5, 22], "uv_size": [1, 1]},
								"up": {"uv": [7, 25], "uv_size": [0.5, 1]},
								"down": {"uv": [25, 8], "uv_size": [0.5, -1]}
							}
						},
						{
							"origin": [0.5, -4.67787, 7.62175],
							"size": [0.25, 0.875, 0.875],
							"pivot": [0, -2.12911, 7.72119],
							"rotation": [45, 0, 0],
							"uv": {
								"north": {"uv": [8, 25], "uv_size": [0.5, 1]},
								"east": {"uv": [22, 5], "uv_size": [1, 1]},
								"south": {"uv": [25, 8], "uv_size": [0.5, 1]},
								"west": {"uv": [6, 22], "uv_size": [1, 1]},
								"up": {"uv": [9, 25], "uv_size": [0.5, 1]},
								"down": {"uv": [25, 10], "uv_size": [0.5, -1]}
							}
						},
						{
							"origin": [-0.625, -6.44597, 7.01485],
							"size": [1.125, 0.5, 0.5],
							"pivot": [0, -2.12911, 4.97119],
							"rotation": [45, 0, 0],
							"uv": {
								"north": {"uv": [10, 25], "uv_size": [1, 0.5]},
								"east": {"uv": [26, 24], "uv_size": [0.5, 0.5]},
								"south": {"uv": [25, 10], "uv_size": [1, 0.5]},
								"up": {"uv": [11, 25], "uv_size": [1, 0.5]},
								"down": {"uv": [25, 11.5], "uv_size": [1, -0.5]}
							}
						},
						{
							"origin": [-0.5625, -7.42582, 6.03499],
							"size": [1.125, 0.25, 0.25],
							"pivot": [0, -2.12911, 4.97119],
							"rotation": [45, 0, 0],
							"uv": {
								"north": {"uv": [12, 25], "uv_size": [1, 0.5]},
								"east": {"uv": [25, 26], "uv_size": [0.5, 0.5]},
								"south": {"uv": [25, 12], "uv_size": [1, 0.5]},
								"west": {"uv": [26, 25], "uv_size": [0.5, 0.5]},
								"up": {"uv": [13, 25], "uv_size": [1, 0.5]},
								"down": {"uv": [25, 13.5], "uv_size": [1, -0.5]}
							}
						},
						{
							"origin": [-0.5625, -5.26031, 8.20051],
							"size": [1.125, 0.25, 0.25],
							"pivot": [0, -2.12911, 4.97119],
							"rotation": [45, 0, 0],
							"uv": {
								"north": {"uv": [14, 25], "uv_size": [1, 0.5]},
								"east": {"uv": [26, 26], "uv_size": [0.5, 0.5]},
								"south": {"uv": [25, 14], "uv_size": [1, 0.5]},
								"west": {"uv": [0, 27], "uv_size": [0.5, 0.5]},
								"up": {"uv": [15, 25], "uv_size": [1, 0.5]},
								"down": {"uv": [25, 15.5], "uv_size": [1, -0.5]}
							}
						},
						{
							"origin": [-0.5625, -5.48128, 4.09045],
							"size": [1.125, 0.25, 0.25],
							"pivot": [0, -2.12911, 4.97119],
							"rotation": [45, 0, 0],
							"uv": {
								"north": {"uv": [16, 25], "uv_size": [1, 0.5]},
								"east": {"uv": [27, 0], "uv_size": [0.5, 0.5]},
								"south": {"uv": [25, 16], "uv_size": [1, 0.5]},
								"west": {"uv": [1, 27], "uv_size": [0.5, 0.5]},
								"up": {"uv": [17, 25], "uv_size": [1, 0.5]},
								"down": {"uv": [25, 17.5], "uv_size": [1, -0.5]}
							}
						},
						{
							"origin": [-0.6875, -3.31578, 6.25597],
							"size": [1.25, 0.25, 0.25],
							"pivot": [0, -2.12911, 4.97119],
							"rotation": [45, 0, 0],
							"uv": {
								"north": {"uv": [23, 11], "uv_size": [1.5, 0.5]},
								"east": {"uv": [27, 1], "uv_size": [0.5, 0.5]},
								"south": {"uv": [23, 12], "uv_size": [1.5, 0.5]},
								"west": {"uv": [2, 27], "uv_size": [0.5, 0.5]},
								"up": {"uv": [23, 13], "uv_size": [1.5, 0.5]},
								"down": {"uv": [14, 23.5], "uv_size": [1.5, -0.5]}
							}
						}
					]
				},
				{
					"name": "extend2",
					"parent": "stock_default2",
					"pivot": [-0.01831, 14.19023, -2.03517],
					"cubes": [
						{
							"origin": [-1, -0.42216, 10.68749],
							"size": [2, 0.82843, 1.00001],
							"uv": {
								"north": {"uv": [19, 11], "uv_size": [2, 1]},
								"east": {"uv": [22, 6], "uv_size": [1, 1]},
								"south": {"uv": [19, 15], "uv_size": [2, 1]},
								"west": {"uv": [7, 22], "uv_size": [1, 1]}
							}
						},
						{
							"origin": [0.49971, -5.23467, 10.6875],
							"size": [0.50029, 4.8125, 1],
							"pivot": [1, -0.42217, 11.6875],
							"rotation": [0, 0, 6],
							"uv": {
								"north": {"uv": [3, 16], "uv_size": [0.5, 5]},
								"south": {"uv": [9, 16], "uv_size": [0.5, 5]},
								"west": {"uv": [1, 11], "uv_size": [1, 5]}
							}
						},
						{
							"origin": [-1, -5.23467, 10.6875],
							"size": [0.50029, 4.8125, 1],
							"pivot": [-1, -0.42217, 11.6875],
							"rotation": [0, 0, -6],
							"uv": {
								"north": {"uv": [13, 16], "uv_size": [0.5, 5]},
								"east": {"uv": [2, 11], "uv_size": [1, 5]},
								"south": {"uv": [14, 16], "uv_size": [0.5, 5]}
							}
						},
						{
							"origin": [-0.2503, -4.73466, 9.1875],
							"size": [0.5003, 2.625, 1.5],
							"uv": {
								"east": {"uv": [13, 9], "uv_size": [1.5, 2.5]},
								"west": {"uv": [13, 12], "uv_size": [1.5, 2.5]}
							}
						},
						{
							"origin": [-0.3753, -2.10966, 9.1875],
							"size": [0.7503, 0.3125, 1.5],
							"uv": {
								"east": {"uv": [23, 14], "uv_size": [1.5, 0.5]},
								"west": {"uv": [23, 15], "uv_size": [1.5, 0.5]},
								"up": {"uv": [20, 9], "uv_size": [1, 1.5]},
								"down": {"uv": [20, 14.5], "uv_size": [1, -1.5]}
							}
						},
						{
							"origin": [-0.5003, -5.23466, 10.6875],
							"size": [1.0003, 4.8125, 1],
							"inflate": -0.001,
							"uv": {
								"north": {"uv": [3, 11], "uv_size": [1, 5]},
								"east": {"uv": [10, 12], "uv_size": [1, 5]},
								"south": {"uv": [11, 12], "uv_size": [1, 5]},
								"west": {"uv": [12, 12], "uv_size": [1, 5]},
								"down": {"uv": [22, 8], "uv_size": [1, -1]}
							}
						},
						{
							"origin": [-0.3753, -5.04716, 9.1875],
							"size": [0.7503, 0.3125, 1.5],
							"uv": {
								"east": {"uv": [16, 23], "uv_size": [1.5, 0.5]},
								"west": {"uv": [23, 16], "uv_size": [1.5, 0.5]},
								"up": {"uv": [21, 0], "uv_size": [1, 1.5]},
								"down": {"uv": [1, 22.5], "uv_size": [1, -1.5]}
							}
						},
						{
							"origin": [-0.3128, -5.42216, 10.6875],
							"size": [0.6253, 0.1875, 1],
							"uv": {
								"north": {"uv": [27, 2], "uv_size": [0.5, 0.5]},
								"east": {"uv": [18, 25], "uv_size": [1, 0.5]},
								"south": {"uv": [3, 27], "uv_size": [0.5, 0.5]},
								"down": {"uv": [25, 19], "uv_size": [0.5, -1]}
							}
						},
						{
							"origin": [-2.10756, -4.67862, 10.6875],
							"size": [0.26516, 0.1875, 1],
							"pivot": [0, -2.12911, 5.22119],
							"rotation": [0, 0, -45],
							"uv": {
								"north": {"uv": [27, 3], "uv_size": [0.5, 0.5]},
								"south": {"uv": [4, 27], "uv_size": [0.5, 0.5]},
								"down": {"uv": [19, 26], "uv_size": [0.5, -1]}
							}
						},
						{
							"origin": [1.8424, -4.67862, 10.6875],
							"size": [0.26516, 0.1875, 1],
							"pivot": [0, -2.12911, 5.22119],
							"rotation": [0, 0, 45],
							"uv": {
								"north": {"uv": [27, 4], "uv_size": [0.5, 0.5]},
								"south": {"uv": [5, 27], "uv_size": [0.5, 0.5]},
								"down": {"uv": [25, 20], "uv_size": [0.5, -1]}
							}
						},
						{
							"origin": [1.08568, -0.06672, 10.6875],
							"size": [0.82842, 0.4375, 1],
							"pivot": [0, -2.12911, 5.22119],
							"rotation": [0, 0, -45],
							"uv": {
								"north": {"uv": [20, 25], "uv_size": [1, 0.5]},
								"south": {"uv": [25, 20], "uv_size": [1, 0.5]},
								"up": {"uv": [8, 22], "uv_size": [1, 1]}
							}
						},
						{
							"origin": [-0.41422, 0.40626, 10.6875],
							"size": [0.82843, 0.58578, 1],
							"uv": {
								"north": {"uv": [21, 25], "uv_size": [1, 0.5]},
								"south": {"uv": [25, 21], "uv_size": [1, 0.5]},
								"up": {"uv": [22, 8], "uv_size": [1, 1]}
							}
						},
						{
							"origin": [2.06239, -1.04344, 10.6875],
							"size": [0.4375, 0.82842, 1],
							"pivot": [0, -2.12911, 5.22119],
							"rotation": [0, 0, -45],
							"uv": {
								"north": {"uv": [22, 25], "uv_size": [0.5, 1]},
								"south": {"uv": [25, 22], "uv_size": [0.5, 1]},
								"west": {"uv": [9, 22], "uv_size": [1, 1]}
							}
						}
					]
				},
				{
					"name": "cheek2",
					"parent": "stock_default2",
					"pivot": [-0.99999, 8.16249, 15.62659],
					"cubes": [
						{
							"origin": [0.49999, -1.80656, 4.90002],
							"size": [0.625, 1.71252, 3.75],
							"inflate": 0.001,
							"uv": {
								"north": {"uv": [9, 23], "uv_size": [0.5, 1.5]},
								"east": {"uv": [4, 4], "uv_size": [4, 1.5]},
								"south": {"uv": [12, 23], "uv_size": [0.5, 1.5]},
								"west": {"uv": [4, 6], "uv_size": [4, 1.5]},
								"down": {"uv": [12, 23], "uv_size": [0.5, -4]}
							}
						},
						{
							"origin": [0.49999, -0.55656, 4.65002],
							"size": [0.625, 0.52502, 3.875],
							"inflate": 0.002,
							"uv": {
								"west": {"uv": [38, 59], "uv_size": [40, 5.5]}
							}
						},
						{
							"origin": [-1.12499, -0.55656, 4.65002],
							"size": [0.625, 0.58752, 3.875],
							"inflate": 0.002,
							"uv": {
								"east": {"uv": [38, 59], "uv_size": [40, 5.5]}
							}
						},
						{
							"origin": [0.87499, -1.95136, 2.2709],
							"size": [0.25, 0.82842, 2.42187],
							"inflate": -0.001,
							"pivot": [0, -2.12911, 4.97119],
							"rotation": [-45, 0, 0],
							"uv": {
								"east": {"uv": [16, 3], "uv_size": [2.5, 1]},
								"west": {"uv": [16, 4], "uv_size": [2.5, 1]},
								"down": {"uv": [21, 5.5], "uv_size": [0.5, -2.5]}
							}
						},
						{
							"origin": [0.87499, -0.68155, 4.33752],
							"size": [0.25, 0.58752, 0.5625],
							"inflate": 0.001,
							"uv": {
								"west": {"uv": [27, 5], "uv_size": [0.5, 0.5]}
							}
						},
						{
							"origin": [0.87499, -0.09403, 3.1875],
							"size": [0.25, 0.70342, 6.04687],
							"uv": {
								"north": {"uv": [6, 27], "uv_size": [0.5, 0.5]},
								"south": {"uv": [27, 6], "uv_size": [0.5, 0.5]},
								"west": {"uv": [14, 7], "uv_size": [6, 0.5]},
								"down": {"uv": [6, 20], "uv_size": [0.5, -6]}
							}
						},
						{
							"origin": [0.87499, -0.40348, 7.65002],
							"size": [0.25, 0.30945, 1.58117],
							"uv": {
								"south": {"uv": [7, 27], "uv_size": [0.5, 0.5]},
								"west": {"uv": [23, 17], "uv_size": [1.5, 0.5]}
							}
						},
						{
							"origin": [0.87499, -0.42328, 7.69446],
							"size": [0.25, 1.51866, 0.55208],
							"inflate": -0.001,
							"pivot": [0, -2.12911, 4.97119],
							"rotation": [-22.5, 0, 0],
							"uv": {
								"east": {"uv": [18, 23], "uv_size": [0.5, 1.5]},
								"south": {"uv": [23, 18], "uv_size": [0.5, 1.5]},
								"west": {"uv": [23, 20], "uv_size": [0.5, 1.5]}
							}
						},
						{
							"origin": [-1.96935, 0.35279, 3.1875],
							"size": [0.82842, 0.25, 6.04687],
							"pivot": [0, -2.12911, 4.97119],
							"rotation": [0, 0, 45],
							"uv": {
								"north": {"uv": [23, 25], "uv_size": [1, 0.5]},
								"south": {"uv": [25, 23], "uv_size": [1, 0.5]},
								"up": {"uv": [4, 8], "uv_size": [1, 6]}
							}
						},
						{
							"origin": [-0.53921, 0.94518, 3.1875],
							"size": [1.07842, 0.25, 6.04687],
							"uv": {
								"north": {"uv": [24, 25], "uv_size": [1, 0.5]},
								"south": {"uv": [25, 24], "uv_size": [1, 0.5]},
								"up": {"uv": [8, 4], "uv_size": [1, 6]}
							}
						},
						{
							"origin": [1.14093, 0.35279, 3.1875],
							"size": [0.82842, 0.25, 6.04687],
							"pivot": [0, -2.12911, 4.97119],
							"rotation": [0, 0, -45],
							"uv": {
								"north": {"uv": [25, 25], "uv_size": [1, 0.5]},
								"south": {"uv": [0, 26], "uv_size": [1, 0.5]},
								"up": {"uv": [5, 8], "uv_size": [1, 6]}
							}
						},
						{
							"origin": [-1.12499, -0.09403, 3.1875],
							"size": [0.25, 0.70342, 6.04687],
							"inflate": 0.001,
							"uv": {
								"north": {"uv": [27, 7], "uv_size": [0.5, 0.5]},
								"east": {"uv": [14, 8], "uv_size": [6, 0.5]},
								"south": {"uv": [8, 27], "uv_size": [0.5, 0.5]},
								"down": {"uv": [15, 6], "uv_size": [0.5, -6]}
							}
						},
						{
							"origin": [-1.12499, -1.80656, 4.90002],
							"size": [0.625, 1.71252, 3.75],
							"uv": {
								"north": {"uv": [21, 23], "uv_size": [0.5, 1.5]},
								"east": {"uv": [9, 4], "uv_size": [4, 1.5]},
								"south": {"uv": [22, 23], "uv_size": [0.5, 1.5]},
								"west": {"uv": [9, 6], "uv_size": [4, 1.5]},
								"down": {"uv": [18, 23], "uv_size": [0.5, -4]}
							}
						},
						{
							"origin": [-0.74999, -2.4554, 6.75891],
							"size": [0.25, 1.75, 0.75],
							"pivot": [0, -2.12911, 4.97119],
							"rotation": [-22.5, 0, 0],
							"uv": {
								"east": {"uv": [19, 19], "uv_size": [1, 2]},
								"south": {"uv": [22, 9], "uv_size": [0.5, 2]},
								"west": {"uv": [20, 4], "uv_size": [1, 2]}
							}
						},
						{
							"origin": [-1.12499, -0.42328, 7.69446],
							"size": [0.25, 1.51866, 0.55208],
							"pivot": [0, -2.12911, 4.97119],
							"rotation": [-22.5, 0, 0],
							"uv": {
								"east": {"uv": [23, 22], "uv_size": [0.5, 1.5]},
								"south": {"uv": [0, 24], "uv_size": [0.5, 1.5]},
								"west": {"uv": [24, 0], "uv_size": [0.5, 1.5]}
							}
						},
						{
							"origin": [-0.74999, -3.78815, 5.65103],
							"size": [0.25, 1.75, 0.75],
							"pivot": [0, -2.12911, 4.97119],
							"rotation": [22.5, 0, 0],
							"uv": {
								"north": {"uv": [10, 22], "uv_size": [0.5, 2]},
								"east": {"uv": [6, 20], "uv_size": [1, 2]},
								"west": {"uv": [7, 20], "uv_size": [1, 2]}
							}
						},
						{
							"origin": [-0.74999, -4.55656, 6.21252],
							"size": [0.25, 2.75, 1],
							"inflate": 0.001,
							"uv": {
								"north": {"uv": [2, 21], "uv_size": [0.5, 3]},
								"east": {"uv": [8, 15], "uv_size": [1, 3]},
								"south": {"uv": [3, 21], "uv_size": [0.5, 3]},
								"west": {"uv": [15, 9], "uv_size": [1, 3]},
								"down": {"uv": [26, 1], "uv_size": [0.5, -1]}
							}
						},
						{
							"origin": [-1.12499, -0.40348, 8.65002],
							"size": [0.25, 0.30945, 0.58117],
							"uv": {
								"east": {"uv": [27, 8], "uv_size": [0.5, 0.5]},
								"south": {"uv": [9, 27], "uv_size": [0.5, 0.5]}
							}
						},
						{
							"origin": [-1.12499, -1.95136, 2.2709],
							"size": [0.25, 0.82842, 2.42187],
							"pivot": [0, -2.12911, 4.97119],
							"rotation": [-45, 0, 0],
							"uv": {
								"east": {"uv": [16, 5], "uv_size": [2.5, 1]},
								"west": {"uv": [16, 9], "uv_size": [2.5, 1]},
								"down": {"uv": [4, 23.5], "uv_size": [0.5, -2.5]}
							}
						},
						{
							"origin": [-1.12499, -0.68155, 4.33752],
							"size": [0.25, 0.58752, 0.5625],
							"uv": {
								"east": {"uv": [27, 9], "uv_size": [0.5, 0.5]}
							}
						}
					]
				}
			]
		}
	]
}