{
	"format_version": "1.12.0",
	"minecraft:geometry": [
		{
			"description": {
				"identifier": "geometry.hk416d - Converted",
				"texture_width": 128,
				"texture_height": 128,
				"visible_bounds_width": 6,
				"visible_bounds_height": 3,
				"visible_bounds_offset": [0, 0.5, 0]
			},
			"bones": [
				{
					"name": "stock",
					"pivot": [0, 10.4375, -12.14062],
					"cubes": [
						{
							"origin": [-0.375, -5.12352, 7.011],
							"size": [0.75, 2.5, 0.25],
							"pivot": [0, -4.62352, 6.72975],
							"rotation": [45, 0, 0],
							"uv": {
								"north": {"uv": [19, 12], "uv_size": [1, 2.5]},
								"east": {"uv": [12, 22], "uv_size": [0.5, 2.5]},
								"west": {"uv": [22, 15], "uv_size": [0.5, 2.5]},
								"up": {"uv": [24, 13], "uv_size": [1, 0.5]}
							}
						},
						{
							"origin": [-0.22671, -1.39062, 0],
							"size": [0.45342, 0.25, 7.6875],
							"uv": {
								"north": {"uv": [26, 22], "uv_size": [0.5, 0.5]},
								"east": {"uv": [12, 0], "uv_size": [7.5, 0.5]},
								"west": {"uv": [12, 1], "uv_size": [7.5, 0.5]},
								"up": {"uv": [9, 12], "uv_size": [0.5, 7.5]},
								"down": {"uv": [10, 19.5], "uv_size": [0.5, -7.5]}
							}
						},
						{
							"origin": [-0.57265, 0.52858, 0],
							"size": [0.82842, 0.25, 7.9375],
							"pivot": [0.01831, -0.37228, -13.14454],
							"rotation": [0, 0, 45],
							"uv": {
								"north": {"uv": [14, 24], "uv_size": [1, 0.5]},
								"east": {"uv": [0, 8], "uv_size": [8, 0.5]},
								"south": {"uv": [24, 14], "uv_size": [1, 0.5]},
								"west": {"uv": [8, 8], "uv_size": [8, 0.5]},
								"up": {"uv": [0, 0], "uv_size": [1, 8]},
								"down": {"uv": [1, 8], "uv_size": [1, -8]}
							}
						},
						{
							"origin": [-0.41421, 0.60938, 0],
							"size": [0.82842, 0.25, 7.9375],
							"uv": {
								"north": {"uv": [15, 24], "uv_size": [1, 0.5]},
								"up": {"uv": [2, 0], "uv_size": [1, 8]},
								"down": {"uv": [3, 8], "uv_size": [1, -8]}
							}
						},
						{
							"origin": [-1.15844, -0.63562, 0],
							"size": [0.25, 0.82842, 7.9375],
							"pivot": [0.01831, -0.37227, -13.14454],
							"rotation": [0, 0, 45],
							"uv": {
								"north": {"uv": [24, 15], "uv_size": [0.5, 1]},
								"east": {"uv": [4, 0], "uv_size": [8, 1]},
								"south": {"uv": [16, 24], "uv_size": [0.5, 1]},
								"west": {"uv": [4, 1], "uv_size": [8, 1]},
								"down": {"uv": [0, 17], "uv_size": [0.5, -8]}
							}
						},
						{
							"origin": [-1, -0.30484, 0],
							"size": [0.25, 0.57843, 7.9375],
							"uv": {
								"north": {"uv": [23, 26], "uv_size": [0.5, 0.5]},
								"east": {"uv": [1, 9], "uv_size": [8, 0.5]},
								"west": {"uv": [9, 9], "uv_size": [8, 0.5]},
								"up": {"uv": [1, 10], "uv_size": [0.5, 8]},
								"down": {"uv": [2, 18], "uv_size": [0.5, -8]}
							}
						},
						{
							"origin": [-0.24054, -1.40686, 0],
							"size": [0.42218, 0.25, 7.9375],
							"pivot": [0.01831, -0.37227, -13.14454],
							"rotation": [0, 0, 22.5],
							"uv": {
								"north": {"uv": [26, 23], "uv_size": [0.5, 0.5]},
								"east": {"uv": [3, 10], "uv_size": [8, 0.5]},
								"south": {"uv": [24, 26], "uv_size": [0.5, 0.5]},
								"up": {"uv": [3, 11], "uv_size": [0.5, 8]},
								"down": {"uv": [4, 19], "uv_size": [0.5, -8]}
							}
						},
						{
							"origin": [-0.77168, -0.92059, 0],
							"size": [0.125, 1, 7.6875],
							"pivot": [0.01831, -0.37227, -13.14454],
							"rotation": [0, 0, -22.5],
							"uv": {
								"north": {"uv": [24, 16], "uv_size": [0.5, 1]},
								"east": {"uv": [4, 2], "uv_size": [7.5, 1]},
								"south": {"uv": [17, 24], "uv_size": [0.5, 1]},
								"west": {"uv": [4, 3], "uv_size": [7.5, 1]}
							}
						},
						{
							"origin": [0.75, -0.30484, 0],
							"size": [0.25, 0.57843, 7.9375],
							"uv": {
								"north": {"uv": [26, 24], "uv_size": [0.5, 0.5]},
								"east": {"uv": [5, 11], "uv_size": [8, 0.5]},
								"west": {"uv": [11, 6], "uv_size": [8, 0.5]},
								"up": {"uv": [5, 12], "uv_size": [0.5, 8]},
								"down": {"uv": [6, 20], "uv_size": [0.5, -8]}
							}
						},
						{
							"origin": [-1, -0.10937, 6.79688],
							"size": [2, 0.15625, 0.65625],
							"inflate": 0.01,
							"uv": {
								"east": {"uv": [25, 26], "uv_size": [0.5, 0.5]},
								"west": {"uv": [26, 25], "uv_size": [0.5, 0.5]}
							}
						},
						{
							"origin": [-1, -0.14062, 0.45313],
							"size": [2, 0.25, 0.59375],
							"inflate": 0.01,
							"uv": {
								"east": {"uv": [7, 29.5], "uv_size": [14.5, 6.5]},
								"west": {"uv": [7, 30], "uv_size": [14.5, 6]}
							}
						},
						{
							"origin": [-0.17885, -1.39286, 0],
							"size": [0.42218, 0.25, 7.9375],
							"pivot": [0.01831, -0.37227, -13.14454],
							"rotation": [0, 0, -22.5],
							"uv": {
								"north": {"uv": [26, 26], "uv_size": [0.5, 0.5]},
								"east": {"uv": [11, 7], "uv_size": [8, 0.5]},
								"south": {"uv": [0, 27], "uv_size": [0.5, 0.5]},
								"west": {"uv": [11, 10], "uv_size": [8, 0.5]},
								"up": {"uv": [7, 12], "uv_size": [0.5, 8]},
								"down": {"uv": [8, 20], "uv_size": [0.5, -8]}
							}
						},
						{
							"origin": [-0.375, 4.70786, 3.71495],
							"size": [0.75, 0.25, 3.375],
							"pivot": [0.01831, -0.36752, -14.16845],
							"rotation": [-22.5, 0, 0],
							"uv": {
								"east": {"uv": [20, 13], "uv_size": [3.5, 0.5]},
								"west": {"uv": [20, 14], "uv_size": [3.5, 0.5]},
								"up": {"uv": [12, 2], "uv_size": [1, 3.5]},
								"down": {"uv": [11, 15.5], "uv_size": [1, -3.5]}
							}
						},
						{
							"origin": [-0.375, -2.54119, 1.20408],
							"size": [0.75, 0.25, 3.1875],
							"uv": {
								"north": {"uv": [24, 17], "uv_size": [1, 0.5]},
								"east": {"uv": [21, 1], "uv_size": [3, 0.5]},
								"west": {"uv": [21, 2], "uv_size": [3, 0.5]},
								"up": {"uv": [4, 19], "uv_size": [1, 3]},
								"down": {"uv": [19, 9], "uv_size": [1, -3]}
							}
						},
						{
							"origin": [-0.09375, -2.29119, 1.20408],
							"size": [0.1875, 0.9375, 6.5],
							"uv": {
								"north": {"uv": [18, 24], "uv_size": [0.5, 1]},
								"east": {"uv": [4, 6], "uv_size": [6.5, 1]},
								"west": {"uv": [4, 7], "uv_size": [6.5, 1]}
							}
						},
						{
							"origin": [-0.09375, -3.85369, 6.45408],
							"size": [0.1875, 1.5625, 1.0625],
							"uv": {
								"east": {"uv": [21, 3], "uv_size": [1, 1.5]},
								"west": {"uv": [21, 5], "uv_size": [1, 1.5]}
							}
						},
						{
							"origin": [-0.375, -4.37574, 7.65023],
							"size": [0.75, 1.62501, 0.25],
							"pivot": [0, -4.84448, 7.52523],
							"rotation": [45, 0, 0],
							"uv": {
								"east": {"uv": [24, 2], "uv_size": [0.5, 1.5]},
								"south": {"uv": [21, 7], "uv_size": [1, 1.5]},
								"west": {"uv": [24, 4], "uv_size": [0.5, 1.5]}
							}
						},
						{
							"origin": [-0.375, -4.25074, 7.90023],
							"size": [0.75, 0.87501, 0.25],
							"pivot": [0, -4.84448, 7.52523],
							"rotation": [45, 0, 0],
							"uv": {
								"east": {"uv": [24, 18], "uv_size": [0.5, 1]},
								"west": {"uv": [19, 24], "uv_size": [0.5, 1]},
								"up": {"uv": [20, 24], "uv_size": [1, 0.5]}
							}
						},
						{
							"origin": [-0.09375, 4.89061, 3.73885],
							"size": [0.1875, 0.875, 2.25],
							"inflate": -0.001,
							"pivot": [-0.01294, -0.37227, -14.14454],
							"rotation": [-22.5, 0, 0],
							"uv": {
								"east": {"uv": [19, 15], "uv_size": [2.5, 1]},
								"west": {"uv": [19, 16], "uv_size": [2.5, 1]}
							}
						},
						{
							"origin": [11.26595, -3.14062, -2.34069],
							"size": [0.31066, 2, 0.75],
							"pivot": [0.01831, -0.37227, -13.39454],
							"rotation": [0, -45, 0],
							"uv": {
								"north": {"uv": [22, 18], "uv_size": [0.5, 2]},
								"east": {"uv": [5, 20], "uv_size": [1, 2]},
								"south": {"uv": [23, 7], "uv_size": [0.5, 2]},
								"up": {"uv": [24, 20], "uv_size": [0.5, 1]},
								"down": {"uv": [24, 22], "uv_size": [0.5, -1]}
							}
						},
						{
							"origin": [-0.15533, -3.14062, 2.375],
							"size": [0.31066, 2, 0.75],
							"uv": {
								"north": {"uv": [23, 9], "uv_size": [0.5, 2]},
								"east": {"uv": [6, 20], "uv_size": [1, 2]},
								"south": {"uv": [11, 23], "uv_size": [0.5, 2]},
								"west": {"uv": [7, 20], "uv_size": [1, 2]},
								"down": {"uv": [24, 23], "uv_size": [0.5, -1]}
							}
						},
						{
							"origin": [11.04628, -3.14062, -2.12101],
							"size": [0.75, 2, 0.31066],
							"pivot": [0.01831, -0.37227, -13.39454],
							"rotation": [0, -45, 0],
							"uv": {
								"north": {"uv": [20, 7], "uv_size": [1, 2]},
								"east": {"uv": [23, 11], "uv_size": [0.5, 2]},
								"south": {"uv": [8, 20], "uv_size": [1, 2]},
								"west": {"uv": [23, 15], "uv_size": [0.5, 2]},
								"up": {"uv": [23, 24], "uv_size": [1, 0.5]},
								"down": {"uv": [24, 23.5], "uv_size": [1, -0.5]}
							}
						},
						{
							"origin": [-0.375, -3.14062, 2.59468],
							"size": [0.75, 2, 0.31066],
							"uv": {
								"north": {"uv": [9, 20], "uv_size": [1, 2]},
								"east": {"uv": [23, 17], "uv_size": [0.5, 2]},
								"south": {"uv": [10, 20], "uv_size": [1, 2]},
								"west": {"uv": [23, 22], "uv_size": [0.5, 2]},
								"down": {"uv": [24, 24.5], "uv_size": [1, -0.5]}
							}
						},
						{
							"origin": [-0.4375, -2.79119, 1.70408],
							"size": [0.875, 0.1875, 2.1875],
							"uv": {
								"north": {"uv": [0, 25], "uv_size": [1, 0.5]},
								"south": {"uv": [25, 0], "uv_size": [1, 0.5]},
								"west": {"uv": [23, 0], "uv_size": [2, 0.5]},
								"up": {"uv": [20, 11], "uv_size": [1, 2]},
								"down": {"uv": [12, 22], "uv_size": [1, -2]}
							}
						},
						{
							"origin": [-0.625, -3.63082, 3.6599],
							"size": [1.25, 0.1875, 2.125],
							"pivot": [0, -3.15675, 4.78927],
							"rotation": [-45, 0, 0],
							"uv": {
								"north": {"uv": [24, 7], "uv_size": [1.5, 0.5]},
								"east": {"uv": [23, 19], "uv_size": [2, 0.5]},
								"south": {"uv": [24, 8], "uv_size": [1.5, 0.5]},
								"west": {"uv": [24, 1], "uv_size": [2, 0.5]},
								"up": {"uv": [17, 8], "uv_size": [1.5, 2]},
								"down": {"uv": [19, 11], "uv_size": [1.5, -2]}
							}
						},
						{
							"origin": [-0.625, -3.44333, 3.40988],
							"size": [0.1875, 0.75, 1.625],
							"pivot": [0, -3.15675, 4.78927],
							"rotation": [-45, 0, 0],
							"uv": {
								"east": {"uv": [21, 9], "uv_size": [1.5, 1]},
								"south": {"uv": [1, 25], "uv_size": [0.5, 1]},
								"west": {"uv": [21, 10], "uv_size": [1.5, 1]},
								"up": {"uv": [24, 9], "uv_size": [0.5, 1.5]}
							}
						},
						{
							"origin": [-0.625, -2.79119, 1.70408],
							"size": [0.1875, 0.9375, 2.4375],
							"inflate": 0.005,
							"uv": {
								"north": {"uv": [2, 25], "uv_size": [0.5, 1]},
								"east": {"uv": [19, 17], "uv_size": [2.5, 1]},
								"west": {"uv": [19, 18], "uv_size": [2.5, 1]},
								"up": {"uv": [21, 22], "uv_size": [0.5, 2.5]},
								"down": {"uv": [22, 24.5], "uv_size": [0.5, -2.5]}
							}
						},
						{
							"origin": [-0.625, -4.0634, 5.03781],
							"size": [0.1875, 1.06349, 0.25282],
							"uv": {
								"east": {"uv": [25, 2], "uv_size": [0.5, 1]},
								"south": {"uv": [25, 3], "uv_size": [0.5, 1]},
								"west": {"uv": [4, 25], "uv_size": [0.5, 1]},
								"down": {"uv": [27, 0.5], "uv_size": [0.5, -0.5]}
							}
						},
						{
							"origin": [-0.625, -3.81241, 4.78781],
							"size": [0.1875, 0.5625, 0.25],
							"uv": {
								"north": {"uv": [1, 27], "uv_size": [0.5, 0.5]},
								"east": {"uv": [27, 1], "uv_size": [0.5, 0.5]},
								"west": {"uv": [2, 27], "uv_size": [0.5, 0.5]}
							}
						},
						{
							"origin": [0.4375, -2.79119, 1.70408],
							"size": [0.1875, 0.9375, 2.4375],
							"inflate": 0.005,
							"uv": {
								"north": {"uv": [25, 4], "uv_size": [0.5, 1]},
								"east": {"uv": [19, 19], "uv_size": [2.5, 1]},
								"west": {"uv": [20, 0], "uv_size": [2.5, 1]},
								"up": {"uv": [23, 3], "uv_size": [0.5, 2.5]},
								"down": {"uv": [5, 25.5], "uv_size": [0.5, -2.5]}
							}
						},
						{
							"origin": [0.4375, -3.44333, 3.40988],
							"size": [0.1875, 0.75, 1.625],
							"pivot": [0, -3.15675, 4.78927],
							"rotation": [-45, 0, 0],
							"uv": {
								"east": {"uv": [21, 11], "uv_size": [1.5, 1]},
								"south": {"uv": [25, 5], "uv_size": [0.5, 1]},
								"west": {"uv": [21, 12], "uv_size": [1.5, 1]},
								"up": {"uv": [10, 24], "uv_size": [0.5, 1.5]}
							}
						},
						{
							"origin": [0.4375, -4.0634, 5.03781],
							"size": [0.1875, 1.06349, 0.25282],
							"uv": {
								"east": {"uv": [25, 6], "uv_size": [0.5, 1]},
								"south": {"uv": [8, 25], "uv_size": [0.5, 1]},
								"west": {"uv": [9, 25], "uv_size": [0.5, 1]},
								"down": {"uv": [27, 2.5], "uv_size": [0.5, -0.5]}
							}
						},
						{
							"origin": [0.4375, -3.81241, 4.78781],
							"size": [0.1875, 0.5625, 0.25],
							"uv": {
								"north": {"uv": [3, 27], "uv_size": [0.5, 0.5]},
								"east": {"uv": [27, 3], "uv_size": [0.5, 0.5]},
								"west": {"uv": [4, 27], "uv_size": [0.5, 0.5]}
							}
						},
						{
							"origin": [-0.89668, -0.92059, 7.50001],
							"size": [0.1875, 1.00031, 0.4375],
							"pivot": [0.01831, -0.37227, -13.14454],
							"rotation": [0, 0, -22.5],
							"uv": {
								"north": {"uv": [25, 9], "uv_size": [0.5, 1]},
								"east": {"uv": [25, 10], "uv_size": [0.5, 1]},
								"south": {"uv": [11, 25], "uv_size": [0.5, 1]},
								"down": {"uv": [27, 4.5], "uv_size": [0.5, -0.5]}
							}
						},
						{
							"origin": [0.70918, -0.92059, 7.50001],
							"size": [0.1875, 1.00031, 0.4375],
							"pivot": [-0.01831, -0.37227, -13.14454],
							"rotation": [0, 0, 22.5],
							"uv": {
								"north": {"uv": [25, 11], "uv_size": [0.5, 1]},
								"south": {"uv": [12, 25], "uv_size": [0.5, 1]},
								"west": {"uv": [25, 12], "uv_size": [0.5, 1]},
								"down": {"uv": [5, 27.5], "uv_size": [0.5, -0.5]}
							}
						},
						{
							"origin": [-0.89668, -0.79559, 6.12501],
							"size": [0.1875, 0.87531, 0.25],
							"inflate": 0.001,
							"pivot": [0.01831, -0.37227, -13.14454],
							"rotation": [0, 0, -22.5],
							"uv": {
								"north": {"uv": [25, 13], "uv_size": [0.5, 1]},
								"east": {"uv": [14, 25], "uv_size": [0.5, 1]},
								"south": {"uv": [25, 14], "uv_size": [0.5, 1]}
							}
						},
						{
							"origin": [-0.89668, -0.24872, 0.875],
							"size": [0.1875, 0.09406, 6.625],
							"pivot": [0.01831, -0.37227, -13.14454],
							"rotation": [0, 0, -22.5],
							"uv": {
								"east": {"uv": [12, 12], "uv_size": [6.5, 0.5]},
								"up": {"uv": [12, 13], "uv_size": [0.5, 6.5]},
								"down": {"uv": [13, 19.5], "uv_size": [0.5, -6.5]}
							}
						},
						{
							"origin": [-0.89668, -0.56122, 0.875],
							"size": [0.1875, 0.09406, 6.625],
							"pivot": [0.01831, -0.37227, -13.14454],
							"rotation": [0, 0, -22.5],
							"uv": {
								"east": {"uv": [13, 2], "uv_size": [6.5, 0.5]},
								"up": {"uv": [14, 13], "uv_size": [0.5, 6.5]},
								"down": {"uv": [15, 19.5], "uv_size": [0.5, -6.5]}
							}
						},
						{
							"origin": [0.70918, -0.24872, 0.875],
							"size": [0.1875, 0.09406, 6.625],
							"pivot": [-0.01831, -0.37227, -13.14454],
							"rotation": [0, 0, 22.5],
							"uv": {
								"west": {"uv": [13, 3], "uv_size": [6.5, 0.5]},
								"up": {"uv": [11, 16], "uv_size": [0.5, 6.5]},
								"down": {"uv": [16, 19.5], "uv_size": [0.5, -6.5]}
							}
						},
						{
							"origin": [0.70918, -0.56122, 0.875],
							"size": [0.1875, 0.09406, 6.625],
							"pivot": [-0.01831, -0.37227, -13.14454],
							"rotation": [0, 0, 22.5],
							"uv": {
								"west": {"uv": [13, 4], "uv_size": [6.5, 0.5]},
								"up": {"uv": [0, 17], "uv_size": [0.5, 6.5]},
								"down": {"uv": [17, 19.5], "uv_size": [0.5, -6.5]}
							}
						},
						{
							"origin": [-0.89668, -0.92059, 0.875],
							"size": [0.1875, 0.12531, 6.625],
							"pivot": [0.01831, -0.37227, -13.14454],
							"rotation": [0, 0, -22.5],
							"uv": {
								"east": {"uv": [13, 5], "uv_size": [6.5, 0.5]},
								"up": {"uv": [1, 18], "uv_size": [0.5, 6.5]},
								"down": {"uv": [2, 24.5], "uv_size": [0.5, -6.5]}
							}
						},
						{
							"origin": [0.70918, -0.92059, 0.875],
							"size": [0.1875, 0.12531, 6.625],
							"pivot": [-0.01831, -0.37227, -13.14454],
							"rotation": [0, 0, 22.5],
							"uv": {
								"west": {"uv": [13, 11], "uv_size": [6.5, 0.5]},
								"up": {"uv": [18, 13], "uv_size": [0.5, 6.5]},
								"down": {"uv": [3, 25.5], "uv_size": [0.5, -6.5]}
							}
						},
						{
							"origin": [-0.89668, -0.79559, 4.75001],
							"size": [0.1875, 0.87531, 0.25],
							"inflate": 0.001,
							"pivot": [0.01831, -0.37227, -13.14454],
							"rotation": [0, 0, -22.5],
							"uv": {
								"north": {"uv": [15, 25], "uv_size": [0.5, 1]},
								"east": {"uv": [25, 15], "uv_size": [0.5, 1]},
								"south": {"uv": [16, 25], "uv_size": [0.5, 1]}
							}
						},
						{
							"origin": [-0.89668, -0.79559, 3.37501],
							"size": [0.1875, 0.87531, 0.25],
							"inflate": 0.001,
							"pivot": [0.01831, -0.37227, -13.14454],
							"rotation": [0, 0, -22.5],
							"uv": {
								"north": {"uv": [25, 16], "uv_size": [0.5, 1]},
								"east": {"uv": [17, 25], "uv_size": [0.5, 1]},
								"south": {"uv": [25, 17], "uv_size": [0.5, 1]}
							}
						},
						{
							"origin": [-0.89668, -0.79559, 2],
							"size": [0.1875, 0.87531, 0.25],
							"inflate": 0.001,
							"pivot": [0.01831, -0.37227, -13.14454],
							"rotation": [0, 0, -22.5],
							"uv": {
								"north": {"uv": [18, 25], "uv_size": [0.5, 1]},
								"east": {"uv": [25, 18], "uv_size": [0.5, 1]},
								"south": {"uv": [19, 25], "uv_size": [0.5, 1]}
							}
						},
						{
							"origin": [0.70918, -0.79559, 6.12501],
							"size": [0.1875, 0.87531, 0.25],
							"inflate": 0.001,
							"pivot": [-0.01831, -0.37227, -13.14454],
							"rotation": [0, 0, 22.5],
							"uv": {
								"north": {"uv": [25, 19], "uv_size": [0.5, 1]},
								"south": {"uv": [20, 25], "uv_size": [0.5, 1]},
								"west": {"uv": [25, 20], "uv_size": [0.5, 1]}
							}
						},
						{
							"origin": [0.70918, -0.79559, 4.75001],
							"size": [0.1875, 0.87531, 0.25],
							"inflate": 0.001,
							"pivot": [-0.01831, -0.37227, -13.14454],
							"rotation": [0, 0, 22.5],
							"uv": {
								"north": {"uv": [21, 25], "uv_size": [0.5, 1]},
								"south": {"uv": [25, 21], "uv_size": [0.5, 1]},
								"west": {"uv": [22, 25], "uv_size": [0.5, 1]}
							}
						},
						{
							"origin": [0.70918, -0.79559, 3.37501],
							"size": [0.1875, 0.87531, 0.25],
							"inflate": 0.001,
							"pivot": [-0.01831, -0.37227, -13.14454],
							"rotation": [0, 0, 22.5],
							"uv": {
								"north": {"uv": [25, 22], "uv_size": [0.5, 1]},
								"south": {"uv": [23, 25], "uv_size": [0.5, 1]},
								"west": {"uv": [25, 23], "uv_size": [0.5, 1]}
							}
						},
						{
							"origin": [0.70918, -0.79559, 2],
							"size": [0.1875, 0.87531, 0.25],
							"inflate": 0.001,
							"pivot": [-0.01831, -0.37227, -13.14454],
							"rotation": [0, 0, 22.5],
							"uv": {
								"north": {"uv": [24, 25], "uv_size": [0.5, 1]},
								"south": {"uv": [25, 24], "uv_size": [0.5, 1]},
								"west": {"uv": [25, 25], "uv_size": [0.5, 1]}
							}
						},
						{
							"origin": [-0.89668, -0.92059, 0],
							"size": [0.125, 1.00031, 0.875],
							"pivot": [0.01831, -0.37227, -13.14454],
							"rotation": [0, 0, -22.5],
							"uv": {
								"north": {"uv": [0, 26], "uv_size": [0.5, 1]},
								"east": {"uv": [16, 8], "uv_size": [1, 1]},
								"south": {"uv": [26, 0], "uv_size": [0.5, 1]},
								"down": {"uv": [1, 27], "uv_size": [0.5, -1]}
							}
						},
						{
							"origin": [0.77446, -0.93459, 0],
							"size": [0.125, 1.0003, 0.9375],
							"pivot": [0.01831, -0.37227, -13.14454],
							"rotation": [0, 0, 22.5],
							"uv": {
								"north": {"uv": [26, 1], "uv_size": [0.5, 1]},
								"south": {"uv": [2, 26], "uv_size": [0.5, 1]},
								"west": {"uv": [0, 24], "uv_size": [1, 1]},
								"down": {"uv": [26, 3], "uv_size": [0.5, -1]}
							}
						},
						{
							"origin": [0.64946, -0.93459, 0],
							"size": [0.125, 1, 7.6875],
							"pivot": [0.01831, -0.37227, -13.14454],
							"rotation": [0, 0, 22.5],
							"uv": {
								"north": {"uv": [3, 26], "uv_size": [0.5, 1]},
								"east": {"uv": [4, 4], "uv_size": [7.5, 1]},
								"south": {"uv": [26, 3], "uv_size": [0.5, 1]},
								"west": {"uv": [4, 5], "uv_size": [7.5, 1]}
							}
						},
						{
							"origin": [-0.5, -1.03708, 4.62501],
							"size": [0.25, 0.39063, 3.0625],
							"uv": {
								"north": {"uv": [27, 5], "uv_size": [0.5, 0.5]},
								"east": {"uv": [21, 20], "uv_size": [3, 0.5]},
								"west": {"uv": [21, 21], "uv_size": [3, 0.5]},
								"up": {"uv": [22, 3], "uv_size": [0.5, 3]},
								"down": {"uv": [4, 25], "uv_size": [0.5, -3]}
							}
						},
						{
							"origin": [0.25, -1.03708, 4.62501],
							"size": [0.25, 0.39063, 3.0625],
							"uv": {
								"north": {"uv": [6, 27], "uv_size": [0.5, 0.5]},
								"east": {"uv": [5, 22], "uv_size": [3, 0.5]},
								"west": {"uv": [22, 6], "uv_size": [3, 0.5]},
								"up": {"uv": [8, 22], "uv_size": [0.5, 3]},
								"down": {"uv": [9, 25], "uv_size": [0.5, -3]}
							}
						}
					]
				},
				{
					"name": "bone",
					"parent": "stock",
					"pivot": [-0.31274, -5.67727, 21.17426],
					"cubes": [
						{
							"origin": [-0.1875, -4.74686, 6.79688],
							"size": [0.375, 0.59061, 0.4375],
							"uv": {
								"north": {"uv": [27, 6], "uv_size": [0.5, 0.5]},
								"east": {"uv": [7, 27], "uv_size": [0.5, 0.5]},
								"south": {"uv": [27, 7], "uv_size": [0.5, 0.5]},
								"west": {"uv": [8, 27], "uv_size": [0.5, 0.5]}
							}
						},
						{
							"origin": [-0.1875, -15.05757, 10.53437],
							"size": [0.375, 0.18122, 0.125],
							"pivot": [-0.06274, -5.67727, 21.17426],
							"rotation": [-45, 0, 0],
							"uv": {
								"east": {"uv": [27, 8], "uv_size": [0.5, 0.5]},
								"south": {"uv": [9, 27], "uv_size": [0.5, 0.5]},
								"west": {"uv": [27, 9], "uv_size": [0.5, 0.5]}
							}
						},
						{
							"origin": [-0.1875, -4.875, 6.92501],
							"size": [0.375, 0.12814, 0.18122],
							"uv": {
								"east": {"uv": [10, 27], "uv_size": [0.5, 0.5]},
								"west": {"uv": [27, 10], "uv_size": [0.5, 0.5]},
								"down": {"uv": [11, 27.5], "uv_size": [0.5, -0.5]}
							}
						},
						{
							"origin": [-0.1875, -15.18571, 10.35001],
							"size": [0.375, 0.125, 0.18122],
							"pivot": [-0.06274, -5.67727, 21.17426],
							"rotation": [-45, 0, 0],
							"uv": {
								"east": {"uv": [27, 11], "uv_size": [0.5, 0.5]},
								"west": {"uv": [12, 27], "uv_size": [0.5, 0.5]},
								"down": {"uv": [27, 12.5], "uv_size": [0.5, -0.5]}
							}
						},
						{
							"origin": [-0.4375, -8.51075, 7.14815],
							"size": [0.875, 0.1875, 0.1875],
							"pivot": [-0.06274, -5.67727, 21.17426],
							"rotation": [-15, 0, 0],
							"uv": {
								"north": {"uv": [4, 26], "uv_size": [1, 0.5]},
								"east": {"uv": [13, 27], "uv_size": [0.5, 0.5]},
								"south": {"uv": [26, 4], "uv_size": [1, 0.5]},
								"west": {"uv": [27, 13], "uv_size": [0.5, 0.5]},
								"up": {"uv": [5, 26], "uv_size": [1, 0.5]},
								"down": {"uv": [26, 5.5], "uv_size": [1, -0.5]}
							}
						},
						{
							"origin": [-0.4375, -9.19825, 7.14815],
							"size": [0.875, 0.1875, 0.1875],
							"pivot": [-0.06274, -5.67727, 21.17426],
							"rotation": [-15, 0, 0],
							"uv": {
								"north": {"uv": [6, 26], "uv_size": [1, 0.5]},
								"east": {"uv": [14, 27], "uv_size": [0.5, 0.5]},
								"south": {"uv": [26, 6], "uv_size": [1, 0.5]},
								"west": {"uv": [27, 14], "uv_size": [0.5, 0.5]},
								"up": {"uv": [7, 26], "uv_size": [1, 0.5]},
								"down": {"uv": [26, 7.5], "uv_size": [1, -0.5]}
							}
						},
						{
							"origin": [9.53086, -9.19825, 10.81453],
							"size": [0.13258, 0.875, 0.13258],
							"pivot": [0.18726, -5.67727, 21.17426],
							"rotation": [-20.7536, 43.0795, -14.5108],
							"uv": {
								"north": {"uv": [8, 26], "uv_size": [0.5, 1]},
								"east": {"uv": [26, 8], "uv_size": [0.5, 1]},
								"south": {"uv": [9, 26], "uv_size": [0.5, 1]},
								"west": {"uv": [26, 9], "uv_size": [0.5, 1]},
								"up": {"uv": [15, 27], "uv_size": [0.5, 0.5]},
								"down": {"uv": [27, 15.5], "uv_size": [0.5, -0.5]}
							}
						},
						{
							"origin": [-9.70019, -9.19825, 10.72581],
							"size": [0.13258, 0.875, 0.13258],
							"pivot": [-0.31274, -5.67727, 21.17426],
							"rotation": [-20.7536, -43.0795, 14.5108],
							"uv": {
								"north": {"uv": [10, 26], "uv_size": [0.5, 1]},
								"east": {"uv": [26, 10], "uv_size": [0.5, 1]},
								"south": {"uv": [11, 26], "uv_size": [0.5, 1]},
								"west": {"uv": [26, 11], "uv_size": [0.5, 1]},
								"up": {"uv": [16, 27], "uv_size": [0.5, 0.5]},
								"down": {"uv": [27, 16.5], "uv_size": [0.5, -0.5]}
							}
						}
					]
				},
				{
					"name": "group23",
					"parent": "stock",
					"pivot": [0, 10.20562, 7.72814],
					"rotation": [-7.5, 0, 0],
					"cubes": [
						{
							"origin": [-0.8125, -0.99733, 9.1382],
							"size": [0.5625, 0.39063, 0.3125],
							"uv": {
								"north": {"uv": [17, 27], "uv_size": [0.5, 0.5]},
								"east": {"uv": [27, 17], "uv_size": [0.5, 0.5]},
								"south": {"uv": [18, 27], "uv_size": [0.5, 0.5]},
								"west": {"uv": [27, 18], "uv_size": [0.5, 0.5]},
								"up": {"uv": [19, 27], "uv_size": [0.5, 0.5]}
							}
						},
						{
							"origin": [7.84004, 2.30299, 9.1382],
							"size": [0.57842, 0.45312, 0.3125],
							"pivot": [0.01831, 11.56482, -14.51016],
							"rotation": [0, 0, 45],
							"uv": {
								"north": {"uv": [27, 19], "uv_size": [0.5, 0.5]},
								"south": {"uv": [20, 27], "uv_size": [0.5, 0.5]},
								"west": {"uv": [27, 20], "uv_size": [0.5, 0.5]},
								"up": {"uv": [21, 27], "uv_size": [0.5, 0.5]},
								"down": {"uv": [27, 21.5], "uv_size": [0.5, -0.5]}
							}
						},
						{
							"origin": [7.75165, 4.00075, 9.1382],
							"size": [0.82842, 0.39063, 0.3125],
							"pivot": [0.01831, 11.56482, -14.51016],
							"rotation": [0, 0, 45],
							"uv": {
								"north": {"uv": [12, 26], "uv_size": [1, 0.5]},
								"east": {"uv": [22, 27], "uv_size": [0.5, 0.5]},
								"south": {"uv": [26, 12], "uv_size": [1, 0.5]},
								"west": {"uv": [27, 22], "uv_size": [0.5, 0.5]},
								"up": {"uv": [13, 26], "uv_size": [1, 0.5]},
								"down": {"uv": [26, 13.5], "uv_size": [1, -0.5]}
							}
						},
						{
							"origin": [-0.41421, 0.6335, 9.1382],
							"size": [0.82842, 0.39063, 0.3125],
							"uv": {
								"north": {"uv": [14, 26], "uv_size": [1, 0.5]},
								"south": {"uv": [26, 14], "uv_size": [1, 0.5]},
								"up": {"uv": [15, 26], "uv_size": [1, 0.5]},
								"down": {"uv": [26, 15.5], "uv_size": [1, -0.5]}
							}
						},
						{
							"origin": [8.82142, 2.63606, 9.1382],
							"size": [0.45313, 0.57842, 0.3125],
							"pivot": [0.63529, 11.33796, 7.72814],
							"rotation": [0, 0, 45],
							"uv": {
								"north": {"uv": [23, 27], "uv_size": [0.5, 0.5]},
								"east": {"uv": [27, 23], "uv_size": [0.5, 0.5]},
								"south": {"uv": [24, 27], "uv_size": [0.5, 0.5]},
								"west": {"uv": [27, 24], "uv_size": [0.5, 0.5]},
								"down": {"uv": [25, 27.5], "uv_size": [0.5, -0.5]}
							}
						},
						{
							"origin": [0.625, -0.51509, 9.1382],
							"size": [0.375, 0.95343, 0.3125],
							"inflate": 0.001,
							"uv": {
								"north": {"uv": [16, 26], "uv_size": [0.5, 1]},
								"east": {"uv": [26, 16], "uv_size": [0.5, 1]},
								"south": {"uv": [17, 26], "uv_size": [0.5, 1]},
								"west": {"uv": [26, 17], "uv_size": [0.5, 1]},
								"up": {"uv": [27, 25], "uv_size": [0.5, 0.5]}
							}
						},
						{
							"origin": [7.16586, 2.97717, 9.1382],
							"size": [0.39063, 0.82842, 0.3125],
							"pivot": [0.01831, 11.56482, -14.51016],
							"rotation": [0, 0, 45],
							"uv": {
								"north": {"uv": [18, 26], "uv_size": [0.5, 1]},
								"east": {"uv": [26, 18], "uv_size": [0.5, 1]},
								"south": {"uv": [19, 26], "uv_size": [0.5, 1]},
								"west": {"uv": [26, 19], "uv_size": [0.5, 1]},
								"down": {"uv": [26, 27.5], "uv_size": [0.5, -0.5]}
							}
						},
						{
							"origin": [-1, -0.51509, 9.1382],
							"size": [0.375, 0.95343, 0.3125],
							"inflate": 0.001,
							"uv": {
								"north": {"uv": [20, 26], "uv_size": [0.5, 1]},
								"east": {"uv": [26, 20], "uv_size": [0.5, 1]},
								"south": {"uv": [21, 26], "uv_size": [0.5, 1]},
								"west": {"uv": [26, 21], "uv_size": [0.5, 1]},
								"up": {"uv": [27, 26], "uv_size": [0.5, 0.5]},
								"down": {"uv": [27, 27.5], "uv_size": [0.5, -0.5]}
							}
						},
						{
							"origin": [0.25, -0.99733, 9.1382],
							"size": [0.5625, 0.39063, 0.3125],
							"uv": {
								"north": {"uv": [0, 28], "uv_size": [0.5, 0.5]},
								"east": {"uv": [28, 0], "uv_size": [0.5, 0.5]},
								"south": {"uv": [1, 28], "uv_size": [0.5, 0.5]},
								"west": {"uv": [28, 1], "uv_size": [0.5, 0.5]},
								"up": {"uv": [2, 28], "uv_size": [0.5, 0.5]}
							}
						},
						{
							"origin": [-0.5, -3.24733, 9.1382],
							"size": [1, 2.25, 0.3125],
							"uv": {
								"north": {"uv": [20, 1], "uv_size": [1, 2.5]},
								"east": {"uv": [6, 23], "uv_size": [0.5, 2.5]},
								"south": {"uv": [20, 4], "uv_size": [1, 2.5]},
								"west": {"uv": [7, 23], "uv_size": [0.5, 2.5]},
								"up": {"uv": [22, 26], "uv_size": [1, 0.5]}
							}
						},
						{
							"origin": [-0.26515, -4.8615, 9.1382],
							"size": [0.5303, 0.25, 0.3125],
							"uv": {
								"north": {"uv": [28, 2], "uv_size": [0.5, 0.5]},
								"south": {"uv": [3, 28], "uv_size": [0.5, 0.5]},
								"down": {"uv": [28, 3.5], "uv_size": [0.5, -0.5]}
							}
						},
						{
							"origin": [-8.29084, -1.28088, 9.1382],
							"size": [0.35356, 0.25, 0.3125],
							"pivot": [0.30935, 7.25681, 7.72814],
							"rotation": [0, 0, -45],
							"uv": {
								"north": {"uv": [4, 28], "uv_size": [0.5, 0.5]},
								"south": {"uv": [28, 4], "uv_size": [0.5, 0.5]},
								"down": {"uv": [5, 28.5], "uv_size": [0.5, -0.5]}
							}
						},
						{
							"origin": [7.93728, -1.28088, 9.1382],
							"size": [0.35356, 0.25, 0.3125],
							"pivot": [-0.30935, 7.25681, 7.72814],
							"rotation": [0, 0, 45],
							"uv": {
								"north": {"uv": [28, 5], "uv_size": [0.5, 0.5]},
								"south": {"uv": [6, 28], "uv_size": [0.5, 0.5]},
								"down": {"uv": [28, 6.5], "uv_size": [0.5, -0.5]}
							}
						},
						{
							"origin": [-0.4375, -4.62233, 9.1382],
							"size": [0.875, 1.375, 0.3125],
							"uv": {
								"north": {"uv": [22, 7], "uv_size": [1, 1.5]},
								"east": {"uv": [24, 11], "uv_size": [0.5, 1.5]},
								"south": {"uv": [10, 22], "uv_size": [1, 1.5]},
								"west": {"uv": [13, 24], "uv_size": [0.5, 1.5]}
							}
						},
						{
							"origin": [-2.39838, -4.55762, 9.1382],
							"size": [0.4375, 4.125, 0.3125],
							"pivot": [-1, 11.38225, 7.88439],
							"rotation": [0, 0, -6.75],
							"uv": {
								"north": {"uv": [13, 20], "uv_size": [0.5, 4]},
								"east": {"uv": [14, 20], "uv_size": [0.5, 4]},
								"south": {"uv": [15, 20], "uv_size": [0.5, 4]},
								"west": {"uv": [16, 20], "uv_size": [0.5, 4]},
								"up": {"uv": [7, 28], "uv_size": [0.5, 0.5]},
								"down": {"uv": [28, 7.5], "uv_size": [0.5, -0.5]}
							}
						},
						{
							"origin": [1.96088, -4.55762, 9.1382],
							"size": [0.4375, 4.125, 0.3125],
							"pivot": [1, 11.38225, 7.88439],
							"rotation": [0, 0, 6.75],
							"uv": {
								"north": {"uv": [17, 20], "uv_size": [0.5, 4]},
								"east": {"uv": [18, 20], "uv_size": [0.5, 4]},
								"south": {"uv": [19, 20], "uv_size": [0.5, 4]},
								"west": {"uv": [20, 20], "uv_size": [0.5, 4]},
								"up": {"uv": [8, 28], "uv_size": [0.5, 0.5]},
								"down": {"uv": [28, 8.5], "uv_size": [0.5, -0.5]}
							}
						}
					]
				}
			]
		}
	]
}