{
	"format_version": "1.12.0",
	"minecraft:geometry": [
		{
			"description": {
				"identifier": "geometry.m4a1_fom - Converted",
				"texture_width": 256,
				"texture_height": 256,
				"visible_bounds_width": 4,
				"visible_bounds_height": 3.5,
				"visible_bounds_offset": [0, 1.25, 0]
			},
			"bones": [
				{
					"name": "stock_default",
					"pivot": [0, 4.72757, 5.71875]
				},
				{
					"name": "stork",
					"parent": "stock_default",
					"pivot": [0, -3.5625, -11.4375],
					"cubes": [
						{
							"origin": [-0.6875, -0.31602, 0.32813],
							"size": [1.375, 0.56954, 7.66875],
							"uv": {
								"east": {"uv": [64, 82], "uv_size": [7.5, 0.5]},
								"south": {"uv": [76, 99], "uv_size": [1.5, 0.5]},
								"west": {"uv": [64, 87], "uv_size": [7.5, 0.5]}
							}
						},
						{
							"origin": [-2.15133, -0.61312, 0.32813],
							"size": [1.375, 0.56954, 7.66875],
							"pivot": [-0.37328, -1.9468, -10],
							"rotation": [0, 0, 45],
							"uv": {
								"east": {"uv": [64, 88], "uv_size": [7.5, 0.5]},
								"south": {"uv": [75, 101], "uv_size": [1.5, 0.5]},
								"west": {"uv": [64, 89], "uv_size": [7.5, 0.5]}
							}
						},
						{
							"origin": [-0.28477, -0.71875, 0.32813],
							"size": [0.56954, 1.375, 7.66875],
							"uv": {
								"south": {"uv": [52, 102], "uv_size": [0.5, 1.5]},
								"up": {"uv": [59, 88], "uv_size": [0.5, 7.5]},
								"down": {"uv": [62, 97.5], "uv_size": [0.5, -7.5]}
							}
						},
						{
							"origin": [-1.7486, -1.01585, 0.32813],
							"size": [0.56954, 1.375, 7.66875],
							"pivot": [-0.37328, -1.9468, -10],
							"rotation": [0, 0, 45],
							"uv": {
								"south": {"uv": [53, 102], "uv_size": [0.5, 1.5]},
								"up": {"uv": [63, 90], "uv_size": [0.5, 7.5]},
								"down": {"uv": [64, 97.5], "uv_size": [0.5, -7.5]}
							}
						},
						{
							"origin": [0.6875, -0.78584, 0.32813],
							"size": [0.25, 0.54126, 6.63178],
							"uv": {
								"north": {"uv": [78, 100], "uv_size": [0.5, 0.5]},
								"east": {"uv": [68, 83], "uv_size": [6.5, 0.5]},
								"west": {"uv": [68, 84], "uv_size": [6.5, 0.5]},
								"down": {"uv": [52, 99.5], "uv_size": [0.5, -6.5]}
							}
						},
						{
							"origin": [0.6875, 0.15619, 7.25313],
							"size": [0.25, 0.20089, 0.33514],
							"uv": {
								"east": {"uv": [76, 103], "uv_size": [0.5, 0.5]},
								"south": {"uv": [78, 101], "uv_size": [0.5, 0.5]},
								"west": {"uv": [77, 103], "uv_size": [0.5, 0.5]}
							}
						},
						{
							"origin": [0.6875, -0.85882, 7.09762],
							"size": [0.25, 1.15, 0.3125],
							"pivot": [0.7875, -0.05882, 7.28512],
							"rotation": [-35, 0, 0],
							"uv": {
								"east": {"uv": [77, 87], "uv_size": [0.5, 1]},
								"south": {"uv": [63, 102], "uv_size": [0.5, 1]},
								"west": {"uv": [77, 88], "uv_size": [0.5, 1]}
							}
						},
						{
							"origin": [0.3944, 0.68805, 7.58827],
							"size": [0.24937, 0.20001, 0.28986],
							"pivot": [0.4944, 0.58805, 7.62813],
							"rotation": [0, 0, -45],
							"uv": {
								"east": {"uv": [78, 102], "uv_size": [0.5, 0.5]},
								"south": {"uv": [78, 103], "uv_size": [0.5, 0.5]},
								"west": {"uv": [52, 104], "uv_size": [0.5, 0.5]}
							}
						},
						{
							"origin": [0.27931, 0.11843, 7.61929],
							"size": [0.25, 0.64596, 0.25884],
							"pivot": [0.52931, 0.76438, 7.87813],
							"rotation": [-26.75, 0, -45],
							"uv": {
								"east": {"uv": [79, 77], "uv_size": [0.5, 0.5]},
								"south": {"uv": [53, 104], "uv_size": [0.5, 0.5]},
								"west": {"uv": [79, 78], "uv_size": [0.5, 0.5]}
							}
						},
						{
							"origin": [0.6875, -0.24458, 0.32813],
							"size": [0.25, 0.60166, 6.95625],
							"uv": {
								"east": {"uv": [66, 80], "uv_size": [7, 0.5]},
								"west": {"uv": [66, 81], "uv_size": [7, 0.5]}
							}
						},
						{
							"origin": [-0.38833, 0.65625, 0.32813],
							"size": [0.77666, 0.25, 7.51875],
							"uv": {
								"south": {"uv": [64, 102], "uv_size": [1, 0.5]},
								"up": {"uv": [52, 85], "uv_size": [1, 7.5]},
								"down": {"uv": [60, 84.5], "uv_size": [1, -7.5]}
							}
						},
						{
							"origin": [1.07488, 0.35915, 0.32813],
							"size": [0.77728, 0.24937, 7.29139],
							"pivot": [0.37328, -1.9468, -9.4],
							"rotation": [0, 0, -45],
							"uv": {
								"up": {"uv": [53, 85], "uv_size": [1, 7.5]},
								"down": {"uv": [54, 92.5], "uv_size": [1, -7.5]}
							}
						},
						{
							"origin": [-0.9375, -0.24458, 0.32813],
							"size": [0.25, 0.60166, 6.95625],
							"uv": {
								"east": {"uv": [67, 91], "uv_size": [7, 0.5]},
								"west": {"uv": [67, 92], "uv_size": [7, 0.5]}
							}
						},
						{
							"origin": [-0.52931, 0.11843, 7.61929],
							"size": [0.25, 0.64596, 0.25884],
							"pivot": [-0.52931, 0.76438, 7.87813],
							"rotation": [-26.75, 0, 45],
							"uv": {
								"east": {"uv": [54, 104], "uv_size": [0.5, 0.5]},
								"south": {"uv": [79, 79], "uv_size": [0.5, 0.5]},
								"west": {"uv": [55, 104], "uv_size": [0.5, 0.5]}
							}
						},
						{
							"origin": [-0.9375, -0.85882, 7.09762],
							"size": [0.25, 1.15, 0.3125],
							"pivot": [-0.7875, -0.05882, 7.28512],
							"rotation": [-35, 0, 0],
							"uv": {
								"east": {"uv": [77, 89], "uv_size": [0.5, 1]},
								"south": {"uv": [65, 102], "uv_size": [0.5, 1]},
								"west": {"uv": [77, 90], "uv_size": [0.5, 1]}
							}
						},
						{
							"origin": [-0.9375, 0.15619, 7.25313],
							"size": [0.25, 0.20089, 0.33514],
							"uv": {
								"east": {"uv": [79, 80], "uv_size": [0.5, 0.5]},
								"south": {"uv": [56, 104], "uv_size": [0.5, 0.5]},
								"west": {"uv": [79, 81], "uv_size": [0.5, 0.5]}
							}
						},
						{
							"origin": [-0.9375, -0.78584, 0.32813],
							"size": [0.25, 0.54126, 6.63178],
							"uv": {
								"north": {"uv": [57, 104], "uv_size": [0.5, 0.5]},
								"east": {"uv": [67, 93], "uv_size": [6.5, 0.5]},
								"west": {"uv": [67, 94], "uv_size": [6.5, 0.5]},
								"down": {"uv": [53, 99.5], "uv_size": [0.5, -6.5]}
							}
						},
						{
							"origin": [-0.64377, 0.68805, 7.58827],
							"size": [0.24937, 0.20001, 0.28986],
							"pivot": [-0.4944, 0.58805, 7.62813],
							"rotation": [0, 0, 45],
							"uv": {
								"east": {"uv": [79, 82], "uv_size": [0.5, 0.5]},
								"south": {"uv": [58, 104], "uv_size": [0.5, 0.5]},
								"west": {"uv": [79, 83], "uv_size": [0.5, 0.5]}
							}
						},
						{
							"origin": [-1.85216, 0.35915, 0.32813],
							"size": [0.77728, 0.24937, 7.29139],
							"pivot": [-0.37328, -1.9468, -9.4],
							"rotation": [0, 0, 45],
							"uv": {
								"up": {"uv": [55, 85], "uv_size": [1, 7.5]},
								"down": {"uv": [60, 92.5], "uv_size": [1, -7.5]}
							}
						},
						{
							"origin": [0.6875, -0.43208, 3.07813],
							"size": [0.25, 0.79488, 1.45625],
							"inflate": 0.002,
							"uv": {
								"west": {"uv": [85.5, 185.54662], "uv_size": [28.5, 15.45338]}
							}
						},
						{
							"origin": [6.56812, 2.02432, 3.07813],
							"size": [0.25, 0.49029, 1.45625],
							"inflate": 0.002,
							"pivot": [5.88062, -5.90498, -7.4375],
							"rotation": [0, 0, -45],
							"uv": {
								"west": {"uv": [85.5, 176], "uv_size": [28.5, 9.54662]}
							}
						},
						{
							"origin": [-6.81812, 2.02432, 3.07813],
							"size": [0.25, 0.49029, 1.45625],
							"inflate": 0.002,
							"pivot": [-5.88062, -5.90498, -7.4375],
							"rotation": [0, 0, 45],
							"uv": {
								"east": {"uv": [114, 176], "uv_size": [-28.5, 9.54662]}
							}
						},
						{
							"origin": [-0.9375, -0.43208, 3.07813],
							"size": [0.25, 0.79488, 1.45625],
							"inflate": 0.002,
							"uv": {
								"east": {"uv": [114, 185.54662], "uv_size": [-28.5, 15.45338]}
							}
						},
						{
							"origin": [-0.33113, -1.24129, 1.21229],
							"size": [0.625, 0.15, 0.25],
							"uv": {
								"north": {"uv": [59, 104], "uv_size": [0.5, 0.5]},
								"east": {"uv": [79, 84], "uv_size": [0.5, 0.5]},
								"south": {"uv": [60, 104], "uv_size": [0.5, 0.5]},
								"west": {"uv": [79, 85], "uv_size": [0.5, 0.5]},
								"down": {"uv": [61, 104.5], "uv_size": [0.5, -0.5]}
							}
						},
						{
							"origin": [-0.33113, -1.24129, 1.96229],
							"size": [0.625, 0.15, 0.25],
							"uv": {
								"north": {"uv": [81, 88], "uv_size": [0.5, 0.5]},
								"east": {"uv": [64, 106], "uv_size": [0.5, 0.5]},
								"south": {"uv": [81, 89], "uv_size": [0.5, 0.5]},
								"west": {"uv": [65, 106], "uv_size": [0.5, 0.5]},
								"down": {"uv": [81, 90.5], "uv_size": [0.5, -0.5]}
							}
						},
						{
							"origin": [-0.33113, -1.24129, 0.46229],
							"size": [0.625, 0.15, 0.25],
							"uv": {
								"north": {"uv": [66, 106], "uv_size": [0.5, 0.5]},
								"east": {"uv": [81, 91], "uv_size": [0.5, 0.5]},
								"south": {"uv": [67, 106], "uv_size": [0.5, 0.5]},
								"west": {"uv": [81, 92], "uv_size": [0.5, 0.5]},
								"down": {"uv": [68, 106.5], "uv_size": [0.5, -0.5]}
							}
						},
						{
							"origin": [-0.48113, -1.09129, 0.32479],
							"size": [0.925, 0.425, 6.4125],
							"uv": {
								"north": {"uv": [67, 102], "uv_size": [1, 0.5]},
								"east": {"uv": [67, 95], "uv_size": [6.5, 0.5]},
								"west": {"uv": [67, 96], "uv_size": [6.5, 0.5]},
								"down": {"uv": [61, 93.5], "uv_size": [1, -6.5]}
							}
						},
						{
							"origin": [-0.9375, -0.79458, -0.23437],
							"size": [1.875, 1.15166, 0.5625],
							"uv": {
								"north": {"uv": [62, 98], "uv_size": [2, 1]},
								"east": {"uv": [77, 92], "uv_size": [0.5, 1]},
								"south": {"uv": [73, 90], "uv_size": [2, 1]},
								"west": {"uv": [68, 102], "uv_size": [0.5, 1]}
							}
						},
						{
							"origin": [-4.4722, -1.66878, -0.23437],
							"size": [1.375, 0.77666, 0.5625],
							"pivot": [-0.25943, -4.92261, -10.95156],
							"rotation": [0, 0, 45],
							"uv": {
								"north": {"uv": [74, 78], "uv_size": [1.5, 1]},
								"east": {"uv": [77, 93], "uv_size": [0.5, 1]},
								"south": {"uv": [74, 79], "uv_size": [1.5, 1]},
								"west": {"uv": [69, 102], "uv_size": [0.5, 1]}
							}
						},
						{
							"origin": [-0.38833, -0.96875, -0.23437],
							"size": [0.77666, 1.875, 0.5625],
							"uv": {
								"north": {"uv": [64, 98], "uv_size": [1, 2]},
								"south": {"uv": [67, 98], "uv_size": [1, 2]},
								"up": {"uv": [77, 94], "uv_size": [1, 0.5]},
								"down": {"uv": [70, 102.5], "uv_size": [1, -0.5]}
							}
						},
						{
							"origin": [-3.92303, -1.71795, -0.23437],
							"size": [0.77666, 1.375, 0.5625],
							"pivot": [-0.25943, -4.92261, -10.95156],
							"rotation": [0, 0, 45],
							"uv": {
								"north": {"uv": [56, 99], "uv_size": [1, 1.5]},
								"south": {"uv": [57, 99], "uv_size": [1, 1.5]},
								"up": {"uv": [71, 102], "uv_size": [1, 0.5]},
								"down": {"uv": [72, 102.5], "uv_size": [1, -0.5]}
							}
						},
						{
							"origin": [-3.4722, -2.04378, -0.23437],
							"size": [0.875, 0.77666, 0.5625],
							"pivot": [-0.25943, -5.29761, -10.95156],
							"rotation": [0, 0, 45],
							"uv": {
								"north": {"uv": [54, 101], "uv_size": [1, 1]},
								"east": {"uv": [78, 99], "uv_size": [0.5, 1]},
								"south": {"uv": [61, 101], "uv_size": [1, 1]},
								"west": {"uv": [75, 103], "uv_size": [0.5, 1]}
							}
						},
						{
							"origin": [-3.92303, -2.59295, -0.23437],
							"size": [0.77666, 0.625, 0.5625],
							"pivot": [-0.25943, -5.29761, -10.95156],
							"rotation": [0, 0, 45],
							"uv": {
								"north": {"uv": [78, 97], "uv_size": [1, 0.5]},
								"south": {"uv": [73, 103], "uv_size": [1, 0.5]},
								"up": {"uv": [78, 98], "uv_size": [1, 0.5]},
								"down": {"uv": [74, 103.5], "uv_size": [1, -0.5]}
							}
						},
						{
							"origin": [-2.47959, -2.2548, -0.2344],
							"size": [0.3, 0.3, 0.5624],
							"pivot": [-0.25943, -4.92261, -10.87343],
							"rotation": [0, 0, 45],
							"uv": {
								"north": {"uv": [64, 104], "uv_size": [0.5, 0.5]},
								"south": {"uv": [79, 89], "uv_size": [0.5, 0.5]},
								"west": {"uv": [65, 104], "uv_size": [0.5, 0.5]}
							}
						},
						{
							"origin": [2.00127, -2.59534, -0.2344],
							"size": [0.3, 0.3, 0.5624],
							"pivot": [-0.25943, -4.92261, -10.87343],
							"rotation": [0, 0, -45],
							"uv": {
								"north": {"uv": [79, 90], "uv_size": [0.5, 0.5]},
								"east": {"uv": [66, 104], "uv_size": [0.5, 0.5]},
								"south": {"uv": [79, 91], "uv_size": [0.5, 0.5]}
							}
						},
						{
							"origin": [-0.30576, -1.67842, -0.2344],
							"size": [0.575, 0.215, 0.5624],
							"uv": {
								"north": {"uv": [67, 104], "uv_size": [0.5, 0.5]},
								"south": {"uv": [79, 92], "uv_size": [0.5, 0.5]},
								"down": {"uv": [68, 104.5], "uv_size": [0.5, -0.5]}
							}
						},
						{
							"origin": [-0.51863, -1.46629, -0.2344],
							"size": [1, 0.9, 0.5624],
							"uv": {
								"north": {"uv": [60, 100], "uv_size": [1, 1]},
								"east": {"uv": [77, 97], "uv_size": [0.5, 1]},
								"south": {"uv": [61, 100], "uv_size": [1, 1]},
								"west": {"uv": [73, 102], "uv_size": [0.5, 1]}
							}
						}
					]
				},
				{
					"name": "bone",
					"parent": "stork",
					"pivot": [-0.18416, 0.59636, 9.97683],
					"cubes": [
						{
							"origin": [-0.8999, -2.27879, 8.58729],
							"size": [1.7998, 1.13125, 0.6625],
							"pivot": [-0.0001, -1.66629, 8.88729],
							"rotation": [40, 0, 0],
							"uv": {
								"north": {"uv": [60, 96], "uv_size": [2, 1]},
								"east": {"uv": [66, 102], "uv_size": [0.5, 1]},
								"west": {"uv": [77, 91], "uv_size": [0.5, 1]}
							}
						},
						{
							"origin": [-0.9375, -5.14442, 9.07813],
							"size": [1.875, 5.50061, 1.10916],
							"uv": {
								"north": {"uv": [56, 77], "uv_size": [2, 5.5]},
								"east": {"uv": [63, 77], "uv_size": [1, 5.5]},
								"south": {"uv": [58, 77], "uv_size": [2, 5.5]},
								"west": {"uv": [56, 88], "uv_size": [1, 5.5]},
								"down": {"uv": [60, 98], "uv_size": [2, -1]}
							}
						},
						{
							"origin": [0.27931, 0.11843, 9.16617],
							"size": [0.25, 0.64596, 0.25884],
							"pivot": [0.52931, 0.76438, 9.42501],
							"rotation": [-26.75, 0, -45],
							"uv": {
								"north": {"uv": [80, 77], "uv_size": [0.5, 0.5]},
								"east": {"uv": [53, 105], "uv_size": [0.5, 0.5]},
								"south": {"uv": [80, 78], "uv_size": [0.5, 0.5]},
								"west": {"uv": [54, 105], "uv_size": [0.5, 0.5]},
								"up": {"uv": [80, 79], "uv_size": [0.5, 0.5]},
								"down": {"uv": [55, 105.5], "uv_size": [0.5, -0.5]}
							}
						},
						{
							"origin": [0.27931, -0.00657, 9.16617],
							"size": [0.25, 0.13034, 0.02446],
							"pivot": [0.52931, 0.76438, 9.42501],
							"rotation": [-26.75, 0, -45],
							"uv": {
								"north": {"uv": [80, 80], "uv_size": [0.5, 0.5]},
								"east": {"uv": [56, 105], "uv_size": [0.5, 0.5]},
								"west": {"uv": [80, 81], "uv_size": [0.5, 0.5]}
							}
						},
						{
							"origin": [0.27931, 0.00906, 9.18179],
							"size": [0.25, 0.11471, 0.04009],
							"pivot": [0.52931, 0.76438, 9.42501],
							"rotation": [-26.75, 0, -45],
							"uv": {
								"west": {"uv": [57, 105], "uv_size": [0.5, 0.5]}
							}
						},
						{
							"origin": [0.27931, 0.02468, 9.21304],
							"size": [0.25, 0.09909, 0.04009],
							"pivot": [0.52931, 0.76438, 9.42501],
							"rotation": [-26.75, 0, -45],
							"uv": {
								"west": {"uv": [80, 82], "uv_size": [0.5, 0.5]}
							}
						},
						{
							"origin": [0.27931, 0.04031, 9.24429],
							"size": [0.25, 0.08346, 0.04009],
							"pivot": [0.52931, 0.76438, 9.42501],
							"rotation": [-26.75, 0, -45],
							"uv": {
								"west": {"uv": [58, 105], "uv_size": [0.5, 0.5]}
							}
						},
						{
							"origin": [0.27931, 0.05593, 9.27554],
							"size": [0.25, 0.06784, 0.04009],
							"pivot": [0.52931, 0.76438, 9.42501],
							"rotation": [-26.75, 0, -45],
							"uv": {
								"west": {"uv": [80, 83], "uv_size": [0.5, 0.5]}
							}
						},
						{
							"origin": [0.27931, 0.07156, 9.30679],
							"size": [0.25, 0.05221, 0.04009],
							"pivot": [0.52931, 0.76438, 9.42501],
							"rotation": [-26.75, 0, -45],
							"uv": {
								"west": {"uv": [59, 105], "uv_size": [0.5, 0.5]}
							}
						},
						{
							"origin": [0.27931, 0.07156, 9.33804],
							"size": [0.25, 0.05221, 0.04009],
							"pivot": [0.52931, 0.76438, 9.45626],
							"rotation": [-26.75, 0, -45],
							"uv": {
								"west": {"uv": [80, 84], "uv_size": [0.5, 0.5]}
							}
						},
						{
							"origin": [0.6875, 0.07807, 8.84688],
							"size": [0.25, 0.27901, 0.33514],
							"uv": {
								"north": {"uv": [79, 102], "uv_size": [0.5, 0.5]},
								"east": {"uv": [78, 104], "uv_size": [0.5, 0.5]},
								"south": {"uv": [79, 103], "uv_size": [0.5, 0.5]},
								"west": {"uv": [79, 104], "uv_size": [0.5, 0.5]},
								"up": {"uv": [52, 105], "uv_size": [0.5, 0.5]}
							}
						},
						{
							"origin": [0.6875, -0.99944, 8.69137],
							"size": [0.25, 1.2125, 0.3125],
							"pivot": [0.7875, -0.13695, 8.87887],
							"rotation": [-35, 0, 0],
							"uv": {
								"north": {"uv": [59, 103], "uv_size": [0.5, 1]},
								"east": {"uv": [78, 84], "uv_size": [0.5, 1]},
								"south": {"uv": [60, 103], "uv_size": [0.5, 1]},
								"west": {"uv": [78, 85], "uv_size": [0.5, 1]},
								"up": {"uv": [79, 101], "uv_size": [0.5, 0.5]},
								"down": {"uv": [77, 104.5], "uv_size": [0.5, -0.5]}
							}
						},
						{
							"origin": [0.6875, -0.91516, 8.23057],
							"size": [0.25, 0.17924, 0.85143],
							"uv": {
								"north": {"uv": [60, 105], "uv_size": [0.5, 0.5]},
								"east": {"uv": [61, 103], "uv_size": [1, 0.5]},
								"south": {"uv": [80, 85], "uv_size": [0.5, 0.5]},
								"west": {"uv": [62, 103], "uv_size": [1, 0.5]},
								"up": {"uv": [78, 87], "uv_size": [0.5, 1]},
								"down": {"uv": [63, 104], "uv_size": [0.5, -1]}
							}
						},
						{
							"origin": [0.6875, -0.82567, 1.54979],
							"size": [0.2125, 0.08975, 7.53221],
							"uv": {
								"north": {"uv": [81, 84], "uv_size": [0.5, 0.5]},
								"east": {"uv": [65, 90], "uv_size": [7.5, 0.5]},
								"south": {"uv": [60, 106], "uv_size": [0.5, 0.5]},
								"west": {"uv": [66, 77], "uv_size": [7.5, 0.5]},
								"up": {"uv": [57, 91], "uv_size": [0.5, 7.5]},
								"down": {"uv": [58, 98.5], "uv_size": [0.5, -7.5]}
							}
						},
						{
							"origin": [-0.9, -0.82567, 1.54979],
							"size": [0.2125, 0.08975, 7.53221],
							"uv": {
								"north": {"uv": [81, 85], "uv_size": [0.5, 0.5]},
								"east": {"uv": [66, 78], "uv_size": [7.5, 0.5]},
								"south": {"uv": [61, 106], "uv_size": [0.5, 0.5]},
								"west": {"uv": [66, 79], "uv_size": [7.5, 0.5]},
								"up": {"uv": [65, 91], "uv_size": [0.5, 7.5]},
								"down": {"uv": [66, 98.5], "uv_size": [0.5, -7.5]}
							}
						},
						{
							"origin": [0.6875, -0.74329, 8.82432],
							"size": [0.25, 0.66362, 0.25768],
							"uv": {
								"north": {"uv": [61, 105], "uv_size": [0.5, 0.5]},
								"east": {"uv": [80, 86], "uv_size": [0.5, 0.5]},
								"south": {"uv": [62, 105], "uv_size": [0.5, 0.5]},
								"west": {"uv": [80, 87], "uv_size": [0.5, 0.5]},
								"up": {"uv": [63, 105], "uv_size": [0.5, 0.5]},
								"down": {"uv": [80, 88.5], "uv_size": [0.5, -0.5]}
							}
						},
						{
							"origin": [0.6875, -0.74329, 8.57432],
							"size": [0.25, 0.31987, 0.25768],
							"uv": {
								"north": {"uv": [64, 105], "uv_size": [0.5, 0.5]},
								"east": {"uv": [80, 89], "uv_size": [0.5, 0.5]},
								"south": {"uv": [65, 105], "uv_size": [0.5, 0.5]},
								"west": {"uv": [80, 90], "uv_size": [0.5, 0.5]},
								"up": {"uv": [66, 105], "uv_size": [0.5, 0.5]},
								"down": {"uv": [80, 91.5], "uv_size": [0.5, -0.5]}
							}
						},
						{
							"origin": [-0.52931, 0.11843, 9.16617],
							"size": [0.25, 0.64596, 0.25884],
							"pivot": [-0.52931, 0.76438, 9.42501],
							"rotation": [-26.75, 0, 45],
							"uv": {
								"north": {"uv": [81, 78], "uv_size": [0.5, 0.5]},
								"east": {"uv": [54, 106], "uv_size": [0.5, 0.5]},
								"south": {"uv": [81, 79], "uv_size": [0.5, 0.5]},
								"west": {"uv": [55, 106], "uv_size": [0.5, 0.5]},
								"up": {"uv": [81, 80], "uv_size": [0.5, 0.5]},
								"down": {"uv": [56, 106.5], "uv_size": [0.5, -0.5]}
							}
						},
						{
							"origin": [-0.52931, 0.00906, 9.18179],
							"size": [0.25, 0.11471, 0.04009],
							"pivot": [-0.52931, 0.76438, 9.42501],
							"rotation": [-26.75, 0, 45],
							"uv": {
								"east": {"uv": [53, 106], "uv_size": [0.5, 0.5]}
							}
						},
						{
							"origin": [-0.52931, -0.00657, 9.16617],
							"size": [0.25, 0.13034, 0.02446],
							"pivot": [-0.52931, 0.76438, 9.42501],
							"rotation": [-26.75, 0, 45],
							"uv": {
								"north": {"uv": [80, 105], "uv_size": [0.5, 0.5]},
								"east": {"uv": [52, 106], "uv_size": [0.5, 0.5]},
								"west": {"uv": [81, 77], "uv_size": [0.5, 0.5]}
							}
						},
						{
							"origin": [-0.52931, 0.02468, 9.21304],
							"size": [0.25, 0.09909, 0.04009],
							"pivot": [-0.52931, 0.76438, 9.42501],
							"rotation": [-26.75, 0, 45],
							"uv": {
								"east": {"uv": [80, 104], "uv_size": [0.5, 0.5]}
							}
						},
						{
							"origin": [-0.52931, 0.05593, 9.27554],
							"size": [0.25, 0.06784, 0.04009],
							"pivot": [-0.52931, 0.76438, 9.42501],
							"rotation": [-26.75, 0, 45],
							"uv": {
								"east": {"uv": [79, 105], "uv_size": [0.5, 0.5]}
							}
						},
						{
							"origin": [-0.52931, 0.07156, 9.33804],
							"size": [0.25, 0.05221, 0.04009],
							"pivot": [-0.52931, 0.76438, 9.45626],
							"rotation": [-26.75, 0, 45],
							"uv": {
								"east": {"uv": [80, 103], "uv_size": [0.5, 0.5]}
							}
						},
						{
							"origin": [-0.52931, 0.07156, 9.30679],
							"size": [0.25, 0.05221, 0.04009],
							"pivot": [-0.52931, 0.76438, 9.42501],
							"rotation": [-26.75, 0, 45],
							"uv": {
								"east": {"uv": [78, 105], "uv_size": [0.5, 0.5]}
							}
						},
						{
							"origin": [-0.52931, 0.04031, 9.24429],
							"size": [0.25, 0.08346, 0.04009],
							"pivot": [-0.52931, 0.76438, 9.42501],
							"rotation": [-26.75, 0, 45],
							"uv": {
								"east": {"uv": [80, 102], "uv_size": [0.5, 0.5]}
							}
						},
						{
							"origin": [-0.9375, -0.99944, 8.69137],
							"size": [0.25, 1.2125, 0.3125],
							"pivot": [-0.7875, -0.13695, 8.87887],
							"rotation": [-35, 0, 0],
							"uv": {
								"north": {"uv": [78, 90], "uv_size": [0.5, 1]},
								"east": {"uv": [66, 103], "uv_size": [0.5, 1]},
								"south": {"uv": [78, 91], "uv_size": [0.5, 1]},
								"west": {"uv": [67, 103], "uv_size": [0.5, 1]},
								"up": {"uv": [80, 101], "uv_size": [0.5, 0.5]},
								"down": {"uv": [77, 105.5], "uv_size": [0.5, -0.5]}
							}
						},
						{
							"origin": [-0.9375, 0.07807, 8.84688],
							"size": [0.25, 0.27901, 0.33514],
							"uv": {
								"north": {"uv": [74, 105], "uv_size": [0.5, 0.5]},
								"east": {"uv": [80, 99], "uv_size": [0.5, 0.5]},
								"south": {"uv": [75, 105], "uv_size": [0.5, 0.5]},
								"west": {"uv": [80, 100], "uv_size": [0.5, 0.5]},
								"up": {"uv": [76, 105], "uv_size": [0.5, 0.5]}
							}
						},
						{
							"origin": [-0.9375, -0.74329, 8.82432],
							"size": [0.25, 0.66362, 0.25768],
							"uv": {
								"north": {"uv": [71, 105], "uv_size": [0.5, 0.5]},
								"east": {"uv": [80, 96], "uv_size": [0.5, 0.5]},
								"south": {"uv": [72, 105], "uv_size": [0.5, 0.5]},
								"west": {"uv": [80, 97], "uv_size": [0.5, 0.5]},
								"up": {"uv": [73, 105], "uv_size": [0.5, 0.5]},
								"down": {"uv": [80, 98.5], "uv_size": [0.5, -0.5]}
							}
						},
						{
							"origin": [-0.9375, -0.74329, 8.57432],
							"size": [0.25, 0.31987, 0.25768],
							"uv": {
								"north": {"uv": [68, 105], "uv_size": [0.5, 0.5]},
								"east": {"uv": [80, 93], "uv_size": [0.5, 0.5]},
								"south": {"uv": [69, 105], "uv_size": [0.5, 0.5]},
								"west": {"uv": [80, 94], "uv_size": [0.5, 0.5]},
								"up": {"uv": [70, 105], "uv_size": [0.5, 0.5]},
								"down": {"uv": [80, 95.5], "uv_size": [0.5, -0.5]}
							}
						},
						{
							"origin": [-0.9375, -0.91516, 8.23057],
							"size": [0.25, 0.17924, 0.85143],
							"uv": {
								"north": {"uv": [67, 105], "uv_size": [0.5, 0.5]},
								"east": {"uv": [78, 88], "uv_size": [1, 0.5]},
								"south": {"uv": [80, 92], "uv_size": [0.5, 0.5]},
								"west": {"uv": [64, 103], "uv_size": [1, 0.5]},
								"up": {"uv": [78, 89], "uv_size": [0.5, 1]},
								"down": {"uv": [65, 104], "uv_size": [0.5, -1]}
							}
						},
						{
							"origin": [-1.85216, 0.10915, 9.07813],
							"size": [0.77728, 0.49937, 1.10916],
							"pivot": [-0.37328, -1.9468, -0.43125],
							"rotation": [0, 0, 45],
							"uv": {
								"north": {"uv": [78, 80], "uv_size": [1, 0.5]},
								"east": {"uv": [57, 103], "uv_size": [1, 0.5]},
								"south": {"uv": [58, 103], "uv_size": [1, 0.5]},
								"west": {"uv": [78, 83], "uv_size": [1, 0.5]},
								"up": {"uv": [74, 100], "uv_size": [1, 1]},
								"down": {"uv": [75, 101], "uv_size": [1, -1]}
							}
						},
						{
							"origin": [-0.38833, 0.34375, 9.07813],
							"size": [0.77621, 0.56206, 1.10916],
							"uv": {
								"north": {"uv": [77, 102], "uv_size": [1, 0.5]},
								"east": {"uv": [78, 78], "uv_size": [1, 0.5]},
								"south": {"uv": [78, 79], "uv_size": [1, 0.5]},
								"west": {"uv": [55, 103], "uv_size": [1, 0.5]},
								"up": {"uv": [73, 100], "uv_size": [1, 1]},
								"down": {"uv": [75, 99], "uv_size": [1, -1]}
							}
						},
						{
							"origin": [1.07488, 0.10915, 9.07813],
							"size": [0.77728, 0.49937, 1.10916],
							"pivot": [0.37328, -1.9468, -0.43125],
							"rotation": [0, 0, -45],
							"uv": {
								"north": {"uv": [74, 102], "uv_size": [1, 0.5]},
								"east": {"uv": [75, 102], "uv_size": [1, 0.5]},
								"south": {"uv": [76, 102], "uv_size": [1, 0.5]},
								"west": {"uv": [77, 101], "uv_size": [1, 0.5]},
								"up": {"uv": [71, 100], "uv_size": [1, 1]},
								"down": {"uv": [72, 101], "uv_size": [1, -1]}
							}
						},
						{
							"origin": [-0.69724, -5.38468, 9.07813],
							"size": [1.39448, 0.25271, 1.10916],
							"uv": {
								"north": {"uv": [61, 102], "uv_size": [1.5, 0.5]},
								"east": {"uv": [78, 96], "uv_size": [1, 0.5]},
								"south": {"uv": [77, 86], "uv_size": [1.5, 0.5]},
								"west": {"uv": [72, 103], "uv_size": [1, 0.5]},
								"up": {"uv": [71, 99], "uv_size": [1.5, 1]},
								"down": {"uv": [74, 97], "uv_size": [1.5, -1]}
							}
						},
						{
							"origin": [-1.41466, -5.39674, 9.07813],
							"size": [0.33978, 0.49937, 1.10916],
							"pivot": [-0.37328, -2.84142, -0.43125],
							"rotation": [0, 0, -45],
							"uv": {
								"north": {"uv": [81, 82], "uv_size": [0.5, 0.5]},
								"east": {"uv": [78, 94], "uv_size": [1, 0.5]},
								"south": {"uv": [58, 106], "uv_size": [0.5, 0.5]},
								"west": {"uv": [70, 103], "uv_size": [1, 0.5]},
								"up": {"uv": [78, 95], "uv_size": [0.5, 1]},
								"down": {"uv": [71, 104], "uv_size": [0.5, -1]}
							}
						},
						{
							"origin": [1.07488, -5.39674, 9.07813],
							"size": [0.33978, 0.49937, 1.10916],
							"pivot": [0.37328, -2.84142, -0.43125],
							"rotation": [0, 0, 45],
							"uv": {
								"north": {"uv": [81, 81], "uv_size": [0.5, 0.5]},
								"east": {"uv": [78, 92], "uv_size": [1, 0.5]},
								"south": {"uv": [57, 106], "uv_size": [0.5, 0.5]},
								"west": {"uv": [68, 103], "uv_size": [1, 0.5]},
								"up": {"uv": [78, 93], "uv_size": [0.5, 1]},
								"down": {"uv": [69, 104], "uv_size": [0.5, -1]}
							}
						},
						{
							"origin": [-0.9, -5.14419, 7.71229],
							"size": [1.8, 0.7779, 2.06352],
							"uv": {
								"east": {"uv": [73, 80], "uv_size": [2, 1]},
								"west": {"uv": [73, 81], "uv_size": [2, 1]},
								"up": {"uv": [63, 85], "uv_size": [2, 2]},
								"down": {"uv": [64, 82], "uv_size": [2, -2]}
							}
						},
						{
							"origin": [-0.68787, -5.35632, 7.71229],
							"size": [1.37574, 0.80253, 2.06352],
							"uv": {
								"north": {"uv": [65, 99], "uv_size": [1.5, 1]},
								"east": {"uv": [68, 98], "uv_size": [2, 1]},
								"south": {"uv": [74, 95], "uv_size": [1.5, 1]},
								"west": {"uv": [70, 98], "uv_size": [2, 1]},
								"up": {"uv": [54, 93], "uv_size": [1.5, 2]},
								"down": {"uv": [60, 96], "uv_size": [1.5, -2]}
							}
						},
						{
							"origin": [-0.87361, -4.24385, 7.71229],
							"size": [0.3, 0.2779, 2.06352],
							"pivot": [-1.97361, -4.66216, 7.5625],
							"rotation": [0, 0, 45],
							"uv": {
								"north": {"uv": [79, 95], "uv_size": [0.5, 0.5]},
								"east": {"uv": [75, 86], "uv_size": [2, 0.5]},
								"south": {"uv": [71, 104], "uv_size": [0.5, 0.5]},
								"west": {"uv": [64, 100], "uv_size": [2, 0.5]},
								"up": {"uv": [62, 100], "uv_size": [0.5, 2]},
								"down": {"uv": [66, 102], "uv_size": [0.5, -2]}
							}
						},
						{
							"origin": [-0.8998, -2.42879, 5.28729],
							"size": [1.7996, 1.1625, 1],
							"pivot": [-0.0002, -1.76629, 5.78729],
							"rotation": [-107.5, 0, 0],
							"uv": {
								"east": {"uv": [60, 93], "uv_size": [1, 1]},
								"west": {"uv": [75, 80], "uv_size": [1, 1]},
								"up": {"uv": [60, 98], "uv_size": [2, 1]}
							}
						},
						{
							"origin": [-0.9, -1.46629, 1.79979],
							"size": [1.8, 0.64062, 7.525],
							"uv": {
								"north": {"uv": [75, 81], "uv_size": [2, 0.5]},
								"east": {"uv": [65, 85], "uv_size": [7.5, 0.5]},
								"west": {"uv": [65, 86], "uv_size": [7.5, 0.5]},
								"up": {"uv": [52, 77], "uv_size": [2, 7.5]},
								"down": {"uv": [54, 84.5], "uv_size": [2, -7.5]}
							}
						},
						{
							"origin": [-0.9625, 10.22121, -0.26271],
							"size": [1.925, 0.275, 0.275],
							"pivot": [0, 2.0625, -12.9375],
							"rotation": [-45, 0, 0],
							"uv": {
								"north": {"uv": [76, 84], "uv_size": [2, 0.5]},
								"east": {"uv": [81, 83], "uv_size": [0.5, 0.5]},
								"west": {"uv": [59, 106], "uv_size": [0.5, 0.5]},
								"up": {"uv": [76, 85], "uv_size": [2, 0.5]},
								"down": {"uv": [64, 101.5], "uv_size": [2, -0.5]}
							}
						},
						{
							"origin": [-0.9625, 10.22121, 3.73729],
							"size": [1.925, 0.275, 0.275],
							"pivot": [0, 2.0625, -8.9375],
							"rotation": [-45, 0, 0],
							"uv": {
								"north": {"uv": [67, 101], "uv_size": [2, 0.5]},
								"east": {"uv": [81, 86], "uv_size": [0.5, 0.5]},
								"west": {"uv": [62, 106], "uv_size": [0.5, 0.5]},
								"up": {"uv": [76, 95], "uv_size": [2, 0.5]},
								"down": {"uv": [71, 101.5], "uv_size": [2, -0.5]}
							}
						},
						{
							"origin": [-0.9625, 10.22121, 6.48729],
							"size": [1.925, 0.275, 0.275],
							"pivot": [0, 2.0625, -6.1875],
							"rotation": [-45, 0, 0],
							"uv": {
								"north": {"uv": [76, 96], "uv_size": [2, 0.5]},
								"east": {"uv": [81, 87], "uv_size": [0.5, 0.5]},
								"west": {"uv": [63, 106], "uv_size": [0.5, 0.5]},
								"up": {"uv": [73, 101], "uv_size": [2, 0.5]},
								"down": {"uv": [76, 98.5], "uv_size": [2, -0.5]}
							}
						},
						{
							"origin": [-0.9, -1.40379, 1.54979],
							"size": [1.8, 0.57812, 0.25],
							"uv": {
								"north": {"uv": [52, 101], "uv_size": [2, 0.5]},
								"east": {"uv": [79, 99], "uv_size": [0.5, 0.5]},
								"west": {"uv": [75, 104], "uv_size": [0.5, 0.5]},
								"up": {"uv": [76, 78], "uv_size": [2, 0.5]},
								"down": {"uv": [76, 79.5], "uv_size": [2, -0.5]}
							}
						},
						{
							"origin": [-0.3, -5.24521, 5.59899],
							"size": [0.6, 0.2, 2.35001],
							"pivot": [0, -5.14521, 7.449],
							"rotation": [180, 0, 0],
							"uv": {
								"east": {"uv": [73, 99], "uv_size": [2.5, 0.5]},
								"south": {"uv": [79, 86], "uv_size": [0.5, 0.5]},
								"west": {"uv": [52, 100], "uv_size": [2.5, 0.5]},
								"up": {"uv": [55, 100], "uv_size": [0.5, 2.5]},
								"down": {"uv": [75, 85.5], "uv_size": [0.5, -2.5]}
							}
						},
						{
							"origin": [-0.3, -3.96133, 6.11511],
							"size": [0.6, 0.2, 0.55],
							"pivot": [0, -3.86133, 6.16511],
							"rotation": [-90, 0, 0],
							"uv": {
								"east": {"uv": [62, 104], "uv_size": [0.5, 0.5]},
								"west": {"uv": [79, 87], "uv_size": [0.5, 0.5]},
								"up": {"uv": [63, 104], "uv_size": [0.5, 0.5]},
								"down": {"uv": [79, 88.5], "uv_size": [0.5, -0.5]}
							}
						},
						{
							"origin": [-0.3, -5.30379, 5.84042],
							"size": [0.6, 0.2, 1.25],
							"pivot": [0, -5.10379, 7.09042],
							"rotation": [-45, 0, 0],
							"uv": {
								"east": {"uv": [76, 100], "uv_size": [1.5, 0.5]},
								"west": {"uv": [77, 77], "uv_size": [1.5, 0.5]},
								"up": {"uv": [54, 102], "uv_size": [0.5, 1.5]},
								"down": {"uv": [56, 103.5], "uv_size": [0.5, -1.5]}
							}
						},
						{
							"origin": [-0.8999, -3.89867, 3.4689],
							"size": [1.7998, 0.81472, 5.20034],
							"pivot": [-0.0001, -3.36629, 6.68729],
							"rotation": [-45, 0, 0],
							"uv": {
								"north": {"uv": [73, 85], "uv_size": [2, 1]},
								"east": {"uv": [63, 83], "uv_size": [5, 1]},
								"south": {"uv": [73, 86], "uv_size": [2, 1]},
								"west": {"uv": [63, 84], "uv_size": [5, 1]},
								"up": {"uv": [56, 83], "uv_size": [2, 5]},
								"down": {"uv": [58, 88], "uv_size": [2, -5]}
							}
						},
						{
							"origin": [-0.68791, -4.11066, 4.3439],
							"size": [1.37582, 0.27671, 4.32534],
							"pivot": [-0.0001, -3.36629, 6.68729],
							"rotation": [-45, 0, 0],
							"uv": {
								"north": {"uv": [77, 82], "uv_size": [1.5, 0.5]},
								"east": {"uv": [67, 97], "uv_size": [4.5, 0.5]},
								"south": {"uv": [59, 102], "uv_size": [1.5, 0.5]},
								"west": {"uv": [72, 97], "uv_size": [4.5, 0.5]},
								"up": {"uv": [61, 77], "uv_size": [1.5, 4.5]},
								"down": {"uv": [61, 86.5], "uv_size": [1.5, -4.5]}
							}
						},
						{
							"origin": [-0.787, -4.45883, 3.78374],
							"size": [0.2998, 0.25222, 4.32534],
							"pivot": [0.1128, -3.92645, 6.12713],
							"rotation": [-35.26439, 30, 35.26439],
							"uv": {
								"north": {"uv": [79, 94], "uv_size": [0.5, 0.5]},
								"east": {"uv": [72, 82], "uv_size": [4.5, 0.5]},
								"south": {"uv": [70, 104], "uv_size": [0.5, 0.5]},
								"west": {"uv": [72, 87], "uv_size": [4.5, 0.5]},
								"up": {"uv": [56, 94], "uv_size": [0.5, 4.5]},
								"down": {"uv": [54, 99.5], "uv_size": [0.5, -4.5]}
							}
						},
						{
							"origin": [-0.8998, -1.89309, 1.79686],
							"size": [1.7996, 0.48312, 2.96372],
							"pivot": [0.0123, -1.69309, 3.74686],
							"rotation": [-12.5, 0, 0],
							"uv": {
								"east": {"uv": [72, 98], "uv_size": [3, 0.5]},
								"west": {"uv": [74, 77], "uv_size": [3, 0.5]},
								"down": {"uv": [62, 90], "uv_size": [2, -3]}
							}
						},
						{
							"origin": [-0.69077, -2.09717, 1.50162],
							"size": [1.38154, 0.48312, 3.21372],
							"pivot": [0.22133, -1.89717, 3.70162],
							"rotation": [-12.5, 0, 0],
							"uv": {
								"north": {"uv": [77, 81], "uv_size": [1.5, 0.5]},
								"east": {"uv": [74, 93], "uv_size": [3, 0.5]},
								"south": {"uv": [57, 102], "uv_size": [1.5, 0.5]},
								"west": {"uv": [74, 94], "uv_size": [3, 0.5]},
								"up": {"uv": [57, 88], "uv_size": [1.5, 3]},
								"down": {"uv": [64, 80], "uv_size": [1.5, -3]}
							}
						},
						{
							"origin": [-0.9, -1.88123, 1.49401],
							"size": [1.8, 0.07968, 0.28383],
							"pivot": [0.22133, -1.89717, 3.70162],
							"rotation": [-12.5, 0, 0],
							"uv": {
								"north": {"uv": [76, 80], "uv_size": [2, 0.5]},
								"east": {"uv": [79, 100], "uv_size": [0.5, 0.5]},
								"south": {"uv": [56, 101], "uv_size": [2, 0.5]},
								"west": {"uv": [76, 104], "uv_size": [0.5, 0.5]},
								"up": {"uv": [76, 83], "uv_size": [2, 0.5]},
								"down": {"uv": [59, 101.5], "uv_size": [2, -0.5]}
							}
						},
						{
							"origin": [-0.96675, -1.46664, 1.59983],
							"size": [0.2996, 0.29562, 3.21372],
							"pivot": [-0.05465, -1.45414, 3.79983],
							"rotation": [-8.90928, -8.80348, -44.31282],
							"uv": {
								"north": {"uv": [79, 93], "uv_size": [0.5, 0.5]},
								"east": {"uv": [60, 99], "uv_size": [3, 0.5]},
								"south": {"uv": [69, 104], "uv_size": [0.5, 0.5]},
								"west": {"uv": [74, 91], "uv_size": [3, 0.5]},
								"down": {"uv": [58, 102], "uv_size": [0.5, -3]}
							}
						},
						{
							"origin": [0.57361, -4.24385, 7.71229],
							"size": [0.3, 0.2779, 2.06352],
							"pivot": [1.97361, -4.66216, 7.5625],
							"rotation": [0, 0, -45],
							"uv": {
								"north": {"uv": [79, 98], "uv_size": [0.5, 0.5]},
								"east": {"uv": [75, 90], "uv_size": [2, 0.5]},
								"south": {"uv": [74, 104], "uv_size": [0.5, 0.5]},
								"west": {"uv": [67, 100], "uv_size": [2, 0.5]},
								"up": {"uv": [69, 100], "uv_size": [0.5, 2]},
								"down": {"uv": [70, 102], "uv_size": [0.5, -2]}
							}
						},
						{
							"origin": [0.4872, -4.45883, 3.78374],
							"size": [0.2998, 0.25222, 4.32534],
							"pivot": [-0.1128, -3.92645, 6.12713],
							"rotation": [-35.26439, -30, -35.26439],
							"uv": {
								"north": {"uv": [79, 97], "uv_size": [0.5, 0.5]},
								"east": {"uv": [72, 88], "uv_size": [4.5, 0.5]},
								"south": {"uv": [73, 104], "uv_size": [0.5, 0.5]},
								"west": {"uv": [72, 89], "uv_size": [4.5, 0.5]},
								"up": {"uv": [55, 95], "uv_size": [0.5, 4.5]},
								"down": {"uv": [59, 100.5], "uv_size": [0.5, -4.5]}
							}
						},
						{
							"origin": [0.66715, -1.46664, 1.59983],
							"size": [0.2996, 0.29562, 3.21372],
							"pivot": [0.05465, -1.45414, 3.79983],
							"rotation": [-8.90928, 8.80348, 44.31282],
							"uv": {
								"north": {"uv": [79, 96], "uv_size": [0.5, 0.5]},
								"east": {"uv": [74, 92], "uv_size": [3, 0.5]},
								"south": {"uv": [72, 104], "uv_size": [0.5, 0.5]},
								"west": {"uv": [68, 99], "uv_size": [3, 0.5]},
								"down": {"uv": [63, 102], "uv_size": [0.5, -3]}
							}
						}
					]
				}
			]
		}
	]
}