{
	"format_version": "1.12.0",
	"minecraft:geometry": [
		{
			"description": {
				"identifier": "geometry.hk416d - Converted",
				"texture_width": 128,
				"texture_height": 128,
				"visible_bounds_width": 4,
				"visible_bounds_height": 4,
				"visible_bounds_offset": [0, 0, 0]
			},
			"bones": [
				{
					"name": "stock_default",
					"pivot": [0, 10.5, -12]
				},
				{
					"name": "stock",
					"parent": "stock_default",
					"pivot": [0, -4.33904, 10.40912],
					"cubes": [
						{
							"origin": [-2.17001, -0.37372, 0],
							"size": [0.72488, 0.5, 8.125],
							"pivot": [0, -2.55629, 4.28125],
							"rotation": [0, 0, 45],
							"uv": {
								"north": {"uv": [20, 16], "uv_size": [0.5, 0.5]},
								"south": {"uv": [17, 20], "uv_size": [0.5, 0.5]},
								"up": {"uv": [7, 7], "uv_size": [0.5, 8]}
							}
						},
						{
							"origin": [-0.36244, 0.36244, 0],
							"size": [0.72488, 0.51256, 8.125],
							"uv": {
								"north": {"uv": [20, 17], "uv_size": [0.5, 0.5]},
								"up": {"uv": [0, 8], "uv_size": [0.5, 8]}
							}
						},
						{
							"origin": [-2.68257, -1.11116, 0],
							"size": [0.5, 0.72488, 8.125],
							"pivot": [0, -2.55629, 4.28125],
							"rotation": [0, 0, 45],
							"uv": {
								"north": {"uv": [18, 20], "uv_size": [0.5, 0.5]},
								"east": {"uv": [8, 2], "uv_size": [8, 0.5]}
							}
						},
						{
							"origin": [-0.875, -0.11244, 0],
							"size": [1.75, 0.47488, 8.125],
							"uv": {
								"north": {"uv": [15, 8], "uv_size": [2, 0.5]},
								"east": {"uv": [8, 3], "uv_size": [8, 0.5]},
								"west": {"uv": [8, 4], "uv_size": [8, 0.5]},
								"down": {"uv": [0, 8], "uv_size": [2, -8]}
							}
						},
						{
							"origin": [0.12853, -0.77612, 0],
							"size": [0.4983, 0.8125, 1.25],
							"pivot": [0, -2.55629, 4.28125],
							"rotation": [0, 0, -22.5],
							"uv": {
								"north": {"uv": [18, 5], "uv_size": [0.5, 1]},
								"east": {"uv": [13, 13], "uv_size": [1.5, 1]},
								"south": {"uv": [18, 6], "uv_size": [0.5, 1]}
							}
						},
						{
							"origin": [-0.62683, -0.77612, 0],
							"size": [0.4983, 0.8125, 1.25],
							"pivot": [0, -2.55629, 4.28125],
							"rotation": [0, 0, 22.5],
							"uv": {
								"north": {"uv": [7, 18], "uv_size": [0.5, 1]},
								"south": {"uv": [18, 7], "uv_size": [0.5, 1]},
								"west": {"uv": [2, 14], "uv_size": [1.5, 1]}
							}
						},
						{
							"origin": [-0.875, -1.92041, -0.57565],
							"size": [1.75, 0.5, 1.3125],
							"pivot": [0, -2.55629, 4.28125],
							"rotation": [-22.5, 0, 0],
							"uv": {
								"east": {"uv": [2, 17], "uv_size": [1.5, 0.5]},
								"west": {"uv": [17, 3], "uv_size": [1.5, 0.5]},
								"down": {"uv": [10, 6.5], "uv_size": [2, -1.5]}
							}
						},
						{
							"origin": [-1.96841, -0.86244, 1.00309],
							"size": [0.3125, 0.5, 0.8125],
							"pivot": [0, -2.55629, 4.28125],
							"rotation": [0, -22.5, 0],
							"uv": {
								"north": {"uv": [20, 18], "uv_size": [0.5, 0.5]},
								"east": {"uv": [8, 18], "uv_size": [1, 0.5]},
								"up": {"uv": [18, 8], "uv_size": [0.5, 1]},
								"down": {"uv": [9, 19], "uv_size": [0.5, -1]}
							}
						},
						{
							"origin": [-0.5625, -0.86244, 0],
							"size": [1.125, 0.75, 1.25],
							"uv": {
								"north": {"uv": [3, 12], "uv_size": [1, 1]},
								"east": {"uv": [8, 14], "uv_size": [1.5, 1]},
								"west": {"uv": [14, 12], "uv_size": [1.5, 1]},
								"down": {"uv": [4, 15.5], "uv_size": [1, -1.5]}
							}
						},
						{
							"origin": [-0.875, -0.86244, 1.25],
							"size": [1.75, 0.75, 6.875],
							"uv": {
								"east": {"uv": [4, 0], "uv_size": [7, 1]},
								"west": {"uv": [4, 1], "uv_size": [7, 1]},
								"down": {"uv": [2, 7], "uv_size": [2, -7]}
							}
						},
						{
							"origin": [-0.84375, -0.86244, 2.15625],
							"size": [1.75, 0.375, 1.04688],
							"uv": {
								"north": {"uv": [22, 16], "uv_size": [2, 0.5]},
								"east": {"uv": [22, 17], "uv_size": [1.5, 0.5]},
								"south": {"uv": [17, 22], "uv_size": [2, 0.5]},
								"west": {"uv": [22, 18], "uv_size": [1.5, 0.5]},
								"up": {"uv": [22, 14], "uv_size": [2, 1.5]},
								"down": {"uv": [15, 23.5], "uv_size": [2, -1.5]}
							}
						},
						{
							"origin": [-0.82812, -0.76869, 2.25],
							"size": [1.75, 0.1875, 0.85938],
							"inflate": 0.001,
							"uv": {
								"west": {"uv": [29.5, 2], "uv_size": [11.5, 3.5]}
							}
						},
						{
							"origin": [-0.85937, -0.79994, 5.71875],
							"size": [1.75, 0.25, 0.85938],
							"inflate": 0.001,
							"uv": {
								"west": {"uv": [42, 91.5], "uv_size": [10, 2.5]}
							}
						},
						{
							"origin": [-0.89062, -0.79994, 5.71875],
							"size": [1.75, 0.25, 0.85938],
							"inflate": 0.001,
							"uv": {
								"east": {"uv": [42, 91.5], "uv_size": [10, 2.5]}
							}
						},
						{
							"origin": [1.65591, -0.86244, 1.00309],
							"size": [0.3125, 0.5, 0.8125],
							"pivot": [0, -2.55629, 4.28125],
							"rotation": [0, 22.5, 0],
							"uv": {
								"north": {"uv": [19, 20], "uv_size": [0.5, 0.5]},
								"west": {"uv": [10, 18], "uv_size": [1, 0.5]},
								"up": {"uv": [11, 18], "uv_size": [0.5, 1]},
								"down": {"uv": [12, 19], "uv_size": [0.5, -1]}
							}
						},
						{
							"origin": [-0.3125, -1.36244, 2.0625],
							"size": [0.625, 0.5, 5.4375],
							"uv": {
								"east": {"uv": [11, 1], "uv_size": [5.5, 0.5]},
								"west": {"uv": [12, 5], "uv_size": [5.5, 0.5]}
							}
						},
						{
							"origin": [-0.34724, -1.38212, 0],
							"size": [0.69448, 0.51968, 2.0625],
							"uv": {
								"north": {"uv": [20, 19], "uv_size": [0.5, 0.5]},
								"east": {"uv": [15, 9], "uv_size": [2, 0.5]},
								"south": {"uv": [20, 20], "uv_size": [0.5, 0.5]},
								"west": {"uv": [11, 15], "uv_size": [2, 0.5]},
								"down": {"uv": [15, 15], "uv_size": [0.5, -2]}
							}
						},
						{
							"origin": [0.12853, -1.33862, 0],
							"size": [0.4983, 0.5625, 0.25],
							"pivot": [0, -2.55629, 4.28125],
							"rotation": [0, 0, -22.5],
							"uv": {
								"north": {"uv": [0, 21], "uv_size": [0.5, 0.5]},
								"east": {"uv": [21, 0], "uv_size": [0.5, 0.5]},
								"south": {"uv": [1, 21], "uv_size": [0.5, 0.5]}
							}
						},
						{
							"origin": [-0.3125, -1.48744, 6.5],
							"size": [0.625, 0.625, 1.5],
							"uv": {
								"east": {"uv": [4, 17], "uv_size": [1.5, 0.5]},
								"west": {"uv": [17, 4], "uv_size": [1.5, 0.5]}
							}
						},
						{
							"origin": [-0.62683, -1.33862, 0],
							"size": [0.4983, 0.5625, 0.25],
							"pivot": [0, -2.55629, 4.28125],
							"rotation": [0, 0, 22.5],
							"uv": {
								"north": {"uv": [21, 1], "uv_size": [0.5, 0.5]},
								"south": {"uv": [2, 21], "uv_size": [0.5, 0.5]},
								"west": {"uv": [21, 2], "uv_size": [0.5, 0.5]}
							}
						},
						{
							"origin": [-1.4566, -1.32622, 1.25],
							"size": [0.5625, 0.25, 6.875],
							"pivot": [0, -2.55629, 5.28125],
							"rotation": [0, 0, 22.5],
							"uv": {
								"north": {"uv": [3, 21], "uv_size": [0.5, 0.5]},
								"south": {"uv": [21, 3], "uv_size": [0.5, 0.5]},
								"west": {"uv": [8, 8], "uv_size": [7, 0.5]},
								"down": {"uv": [1, 15], "uv_size": [0.5, -7]}
							}
						},
						{
							"origin": [0.8941, -1.32622, 1.25],
							"size": [0.5625, 0.25, 6.875],
							"pivot": [0, -2.55629, 5.28125],
							"rotation": [0, 0, -22.5],
							"uv": {
								"north": {"uv": [4, 21], "uv_size": [0.5, 0.5]},
								"east": {"uv": [8, 9], "uv_size": [7, 0.5]},
								"south": {"uv": [21, 4], "uv_size": [0.5, 0.5]},
								"down": {"uv": [6, 15], "uv_size": [0.5, -7]}
							}
						}
					]
				},
				{
					"name": "group22",
					"parent": "stock",
					"pivot": [0.41919, -4.7657, 12.25],
					"cubes": [
						{
							"origin": [-0.36244, 0.36244, 8.125],
							"size": [0.72488, 0.57506, 0.625],
							"uv": {
								"north": {"uv": [5, 21], "uv_size": [0.5, 0.5]},
								"south": {"uv": [21, 5], "uv_size": [0.5, 0.5]},
								"up": {"uv": [6, 21], "uv_size": [0.5, 0.5]}
							}
						},
						{
							"origin": [-2.72676, -1.15535, 8.125],
							"size": [0.54419, 0.81326, 0.625],
							"pivot": [0, -2.55629, 4.28125],
							"rotation": [0, 0, 45],
							"uv": {
								"north": {"uv": [18, 12], "uv_size": [0.5, 1]},
								"east": {"uv": [13, 18], "uv_size": [0.5, 1]},
								"south": {"uv": [14, 18], "uv_size": [0.5, 1]}
							}
						},
						{
							"origin": [-0.9375, -0.51256, 8.125],
							"size": [1.875, 0.875, 0.625],
							"uv": {
								"north": {"uv": [2, 13], "uv_size": [2, 1]},
								"east": {"uv": [18, 14], "uv_size": [0.5, 1]},
								"south": {"uv": [8, 13], "uv_size": [2, 1]},
								"west": {"uv": [16, 18], "uv_size": [0.5, 1]}
							}
						},
						{
							"origin": [2.18257, -1.15535, 8.125],
							"size": [0.54419, 0.81326, 0.625],
							"pivot": [0, -2.55629, 4.28125],
							"rotation": [0, 0, -45],
							"uv": {
								"north": {"uv": [17, 18], "uv_size": [0.5, 1]},
								"south": {"uv": [18, 18], "uv_size": [0.5, 1]},
								"west": {"uv": [0, 19], "uv_size": [0.5, 1]}
							}
						},
						{
							"origin": [-0.9375, -0.48565, 7.0428],
							"size": [1.875, 1.52763, 0.58493],
							"pivot": [0, -2.55629, 4.28125],
							"rotation": [-22.5, 0, 0],
							"uv": {
								"north": {"uv": [8, 10], "uv_size": [2, 1.5]},
								"east": {"uv": [6, 17], "uv_size": [0.5, 1.5]},
								"south": {"uv": [10, 10], "uv_size": [2, 1.5]},
								"west": {"uv": [17, 7], "uv_size": [0.5, 1.5]}
							}
						},
						{
							"origin": [-0.75, -4.63756, 7.625],
							"size": [1.5, 2.5, 0.5625],
							"uv": {
								"north": {"uv": [4, 8], "uv_size": [1.5, 2.5]},
								"east": {"uv": [7, 15], "uv_size": [0.5, 2.5]},
								"south": {"uv": [8, 5], "uv_size": [1.5, 2.5]},
								"west": {"uv": [8, 15], "uv_size": [0.5, 2.5]}
							}
						},
						{
							"origin": [-0.9375, -2.13756, 7.625],
							"size": [1.875, 0.4375, 0.5625],
							"uv": {
								"north": {"uv": [15, 15], "uv_size": [2, 0.5]},
								"east": {"uv": [21, 6], "uv_size": [0.5, 0.5]},
								"south": {"uv": [16, 2], "uv_size": [2, 0.5]},
								"west": {"uv": [7, 21], "uv_size": [0.5, 0.5]}
							}
						},
						{
							"origin": [-0.65806, -1.80115, 7.625],
							"size": [0.4375, -0.5, 0.5625],
							"pivot": [0.04784, -2.67177, 4.28125],
							"rotation": [0, 0, -22.5],
							"uv": {
								"north": {"uv": [21, 7], "uv_size": [0.5, 0.5]},
								"east": {"uv": [8, 21], "uv_size": [0.5, 0.5]},
								"south": {"uv": [21, 8], "uv_size": [0.5, 0.5]},
								"up": {"uv": [9, 21], "uv_size": [0.5, 0.5]}
							}
						},
						{
							"origin": [0.22056, -1.80115, 7.625],
							"size": [0.4375, -0.5, 0.5625],
							"pivot": [-0.04784, -2.67177, 4.28125],
							"rotation": [0, 0, 22.5],
							"uv": {
								"north": {"uv": [21, 9], "uv_size": [0.5, 0.5]},
								"south": {"uv": [10, 21], "uv_size": [0.5, 0.5]},
								"west": {"uv": [21, 10], "uv_size": [0.5, 0.5]},
								"up": {"uv": [11, 21], "uv_size": [0.5, 0.5]}
							}
						},
						{
							"origin": [-0.5, -4.88756, 7.625],
							"size": [1, 0.25, 0.5625],
							"uv": {
								"north": {"uv": [19, 0], "uv_size": [1, 0.5]},
								"south": {"uv": [1, 19], "uv_size": [1, 0.5]},
								"down": {"uv": [2, 19.5], "uv_size": [1, -0.5]}
							}
						},
						{
							"origin": [1.64845, -4.26541, 7.625],
							"size": [0.35356, 0.21339, 0.5625],
							"pivot": [0, -1.55629, 4.28125],
							"rotation": [0, 0, 45],
							"uv": {
								"north": {"uv": [21, 11], "uv_size": [0.5, 0.5]},
								"south": {"uv": [12, 21], "uv_size": [0.5, 0.5]},
								"down": {"uv": [21, 12.5], "uv_size": [0.5, -0.5]}
							}
						},
						{
							"origin": [-2.00201, -4.26541, 7.625],
							"size": [0.35356, 0.21339, 0.5625],
							"pivot": [0, -1.55629, 4.28125],
							"rotation": [0, 0, -45],
							"uv": {
								"north": {"uv": [13, 21], "uv_size": [0.5, 0.5]},
								"south": {"uv": [21, 13], "uv_size": [0.5, 0.5]},
								"down": {"uv": [14, 21.5], "uv_size": [0.5, -0.5]}
							}
						}
					]
				},
				{
					"name": "group23",
					"parent": "stock",
					"pivot": [0.0625, -4.375, 9],
					"cubes": [
						{
							"origin": [-0.4375, -4.36296, 5.07688],
							"size": [0.875, 0.25, 1.20885],
							"pivot": [0, -1.55629, 4.28125],
							"rotation": [22.5, 0, 0],
							"uv": {
								"north": {"uv": [3, 19], "uv_size": [1, 0.5]},
								"east": {"uv": [19, 3], "uv_size": [1, 0.5]},
								"west": {"uv": [4, 19], "uv_size": [1, 0.5]},
								"up": {"uv": [0, 16], "uv_size": [1, 1]},
								"down": {"uv": [16, 4], "uv_size": [1, -1]}
							}
						},
						{
							"origin": [-0.4375, -3.93079, 1.03176],
							"size": [0.875, 0.24112, 5.74784],
							"pivot": [0, -3.50217, 5.13897],
							"rotation": [-35, 0, 0],
							"uv": {
								"east": {"uv": [12, 6], "uv_size": [5.5, 0.5]},
								"west": {"uv": [8, 12], "uv_size": [5.5, 0.5]},
								"up": {"uv": [6, 2], "uv_size": [1, 5.5]},
								"down": {"uv": [2, 12.5], "uv_size": [1, -5.5]}
							}
						},
						{
							"origin": [-0.4375, -3.36797, 1.6509],
							"size": [0.875, 0.25, 4.9375],
							"pivot": [0, -3.55547, 5.19778],
							"rotation": [-35, 0, 0],
							"uv": {
								"east": {"uv": [12, 10], "uv_size": [5, 0.5]},
								"west": {"uv": [12, 11], "uv_size": [5, 0.5]},
								"up": {"uv": [7, 2], "uv_size": [1, 5]},
								"down": {"uv": [3, 12], "uv_size": [1, -5]}
							}
						},
						{
							"origin": [-0.125, -3.68967, 5.7796],
							"size": [0.25, 0.375, 1],
							"pivot": [0, -3.50217, 5.13897],
							"rotation": [-35, 0, 0],
							"uv": {
								"north": {"uv": [21, 14], "uv_size": [0.5, 0.5]},
								"east": {"uv": [19, 4], "uv_size": [1, 0.5]},
								"west": {"uv": [5, 19], "uv_size": [1, 0.5]}
							}
						},
						{
							"origin": [-0.1875, -3.68967, 2.4046],
							"size": [0.375, 0.375, 1.5],
							"pivot": [0, -3.50217, 5.13897],
							"rotation": [-35, 0, 0],
							"uv": {
								"east": {"uv": [17, 9], "uv_size": [1.5, 0.5]},
								"south": {"uv": [15, 21], "uv_size": [0.5, 0.5]},
								"west": {"uv": [17, 10], "uv_size": [1.5, 0.5]}
							}
						},
						{
							"origin": [-0.4375, -3.68967, 1.2796],
							"size": [0.875, 0.375, 1.125],
							"pivot": [0, -3.50217, 5.13897],
							"rotation": [-35, 0, 0],
							"uv": {
								"east": {"uv": [19, 5], "uv_size": [1, 0.5]},
								"south": {"uv": [6, 19], "uv_size": [1, 0.5]},
								"west": {"uv": [19, 6], "uv_size": [1, 0.5]}
							}
						},
						{
							"origin": [-0.4375, -1.8544, 2.93027],
							"size": [0.875, 0.34375, 0.5],
							"uv": {
								"east": {"uv": [21, 15], "uv_size": [0.5, 0.5]},
								"south": {"uv": [7, 19], "uv_size": [1, 0.5]},
								"west": {"uv": [16, 21], "uv_size": [0.5, 0.5]}
							}
						},
						{
							"origin": [-0.4375, -3.38259, 6.96152],
							"size": [0.875, 1.125, 0.25],
							"uv": {
								"north": {"uv": [4, 16], "uv_size": [1, 1]},
								"east": {"uv": [19, 7], "uv_size": [0.5, 1]},
								"south": {"uv": [16, 4], "uv_size": [1, 1]},
								"west": {"uv": [8, 19], "uv_size": [0.5, 1]},
								"down": {"uv": [19, 8.5], "uv_size": [1, -0.5]}
							}
						},
						{
							"origin": [-0.4375, -4.57506, 7.46152],
							"size": [0.875, 2.48935, 0.16348],
							"uv": {
								"north": {"uv": [4, 11], "uv_size": [1, 2.5]},
								"east": {"uv": [9, 15], "uv_size": [0.5, 2.5]},
								"west": {"uv": [10, 15], "uv_size": [0.5, 2.5]}
							}
						},
						{
							"origin": [-0.4375, -0.32169, 5.21841],
							"size": [0.875, 0.34681, 0.14062],
							"pivot": [0, -2.55629, 4.28125],
							"rotation": [-45, 0, 0],
							"uv": {
								"north": {"uv": [9, 19], "uv_size": [1, 0.5]},
								"east": {"uv": [21, 16], "uv_size": [0.5, 0.5]},
								"south": {"uv": [19, 9], "uv_size": [1, 0.5]},
								"west": {"uv": [17, 21], "uv_size": [0.5, 0.5]}
							}
						},
						{
							"origin": [-0.4375, -2.0013, 6.52402],
							"size": [0.875, 0.36243, 0.14062],
							"uv": {
								"north": {"uv": [10, 19], "uv_size": [1, 0.5]},
								"east": {"uv": [21, 17], "uv_size": [0.5, 0.5]},
								"south": {"uv": [19, 10], "uv_size": [1, 0.5]},
								"west": {"uv": [18, 21], "uv_size": [0.5, 0.5]},
								"up": {"uv": [11, 19], "uv_size": [1, 0.5]}
							}
						},
						{
							"origin": [-0.4375, -0.32169, 5.95278],
							"size": [0.875, 0.36243, 0.14063],
							"pivot": [0, -2.55629, 4.28125],
							"rotation": [-45, 0, 0],
							"uv": {
								"north": {"uv": [19, 11], "uv_size": [1, 0.5]},
								"east": {"uv": [21, 18], "uv_size": [0.5, 0.5]},
								"south": {"uv": [12, 19], "uv_size": [1, 0.5]},
								"west": {"uv": [19, 21], "uv_size": [0.5, 0.5]}
							}
						},
						{
							"origin": [-0.4375, -0.57798, 5.47469],
							"size": [0.875, 0.14063, 0.61244],
							"pivot": [0, -2.55629, 4.28125],
							"rotation": [-45, 0, 0],
							"uv": {
								"east": {"uv": [21, 19], "uv_size": [0.5, 0.5]},
								"south": {"uv": [19, 12], "uv_size": [1, 0.5]},
								"west": {"uv": [20, 21], "uv_size": [0.5, 0.5]},
								"up": {"uv": [13, 19], "uv_size": [1, 0.5]},
								"down": {"uv": [19, 13.5], "uv_size": [1, -0.5]}
							}
						},
						{
							"origin": [-0.4375, -2.25759, 6.83346],
							"size": [0.875, 0.14063, 0.37806],
							"uv": {
								"east": {"uv": [21, 20], "uv_size": [0.5, 0.5]},
								"south": {"uv": [14, 19], "uv_size": [1, 0.5]},
								"west": {"uv": [21, 21], "uv_size": [0.5, 0.5]},
								"up": {"uv": [19, 14], "uv_size": [1, 0.5]}
							}
						},
						{
							"origin": [-0.4375, 0.1564, 5.52156],
							"size": [0.875, 0.15625, 0.26869],
							"pivot": [0, -2.55629, 4.28125],
							"rotation": [-45, 0, 0],
							"uv": {
								"east": {"uv": [0, 22], "uv_size": [0.5, 0.5]},
								"west": {"uv": [22, 0], "uv_size": [0.5, 0.5]},
								"down": {"uv": [15, 19.5], "uv_size": [1, -0.5]}
							}
						},
						{
							"origin": [-0.4375, -1.52321, 6.6553],
							"size": [0.875, 0.13756, 0.61872],
							"uv": {
								"north": {"uv": [19, 15], "uv_size": [1, 0.5]},
								"east": {"uv": [1, 22], "uv_size": [0.5, 0.5]},
								"west": {"uv": [22, 1], "uv_size": [0.5, 0.5]},
								"up": {"uv": [16, 19], "uv_size": [1, 0.5]},
								"down": {"uv": [19, 16.5], "uv_size": [1, -0.5]}
							}
						},
						{
							"origin": [-0.4375, -2.08571, 7.25839],
							"size": [0.875, 0.70006, 0.51563],
							"uv": {
								"north": {"uv": [17, 19], "uv_size": [1, 0.5]},
								"east": {"uv": [2, 22], "uv_size": [0.5, 0.5]},
								"west": {"uv": [22, 2], "uv_size": [0.5, 0.5]},
								"up": {"uv": [19, 17], "uv_size": [1, 0.5]},
								"down": {"uv": [18, 19.5], "uv_size": [1, -0.5]}
							}
						},
						{
							"origin": [-0.125, -3.52321, 7.21152],
							"size": [0.25, 1.01562, 0.25],
							"uv": {
								"east": {"uv": [19, 18], "uv_size": [0.5, 1]},
								"west": {"uv": [19, 19], "uv_size": [0.5, 1]},
								"up": {"uv": [3, 22], "uv_size": [0.5, 0.5]}
							}
						},
						{
							"origin": [-0.4375, -0.74141, 5.40544],
							"size": [0.875, 0.18847, 0.66782],
							"pivot": [0, -2.55629, 4.28125],
							"rotation": [-22.5, 0, 0],
							"uv": {
								"east": {"uv": [22, 3], "uv_size": [0.5, 0.5]},
								"south": {"uv": [0, 20], "uv_size": [1, 0.5]},
								"west": {"uv": [4, 22], "uv_size": [0.5, 0.5]},
								"up": {"uv": [20, 0], "uv_size": [1, 0.5]},
								"down": {"uv": [1, 20.5], "uv_size": [1, -0.5]}
							}
						},
						{
							"origin": [-0.4375, -4.8331, 4.84514],
							"size": [0.875, 0.25, 1.66605],
							"pivot": [0, -1.55629, 4.28125],
							"rotation": [22.5, 0, 0],
							"uv": {
								"north": {"uv": [20, 1], "uv_size": [1, 0.5]},
								"east": {"uv": [11, 17], "uv_size": [1.5, 0.5]},
								"west": {"uv": [17, 11], "uv_size": [1.5, 0.5]},
								"up": {"uv": [13, 14], "uv_size": [1, 1.5]},
								"down": {"uv": [14, 15.5], "uv_size": [1, -1.5]}
							}
						},
						{
							"origin": [-0.125, -4.62657, 5.1908],
							"size": [0.25, 0.3125, 1.29106],
							"pivot": [0, -1.55629, 4.28125],
							"rotation": [22.5, 0, 0],
							"uv": {
								"east": {"uv": [13, 17], "uv_size": [1.5, 0.5]},
								"west": {"uv": [17, 13], "uv_size": [1.5, 0.5]}
							}
						},
						{
							"origin": [-0.4375, -5.3956, 4.84513],
							"size": [0.875, 0.5625, 0.75],
							"pivot": [0, -1.55629, 4.28125],
							"rotation": [22.5, 0, 0],
							"uv": {
								"north": {"uv": [2, 20], "uv_size": [1, 0.5]},
								"east": {"uv": [20, 2], "uv_size": [1, 0.5]},
								"south": {"uv": [3, 20], "uv_size": [1, 0.5]},
								"west": {"uv": [20, 3], "uv_size": [1, 0.5]}
							}
						},
						{
							"origin": [-0.4375, -4.88756, 6.27145],
							"size": [0.875, 0.3125, 1.35355],
							"uv": {
								"east": {"uv": [17, 15], "uv_size": [1.5, 0.5]},
								"west": {"uv": [17, 16], "uv_size": [1.5, 0.5]},
								"up": {"uv": [1, 15], "uv_size": [1, 1.5]},
								"down": {"uv": [2, 16.5], "uv_size": [1, -1.5]}
							}
						},
						{
							"origin": [-0.4375, -4.01256, 6.86152],
							"size": [0.875, 0.25, 0.6],
							"uv": {
								"north": {"uv": [4, 20], "uv_size": [1, 0.5]},
								"east": {"uv": [22, 4], "uv_size": [0.5, 0.5]},
								"west": {"uv": [5, 22], "uv_size": [0.5, 0.5]},
								"up": {"uv": [20, 4], "uv_size": [1, 0.5]},
								"down": {"uv": [5, 20.5], "uv_size": [1, -0.5]}
							}
						},
						{
							"origin": [-0.4375, -0.57798, 4.59968],
							"size": [0.875, 0.1875, 0.875],
							"pivot": [0, -2.55629, 4.28125],
							"rotation": [-45, 0, 0],
							"uv": {
								"east": {"uv": [20, 5], "uv_size": [1, 0.5]},
								"west": {"uv": [6, 20], "uv_size": [1, 0.5]},
								"up": {"uv": [16, 7], "uv_size": [1, 1]},
								"down": {"uv": [11, 17], "uv_size": [1, -1]}
							}
						},
						{
							"origin": [-0.4375, -1.51065, 1.08652],
							"size": [0.875, 0.375, 6],
							"uv": {
								"east": {"uv": [10, 7], "uv_size": [6, 0.5]},
								"west": {"uv": [11, 0], "uv_size": [6, 0.5]},
								"up": {"uv": [4, 2], "uv_size": [1, 6]},
								"down": {"uv": [5, 8], "uv_size": [1, -6]}
							}
						}
					]
				},
				{
					"name": "group24",
					"parent": "group23",
					"pivot": [0, -5.40005, 5.90722],
					"cubes": [
						{
							"origin": [-0.5, -1.81204, 3.99934],
							"size": [1, 0.375, 1.75],
							"pivot": [0, -1.62454, 5.37434],
							"rotation": [-15, 0, 0],
							"uv": {
								"north": {"uv": [20, 6], "uv_size": [1, 0.5]},
								"east": {"uv": [12, 16], "uv_size": [2, 0.5]},
								"south": {"uv": [7, 20], "uv_size": [1, 0.5]},
								"west": {"uv": [16, 12], "uv_size": [2, 0.5]},
								"up": {"uv": [5, 11], "uv_size": [1, 2]},
								"down": {"uv": [5, 15], "uv_size": [1, -2]}
							}
						},
						{
							"origin": [-0.5, -1.65005, 3.40722],
							"size": [1, 0.3125, 1.5],
							"uv": {
								"east": {"uv": [17, 17], "uv_size": [1.5, 0.5]},
								"west": {"uv": [0, 18], "uv_size": [1.5, 0.5]},
								"down": {"uv": [3, 16.5], "uv_size": [1, -1.5]}
							}
						},
						{
							"origin": [-0.5, -1.65101, 4.15758],
							"size": [1, 0.44195, 0.25],
							"pivot": [0, -2.55629, 3.78125],
							"rotation": [45, 0, 0],
							"uv": {
								"north": {"uv": [20, 7], "uv_size": [1, 0.5]},
								"east": {"uv": [22, 5], "uv_size": [0.5, 0.5]},
								"west": {"uv": [6, 22], "uv_size": [0.5, 0.5]}
							}
						},
						{
							"origin": [-0.5625, -1.77463, 2.92774],
							"size": [1.125, 0.25, 0.25],
							"pivot": [0, -2.55629, 3.78125],
							"rotation": [-45, 0, 0],
							"uv": {
								"north": {"uv": [8, 20], "uv_size": [1, 0.5]},
								"east": {"uv": [22, 6], "uv_size": [0.5, 0.5]},
								"south": {"uv": [20, 8], "uv_size": [1, 0.5]},
								"west": {"uv": [7, 22], "uv_size": [0.5, 0.5]},
								"up": {"uv": [9, 20], "uv_size": [1, 0.5]},
								"down": {"uv": [20, 9.5], "uv_size": [1, -0.5]}
							}
						},
						{
							"origin": [-0.5, -1.33755, 3.09472],
							"size": [1, 0.25, 1],
							"uv": {
								"north": {"uv": [10, 20], "uv_size": [1, 0.5]},
								"east": {"uv": [20, 10], "uv_size": [1, 0.5]},
								"south": {"uv": [11, 20], "uv_size": [1, 0.5]},
								"west": {"uv": [20, 11], "uv_size": [1, 0.5]},
								"up": {"uv": [16, 13], "uv_size": [1, 1]}
							}
						}
					]
				},
				{
					"name": "group15",
					"parent": "stock",
					"pivot": [0, -2.3698, 6.35279],
					"cubes": [
						{
							"origin": [-1.2689, -2.33289, 0.22963],
							"size": [0.26516, 0.1692, 1.5],
							"pivot": [0, -2.80629, 4.28125],
							"rotation": [0, 0, 45],
							"uv": {
								"north": {"uv": [22, 7], "uv_size": [0.5, 0.5]},
								"south": {"uv": [8, 22], "uv_size": [0.5, 0.5]},
								"down": {"uv": [15, 18.5], "uv_size": [0.5, -1.5]}
							}
						},
						{
							"origin": [-0.5625, -1.5743, 0.22963],
							"size": [1.125, 0.4375, 1.5],
							"uv": {
								"north": {"uv": [12, 20], "uv_size": [1, 0.5]},
								"east": {"uv": [18, 1], "uv_size": [1.5, 0.5]},
								"west": {"uv": [2, 18], "uv_size": [1.5, 0.5]},
								"up": {"uv": [5, 15], "uv_size": [1, 1.5]}
							}
						},
						{
							"origin": [-0.375, -1.7618, 0.22963],
							"size": [0.75, 0.375, 1.75],
							"uv": {
								"north": {"uv": [20, 12], "uv_size": [1, 0.5]},
								"down": {"uv": [10, 15], "uv_size": [1, -2]}
							}
						},
						{
							"origin": [-0.5625, -1.73437, 1.35137],
							"size": [1.125, 0.25, 1.70312],
							"pivot": [0.20447, -2.03543, 2.48813],
							"rotation": [-35, 0, 0],
							"uv": {
								"north": {"uv": [13, 20], "uv_size": [1, 0.5]},
								"east": {"uv": [18, 2], "uv_size": [1.5, 0.5]},
								"west": {"uv": [4, 18], "uv_size": [1.5, 0.5]},
								"up": {"uv": [6, 15], "uv_size": [1, 1.5]}
							}
						},
						{
							"origin": [-0.5625, -2.29687, 1.35137],
							"size": [1.125, 0.5625, 1.8125],
							"pivot": [0.20447, -2.03543, 2.48813],
							"rotation": [-35, 0, 0],
							"uv": {
								"east": {"uv": [14, 16], "uv_size": [2, 0.5]},
								"west": {"uv": [16, 14], "uv_size": [2, 0.5]},
								"down": {"uv": [11, 15], "uv_size": [1, -2]}
							}
						},
						{
							"origin": [1.00374, -2.33289, 0.22963],
							"size": [0.26516, 0.1692, 1.75],
							"pivot": [0, -2.80629, 4.28125],
							"rotation": [0, 0, -45],
							"uv": {
								"north": {"uv": [22, 8], "uv_size": [0.5, 0.5]},
								"south": {"uv": [9, 22], "uv_size": [0.5, 0.5]},
								"down": {"uv": [16, 18], "uv_size": [0.5, -2]}
							}
						},
						{
							"origin": [-0.375, -2.42945, 1.29644],
							"size": [0.75, 0.1875, 2.20267],
							"pivot": [0.20447, -2.03543, 2.48813],
							"rotation": [-35, 0, 0],
							"uv": {
								"east": {"uv": [0, 17], "uv_size": [2, 0.5]},
								"west": {"uv": [17, 0], "uv_size": [2, 0.5]},
								"down": {"uv": [12, 15], "uv_size": [1, -2]}
							}
						},
						{
							"origin": [-0.5625, -2.29687, 3.16387],
							"size": [1.125, 0.32813, 0.20267],
							"pivot": [0.20447, -2.03543, 2.48813],
							"rotation": [-35, 0, 0],
							"uv": {
								"east": {"uv": [22, 9], "uv_size": [0.5, 0.5]},
								"west": {"uv": [10, 22], "uv_size": [0.5, 0.5]},
								"down": {"uv": [20, 13.5], "uv_size": [1, -0.5]}
							}
						},
						{
							"origin": [-0.5625, -2.75343, 3.05772],
							"size": [1.125, 0.84505, 0.21025],
							"uv": {
								"east": {"uv": [14, 20], "uv_size": [0.5, 1]},
								"south": {"uv": [17, 1], "uv_size": [1, 1]},
								"west": {"uv": [20, 14], "uv_size": [0.5, 1]},
								"down": {"uv": [15, 20.5], "uv_size": [1, -0.5]}
							}
						},
						{
							"origin": [-0.41442, -3.15808, 3.05772],
							"size": [0.26516, 0.16919, 0.21025],
							"pivot": [0, -2.77701, 4.25893],
							"rotation": [0, 0, 45],
							"uv": {
								"north": {"uv": [22, 10], "uv_size": [0.5, 0.5]},
								"south": {"uv": [11, 22], "uv_size": [0.5, 0.5]},
								"down": {"uv": [22, 11.5], "uv_size": [0.5, -0.5]}
							}
						},
						{
							"origin": [0.14926, -3.15808, 3.05772],
							"size": [0.26516, 0.16919, 0.21025],
							"pivot": [0, -2.77701, 4.25893],
							"rotation": [0, 0, -45],
							"uv": {
								"north": {"uv": [12, 22], "uv_size": [0.5, 0.5]},
								"south": {"uv": [22, 12], "uv_size": [0.5, 0.5]},
								"down": {"uv": [13, 22.5], "uv_size": [0.5, -0.5]}
							}
						},
						{
							"origin": [-0.375, -2.94093, 3.05772],
							"size": [0.75, 0.1875, 0.21025],
							"uv": {
								"east": {"uv": [22, 13], "uv_size": [0.5, 0.5]},
								"south": {"uv": [20, 15], "uv_size": [1, 0.5]},
								"west": {"uv": [14, 22], "uv_size": [0.5, 0.5]},
								"down": {"uv": [16, 20.5], "uv_size": [1, -0.5]}
							}
						}
					]
				}
			]
		}
	]
}