{
	"format_version": "1.12.0",
	"minecraft:geometry": [
		{
			"description": {
				"identifier": "geometry.unknown",
				"texture_width": 128,
				"texture_height": 128,
				"visible_bounds_width": 5,
				"visible_bounds_height": 2.5,
				"visible_bounds_offset": [0, 0.75, 0]
			},
			"bones": [
				{
					"name": "stork",
					"pivot": [0, -3.53125, -11.28125],
					"cubes": [
						{
							"origin": [-0.6875, -0.28477, 0.48438],
							"size": [1.375, 0.56954, 7.66875],
							"uv": {
								"east": {"uv": [12, 5], "uv_size": [7.5, 0.5]},
								"south": {"uv": [22, 24], "uv_size": [1.5, 0.5]},
								"west": {"uv": [12, 10], "uv_size": [7.5, 0.5]}
							}
						},
						{
							"origin": [-2.15133, -0.58187, 0.48438],
							"size": [1.375, 0.56954, 7.66875],
							"pivot": [-0.37328, -1.91555, -9.84375],
							"rotation": [0, 0, 45],
							"uv": {
								"east": {"uv": [12, 11], "uv_size": [7.5, 0.5]},
								"south": {"uv": [24, 24], "uv_size": [1.5, 0.5]},
								"west": {"uv": [12, 12], "uv_size": [7.5, 0.5]}
							}
						},
						{
							"origin": [-0.28477, -0.6875, 0.48438],
							"size": [0.56954, 1.375, 7.66875],
							"uv": {
								"south": {"uv": [20, 24], "uv_size": [0.5, 1.5]},
								"up": {"uv": [7, 11], "uv_size": [0.5, 7.5]},
								"down": {"uv": [10, 20.5], "uv_size": [0.5, -7.5]}
							}
						},
						{
							"origin": [-1.7486, -0.9846, 0.48438],
							"size": [0.56954, 1.375, 7.66875],
							"pivot": [-0.37328, -1.91555, -9.84375],
							"rotation": [0, 0, 45],
							"uv": {
								"south": {"uv": [0, 25], "uv_size": [0.5, 1.5]},
								"up": {"uv": [11, 13], "uv_size": [0.5, 7.5]},
								"down": {"uv": [12, 20.5], "uv_size": [0.5, -7.5]}
							}
						},
						{
							"origin": [0.6875, -0.75459, 0.48438],
							"size": [0.25, 0.54126, 6.63178],
							"uv": {
								"north": {"uv": [26, 23], "uv_size": [0.5, 0.5]},
								"east": {"uv": [16, 6], "uv_size": [6.5, 0.5]},
								"west": {"uv": [16, 7], "uv_size": [6.5, 0.5]},
								"down": {"uv": [0, 22.5], "uv_size": [0.5, -6.5]}
							}
						},
						{
							"origin": [0.6875, 0.18744, 7.40938],
							"size": [0.25, 0.20089, 0.33514],
							"uv": {
								"east": {"uv": [24, 26], "uv_size": [0.5, 0.5]},
								"south": {"uv": [26, 24], "uv_size": [0.5, 0.5]},
								"west": {"uv": [25, 26], "uv_size": [0.5, 0.5]}
							}
						},
						{
							"origin": [0.6875, -0.82757, 7.25387],
							"size": [0.25, 1.15, 0.3125],
							"pivot": [0.7875, -0.02757, 7.44137],
							"rotation": [-35, 0, 0],
							"uv": {
								"east": {"uv": [25, 12], "uv_size": [0.5, 1]},
								"south": {"uv": [25, 13], "uv_size": [0.5, 1]},
								"west": {"uv": [14, 25], "uv_size": [0.5, 1]}
							}
						},
						{
							"origin": [0.3944, 0.7193, 7.74452],
							"size": [0.24937, 0.20001, 0.28986],
							"pivot": [0.4944, 0.6193, 7.78438],
							"rotation": [0, 0, -45],
							"uv": {
								"east": {"uv": [26, 25], "uv_size": [0.5, 0.5]},
								"south": {"uv": [26, 26], "uv_size": [0.5, 0.5]},
								"west": {"uv": [0, 27], "uv_size": [0.5, 0.5]}
							}
						},
						{
							"origin": [0.27931, 0.14968, 7.77554],
							"size": [0.25, 0.64596, 0.25884],
							"pivot": [0.52931, 0.79563, 8.03438],
							"rotation": [-26.75, 0, -45],
							"uv": {
								"east": {"uv": [27, 0], "uv_size": [0.5, 0.5]},
								"south": {"uv": [1, 27], "uv_size": [0.5, 0.5]},
								"west": {"uv": [27, 1], "uv_size": [0.5, 0.5]}
							}
						},
						{
							"origin": [0.6875, -0.21333, 0.48438],
							"size": [0.25, 0.60166, 6.95625],
							"uv": {
								"east": {"uv": [14, 4], "uv_size": [7, 0.5]},
								"west": {"uv": [15, 13], "uv_size": [7, 0.5]}
							}
						},
						{
							"origin": [-0.38833, 0.6875, 0.48438],
							"size": [0.77666, 0.25, 7.51875],
							"uv": {
								"south": {"uv": [25, 14], "uv_size": [1, 0.5]},
								"up": {"uv": [0, 8], "uv_size": [1, 7.5]},
								"down": {"uv": [8, 7.5], "uv_size": [1, -7.5]}
							}
						},
						{
							"origin": [1.07488, 0.3904, 0.48438],
							"size": [0.77728, 0.24937, 7.29139],
							"pivot": [0.37328, -1.91555, -9.24375],
							"rotation": [0, 0, -45],
							"uv": {
								"up": {"uv": [1, 8], "uv_size": [1, 7.5]},
								"down": {"uv": [2, 15.5], "uv_size": [1, -7.5]}
							}
						},
						{
							"origin": [-0.9375, -0.21333, 0.48438],
							"size": [0.25, 0.60166, 6.95625],
							"uv": {
								"east": {"uv": [15, 14], "uv_size": [7, 0.5]},
								"west": {"uv": [15, 15], "uv_size": [7, 0.5]}
							}
						},
						{
							"origin": [-0.52931, 0.14968, 7.77554],
							"size": [0.25, 0.64596, 0.25884],
							"pivot": [-0.52931, 0.79563, 8.03438],
							"rotation": [-26.75, 0, 45],
							"uv": {
								"east": {"uv": [2, 27], "uv_size": [0.5, 0.5]},
								"south": {"uv": [27, 2], "uv_size": [0.5, 0.5]},
								"west": {"uv": [3, 27], "uv_size": [0.5, 0.5]}
							}
						},
						{
							"origin": [-0.9375, -0.82757, 7.25387],
							"size": [0.25, 1.15, 0.3125],
							"pivot": [-0.7875, -0.02757, 7.44137],
							"rotation": [-35, 0, 0],
							"uv": {
								"east": {"uv": [15, 25], "uv_size": [0.5, 1]},
								"south": {"uv": [25, 15], "uv_size": [0.5, 1]},
								"west": {"uv": [16, 25], "uv_size": [0.5, 1]}
							}
						},
						{
							"origin": [-0.9375, 0.18744, 7.40938],
							"size": [0.25, 0.20089, 0.33514],
							"uv": {
								"east": {"uv": [27, 3], "uv_size": [0.5, 0.5]},
								"south": {"uv": [4, 27], "uv_size": [0.5, 0.5]},
								"west": {"uv": [27, 4], "uv_size": [0.5, 0.5]}
							}
						},
						{
							"origin": [-0.9375, -0.75459, 0.48438],
							"size": [0.25, 0.54126, 6.63178],
							"uv": {
								"north": {"uv": [5, 27], "uv_size": [0.5, 0.5]},
								"east": {"uv": [15, 16], "uv_size": [6.5, 0.5]},
								"west": {"uv": [15, 17], "uv_size": [6.5, 0.5]},
								"down": {"uv": [1, 22.5], "uv_size": [0.5, -6.5]}
							}
						},
						{
							"origin": [-0.64377, 0.7193, 7.74452],
							"size": [0.24937, 0.20001, 0.28986],
							"pivot": [-0.4944, 0.6193, 7.78438],
							"rotation": [0, 0, 45],
							"uv": {
								"east": {"uv": [27, 5], "uv_size": [0.5, 0.5]},
								"south": {"uv": [6, 27], "uv_size": [0.5, 0.5]},
								"west": {"uv": [27, 6], "uv_size": [0.5, 0.5]}
							}
						},
						{
							"origin": [-1.85216, 0.3904, 0.48438],
							"size": [0.77728, 0.24937, 7.29139],
							"pivot": [-0.37328, -1.91555, -9.24375],
							"rotation": [0, 0, 45],
							"uv": {
								"up": {"uv": [3, 8], "uv_size": [1, 7.5]},
								"down": {"uv": [8, 15.5], "uv_size": [1, -7.5]}
							}
						},
						{
							"origin": [-0.33113, -1.21004, 1.36854],
							"size": [0.625, 0.15, 0.25],
							"uv": {
								"north": {"uv": [29, 4], "uv_size": [0.5, 0.5]},
								"east": {"uv": [5, 29], "uv_size": [0.5, 0.5]},
								"south": {"uv": [29, 5], "uv_size": [0.5, 0.5]},
								"west": {"uv": [6, 29], "uv_size": [0.5, 0.5]},
								"down": {"uv": [29, 6.5], "uv_size": [0.5, -0.5]}
							}
						},
						{
							"origin": [-0.33113, -1.21004, 2.11854],
							"size": [0.625, 0.15, 0.25],
							"uv": {
								"north": {"uv": [7, 29], "uv_size": [0.5, 0.5]},
								"east": {"uv": [29, 7], "uv_size": [0.5, 0.5]},
								"south": {"uv": [8, 29], "uv_size": [0.5, 0.5]},
								"west": {"uv": [29, 8], "uv_size": [0.5, 0.5]},
								"down": {"uv": [9, 29.5], "uv_size": [0.5, -0.5]}
							}
						},
						{
							"origin": [-0.33113, -1.21004, 0.61854],
							"size": [0.625, 0.15, 0.25],
							"uv": {
								"north": {"uv": [29, 9], "uv_size": [0.5, 0.5]},
								"east": {"uv": [10, 29], "uv_size": [0.5, 0.5]},
								"south": {"uv": [29, 10], "uv_size": [0.5, 0.5]},
								"west": {"uv": [11, 29], "uv_size": [0.5, 0.5]},
								"down": {"uv": [29, 11.5], "uv_size": [0.5, -0.5]}
							}
						},
						{
							"origin": [-0.48113, -1.06004, 0.48104],
							"size": [0.925, 0.425, 6.4125],
							"uv": {
								"north": {"uv": [15, 26], "uv_size": [1, 0.5]},
								"east": {"uv": [15, 18], "uv_size": [6.5, 0.5]},
								"west": {"uv": [15, 19], "uv_size": [6.5, 0.5]},
								"down": {"uv": [9, 16.5], "uv_size": [1, -6.5]}
							}
						},
						{
							"origin": [-0.9375, -0.76333, -0.07812],
							"size": [1.875, 1.15166, 0.5625],
							"uv": {
								"north": {"uv": [16, 21], "uv_size": [2, 1]},
								"east": {"uv": [26, 15], "uv_size": [0.5, 1]},
								"south": {"uv": [18, 21], "uv_size": [2, 1]},
								"west": {"uv": [16, 26], "uv_size": [0.5, 1]}
							}
						},
						{
							"origin": [-4.4722, -1.63753, -0.07812],
							"size": [1.375, 0.77666, 0.5625],
							"pivot": [-0.25943, -4.89136, -10.79531],
							"rotation": [0, 0, 45],
							"uv": {
								"north": {"uv": [22, 19], "uv_size": [1.5, 1]},
								"east": {"uv": [26, 16], "uv_size": [0.5, 1]},
								"south": {"uv": [0, 23], "uv_size": [1.5, 1]},
								"west": {"uv": [17, 26], "uv_size": [0.5, 1]}
							}
						},
						{
							"origin": [-0.38833, -0.9375, -0.07812],
							"size": [0.77666, 1.875, 0.5625],
							"uv": {
								"north": {"uv": [20, 21], "uv_size": [1, 2]},
								"south": {"uv": [21, 21], "uv_size": [1, 2]},
								"up": {"uv": [26, 17], "uv_size": [1, 0.5]},
								"down": {"uv": [18, 26.5], "uv_size": [1, -0.5]}
							}
						},
						{
							"origin": [-3.92303, -1.6867, -0.07812],
							"size": [0.77666, 1.375, 0.5625],
							"pivot": [-0.25943, -4.89136, -10.79531],
							"rotation": [0, 0, 45],
							"uv": {
								"north": {"uv": [2, 23], "uv_size": [1, 1.5]},
								"south": {"uv": [3, 23], "uv_size": [1, 1.5]},
								"up": {"uv": [26, 18], "uv_size": [1, 0.5]},
								"down": {"uv": [19, 26.5], "uv_size": [1, -0.5]}
							}
						},
						{
							"origin": [-3.4722, -2.01253, -0.07812],
							"size": [0.875, 0.77666, 0.5625],
							"pivot": [-0.25943, -5.26636, -10.79531],
							"rotation": [0, 0, 45],
							"uv": {
								"north": {"uv": [24, 17], "uv_size": [1, 1]},
								"east": {"uv": [26, 19], "uv_size": [0.5, 1]},
								"south": {"uv": [18, 24], "uv_size": [1, 1]},
								"west": {"uv": [20, 26], "uv_size": [0.5, 1]}
							}
						},
						{
							"origin": [-3.92303, -2.5617, -0.07812],
							"size": [0.77666, 0.625, 0.5625],
							"pivot": [-0.25943, -5.26636, -10.79531],
							"rotation": [0, 0, 45],
							"uv": {
								"north": {"uv": [26, 20], "uv_size": [1, 0.5]},
								"south": {"uv": [21, 26], "uv_size": [1, 0.5]},
								"up": {"uv": [26, 21], "uv_size": [1, 0.5]},
								"down": {"uv": [22, 26.5], "uv_size": [1, -0.5]}
							}
						},
						{
							"origin": [-2.47959, -2.22355, -0.07815],
							"size": [0.3, 0.3, 0.5624],
							"pivot": [-0.25943, -4.89136, -10.71718],
							"rotation": [0, 0, 45],
							"uv": {
								"north": {"uv": [12, 29], "uv_size": [0.5, 0.5]},
								"south": {"uv": [29, 12], "uv_size": [0.5, 0.5]},
								"west": {"uv": [13, 29], "uv_size": [0.5, 0.5]}
							}
						},
						{
							"origin": [2.00127, -2.56409, -0.07815],
							"size": [0.3, 0.3, 0.5624],
							"pivot": [-0.25943, -4.89136, -10.71718],
							"rotation": [0, 0, -45],
							"uv": {
								"north": {"uv": [29, 13], "uv_size": [0.5, 0.5]},
								"east": {"uv": [14, 29], "uv_size": [0.5, 0.5]},
								"south": {"uv": [29, 14], "uv_size": [0.5, 0.5]}
							}
						},
						{
							"origin": [-0.30576, -1.64717, -0.07815],
							"size": [0.575, 0.215, 0.5624],
							"uv": {
								"north": {"uv": [15, 29], "uv_size": [0.5, 0.5]},
								"south": {"uv": [29, 15], "uv_size": [0.5, 0.5]},
								"down": {"uv": [16, 29.5], "uv_size": [0.5, -0.5]}
							}
						},
						{
							"origin": [-0.51863, -1.43504, -0.07815],
							"size": [1, 0.9, 0.5624],
							"uv": {
								"north": {"uv": [19, 24], "uv_size": [1, 1]},
								"east": {"uv": [26, 22], "uv_size": [0.5, 1]},
								"south": {"uv": [24, 19], "uv_size": [1, 1]},
								"west": {"uv": [23, 26], "uv_size": [0.5, 1]}
							}
						}
					]
				},
				{
					"name": "bone",
					"parent": "stork",
					"pivot": [-0.18416, 0.62761, 10.13308],
					"cubes": [
						{
							"origin": [-0.8999, -2.24754, 8.74354],
							"size": [1.7998, 1.13125, 0.6625],
							"pivot": [-0.0001, -1.63504, 9.04354],
							"rotation": [40, 0, 0],
							"uv": {
								"north": {"uv": [8, 19], "uv_size": [2, 1]},
								"east": {"uv": [25, 16], "uv_size": [0.5, 1]},
								"west": {"uv": [17, 25], "uv_size": [0.5, 1]}
							}
						},
						{
							"origin": [-0.9375, -5.11317, 9.23438],
							"size": [1.875, 5.50061, 1.10916],
							"uv": {
								"north": {"uv": [4, 0], "uv_size": [2, 5.5]},
								"east": {"uv": [11, 0], "uv_size": [1, 5.5]},
								"south": {"uv": [6, 0], "uv_size": [2, 5.5]},
								"west": {"uv": [4, 11], "uv_size": [1, 5.5]},
								"down": {"uv": [8, 21], "uv_size": [2, -1]}
							}
						},
						{
							"origin": [0.6875, -0.65083, 8.90626],
							"size": [0.25, 0.41416, 1.28437],
							"inflate": 0.001,
							"uv": {
								"west": {"uv": [24, 46], "uv_size": [11, 3.5]}
							}
						},
						{
							"origin": [0.27931, 0.14968, 9.32242],
							"size": [0.25, 0.64596, 0.25884],
							"pivot": [0.52931, 0.79563, 9.58126],
							"rotation": [-26.75, 0, -45],
							"uv": {
								"north": {"uv": [7, 27], "uv_size": [0.5, 0.5]},
								"east": {"uv": [27, 7], "uv_size": [0.5, 0.5]},
								"south": {"uv": [8, 27], "uv_size": [0.5, 0.5]},
								"west": {"uv": [27, 8], "uv_size": [0.5, 0.5]},
								"up": {"uv": [9, 27], "uv_size": [0.5, 0.5]},
								"down": {"uv": [27, 9.5], "uv_size": [0.5, -0.5]}
							}
						},
						{
							"origin": [0.27931, 0.02468, 9.32242],
							"size": [0.25, 0.13034, 0.02446],
							"pivot": [0.52931, 0.79563, 9.58126],
							"rotation": [-26.75, 0, -45],
							"uv": {
								"north": {"uv": [10, 27], "uv_size": [0.5, 0.5]},
								"east": {"uv": [27, 10], "uv_size": [0.5, 0.5]},
								"west": {"uv": [11, 27], "uv_size": [0.5, 0.5]}
							}
						},
						{
							"origin": [0.27931, 0.04031, 9.33804],
							"size": [0.25, 0.11471, 0.04009],
							"pivot": [0.52931, 0.79563, 9.58126],
							"rotation": [-26.75, 0, -45],
							"uv": {
								"west": {"uv": [27, 11], "uv_size": [0.5, 0.5]}
							}
						},
						{
							"origin": [0.27931, 0.05593, 9.36929],
							"size": [0.25, 0.09909, 0.04009],
							"pivot": [0.52931, 0.79563, 9.58126],
							"rotation": [-26.75, 0, -45],
							"uv": {
								"west": {"uv": [12, 27], "uv_size": [0.5, 0.5]}
							}
						},
						{
							"origin": [0.27931, 0.07156, 9.40054],
							"size": [0.25, 0.08346, 0.04009],
							"pivot": [0.52931, 0.79563, 9.58126],
							"rotation": [-26.75, 0, -45],
							"uv": {
								"west": {"uv": [27, 12], "uv_size": [0.5, 0.5]}
							}
						},
						{
							"origin": [0.27931, 0.08718, 9.43179],
							"size": [0.25, 0.06784, 0.04009],
							"pivot": [0.52931, 0.79563, 9.58126],
							"rotation": [-26.75, 0, -45],
							"uv": {
								"west": {"uv": [13, 27], "uv_size": [0.5, 0.5]}
							}
						},
						{
							"origin": [0.27931, 0.10281, 9.46304],
							"size": [0.25, 0.05221, 0.04009],
							"pivot": [0.52931, 0.79563, 9.58126],
							"rotation": [-26.75, 0, -45],
							"uv": {
								"west": {"uv": [27, 13], "uv_size": [0.5, 0.5]}
							}
						},
						{
							"origin": [0.27931, 0.10281, 9.49429],
							"size": [0.25, 0.05221, 0.04009],
							"pivot": [0.52931, 0.79563, 9.61251],
							"rotation": [-26.75, 0, -45],
							"uv": {
								"west": {"uv": [14, 27], "uv_size": [0.5, 0.5]}
							}
						},
						{
							"origin": [0.6875, 0.10932, 9.00313],
							"size": [0.25, 0.27901, 0.33514],
							"uv": {
								"north": {"uv": [27, 14], "uv_size": [0.5, 0.5]},
								"east": {"uv": [15, 27], "uv_size": [0.5, 0.5]},
								"south": {"uv": [27, 15], "uv_size": [0.5, 0.5]},
								"west": {"uv": [16, 27], "uv_size": [0.5, 0.5]},
								"up": {"uv": [27, 16], "uv_size": [0.5, 0.5]}
							}
						},
						{
							"origin": [0.6875, -0.96819, 8.84762],
							"size": [0.25, 1.2125, 0.3125],
							"pivot": [0.7875, -0.1057, 9.03512],
							"rotation": [-35, 0, 0],
							"uv": {
								"north": {"uv": [25, 17], "uv_size": [0.5, 1]},
								"east": {"uv": [18, 25], "uv_size": [0.5, 1]},
								"south": {"uv": [25, 18], "uv_size": [0.5, 1]},
								"west": {"uv": [19, 25], "uv_size": [0.5, 1]},
								"up": {"uv": [17, 27], "uv_size": [0.5, 0.5]},
								"down": {"uv": [27, 17.5], "uv_size": [0.5, -0.5]}
							}
						},
						{
							"origin": [0.6875, -0.88391, 8.38682],
							"size": [0.25, 0.17924, 0.85143],
							"uv": {
								"north": {"uv": [18, 27], "uv_size": [0.5, 0.5]},
								"east": {"uv": [25, 19], "uv_size": [1, 0.5]},
								"south": {"uv": [27, 18], "uv_size": [0.5, 0.5]},
								"west": {"uv": [25, 20], "uv_size": [1, 0.5]},
								"up": {"uv": [21, 25], "uv_size": [0.5, 1]},
								"down": {"uv": [25, 22], "uv_size": [0.5, -1]}
							}
						},
						{
							"origin": [0.6875, -0.79442, 1.70604],
							"size": [0.2125, 0.08975, 7.53221],
							"uv": {
								"north": {"uv": [19, 27], "uv_size": [0.5, 0.5]},
								"east": {"uv": [13, 8], "uv_size": [7.5, 0.5]},
								"south": {"uv": [27, 19], "uv_size": [0.5, 0.5]},
								"west": {"uv": [13, 9], "uv_size": [7.5, 0.5]},
								"up": {"uv": [13, 13], "uv_size": [0.5, 7.5]},
								"down": {"uv": [5, 21.5], "uv_size": [0.5, -7.5]}
							}
						},
						{
							"origin": [-0.9, -0.79442, 1.70604],
							"size": [0.2125, 0.08975, 7.53221],
							"uv": {
								"north": {"uv": [20, 27], "uv_size": [0.5, 0.5]},
								"east": {"uv": [14, 0], "uv_size": [7.5, 0.5]},
								"south": {"uv": [27, 20], "uv_size": [0.5, 0.5]},
								"west": {"uv": [14, 1], "uv_size": [7.5, 0.5]},
								"up": {"uv": [6, 14], "uv_size": [0.5, 7.5]},
								"down": {"uv": [14, 20.5], "uv_size": [0.5, -7.5]}
							}
						},
						{
							"origin": [0.6875, -0.71204, 8.98057],
							"size": [0.25, 0.66362, 0.25768],
							"uv": {
								"north": {"uv": [21, 27], "uv_size": [0.5, 0.5]},
								"east": {"uv": [27, 21], "uv_size": [0.5, 0.5]},
								"south": {"uv": [22, 27], "uv_size": [0.5, 0.5]},
								"west": {"uv": [27, 22], "uv_size": [0.5, 0.5]},
								"up": {"uv": [23, 27], "uv_size": [0.5, 0.5]},
								"down": {"uv": [27, 23.5], "uv_size": [0.5, -0.5]}
							}
						},
						{
							"origin": [0.6875, -0.71204, 8.73057],
							"size": [0.25, 0.31987, 0.25768],
							"uv": {
								"north": {"uv": [24, 27], "uv_size": [0.5, 0.5]},
								"east": {"uv": [27, 24], "uv_size": [0.5, 0.5]},
								"south": {"uv": [25, 27], "uv_size": [0.5, 0.5]},
								"west": {"uv": [27, 25], "uv_size": [0.5, 0.5]},
								"up": {"uv": [26, 27], "uv_size": [0.5, 0.5]},
								"down": {"uv": [27, 26.5], "uv_size": [0.5, -0.5]}
							}
						},
						{
							"origin": [-0.52931, 0.14968, 9.32242],
							"size": [0.25, 0.64596, 0.25884],
							"pivot": [-0.52931, 0.79563, 9.58126],
							"rotation": [-26.75, 0, 45],
							"uv": {
								"north": {"uv": [27, 27], "uv_size": [0.5, 0.5]},
								"east": {"uv": [0, 28], "uv_size": [0.5, 0.5]},
								"south": {"uv": [28, 0], "uv_size": [0.5, 0.5]},
								"west": {"uv": [1, 28], "uv_size": [0.5, 0.5]},
								"up": {"uv": [28, 1], "uv_size": [0.5, 0.5]},
								"down": {"uv": [2, 28.5], "uv_size": [0.5, -0.5]}
							}
						},
						{
							"origin": [-0.52931, 0.04031, 9.33804],
							"size": [0.25, 0.11471, 0.04009],
							"pivot": [-0.52931, 0.79563, 9.58126],
							"rotation": [-26.75, 0, 45],
							"uv": {
								"east": {"uv": [28, 2], "uv_size": [0.5, 0.5]}
							}
						},
						{
							"origin": [-0.52931, 0.02468, 9.32242],
							"size": [0.25, 0.13034, 0.02446],
							"pivot": [-0.52931, 0.79563, 9.58126],
							"rotation": [-26.75, 0, 45],
							"uv": {
								"north": {"uv": [3, 28], "uv_size": [0.5, 0.5]},
								"east": {"uv": [28, 3], "uv_size": [0.5, 0.5]},
								"west": {"uv": [4, 28], "uv_size": [0.5, 0.5]}
							}
						},
						{
							"origin": [-0.52931, 0.05593, 9.36929],
							"size": [0.25, 0.09909, 0.04009],
							"pivot": [-0.52931, 0.79563, 9.58126],
							"rotation": [-26.75, 0, 45],
							"uv": {
								"east": {"uv": [28, 4], "uv_size": [0.5, 0.5]}
							}
						},
						{
							"origin": [-0.52931, 0.08718, 9.43179],
							"size": [0.25, 0.06784, 0.04009],
							"pivot": [-0.52931, 0.79563, 9.58126],
							"rotation": [-26.75, 0, 45],
							"uv": {
								"east": {"uv": [5, 28], "uv_size": [0.5, 0.5]}
							}
						},
						{
							"origin": [-0.52931, 0.10281, 9.49429],
							"size": [0.25, 0.05221, 0.04009],
							"pivot": [-0.52931, 0.79563, 9.61251],
							"rotation": [-26.75, 0, 45],
							"uv": {
								"east": {"uv": [28, 5], "uv_size": [0.5, 0.5]}
							}
						},
						{
							"origin": [-0.52931, 0.10281, 9.46304],
							"size": [0.25, 0.05221, 0.04009],
							"pivot": [-0.52931, 0.79563, 9.58126],
							"rotation": [-26.75, 0, 45],
							"uv": {
								"east": {"uv": [6, 28], "uv_size": [0.5, 0.5]}
							}
						},
						{
							"origin": [-0.52931, 0.07156, 9.40054],
							"size": [0.25, 0.08346, 0.04009],
							"pivot": [-0.52931, 0.79563, 9.58126],
							"rotation": [-26.75, 0, 45],
							"uv": {
								"east": {"uv": [28, 6], "uv_size": [0.5, 0.5]}
							}
						},
						{
							"origin": [-0.9375, -0.96819, 8.84762],
							"size": [0.25, 1.2125, 0.3125],
							"pivot": [-0.7875, -0.1057, 9.03512],
							"rotation": [-35, 0, 0],
							"uv": {
								"north": {"uv": [22, 25], "uv_size": [0.5, 1]},
								"east": {"uv": [25, 22], "uv_size": [0.5, 1]},
								"south": {"uv": [23, 25], "uv_size": [0.5, 1]},
								"west": {"uv": [25, 23], "uv_size": [0.5, 1]},
								"up": {"uv": [7, 28], "uv_size": [0.5, 0.5]},
								"down": {"uv": [28, 7.5], "uv_size": [0.5, -0.5]}
							}
						},
						{
							"origin": [-0.9375, 0.10932, 9.00313],
							"size": [0.25, 0.27901, 0.33514],
							"uv": {
								"north": {"uv": [8, 28], "uv_size": [0.5, 0.5]},
								"east": {"uv": [28, 8], "uv_size": [0.5, 0.5]},
								"south": {"uv": [9, 28], "uv_size": [0.5, 0.5]},
								"west": {"uv": [28, 9], "uv_size": [0.5, 0.5]},
								"up": {"uv": [10, 28], "uv_size": [0.5, 0.5]}
							}
						},
						{
							"origin": [-0.9375, -0.71204, 8.98057],
							"size": [0.25, 0.66362, 0.25768],
							"uv": {
								"north": {"uv": [28, 10], "uv_size": [0.5, 0.5]},
								"east": {"uv": [11, 28], "uv_size": [0.5, 0.5]},
								"south": {"uv": [28, 11], "uv_size": [0.5, 0.5]},
								"west": {"uv": [12, 28], "uv_size": [0.5, 0.5]},
								"up": {"uv": [28, 12], "uv_size": [0.5, 0.5]},
								"down": {"uv": [13, 28.5], "uv_size": [0.5, -0.5]}
							}
						},
						{
							"origin": [-0.9375, -0.71204, 8.73057],
							"size": [0.25, 0.31987, 0.25768],
							"uv": {
								"north": {"uv": [28, 13], "uv_size": [0.5, 0.5]},
								"east": {"uv": [14, 28], "uv_size": [0.5, 0.5]},
								"south": {"uv": [28, 14], "uv_size": [0.5, 0.5]},
								"west": {"uv": [15, 28], "uv_size": [0.5, 0.5]},
								"up": {"uv": [28, 15], "uv_size": [0.5, 0.5]},
								"down": {"uv": [16, 28.5], "uv_size": [0.5, -0.5]}
							}
						},
						{
							"origin": [-0.9375, -0.88391, 8.38682],
							"size": [0.25, 0.17924, 0.85143],
							"uv": {
								"north": {"uv": [28, 16], "uv_size": [0.5, 0.5]},
								"east": {"uv": [24, 25], "uv_size": [1, 0.5]},
								"south": {"uv": [17, 28], "uv_size": [0.5, 0.5]},
								"west": {"uv": [25, 25], "uv_size": [1, 0.5]},
								"up": {"uv": [26, 0], "uv_size": [0.5, 1]},
								"down": {"uv": [1, 27], "uv_size": [0.5, -1]}
							}
						},
						{
							"origin": [-1.85216, 0.1404, 9.23438],
							"size": [0.77728, 0.49937, 1.10916],
							"pivot": [-0.37328, -1.91555, -0.275],
							"rotation": [0, 0, 45],
							"uv": {
								"north": {"uv": [26, 1], "uv_size": [1, 0.5]},
								"east": {"uv": [2, 26], "uv_size": [1, 0.5]},
								"south": {"uv": [26, 2], "uv_size": [1, 0.5]},
								"west": {"uv": [3, 26], "uv_size": [1, 0.5]},
								"up": {"uv": [8, 16], "uv_size": [1, 1]},
								"down": {"uv": [9, 24], "uv_size": [1, -1]}
							}
						},
						{
							"origin": [-0.38833, 0.375, 9.23438],
							"size": [0.77621, 0.56206, 1.10916],
							"uv": {
								"north": {"uv": [26, 3], "uv_size": [1, 0.5]},
								"east": {"uv": [4, 26], "uv_size": [1, 0.5]},
								"south": {"uv": [26, 4], "uv_size": [1, 0.5]},
								"west": {"uv": [5, 26], "uv_size": [1, 0.5]},
								"up": {"uv": [23, 9], "uv_size": [1, 1]},
								"down": {"uv": [10, 24], "uv_size": [1, -1]}
							}
						},
						{
							"origin": [1.07488, 0.1404, 9.23438],
							"size": [0.77728, 0.49937, 1.10916],
							"pivot": [0.37328, -1.91555, -0.275],
							"rotation": [0, 0, -45],
							"uv": {
								"north": {"uv": [6, 26], "uv_size": [1, 0.5]},
								"east": {"uv": [26, 6], "uv_size": [1, 0.5]},
								"south": {"uv": [26, 7], "uv_size": [1, 0.5]},
								"west": {"uv": [8, 26], "uv_size": [1, 0.5]},
								"up": {"uv": [11, 23], "uv_size": [1, 1]},
								"down": {"uv": [12, 24], "uv_size": [1, -1]}
							}
						},
						{
							"origin": [-0.69724, -5.35343, 9.23438],
							"size": [1.39448, 0.25271, 1.10916],
							"uv": {
								"north": {"uv": [1, 25], "uv_size": [1.5, 0.5]},
								"east": {"uv": [26, 8], "uv_size": [1, 0.5]},
								"south": {"uv": [3, 25], "uv_size": [1.5, 0.5]},
								"west": {"uv": [26, 9], "uv_size": [1, 0.5]},
								"up": {"uv": [22, 0], "uv_size": [1.5, 1]},
								"down": {"uv": [22, 2], "uv_size": [1.5, -1]}
							}
						},
						{
							"origin": [-1.41466, -5.36549, 9.23438],
							"size": [0.33978, 0.49937, 1.10916],
							"pivot": [-0.37328, -2.81017, -0.275],
							"rotation": [0, 0, -45],
							"uv": {
								"north": {"uv": [28, 17], "uv_size": [0.5, 0.5]},
								"east": {"uv": [10, 26], "uv_size": [1, 0.5]},
								"south": {"uv": [18, 28], "uv_size": [0.5, 0.5]},
								"west": {"uv": [11, 26], "uv_size": [1, 0.5]},
								"up": {"uv": [12, 26], "uv_size": [0.5, 1]},
								"down": {"uv": [26, 13], "uv_size": [0.5, -1]}
							}
						},
						{
							"origin": [1.07488, -5.36549, 9.23438],
							"size": [0.33978, 0.49937, 1.10916],
							"pivot": [0.37328, -2.81017, -0.275],
							"rotation": [0, 0, 45],
							"uv": {
								"north": {"uv": [28, 18], "uv_size": [0.5, 0.5]},
								"east": {"uv": [13, 26], "uv_size": [1, 0.5]},
								"south": {"uv": [19, 28], "uv_size": [0.5, 0.5]},
								"west": {"uv": [26, 13], "uv_size": [1, 0.5]},
								"up": {"uv": [14, 26], "uv_size": [0.5, 1]},
								"down": {"uv": [26, 15], "uv_size": [0.5, -1]}
							}
						},
						{
							"origin": [-0.9, -5.11294, 7.86854],
							"size": [1.8, 0.7779, 2.06352],
							"uv": {
								"east": {"uv": [21, 4], "uv_size": [2, 1]},
								"west": {"uv": [8, 21], "uv_size": [2, 1]},
								"up": {"uv": [11, 8], "uv_size": [2, 2]},
								"down": {"uv": [12, 5], "uv_size": [2, -2]}
							}
						},
						{
							"origin": [-0.68787, -5.32507, 7.86854],
							"size": [1.37574, 0.80253, 2.06352],
							"uv": {
								"north": {"uv": [22, 2], "uv_size": [1.5, 1]},
								"east": {"uv": [21, 8], "uv_size": [2, 1]},
								"south": {"uv": [22, 3], "uv_size": [1.5, 1]},
								"west": {"uv": [21, 9], "uv_size": [2, 1]},
								"up": {"uv": [2, 16], "uv_size": [1.5, 2]},
								"down": {"uv": [8, 19], "uv_size": [1.5, -2]}
							}
						},
						{
							"origin": [-0.87361, -4.2126, 7.86854],
							"size": [0.3, 0.2779, 2.06352],
							"pivot": [-1.97361, -4.63091, 7.71875],
							"rotation": [0, 0, 45],
							"uv": {
								"north": {"uv": [28, 19], "uv_size": [0.5, 0.5]},
								"east": {"uv": [13, 23], "uv_size": [2, 0.5]},
								"south": {"uv": [20, 28], "uv_size": [0.5, 0.5]},
								"west": {"uv": [15, 23], "uv_size": [2, 0.5]},
								"up": {"uv": [23, 15], "uv_size": [0.5, 2]},
								"down": {"uv": [17, 25], "uv_size": [0.5, -2]}
							}
						},
						{
							"origin": [-0.8998, -2.39754, 5.44354],
							"size": [1.7996, 1.1625, 1],
							"pivot": [-0.0002, -1.73504, 5.94354],
							"rotation": [-107.5, 0, 0],
							"uv": {
								"east": {"uv": [23, 17], "uv_size": [1, 1]},
								"west": {"uv": [18, 23], "uv_size": [1, 1]},
								"up": {"uv": [10, 21], "uv_size": [2, 1]}
							}
						},
						{
							"origin": [-0.9, -1.43504, 1.95604],
							"size": [1.8, 0.64062, 7.525],
							"uv": {
								"north": {"uv": [19, 23], "uv_size": [2, 0.5]},
								"east": {"uv": [14, 2], "uv_size": [7.5, 0.5]},
								"west": {"uv": [14, 3], "uv_size": [7.5, 0.5]},
								"up": {"uv": [0, 0], "uv_size": [2, 7.5]},
								"down": {"uv": [2, 7.5], "uv_size": [2, -7.5]}
							}
						},
						{
							"origin": [-0.9625, 10.25246, -0.10646],
							"size": [1.925, 0.275, 0.275],
							"pivot": [0, 2.09375, -12.78125],
							"rotation": [-45, 0, 0],
							"uv": {
								"north": {"uv": [23, 21], "uv_size": [2, 0.5]},
								"east": {"uv": [28, 20], "uv_size": [0.5, 0.5]},
								"west": {"uv": [21, 28], "uv_size": [0.5, 0.5]},
								"up": {"uv": [23, 22], "uv_size": [2, 0.5]},
								"down": {"uv": [23, 23.5], "uv_size": [2, -0.5]}
							}
						},
						{
							"origin": [-0.9625, 10.25246, 3.89354],
							"size": [1.925, 0.275, 0.275],
							"pivot": [0, 2.09375, -8.78125],
							"rotation": [-45, 0, 0],
							"uv": {
								"north": {"uv": [0, 24], "uv_size": [2, 0.5]},
								"east": {"uv": [28, 21], "uv_size": [0.5, 0.5]},
								"west": {"uv": [22, 28], "uv_size": [0.5, 0.5]},
								"up": {"uv": [24, 0], "uv_size": [2, 0.5]},
								"down": {"uv": [24, 1.5], "uv_size": [2, -0.5]}
							}
						},
						{
							"origin": [-0.9625, 10.25246, 6.64354],
							"size": [1.925, 0.275, 0.275],
							"pivot": [0, 2.09375, -6.03125],
							"rotation": [-45, 0, 0],
							"uv": {
								"north": {"uv": [24, 2], "uv_size": [2, 0.5]},
								"east": {"uv": [28, 22], "uv_size": [0.5, 0.5]},
								"west": {"uv": [23, 28], "uv_size": [0.5, 0.5]},
								"up": {"uv": [24, 3], "uv_size": [2, 0.5]},
								"down": {"uv": [4, 24.5], "uv_size": [2, -0.5]}
							}
						},
						{
							"origin": [-0.9, -1.37254, 1.70604],
							"size": [1.8, 0.57812, 0.25],
							"uv": {
								"north": {"uv": [6, 24], "uv_size": [2, 0.5]},
								"east": {"uv": [28, 23], "uv_size": [0.5, 0.5]},
								"west": {"uv": [24, 28], "uv_size": [0.5, 0.5]},
								"up": {"uv": [24, 6], "uv_size": [2, 0.5]},
								"down": {"uv": [24, 7.5], "uv_size": [2, -0.5]}
							}
						},
						{
							"origin": [-0.3, -5.21396, 5.75524],
							"size": [0.6, 0.2, 2.35001],
							"pivot": [0, -5.11396, 7.60525],
							"rotation": [180, 0, 0],
							"uv": {
								"east": {"uv": [4, 23], "uv_size": [2.5, 0.5]},
								"south": {"uv": [28, 24], "uv_size": [0.5, 0.5]},
								"west": {"uv": [23, 4], "uv_size": [2.5, 0.5]},
								"up": {"uv": [23, 6], "uv_size": [0.5, 2.5]},
								"down": {"uv": [8, 25.5], "uv_size": [0.5, -2.5]}
							}
						},
						{
							"origin": [-0.3, -3.93008, 6.27136],
							"size": [0.6, 0.2, 0.55],
							"pivot": [0, -3.83008, 6.32136],
							"rotation": [-90, 0, 0],
							"uv": {
								"east": {"uv": [25, 28], "uv_size": [0.5, 0.5]},
								"west": {"uv": [28, 25], "uv_size": [0.5, 0.5]},
								"up": {"uv": [26, 28], "uv_size": [0.5, 0.5]},
								"down": {"uv": [28, 26.5], "uv_size": [0.5, -0.5]}
							}
						},
						{
							"origin": [-0.3, -5.27254, 5.99667],
							"size": [0.6, 0.2, 1.25],
							"pivot": [0, -5.07254, 7.24667],
							"rotation": [-45, 0, 0],
							"uv": {
								"east": {"uv": [5, 25], "uv_size": [1.5, 0.5]},
								"west": {"uv": [25, 5], "uv_size": [1.5, 0.5]},
								"up": {"uv": [7, 25], "uv_size": [0.5, 1.5]},
								"down": {"uv": [9, 26.5], "uv_size": [0.5, -1.5]}
							}
						},
						{
							"origin": [-0.8999, -3.86742, 3.62515],
							"size": [1.7998, 0.81472, 5.20034],
							"pivot": [-0.0001, -3.33504, 6.84354],
							"rotation": [-45, 0, 0],
							"uv": {
								"north": {"uv": [12, 21], "uv_size": [2, 1]},
								"east": {"uv": [11, 6], "uv_size": [5, 1]},
								"south": {"uv": [14, 21], "uv_size": [2, 1]},
								"west": {"uv": [11, 7], "uv_size": [5, 1]},
								"up": {"uv": [4, 6], "uv_size": [2, 5]},
								"down": {"uv": [6, 11], "uv_size": [2, -5]}
							}
						},
						{
							"origin": [-0.68791, -4.07941, 4.50015],
							"size": [1.37582, 0.27671, 4.32534],
							"pivot": [-0.0001, -3.33504, 6.84354],
							"rotation": [-45, 0, 0],
							"uv": {
								"north": {"uv": [10, 25], "uv_size": [1.5, 0.5]},
								"east": {"uv": [20, 5], "uv_size": [4.5, 0.5]},
								"south": {"uv": [25, 10], "uv_size": [1.5, 0.5]},
								"west": {"uv": [20, 10], "uv_size": [4.5, 0.5]},
								"up": {"uv": [9, 0], "uv_size": [1.5, 4.5]},
								"down": {"uv": [9, 9.5], "uv_size": [1.5, -4.5]}
							}
						},
						{
							"origin": [-0.787, -4.42758, 3.93999],
							"size": [0.2998, 0.25222, 4.32534],
							"pivot": [0.1128, -3.8952, 6.28338],
							"rotation": [-35.26439, 30, 35.26439],
							"uv": {
								"north": {"uv": [27, 28], "uv_size": [0.5, 0.5]},
								"east": {"uv": [20, 11], "uv_size": [4.5, 0.5]},
								"south": {"uv": [28, 27], "uv_size": [0.5, 0.5]},
								"west": {"uv": [20, 12], "uv_size": [4.5, 0.5]},
								"up": {"uv": [4, 17], "uv_size": [0.5, 4.5]},
								"down": {"uv": [2, 22.5], "uv_size": [0.5, -4.5]}
							}
						},
						{
							"origin": [-0.8998, -1.86184, 1.95311],
							"size": [1.7996, 0.48312, 2.96372],
							"pivot": [0.0123, -1.66184, 3.90311],
							"rotation": [-12.5, 0, 0],
							"uv": {
								"east": {"uv": [4, 22], "uv_size": [3, 0.5]},
								"west": {"uv": [8, 22], "uv_size": [3, 0.5]},
								"down": {"uv": [10, 13], "uv_size": [2, -3]}
							}
						},
						{
							"origin": [-0.69077, -2.06592, 1.65787],
							"size": [1.38154, 0.48312, 3.21372],
							"pivot": [0.22133, -1.86592, 3.85787],
							"rotation": [-12.5, 0, 0],
							"uv": {
								"north": {"uv": [25, 11], "uv_size": [1.5, 0.5]},
								"east": {"uv": [11, 22], "uv_size": [3, 0.5]},
								"south": {"uv": [12, 25], "uv_size": [1.5, 0.5]},
								"west": {"uv": [22, 13], "uv_size": [3, 0.5]},
								"up": {"uv": [5, 11], "uv_size": [1.5, 3]},
								"down": {"uv": [12, 3], "uv_size": [1.5, -3]}
							}
						},
						{
							"origin": [-0.9, -1.84998, 1.65026],
							"size": [1.8, 0.07968, 0.28383],
							"pivot": [0.22133, -1.86592, 3.85787],
							"rotation": [-12.5, 0, 0],
							"uv": {
								"north": {"uv": [24, 8], "uv_size": [2, 0.5]},
								"east": {"uv": [28, 28], "uv_size": [0.5, 0.5]},
								"south": {"uv": [9, 24], "uv_size": [2, 0.5]},
								"west": {"uv": [0, 29], "uv_size": [0.5, 0.5]},
								"up": {"uv": [24, 9], "uv_size": [2, 0.5]},
								"down": {"uv": [11, 24.5], "uv_size": [2, -0.5]}
							}
						},
						{
							"origin": [-0.96675, -1.43539, 1.75608],
							"size": [0.2996, 0.29562, 3.21372],
							"pivot": [-0.05465, -1.42289, 3.95608],
							"rotation": [-8.90928, -8.80348, -44.31282],
							"uv": {
								"north": {"uv": [29, 0], "uv_size": [0.5, 0.5]},
								"east": {"uv": [14, 22], "uv_size": [3, 0.5]},
								"south": {"uv": [1, 29], "uv_size": [0.5, 0.5]},
								"west": {"uv": [22, 14], "uv_size": [3, 0.5]},
								"down": {"uv": [22, 18], "uv_size": [0.5, -3]}
							}
						},
						{
							"origin": [0.57361, -4.2126, 7.86854],
							"size": [0.3, 0.2779, 2.06352],
							"pivot": [1.97361, -4.63091, 7.71875],
							"rotation": [0, 0, -45],
							"uv": {
								"north": {"uv": [29, 1], "uv_size": [0.5, 0.5]},
								"east": {"uv": [13, 24], "uv_size": [2, 0.5]},
								"south": {"uv": [2, 29], "uv_size": [0.5, 0.5]},
								"west": {"uv": [15, 24], "uv_size": [2, 0.5]},
								"up": {"uv": [21, 23], "uv_size": [0.5, 2]},
								"down": {"uv": [24, 17], "uv_size": [0.5, -2]}
							}
						},
						{
							"origin": [0.4872, -4.42758, 3.93999],
							"size": [0.2998, 0.25222, 4.32534],
							"pivot": [-0.1128, -3.8952, 6.28338],
							"rotation": [-35.26439, -30, -35.26439],
							"uv": {
								"north": {"uv": [29, 2], "uv_size": [0.5, 0.5]},
								"east": {"uv": [15, 20], "uv_size": [4.5, 0.5]},
								"south": {"uv": [3, 29], "uv_size": [0.5, 0.5]},
								"west": {"uv": [20, 20], "uv_size": [4.5, 0.5]},
								"up": {"uv": [3, 18], "uv_size": [0.5, 4.5]},
								"down": {"uv": [7, 23.5], "uv_size": [0.5, -4.5]}
							}
						},
						{
							"origin": [0.66715, -1.43539, 1.75608],
							"size": [0.2996, 0.29562, 3.21372],
							"pivot": [0.05465, -1.42289, 3.95608],
							"rotation": [-8.90928, 8.80348, 44.31282],
							"uv": {
								"north": {"uv": [29, 3], "uv_size": [0.5, 0.5]},
								"east": {"uv": [17, 22], "uv_size": [3, 0.5]},
								"south": {"uv": [4, 29], "uv_size": [0.5, 0.5]},
								"west": {"uv": [22, 18], "uv_size": [3, 0.5]},
								"down": {"uv": [22, 24], "uv_size": [0.5, -3]}
							}
						}
					]
				}
			]
		}
	]
}