{
  "materials": [
    {
      "item": {
        "tag": "forge:ingots/iron"
      },
      "count": 28
    },
    {
      "item": {
        "item": "minecraft:sticky_piston"
      },
      "count": 1
    },
    {
      "item": {
        "tag": "forge:slimeballs"
      },
      "count": 9
    },
    {
      "item": {
        "tag": "forge:dyes/orange"
      },
      "count": 4
    }
  ],
  "result": {
    "type": "gun",
    "id": "helldiver2:ar23c_liberator"
  },
  "type": "tacz:gun_smith_table_crafting"
}