{
  "ammo": "trisdyna:emx_b2",
  "ammo_amount": 150,
  "extended_mag_ammo_amount": [
    90,
    210,
    330
  ],
  "bolt": "open_bolt",
  "rpm": 300,
  "bullet": {
    "life": 0.8,
    "bullet_amount": 1,
    "damage": 20.4,
    "tracer_count_interval": 0,
    "extra_damage": {
      "armor_ignore": 0.3,
      "head_shot_multiplier": 1.35,
      "damage_adjust": [
        {"distance": 30, "damage": 42.4},
        {"distance": 50, "damage": 39.8},
        {"distance": "infinite", "damage": 37.7}
      ]
    },
    "speed": 310,
    "gravity": 0.0,
    "knockback": 0,
    "friction": 0.01,
    "ignite": false,
    "pierce": 2,
    "explosion": {
      "explode": false,
      "damage": 28,
      "radius": 0.75,
      "knockback": true,
      "delay": 1
    }
  },
  "reload": {
    "type": "fuel",
    "feed": {
      "empty": 1.97,
      "tactical": 1.97
    },
    "cooldown": {
      "empty": 2.4,
      "tactical": 2.4
    }
  },
  "draw_time": 0.47,
  "put_away_time": 0.5,
  "aim_time": 0.21,
  "sprint_time": 0.22,
  "weight": 5.1,
  "movement_speed": {
    "base": 0.0,
    "aim": -0.15,
    "reload": -0.1
  },
  "crawl_recoil_multiplier": 0.2,
  "fire_mode": [
    "burst",
    "auto"
  ],
  "fire_mode_adjust": {
    "auto": {
      // 加算，全自动模式的开火数值调整，如无调整可不写
      "damage": -2,
      "rpm": 340,
      "speed": -30,
      "knockback": 0,
      "armor_ignore": -0.2,
      "head_shot_multiplier": -0.25,
      "aim_inaccuracy": 0.2,
      "other_inaccuracy": 0.5
    },
    // 多连发状态的数值调整，如无调整可不写
     "burst": {
      // 加算，多连发模式的开火数值调整，如无调整可不写
       "damage": 0,
       "rpm": 600,
       "speed": 0,
       "knockback": 0,
       "armor_ignore": 0.05,
       "head_shot_multiplier": 0.3,
       "aim_inaccuracy": 0,
       "other_inaccuracy": 0
     }
  },
  "burst_data": {
    "continuous_shoot": true,
    "count": 3,
    "bpm": 900,
    "min_interval": 0.3
  },
  "recoil": {
    "pitch": [
      {"time": 0, "value": [0.325, 0.325]},
      {"time": 0.15, "value": [0.325, 0.325]},
      {"time": 0.5, "value": [-0.125, -0.125]},
      {"time": 0.65, "value": [0, 0]}
    ],
    "yaw": [
      {"time": 0, "value": [-0.3, 0.2]},
      {"time": 0.15, "value": [-0.3, 0.2]},
      {"time": 0.5, "value": [0, 0]}
    ]
  },
  "inaccuracy": {
    "stand": 2.2,
    "move": 3.5,
    "sneak": 3.25,
    "lie": 2.0,
    "aim": 0.05
  },
  // 近战相关
  "melee": {
    // 枪械距离参数，用来延升近战攻击范围
    // 会与刺刀等配件的距离做加和
    "distance": 1,
    // 使用时的冷却时间
    "cooldown": 0.65,
    // 默认近战数据，会被配件的数据替换掉
    "default": {
      // 动画类型：没有枪托的为 melee_push，有枪托的为 melee_stock
      "animation_type": "melee_stock",
      // 刺刀距离参数，枪械里还有个刺刀攻击距离参数，两者做加和
      "distance": 1.25,
      // 刺刀范围角度
      "range_angle": 30,
      // 伤害值
      "damage": 2,
      // 击退效果
      "knockback": 0.6,
      // 前摇时长，单位：秒
      "prep": 0.1
    }
  },
  "allow_attachment_types": [
    "scope",
    "stock",
    "grip",
    "muzzle",
    "extended_mag"
  ],
  "exclusive_attachments": {
  }
}