{
  "ammo": "trisdyna:emx_b1",
  "rpm": 750,
  "bullet": {
    "life": 0.65,
    "bullet_amount": 1,
    "damage": 6.5,
    "tracer_count_interval": 0,
    "extra_damage": {
      "armor_ignore": 0.1,
      "head_shot_multiplier": 1.25,
      "damage_adjust": [
        {"distance": 24, "damage": 26.5},
        {"distance": 50, "damage": 25.5},
        {"distance": "infinite", "damage": 24}
      ]
    },
    "speed": 180,
    "gravity": 0.15,
    "knockback": 0,
    "friction": 0.025,
    "ignite": false,
    "ignite": {
      // 点燃实体
      "entity": false,
      // 点燃方块
      "block": false
    },
    // 点燃时间，默认为 2 秒，仅用于实体
    "ignite_entity_time": 6,
    "pierce": 1
  },
  "ammo_amount": 125,
  "extended_mag_ammo_amount": [
    75,
    200,
    300
  ],
  "bolt": "open_bolt",
  "reload": {
    "type": "fuel",
    "feed": {
      "empty": 1.97,
      "tactical": 1.17
    },
    "cooldown": {
      "empty": 2.45,
      "tactical": 2.45
    }
  },
  "draw_time": 0.42,
  "put_away_time": 0.43,
  "aim_time": 0.12,
  "sprint_time": 0.15,
  "weight": 4,
  "movement_speed": {
    "base": 0.0,
    "aim": -0.15,
    "reload": 0
  },
  "crawl_recoil_multiplier": 0.75,
  "fire_mode": [
    "auto"
  ],
  "allow_attachment_types": [
    "scope",
    "muzzle",
	"stock",
    "extended_mag"
  ],
  "recoil": {
    "pitch": [
      {"time": 0, "value": [0.19, 0.19]},
      {"time": 0.3, "value": [0.19, 0.19]},
      {"time": 0.55, "value": [-0.15, -0.15]},
      {"time": 0.7, "value": [0, 0]}
    ],
    "yaw": [
      {"time": 0, "value": [-0.1, 0.1]},
      {"time": 0.3, "value": [-0.15, 0.15]},
      {"time": 0.55, "value": [0, 0]}
    ]
  },
  "inaccuracy": {
    "stand": 3.5,
    "move": 4.2,
    "sneak": 3.1,
    "lie": 3.1,
    "aim": 0.72
  },
  "builtin_attachments": {
    "scope": "trisdyna:sight_neutron"
  },
  // 近战相关
  "melee": {
    // 枪械距离参数，用来延升近战攻击范围
    // 会与刺刀等配件的距离做加和
    "distance": 1,
    // 使用时的冷却时间
    // 会与刺刀等配件的冷却时间做加和
    "cooldown": 0.6,
    // 默认近战数据，会被配件的数据替换掉
    "default": {
      // 动画类型：没有枪托的为 melee_push，有枪托的为 melee_stock
      "animation_type": "melee_push",
      // 刺刀距离参数，枪械里还有个刺刀攻击距离参数，两者做加和
      "distance": 1,
      // 刺刀范围角度
      "range_angle": 40,
      // 刺刀冷却时间，枪械里还有个刺刀冷却时间参数，两者做加和
      "cooldown": 0.2,
      // 伤害值
      "damage": 1,
      // 击退效果
      "knockback": 0.4,
      // 前摇时长，单位：秒
      "prep": 0.1
    }
  }
}