{
  "ammo": "trisdyna:emx_b2",
  "rpm": 60,
  "bullet": {
    "life": 0.65,
    "bullet_amount": 8,
    "damage": 36.5,
    "tracer_count_interval": 0,
    "extra_damage": {
      "armor_ignore": 0.15,
      "head_shot_multiplier": 1.25,
      "damage_adjust": [
        {"distance": 20, "damage": 76.5},
        {"distance": 40, "damage": 72.5},
        {"distance": "infinite", "damage": 58}
      ]
    },
    "speed": 1000,
    "gravity": 0.0,
    "knockback": 0,
    "friction": 0.025,
    "ignite": false,
    "ignite": {
      // 点燃实体
      "entity": false,
      // 点燃方块
      "block": false
    },
    // 点燃时间，默认为 2 秒，仅用于实体
    "ignite_entity_time": 6,
    "pierce": 1
  },
  "ammo_amount": 40,
  "extended_mag_ammo_amount": [
    20,
    60,
    80
  ],
  "bolt": "open_bolt",
  "reload": {
    "type": "fuel",
    "feed": {
      "empty": 1.97,
      "tactical": 1.17
    },
    "cooldown": {
      "empty": 2.45,
      "tactical": 2.45
    }
  },
  "draw_time": 0.32,
  "put_away_time": 0.43,
  "aim_time": 0.12,
  "sprint_time": 0.15,
  "weight": 4,
  "movement_speed": {
    "base": 0.0,
    "aim": -0.15,
    "reload": 0
  },
  "crawl_recoil_multiplier": 0.75,
  "fire_mode": [
    "semi",
	"auto"
  ],
  // 开火模式调整（如无调整可不写）
  "fire_mode_adjust": {
    // 全自动状态的数值调整，如无调整可不写
    "auto": {
      // 加算，全自动模式的开火数值调整，如无调整可不写
      "damage": 15,
      "rpm": 0,
      "speed": 0,
      "knockback": 0,
      "armor_ignore": 0.26,
      "head_shot_multiplier": 0.0,
      "aim_inaccuracy": 1.5,
      "other_inaccuracy": 1.5
    },
    // 半自动状态的数值调整，如无调整可不写
    "semi": {
      // 加算，半自动模式的开火数值调整，如无调整可不写
      "damage": 0,
      "rpm": 0,
      "speed": 0,
      "knockback": 0,
      "armor_ignore": 0.0,
      "head_shot_multiplier": 0.85,
      "aim_inaccuracy": 0,
      "other_inaccuracy": 0
    }
  },
  "allow_attachment_types": [
    "muzzle",
    "extended_mag"
  ],
  "recoil": {
    "pitch": [
      {"time": 0, "value": [0.19, 0.19]},
      {"time": 0.3, "value": [0.19, 0.19]},
      {"time": 0.55, "value": [-0.15, -0.15]},
      {"time": 0.7, "value": [0, 0]}
    ],
    "yaw": [
      {"time": 0, "value": [-0.1, 0.1]},
      {"time": 0.3, "value": [-0.15, 0.15]},
      {"time": 0.55, "value": [0, 0]}
    ]
  },
  "inaccuracy": {
    "stand": 0.0,
    "move": 0.0,
    "sneak": 0.0,
    "lie": 0.0,
    "aim": 0.0
  },
  "builtin_attachments": {
    "scope": "trisdyna:sight_neutron"
  },
  // 近战相关
  "melee": {
    // 枪械距离参数，用来延升近战攻击范围
    // 会与刺刀等配件的距离做加和
    "distance": 1,
    // 使用时的冷却时间
    // 会与刺刀等配件的冷却时间做加和
    "cooldown": 0.6,
    // 默认近战数据，会被配件的数据替换掉
    "default": {
      // 动画类型：没有枪托的为 melee_push，有枪托的为 melee_stock
      "animation_type": "melee_push",
      // 刺刀距离参数，枪械里还有个刺刀攻击距离参数，两者做加和
      "distance": 1,
      // 刺刀范围角度
      "range_angle": 40,
      // 刺刀冷却时间，枪械里还有个刺刀冷却时间参数，两者做加和
      "cooldown": 0.2,
      // 伤害值
      "damage": 1,
      // 击退效果
      "knockback": 0.4,
      // 前摇时长，单位：秒
      "prep": 0.1
    }
  }
}