{
  "ammo": "trisdyna:emx_b2",
  "ammo_amount": 180,
  "extended_mag_ammo_amount": [
    110,
    260,
    400
  ],
  "bolt": "open_bolt",
  "rpm": 800,
  "bullet": {
    "life": 0.75,
    "bullet_amount": 1,
    "damage": 7.1,
    "tracer_count_interval": 0,
    "extra_damage": {
      "armor_ignore": 0.2,
      "head_shot_multiplier": 1.3,
      "damage_adjust": [
        {"distance": 30, "damage": 41.1},
        {"distance": 40, "damage": 38},
        {"distance": "infinite", "damage": 36}
      ]
    },
    "speed": 275,
    "gravity": 0.15,
    "knockback": 0,
    "friction": 0.015,
    "ignite": false,
    "pierce": 1
  },
  "reload": {
    "type": "fuel",
    "feed": {
      "empty": 1.33,
      "tactical": 1.33
    },
    "cooldown": {
      "empty": 1.85,
      "tactical": 1.85
    }
  },
  "heat":  {
    // 过热上限
    "max": 1000,
    // 每发子弹过热值
    "per_shot": 10,
    // 冷却倍率，过热值的减少速度会随着时间增加
    // t时间(秒)内可以冷却的过热值可以参考: max = cooling_multiplier * t^2
    "cooling_multiplier": 160,
    // 冷却延迟，ms
    "cooling_delay": 100,
    // 完全过热后，开始过热的延迟时间，ms
    "over_heat_time": 500,
    // 以下将在使用过热进度(0-1)在最小值和最大值之间线性插值，然后与原始数值相乘
    // 最小不准确度影响
    "min_inaccuracy": 1,
    // 最大不准确度影响
    "max_inaccuracy": 1.2,
    // 最小射速影响
    "min_rpm_mod": 1,
    // 最大射速影响
    "max_rpm_mod": 0.8
  },
  "draw_time": 0.43,
  "put_away_time": 0.53,
  "aim_time": 0.17,
  "sprint_time": 0.2,
  "weight": 3.4,
  "movement_speed": {
    "base": 0.0,
    "aim": -0.2,
    "reload": 0
  },
  "crawl_recoil_multiplier": 0.5,
  "fire_mode": [
    "auto"
  ],
  "burst_data": {
    "continuous_shoot": false,
    "count": 3,
    "bpm": 900,
    "min_interval": 0.3
  },
  "recoil": {
    "pitch": [
      {"time": 0, "value": [0.375, 0.375]},
      {"time": 0.35, "value": [0.375, 0.375]},
      {"time": 0.55, "value": [-0.125, -0.125]},
      {"time": 0.7, "value": [0, 0]}
    ],
    "yaw": [
      {"time": 0, "value": [-0.2, 0.25]},
      {"time": 0.3, "value": [-0.2, 0.25]},
      {"time": 0.5, "value": [0, 0]}
    ]
  },
  "inaccuracy": {
    "stand": 3.75,
    "move": 4.5,
    "sneak": 3.25,
    "lie": 4,
    "aim": 0.21
  },
  // 近战相关
  "melee": {
    // 枪械距离参数，用来延升近战攻击范围
    // 会与刺刀等配件的距离做加和
    "distance": 1,
    // 使用时的冷却时间
    "cooldown": 0.6,
    // 默认近战数据，会被配件的数据替换掉
    "default": {
      // 动画类型：没有枪托的为 melee_push，有枪托的为 melee_stock
      "animation_type": "melee_stock",
      // 刺刀距离参数，枪械里还有个刺刀攻击距离参数，两者做加和
      "distance": 1,
      // 刺刀范围角度
      "range_angle": 30,
      // 伤害值
      "damage": 2,
      // 击退效果
      "knockback": 0.5,
      // 前摇时长，单位：秒
      "prep": 0.1
    }
  },
  "allow_attachment_types": [
    "scope",
    "stock",
    "grip",
	"laser",
    "muzzle",
    "extended_mag"
  ],
  "exclusive_attachments": {
  }
}