{
  "materials": [
    {
      "item": {
        "type": "forge:partial_nbt",
        "item": "tacz:ammo",
        "nbt": {
          "AmmoId": "emxcust:emx_cus_tool"
        }
      },
      "count": 6
    },
    {
      "item": {
        "type": "forge:partial_nbt",
        "item": "tacz:modern_kinetic_gun",
        "nbt": {
          "GunId": "emxarms:emx_kund50"
        }
      },
      "count": 1
    },
    {
      "item": {
        "item": "minecraft:glowstone_dust"
      },
      "count": 10
    },
    {
      "item": {
        "item": "minecraft:pink_dye"
      },
      "count": 10
    },
    {
      "item": {
        "item": "relics:magic_mirror"
      },
      "count": 1
    },
    {
      "item": {
        "item": "blue_archivescraft:exskill_valkyrie_2"
      },
      "count": 6
    },
    {
      "item": {
        "item": "blue_archivescraft:crystalhaniwa_2"
      },
      "count": 5
    }
  ],
  "result": {
    "type": "gun",
    "id": "emxarms:emx_kund50_alxy"
  },
  "type": "tacz:gun_smith_table_crafting"
}