{
  "materials": [
    {
      "item": {
        "type": "forge:partial_nbt",
        "item": "tacz:ammo",
        "nbt": {
          "AmmoId": "emxcust:emx_cus_tool"
        }
      },
      "count": 7
    },
    {
      "item": {
        "type": "forge:partial_nbt",
        "item": "tacz:modern_kinetic_gun",
        "nbt": {
          "GunId": "emxarms:emx_kund50ex"
        }
      },
      "count": 1
    },
    {
      "item": {
        "type": "forge:partial_nbt",
        "item": "tacz:attachment",
        "nbt": {
          "AttachmentId": "emxarms:grip_emx_double"
        }
      },
      "count": 1
    },
    {
      "item": {
        "type": "forge:partial_nbt",
        "item": "tacz:attachment",
        "nbt": {
          "AttachmentId": "emxarms:bayonet_emx_glowsword"
        }
      },
      "count": 1
    },
    {
      "item": {
        "type": "forge:partial_nbt",
        "item": "tacz:attachment",
        "nbt": {
          "AttachmentId": "emxarms:sight_emx_demo2"
        }
      },
      "count": 1
    },
    {
      "item": {
        "item": "blue_archivescraft:wolfsegg_3"
      },
      "count": 5
    },
    {
      "item": {
        "item": "blue_archivescraft:exskill_valkyrie_3"
      },
      "count": 6
    },
    {
      "item": {
        "item": "minecraft:pink_dye"
      },
      "count": 30
    }
  ],
  "result": {
    "type": "gun",
    "id": "emxarms:emx_kund50ex_al",
    "attachments": {
      "scope": "emxarms:sight_emx_laterano_yh",
      "muzzle": "emxarms:bayonet_emx_skyhunter_yh",
      "grip": "emxarms:grip_emx_double_yh"
    }
  },
  "type": "tacz:gun_smith_table_crafting"
}