{
  "materials": [
    {
      "item": {
        "type": "forge:partial_nbt",
        "item": "tacz:ammo",
        "nbt": {
          "AmmoId": "emxcust:emx_cus_tool"
        }
      },
      "count": 10
    },
    {
      "item": {
        "type": "forge:partial_nbt",
        "item": "tacz:modern_kinetic_gun",
        "nbt": {
          "GunId": "emxarms:emx_mg57"
        }
      },
      "count": 1
    },
    {
      "item": {
        "type": "forge:partial_nbt",
        "item": "tacz:attachment",
        "nbt": {
          "AttachmentId": "emxarms:grip_emx_double"
        }
      },
      "count": 1
    },
    {
      "item": {
        "type": "forge:partial_nbt",
        "item": "tacz:attachment",
        "nbt": {
          "AttachmentId": "emxarms:grip_emx_synchronized0"
        }
      },
      "count": 1
    },
    {
      "item": {
        "type": "forge:partial_nbt",
        "item": "tacz:attachment",
        "nbt": {
          "AttachmentId": "emxarms:sight_emx_return"
        }
      },
      "count": 1
    },
    {
      "item": {
        "item": "cataclysm:laser_gatling"
      },
      "count": 1
    },
    {
      "item": {
        "item": "blue_archivescraft:exskill_gehenna_3"
      },
      "count": 6
    },
    {
      "item": {
        "item": "blue_archivescraft:phaistos_3"
      },
      "count": 5
    }
  ],
  "result": {
    "type": "gun",
    "id": "emxarms:emx_mg57_yh",
    "attachments": {
      "scope": "emxarms:sight_emx_return_yh",
      "extended_mag": "emxarms:emx_heavyweight_mag_3",
      "grip": "emxarms:grip_emx_synchronized0_yh"
    }
  },
  "type": "tacz:gun_smith_table_crafting"
}