{
  "materials": [
    {
      "item": {
        "type": "forge:partial_nbt",
        "item": "tacz:ammo",
        "nbt": {
          "AmmoId": "emxcust:emx_cus_tool"
        }
      },
      "count": 4
    },
    {
      "item": {
        "type": "forge:partial_nbt",
        "item": "tacz:modern_kinetic_gun",
        "nbt": {
          "GunId": "emxarms:emx_umx32"
        }
      },
      "count": 1
    },
    {
      "item": {
        "item": "minecraft:red_dye"
      },
      "count": 10
    },
    {
      "item": {
        "item": "twilightforest:hydra_trophy"
      },
      "count": 1
    },
    {
      "item": {
        "item": "blue_archivescraft:exskill_abydos_2"
      },
      "count": 6
    },
    {
      "item": {
        "item": "blue_archivescraft:atlantismedal_2"
      },
      "count": 5
    }
  ],
  "result": {
    "type": "gun",
    "id": "emxarms:emx_umx32_koei"
  },
  "type": "tacz:gun_smith_table_crafting"
}