{
  "materials": [
    {
      "item": {
        "type": "forge:partial_nbt",
        "item": "tacz:ammo",
        "nbt": {
          "AmmoId": "emxcust:emx_cus_tool"
        }
      },
      "count": 10
    },
    {
      "item": {
        "type": "forge:partial_nbt",
        "item": "tacz:modern_kinetic_gun",
        "nbt": {
          "GunId": "emxarms:emx_pmg90"
        }
      },
      "count": 1
    },
    {
      "item": {
        "type": "forge:partial_nbt",
        "item": "tacz:attachment",
        "nbt": {
          "AttachmentId": "emxarms:sight_emx_return"
        }
      },
      "count": 1
    },
    {
      "item": {
        "item": "born_in_chaos_v1:lord_pumpkinheads_lamp"
      },
      "count": 1
    },
    {
      "item": {
        "item": "terramity:music_sheet_of_the_gnome_king"
      },
      "count": 1
    },
    {
      "item": {
        "item": "blue_archivescraft:exskill_shanhaijing_3"
      },
      "count": 6
    },
    {
      "item": {
        "item": "blue_archivescraft:baghdad_3"
      },
      "count": 5
    }
  ],
  "result": {
    "type": "gun",
    "id": "emxarms:emx_pmg90eos",
    "attachments": {
      "scope": "emxarms:sight_emx_return_eos",
      "extended_mag": "emxarms:emx_lightweight_mag_2"
    }
  },
  "type": "tacz:gun_smith_table_crafting"
}