{
  "materials": [
    {
      "item": {
        "type": "forge:partial_nbt",
        "item": "tacz:ammo",
        "nbt": {
          "AmmoId": "emxcust:emx_cus_tool"
        }
      },
      "count": 10
    },
    {
      "item": {
        "type": "forge:partial_nbt",
        "item": "tacz:modern_kinetic_gun",
        "nbt": {
          "GunId": "emxarms:emx_draftsman"
        }
      },
      "count": 1
    },
    {
      "item": {
        "item": "threateningly_mobs:demon_eyes"
      },
      "count": 1
    },
    {
      "item": {
        "item": "threateningly_mobs:flame_shell"
      },
      "count": 1
    },
    {
      "item": {
        "item": "blue_archivescraft:exskill_trinity_3"
      },
      "count": 6
    },
    {
      "item": {
        "item": "blue_archivescraft:compass_3"
      },
      "count": 5
    }
  ],
  "result": {
    "type": "gun",
    "id": "emxarms:emx_draftsman_ev1"
  },
  "type": "tacz:gun_smith_table_crafting"
}