{
  "materials": [
    {
      "item": {
        "type": "forge:partial_nbt",
        "item": "tacz:ammo",
        "nbt": {
          "AmmoId": "emxcust:emx_cus_tool"
        }
      },
      "count": 5
    },
    {
      "item": {
        "type": "forge:partial_nbt",
        "item": "tacz:modern_kinetic_gun",
        "nbt": {
          "GunId": "emxarms:emx_rivet"
        }
      },
      "count": 1
    },
    {
      "item": {
        "type": "forge:partial_nbt",
        "item": "tacz:attachment",
        "nbt": {
          "AttachmentId": "emxarms:bayonet_emx_skyhunter"
        }
      },
      "count": 1
    },
    {
      "item": {
        "type": "forge:partial_nbt",
        "item": "tacz:attachment",
        "nbt": {
          "AttachmentId": "emxarms:sight_emx_return"
        }
      },
      "count": 1
    },
    {
      "item": {
        "item": "enigmaticlegacy:abyssal_heart"
      },
      "count": 1
    },
    {
      "item": {
        "item": "minecraft:gold_ingot"
      },
      "count": 40
    },
    {
      "item": {
        "item": "blue_archivescraft:exskill_abydos_3"
      },
      "count": 6
    },
    {
      "item": {
        "item": "blue_archivescraft:antikythera_3"
      },
      "count": 5
    }
  ],
  "result": {
    "type": "gun",
    "id": "emxarms:emx_rivet_gw",
    "attachments": {
      "scope": "emxarms:sight_emx_anonymous_gw",
      "muzzle": "emxarms:bayonet_emx_skyhunter_gw"
    }
  },
  "type": "tacz:gun_smith_table_crafting"
}