{
  "materials": [
    {
      "item": {
        "type": "forge:partial_nbt",
        "item": "tacz:ammo",
        "nbt": {
          "AmmoId": "emxcust:emx_cus_tool"
        }
      },
      "count": 8
    },
    {
      "item": {
        "type": "forge:partial_nbt",
        "item": "tacz:modern_kinetic_gun",
        "nbt": {
          "GunId": "emxarms:emx_umx57"
        }
      },
      "count": 1
    },
    {
      "item": {
        "item": "minecraft:pink_dye"
      },
      "count": 10
    },
    {
      "item": {
        "item": "artifacts:chorus_totem"
      },
      "count": 1
    },
    {
      "item": {
        "item": "blue_archivescraft:discocolgante_2"
      },
      "count": 5
    },
    {
      "item": {
        "item": "blue_archivescraft:exskill_hyakkiyako_2"
      },
      "count": 6
    }
  ],
  "result": {
    "type": "gun",
    "id": "emxarms:emx_umx57_soth"
  },
  "type": "tacz:gun_smith_table_crafting"
}