{
  "materials": [
    {
      "item": {
        "type": "forge:partial_nbt",
        "item": "tacz:ammo",
        "nbt": {
          "AmmoId": "emxcust:emx_cus_tool"
        }
      },
      "count": 8
    },
    {
      "item": {
        "type": "forge:partial_nbt",
        "item": "tacz:modern_kinetic_gun",
        "nbt": {
          "GunId": "emxarms:emx_umx32"
        }
      },
      "count": 1
    },
    {
      "item": {
        "item": "minecraft:purple_dye"
      },
      "count": 10
    },
    {
      "item": {
        "item": "minecraft:pink_dye"
      },
      "count": 10
    },
    {
      "item": {
        "item": "cataclysm:music_disc_ignis"
      },
      "count": 1
    },
    {
      "item": {
        "item": "cataclysm:music_disc_maledictus"
      },
      "count": 1
    },
    {
      "item": {
        "item": "blue_archivescraft:exskill_valkyrie_2"
      },
      "count": 6
    },
    {
      "item": {
        "item": "blue_archivescraft:kikuko_2"
      },
      "count": 5
    }
  ],
  "result": {
    "type": "gun",
    "id": "emxarms:emx_umx32_subaru"
  },
  "type": "tacz:gun_smith_table_crafting"
}