{
  "materials": [
    {
      "item": {
        "type": "forge:partial_nbt",
        "item": "tacz:ammo",
        "nbt": {
          "AmmoId": "emxcust:emx_cus_tool"
        }
      },
      "count": 8
    },
    {
      "item": {
        "type": "forge:partial_nbt",
        "item": "tacz:modern_kinetic_gun",
        "nbt": {
          "GunId": "emxarms:emx_umx32"
        }
      },
      "count": 1
    },
    {
      "item": {
        "item": "minecraft:red_dye"
      },
      "count": 10
    },
    {
      "item": {
        "item": "minecraft:blue_dye"
      },
      "count": 10
    },
    {
      "item": {
        "item": "terramity:lightning_sceptre"
      },
      "count": 1
    },
    {
      "item": {
        "item": "blue_archivescraft:exskill_redwinter_2"
      },
      "count": 6
    },
    {
      "item": {
        "item": "blue_archivescraft:discocolgante_2"
      },
      "count": 5
    }
  ],
  "result": {
    "type": "gun",
    "id": "emxarms:emx_umx32_zect"
  },
  "type": "tacz:gun_smith_table_crafting"
}