{
  "model": "zeta:gun/gl21_geo",
  "texture": "zeta:gun/uv/gl21",
  "hud": "zeta:gun/hud/gl21",
  "slot": "zeta:gun/slot/gl21",
  "animation": "zeta:gl21",
  "use_default_animation": "rifle",
  "state_machine": "zeta:gl21_state_machine",
  "transform": {
    "scale": {
      "thirdperson": [0.6, 0.6, 0.6],
      "ground": [0.6, 0.6, 0.6],
      "fixed": [1.2, 1.2, 1.2]
    }
  },
"shell": {
    "initial_velocity": [3, -0.5, 0.25],
    "random_velocity": [3, 0.5, 0.25],
    "acceleration": [0.0, -10, 0.0],
    "angular_velocity": [360, -3000, 90],
    "living_time": 1.0
  },

  "ammo": {
    // 曳光弹颜色，没有则为 #FFFFFF，没有此字段时，会调用 ammo 的相关字段
    // 严格遵循 RGB 颜色代码
    // 粒子效果，部分参数和原版指令完全一致，具体可参考 wiki：https://minecraft.fandom.com/zh/wiki/%E5%91%BD%E4%BB%A4/particle
    // 没有此字段时，会调用 ammo 的相关字段
        "particle": {
    //      // 名称，具体可选粒子可参考 wiki：https://minecraft.fandom.com/zh/wiki/%E7%B2%92%E5%AD%90
          "name": "explode",
    //      // 生成的区域，默认为 0 0 0
          "delta": [
            0,
            0,
            0
          ],
    //      // 速度，默认为0，必须至少为 0
          "speed": 0,
    //      // 粒子存在时间，单位 tick，默认为 20 tick
          "life_time": 75,
    //      // 粒子数量，当子弹速度过快时，可以增大此数量，能够填满子弹路径的空隙
          "count": 5
        }
  },
  "sounds": {
    "shoot": "zeta:gl21/shoot",
    "shoot_3p": "zeta:gp31/gp31_shoot",
     "draw": "tacz:m249/m249_draw",
    "put_away": "tacz:m249/m249_put_away",
    "melee_push": "tacz:melee_stock/melee_stock_02",
    "melee_stock": "tacz:melee_stock/melee_stock_03"
  },
  "offhand_show": {
    "pos": [0, 19, 4],
    "rotate": [0, 0, 60],
    "scale": [0.5, 0.5, 0.5]
  },
  "hotbar_show": {
    "0": {
      "pos": [0, 19, 3],
      "rotate": [-180, 0, 120],
      "scale": [0.5, 0.5, 0.5]
    }
  }
}