{
  "model": "zeta:gun/gp31_geo",
  "texture": "zeta:gun/uv/gp31",
  "hud": "zeta:gun/hud/gp31",
  "slot": "zeta:gun/slot/gp31",
  "animation": "zeta:gp31",
  "use_default_animation": "pistol",
  
  "transform": {
    "scale": {
      "thirdperson": [0.7, 0.7, 0.7],
      "ground": [0.6, 0.6, 0.6],
      "fixed": [1.5, 1.5, 1.5]
    }
  },


  "ammo": {
    // 曳光弹颜色，没有则为 #FFFFFF，没有此字段时，会调用 ammo 的相关字段
    // 严格遵循 RGB 颜色代码
    // 粒子效果，部分参数和原版指令完全一致，具体可参考 wiki：https://minecraft.fandom.com/zh/wiki/%E5%91%BD%E4%BB%A4/particle
    // 没有此字段时，会调用 ammo 的相关字段
        "particle": {
    //      // 名称，具体可选粒子可参考 wiki：https://minecraft.fandom.com/zh/wiki/%E7%B2%92%E5%AD%90
          "name": "explode",
    //      // 生成的区域，默认为 0 0 0
          "delta": [
            0,
            0,
            0
          ],
    //      // 速度，默认为0，必须至少为 0
          "speed": 0,
    //      // 粒子存在时间，单位 tick，默认为 20 tick
          "life_time": 50,
    //      // 粒子数量，当子弹速度过快时，可以增大此数量，能够填满子弹路径的空隙
          "count": 10
        }
  },
  "sounds": {
    "reload_empty": "zeta:gp31/gp31_reload_empty",
    "inspect": "zeta:gp31/gp31_inspect",
    "inspect_empty": "zeta:gp31/gp31_inspect",
    "draw": "tacz:m4a1/m4a1_draw",
    "put_away": "tacz:m4a1/m4a1_put_away",
    "shoot": "zeta:gp31/gp31_shoot",
    "shoot_3p": "zeta:gp31/gp31_shoot",
    "melee_push": "tacz:melee_stock/melee_stock_02",
    "melee_stock": "tacz:melee_stock/melee_stock_03"
  },
  "offhand_show": {
    "pos": [0, 20, 5],
    "rotate": [-20, 0, 30],
    "scale": [0.5, 0.5, 0.5]
  },
  "hotbar_show": {
    "0": {
      "pos": [-4, 24, 4],
      "rotate": [-90, -5, -90],
      "scale": [0.5, 0.5, 0.5]
    }
  }
}