{
  "model": "zeta:gun/rl77_geo",
  "texture": "zeta:gun/uv/rl77",
  "hud": "zeta:gun/hud/rl77",
  "slot": "zeta:gun/slot/rl77",
  "animation": "zeta:rl77",
  "use_default_animation": "rifle",
  "third_person_animation": "default",
  "transform": {
    "scale": {
      "thirdperson": [1, 1, 1],
      "ground": [1, 1, 1],
      "fixed": [1.5, 1.5, 1.5]
    }
  },
  "sounds": {
    "reload_empty": "tacz:rpg7/rpg7_reload",
    "inspect": "tacz:rpg7/rpg7_inspect",
    "inspect_empty": "tacz:rpg7/rpg7_inspect_empty",
    "draw": "tacz:rpg7/rpg7_draw",
    "put_away": "tacz:rpg7/rpg7_put_away",
    "shoot": "zeta:rl77/rl77_shoot",
    "shoot_3p": "zeta:rl77/rl77_shoot_3p",
    "melee_push": "tacz:melee_stock/melee_stock_02",
    "melee_stock": "tacz:melee_stock/melee_stock_03"
  },
  "offhand_show": {
    "pos": [0, 20, 5],
    "rotate": [-20, 0, 30],
    "scale": [0.5, 0.5, 0.5]
  },
  "hotbar_show": {
    "0": {
      "pos": [-4, 24, 4],
      "rotate": [-90, -5, -90],
      "scale": [0.5, 0.5, 0.5]
    }
  }
}