{
  "materials": [
    {
      "item": {
        "type": "forge:partial_nbt",
        "item": "tacz:ammo",
        "nbt": {
          "AmmoId": "trisdyna:emx_b3"
        }
      },
      "count": 4
    },
    {
      "item": {
        "item": "minecraft:redstone_block"
      },
      "count": 40
    },
    {
      "item": {
        "item": "minecraft:iron_ingot"
      },
      "count": 200
    },
    {
      "item": {
        "item": "minecraft:gold_ingot"
      },
      "count": 60
    },
    {
      "item": {
        "item": "minecraft:glass"
      },
      "count": 60
    },
    {
      "item": {
        "item": "twilightforest:fiery_ingot"
      },
      "count": 10
    },
    {
      "item": {
        "item": "blue_archivescraft:exskill_arius_1"
      },
      "count": 6  
    },
    {
      "item": {
        "item": "blue_archivescraft:winnistone_1"
      },
      "count": 5
    }
  ],
  "result": {
    "type": "gun",
    "id": "trisdyna:emx_cf007",
    "ammo_count": 800
  },
  "type": "tacz:gun_smith_table_crafting"
}