{
  "materials": [
    {
      "item": {
        "type": "forge:partial_nbt",
        "item": "tacz:ammo",
        "nbt": {
          "AmmoId": "trisdyna:emx_b2"
        }
      },
      "count": 4
    },
    {
      "item": {
        "item": "minecraft:redstone_block"
      },
      "count": 10
    },
    {
      "item": {
        "item": "minecraft:iron_ingot"
      },
      "count": 64
    },
    {
      "item": {
        "item": "minecraft:gold_ingot"
      },
      "count": 16
    },
    {
      "item": {
        "item": "minecraft:glass"
      },
      "count": 24
    },
    {
      "item": {
        "item": "threateningly_mobs:furious_incisors"
      },
      "count": 1
    },
    {
      "item": {
        "item": "blue_archivescraft:phaistos_1"
      },
      "count": 5
    },
    {
      "item": {
        "item": "blue_archivescraft:exskill_valkyrie_1"
      },
      "count": 6  
    }
  ],
  "result": {
    "type": "gun",
    "id": "trisdyna:omerta",
    "ammo_count": 150
  },
  "type": "tacz:gun_smith_table_crafting"
}