{
  "materials": [
    {
      "item": {
        "tag": "forge:ingots/iron"
      },
      "count": 80
    },
    {
      "item": {
        "tag": "forge:ingots/copper"
      },
      "count": 100
    },
    {
      "item": {
        "tag": "forge:rods/blaze"
      },
      "count": 5
    },
    {
      "item": {
        "tag": "forge:gunpowder"
      },
      "count": 50
    },
    {
      "item": {
        "tag": "forge:ingots/netherite"
      },
      "count": 5
    }
  ],
  "result": {
    "type": "ammo",
    "id": "zeta:heavy_ammo",
    "count": 5
  },
  "type": "tacz:gun_smith_table_crafting"
}