{
  "materials": [
    {
      "item": {
        "tag": "forge:ingots/iron"
      },
      "count": 64
    },
    {
      "item": {
        "tag": "forge:gunpowder"
      },
      "count": 64
    },
    {
      "item": {
        "tag": "forge:nether_stars"
      },
      "count": 2
    },
    {
      "item": {
        "item": "minecraft:end_crystal"
      },
      "count": 2
    }
  ],
  "result": {
    "type": "ammo",
    "id": "zeta:ultimatum_ammo",
    "count": 2
  },
  "type": "tacz:gun_smith_table_crafting"
}