{
  "materials": [
    {
      "item": {
        "item": "minecraft:iron_ingot"
      },
      "count": 64
    },
    {
      "item": {
        "item": "minecraft:gold_ingot"
      },
      "count": 8
    },
    {
      "item": {
        "item": "minecraft:amethyst_block"
      },
      "count": 32
    },
    {
      "item": {
        "item": "minecraft:glass"
      },
      "count": 32
    }
  ],
  "result": {
    "type": "ammo",
    "id": "trisdyna:emx_b1",
    "count": 32
  },
  "type": "tacz:gun_smith_table_crafting"
}