{
  "materials": [
    {
      "item": {
        "item": "minecraft:nether_star"
      },
      "count": 1
    },
    {
      "item": {
        "type": "forge:partial_nbt",
        "item": "tacz:ammo",
        "nbt": {
          "AmmoId": "trisdyna:emx_b3"
        }
      },
      "count": 4
    },
    {
      "item": {
        "item": "minecraft:copper_ingot"
      },
      "count": 40
    },
    {
      "item": {
        "item": "minecraft:iron_ingot"
      },
      "count": 30
    },
    {
      "item": {
        "item": "minecraft:gold_ingot"
      },
      "count": 20
    },
    {
      "item": {
        "item": "minecraft:redstone"
      },
      "count": 60
    }
  ],
  "result": {
    "type": "ammo",
    "id": "trisdyna:tris_core",
    "count": 10
  },
  "type": "tacz:gun_smith_table_crafting"
}