{
	"format_version": "1.8.0",
	"animations": {
		"static_idle": {
			"loop": true,
			"animation_length": 0.1,
			"bones": {
				"root": {
					"rotation": [0, 0, 0],
					"position": [0, 0, 0]
				},
				"lefthand": {
					"rotation": [111.33, -370.95, -185.06],
					"position": [6.965, -17.135, 2.895],
					"scale": [1, 1.5, 1]
				},
				"righthand": {
					"rotation": [94.93393, 4.57237, -174.60633],
					"position": [-7.09303, -16.02913, 4.50219],
					"scale": [1, 1.5, 1]
				},
				"constraint": {
					"rotation": [0.2, 0.2, 0.2],
					"position": [0.2, 0.1, 0.3]
				}
			}
		},
		"static_bolt_caught": {
			"animation_length": 0.1,
			"bones": {
				"bullet": {
					"scale": 0
				},
				"bullet_in_mag": {
					"scale": 0
				},
				"release": {
					"rotation": [8.5, 0, 0]
				},
				"slide": {
					"position": [0, 0, 2.1]
				},
				"group2": {
					"rotation": [-1.25, 0, 0],
					"position": [0, 0.025, 0.225]
				}
			}
		},
		"draw": {
			"animation_length": 0.55,
			"bones": {
				"root": {
					"rotation": {
						"0.0": {
							"post": [47.5, 0, 0],
							"lerp_mode": "catmullrom"
						},
						"0.15": {
							"post": [-6.71308, -5.18904, 7.61928],
							"lerp_mode": "catmullrom"
						},
						"0.25": {
							"post": [-0.06544, -1.49857, 2.50086],
							"lerp_mode": "catmullrom"
						},
						"0.35": {
							"post": [1.075, 0, 0],
							"lerp_mode": "catmullrom"
						},
						"0.4": {
							"post": [-0.55, -0.66, 0],
							"lerp_mode": "catmullrom"
						},
						"0.5": {
							"post": [0, 0, 0],
							"lerp_mode": "catmullrom"
						}
					},
					"position": {
						"0.0": {
							"post": [-4.5, -6.45, 4.05],
							"lerp_mode": "catmullrom"
						},
						"0.1": {
							"post": [-4.58, -2.435, 1.8],
							"lerp_mode": "catmullrom"
						},
						"0.25": {
							"post": [-0.45, -0.4125, -0.3],
							"lerp_mode": "catmullrom"
						},
						"0.4": {
							"post": [0.0375, -0.1625, 0],
							"lerp_mode": "catmullrom"
						},
						"0.5": {
							"post": [0, 0, 0],
							"lerp_mode": "catmullrom"
						}
					}
				},
				"lefthand": {
					"rotation": {
						"0.0": [111.33068, -370.9504, -185.06009],
						"0.1": [113.76413, -387.5981, -192.34676],
						"0.25": [111.33, -370.95, -185.06],
						"0.3": [111.33, -370.95, -185.06]
					},
					"position": {
						"0.0": [10.915, -20.385, 1.895],
						"0.1": [12.615, -20.085, 1.895],
						"0.25": [8.115, -17.235, 1.395],
						"0.3": [6.99, -17.1885, 2.89442]
					},
					"scale": {
						"0.0": [1, 1.5, 1],
						"0.3": [1, 1.5, 1]
					}
				},
				"righthand": {
					"rotation": [94.93393, 4.57237, -174.60633],
					"position": [-7.09303, -16.02913, 4.50219],
					"scale": [1, 1.5, 1]
				},
				"camera": {
					"rotation": {
						"0.0": {
							"post": [0, 0, 0],
							"lerp_mode": "catmullrom"
						},
						"0.1": {
							"post": [0.175, 0.2, 0.35],
							"lerp_mode": "catmullrom"
						},
						"0.2": {
							"post": [0.8, 0.3, 0.7],
							"lerp_mode": "catmullrom"
						},
						"0.3": {
							"post": [0.245, 0.305, 0.44],
							"lerp_mode": "catmullrom"
						},
						"0.4": {
							"post": [0.1, 0.2, 0],
							"lerp_mode": "catmullrom"
						},
						"0.55": {
							"post": [0, 0, 0],
							"lerp_mode": "catmullrom"
						}
					}
				}
			},
			"sound_effects": {
				"0.05": {
					"effect": "tacz:cz75/cz75_raise"
				}
			}
		},
		"put_away": {
			"animation_length": 0.3,
			"bones": {
				"root": {
					"rotation": {
						"0.0": [0, 0, 0],
						"0.0333": [0.13, -0.48, 2.81],
						"0.0667": [0.5, -1.35, 6.63],
						"0.1": [2.19, -3.57, 9.1],
						"0.1333": [6.11, -8.14, 8.67],
						"0.1667": [11.36, -14.05, 6.9],
						"0.2": [16.24, -19.23, 6.01],
						"0.2333": [20.48, -23.1, 7.22],
						"0.2667": [24.37, -26.23, 9.31],
						"0.3": [27.05, -28.35, 10.87]
					},
					"position": {
						"0.0": [0, 0, 0],
						"0.0333": [-0.08, 0.02, 0.06],
						"0.0667": [-0.22, 0.02, 0.15],
						"0.1": [-0.5, -0.28, 0.19],
						"0.1333": [-0.97, -1.02, 0.04],
						"0.1667": [-1.59, -2.04, -0.15],
						"0.2": [-2.32, -3.11, 0],
						"0.2333": [-3.27, -4.28, 0.85],
						"0.2667": [-4.33, -5.49, 2.05],
						"0.3": [-5.08, -6.34, 2.92]
					},
					"scale": 1
				},
				"lefthand": {
					"rotation": {
						"0.0": [111.33, -370.95, -185.06],
						"0.1": [139.7807, -372.81454, -249.86352]
					},
					"position": {
						"0.0": [6.965, -17.135, 2.895],
						"0.0667": [9.35, -16.8975, 6.65625],
						"0.1333": [12.0275, -18.235, 6.65625]
					},
					"scale": [1, 1.5, 1]
				},
				"righthand": {
					"rotation": [94.93393, 4.57237, -174.60633],
					"position": [-7.09303, -16.02913, 4.50219],
					"scale": [1, 1.5, 1]
				},
				"camera": {
					"rotation": {
						"0.0": [0, 0, 0],
						"0.0333": [0, 0, -0.1],
						"0.0667": [0, 0, -0.25],
						"0.1": [0, 0, -0.4],
						"0.1333": [0, 0, -0.53],
						"0.1667": [0, 0, -0.58],
						"0.2": [0, 0, -0.5],
						"0.2333": [0, 0, -0.33],
						"0.2667": [0, 0, -0.13],
						"0.3": [0, 0, 0]
					}
				}
			},
			"sound_effects": {
				"0.0": {
					"effect": "tacz:cz75/cz75_drop"
				}
			}
		},
		"reload_tactical": {
			"animation_length": 1.8,
			"bones": {
				"root": {
					"rotation": {
						"0.0": {
							"post": [0, 0, 0],
							"lerp_mode": "catmullrom"
						},
						"0.15": {
							"post": [-8.03737, -25.72712, -31.65295],
							"lerp_mode": "catmullrom"
						},
						"0.25": {
							"post": [13.20751, -53.68432, -63.98839],
							"lerp_mode": "catmullrom"
						},
						"0.5": {
							"post": [7.82117, -57.2805, -58.86624],
							"lerp_mode": "catmullrom"
						},
						"0.55": {
							"post": [19.03911, -55.52649, -73.03549],
							"lerp_mode": "catmullrom"
						},
						"0.6": {
							"post": [7.7833, -57.17128, -59.84555],
							"lerp_mode": "catmullrom"
						},
						"0.7": {
							"post": [17.40009, -55.90502, -69.65209],
							"lerp_mode": "catmullrom"
						},
						"0.85": {
							"post": [15.34264, -55.97922, -68.99746],
							"lerp_mode": "catmullrom"
						},
						"0.9": {
							"post": [12.54002, -56.75856, -63.62526],
							"lerp_mode": "catmullrom"
						},
						"0.95": {
							"post": [14.01599, -56.23738, -67.24709],
							"lerp_mode": "catmullrom"
						},
						"1.0": {
							"post": [15.01289, -53.11672, -82.00057],
							"lerp_mode": "catmullrom"
						},
						"1.1": {
							"post": [12.09293, -52.89965, -68.83377],
							"lerp_mode": "catmullrom"
						},
						"1.2": {
							"post": [-16.1662, -36.08094, -21.29335],
							"lerp_mode": "catmullrom"
						},
						"1.3": {
							"post": [-6.31156, -7.48462, 4.00335],
							"lerp_mode": "catmullrom"
						},
						"1.4": {
							"post": [0, -5.75, 5],
							"lerp_mode": "catmullrom"
						},
						"1.45": {
							"post": [0.4553, -1.82592, 1.78877],
							"lerp_mode": "catmullrom"
						},
						"1.5": {
							"post": [0, 0, -0.5],
							"lerp_mode": "catmullrom"
						},
						"1.6": {
							"post": [0, -0.75, 0],
							"lerp_mode": "catmullrom"
						},
						"1.8": {
							"post": [0, 0, 0],
							"lerp_mode": "catmullrom"
						}
					},
					"position": {
						"0.0": {
							"post": [0, 0, 0],
							"lerp_mode": "catmullrom"
						},
						"0.1": {
							"post": [-1.4, -0.155, 0.2925],
							"lerp_mode": "catmullrom"
						},
						"0.25": {
							"post": [-3.74179, 3.67539, 0.95352],
							"lerp_mode": "catmullrom"
						},
						"0.35": {
							"post": [-3.90383, 3.51844, 0.95352],
							"lerp_mode": "catmullrom"
						},
						"0.5": {
							"post": [-3.7189, 3.31094, 0.95352],
							"lerp_mode": "catmullrom"
						},
						"0.55": {
							"post": [-4.0189, 4.03679, 0.9525],
							"lerp_mode": "catmullrom"
						},
						"0.6": {
							"post": [-4.19094, 4.3218, 0.9525],
							"lerp_mode": "catmullrom"
						},
						"0.7": {
							"post": [-4.29, 4.16, 0.9525],
							"lerp_mode": "catmullrom"
						},
						"0.85": {
							"post": [-4.25485, 3.76938, 0.95352],
							"lerp_mode": "catmullrom"
						},
						"0.95": {
							"post": [-4.10015, 3.40625, 0.95352],
							"lerp_mode": "catmullrom"
						},
						"1.0": {
							"post": [-3.54914, 2.1468, 0.95352],
							"lerp_mode": "catmullrom"
						},
						"1.1": {
							"post": [-4.02695, 2.64993, 0.89852],
							"lerp_mode": "catmullrom"
						},
						"1.2": {
							"post": [-3.03211, 2.06852, 0.61852],
							"lerp_mode": "catmullrom"
						},
						"1.3": {
							"post": [-1.10516, 0.57657, 0.63],
							"lerp_mode": "catmullrom"
						},
						"1.45": {
							"post": [-0.20703, -0.62891, 0],
							"lerp_mode": "catmullrom"
						},
						"1.55": {
							"post": [0.05, -0.17203, 0],
							"lerp_mode": "catmullrom"
						},
						"1.65": {
							"post": [-0.01, -0.07031, 0],
							"lerp_mode": "catmullrom"
						},
						"1.8": {
							"post": [0, 0, 0],
							"lerp_mode": "catmullrom"
						}
					}
				},
				"mag_and_lefthand": {
					"rotation": {
						"0.0": {
							"post": [0, 0, 0],
							"lerp_mode": "catmullrom"
						},
						"0.1": [0, 0, 0],
						"0.25": [-1.32944, 25.76835, -22.66579],
						"0.4": [58.73235, -7.52076, -18.58597],
						"0.5": [48.73235, -7.52076, -18.58597],
						"0.85": {
							"pre": [0, 0, 0],
							"post": [0, 0, 0],
							"lerp_mode": "catmullrom"
						},
						"1.0": {
							"post": [0, 0, 0],
							"lerp_mode": "catmullrom"
						}
					},
					"position": {
						"0.0": {
							"post": [0, 0, 0],
							"lerp_mode": "catmullrom"
						},
						"0.1": [2.5625, -11.2, 7],
						"0.25": [-1.235, -12.5025, -0.1025],
						"0.4": [-1.0625, -2.0175, -0.9425],
						"0.5": [-1.0625, -2.755, -0.9425],
						"0.6": {
							"pre": [-0.825, -6.5375, 2.185],
							"post": [-0.825, -6.5375, 2.185],
							"lerp_mode": "catmullrom"
						},
						"0.7": {
							"post": [-0.59, -7.31, 2.08],
							"lerp_mode": "catmullrom"
						},
						"0.9": [0, -5.6125, 2.0875],
						"0.95": [0, -5.6125, 2.0875],
						"1.0": {
							"pre": [0, 0, 0],
							"post": [0, 0, 0],
							"lerp_mode": "catmullrom"
						}
					}
				},
				"lefthand": {
					"rotation": {
						"0.0": [111.33, -370.95, -185.06],
						"0.4": [166.14354, -372.49362, -179.98609],
						"0.95": [166.14, -372.49, -179.99],
						"1.0": [118.15599, -359.86795, -170.92197],
						"1.1": [118.15599, -359.86795, -170.92197],
						"1.2": [151.74095, -347.25432, -189.11062],
						"1.3": [151.74095, -347.25432, -189.11062],
						"1.5": [111.33, -370.95, -185.06]
					},
					"position": {
						"0.0": [6.965, -17.135, 2.895],
						"0.4": [7.5934, -18.55933, 6.24745],
						"0.95": [7.59, -18.56, 6.25],
						"1.0": [7.59, -19.66, 5.8],
						"1.1": [7.59, -19.66, 5.8],
						"1.2": {
							"pre": [9.94703, -24.33504, 6.27251],
							"post": [9.94703, -24.33504, 6.27251],
							"lerp_mode": "catmullrom"
						},
						"1.3": {
							"post": [14.29064, -25.02656, 10.75775],
							"lerp_mode": "catmullrom"
						},
						"1.5": [6.965, -17.135, 2.895]
					},
					"scale": {
						"0.0": [1, 1.5, 1],
						"1.5": [1, 1.5, 1]
					}
				},
				"mag_and_bullet": {
					"scale": {
						"0.0": [0, 0, 0],
						"0.1": {
							"pre": [0, 0, 0],
							"post": [1, 1, 1]
						}
					}
				},
				"righthand": {
					"rotation": {
						"0.0": [94.93393, 4.57237, -174.60633],
						"0.05": [94.93393, 4.57237, -174.60633],
						"0.2": [94.93, 4.57, -174.61],
						"1.15": [94.93, 4.57, -174.61],
						"1.2": [107.43393, 4.57237, -174.60633],
						"1.35": [94.93393, 4.57237, -174.60633]
					},
					"position": {
						"0.0": [-7.09303, -16.02913, 4.50219],
						"0.05": [-7.09303, -16.02913, 4.50219],
						"0.2": [-8.35, -16.1, 4.4],
						"1.15": [-8.35, -16.1, 4.4],
						"1.3": [-7.09303, -16.02913, 4.50219]
					},
					"scale": [1, 1.5, 1]
				},
				"additional_magazine": {
					"rotation": {
						"0.0": [0, 0, 0],
						"0.5": [0, 0, 0],
						"0.6": [0, 0, 0],
						"0.65": [-3.97759, -0.12291, -1.74566],
						"0.8": {
							"pre": [-39.91072, 0.47979, 6.98362],
							"post": [-39.91072, 0.47979, 6.98362],
							"lerp_mode": "catmullrom"
						},
						"0.9": [-39.91072, 0.47979, 6.98362],
						"0.95": [-34.91072, 0.47979, 6.98362],
						"1.0": {
							"pre": [26.14036, -5.36809, 12.94898],
							"post": [26.14036, -5.36809, 12.94898],
							"lerp_mode": "catmullrom"
						},
						"1.1": {
							"post": [28.64036, -5.36809, 12.94898],
							"lerp_mode": "catmullrom"
						},
						"1.2": {
							"post": [-6.74085, 0.20125, -11.26508],
							"lerp_mode": "catmullrom"
						},
						"1.3": {
							"post": [-35.27, -15.39, -64.68],
							"lerp_mode": "catmullrom"
						}
					},
					"position": {
						"0.0": [0, 0, 0],
						"0.5": [0, 0, 0],
						"0.6": {
							"pre": [0, -5.1875, 1.9375],
							"post": [0, -5.1875, 1.9375],
							"lerp_mode": "catmullrom"
						},
						"0.7": {
							"post": [0.24, -6.175, 1.835],
							"lerp_mode": "catmullrom"
						},
						"0.75": {
							"post": [0.36, -6.26, 1.78],
							"lerp_mode": "catmullrom"
						},
						"0.9": [0.8125, -4.58, 1.58],
						"0.95": [0.8125, -4.58, 1.58],
						"1.0": {
							"pre": [1.1625, -0.3875, -1.4775],
							"post": [1.1625, -0.3875, -1.4775],
							"lerp_mode": "catmullrom"
						},
						"1.1": {
							"post": [1.1625, -0.3875, -1.4775],
							"lerp_mode": "catmullrom"
						},
						"1.2": {
							"post": [3.78582, -5.24074, -0.09788],
							"lerp_mode": "catmullrom"
						},
						"1.3": {
							"post": [7.58505, -6.29937, 2.27562],
							"lerp_mode": "catmullrom"
						},
						"1.5": {
							"post": [7.53677, -12.39977, 2.28],
							"lerp_mode": "catmullrom"
						}
					},
					"scale": {
						"1.3": [1, 1, 1],
						"1.35": [0, 0, 0]
					}
				},
				"camera": {
					"rotation": {
						"0.0": {
							"post": [0, 0, 0],
							"lerp_mode": "catmullrom"
						},
						"0.1": {
							"post": [0.39, 0.025, -0.05],
							"lerp_mode": "catmullrom"
						},
						"0.25": {
							"post": [1.725, 0.225, -0.25],
							"lerp_mode": "catmullrom"
						},
						"0.5": {
							"post": [2.2, 0.325, -0.375],
							"lerp_mode": "catmullrom"
						},
						"0.55": {
							"post": [2.535, 0.325, 0.275],
							"lerp_mode": "catmullrom"
						},
						"0.65": {
							"post": [2.215, 0.325, -0.625],
							"lerp_mode": "catmullrom"
						},
						"0.8": {
							"post": [2.34, 0.325, -0.275],
							"lerp_mode": "catmullrom"
						},
						"0.95": {
							"post": [2.13, 0.325, -0.375],
							"lerp_mode": "catmullrom"
						},
						"1.0": {
							"post": [2.47, 0.325, 0.325],
							"lerp_mode": "catmullrom"
						},
						"1.1": {
							"post": [1.915, 0.325, -0.725],
							"lerp_mode": "catmullrom"
						},
						"1.25": {
							"post": [1.9, 0.225, 0.1],
							"lerp_mode": "catmullrom"
						},
						"1.45": {
							"post": [0.025, 0.025, -0.025],
							"lerp_mode": "catmullrom"
						},
						"1.5": {
							"post": [0.125, 0, 0.25],
							"lerp_mode": "catmullrom"
						},
						"1.6": {
							"post": [-0.065, 0, -0.15],
							"lerp_mode": "catmullrom"
						},
						"1.75": {
							"post": [0, 0, 0],
							"lerp_mode": "catmullrom"
						}
					}
				},
				"bullet": {
					"scale": 1
				}
			},
			"sound_effects": {
				"0.0": {
					"effect": "tacz:cz75/cz75_reload_raise"
				},
				"0.5": {
					"effect": "tacz:cz75/cz75_reload_magout"
				},
				"0.85": {
					"effect": "tacz:cz75/cz75_reload_maghit"
				},
				"0.95": {
					"effect": "tacz:cz75/cz75_reload_magin"
				},
				"1.3": {
					"effect": "tacz:cz75/cz75_reload_fast_end"
				}
			}
		},
		"reload_empty": {
			"animation_length": 2.45,
			"bones": {
				"root": {
					"rotation": {
						"0.05": {
							"pre": [0, 0, 0],
							"post": [0, 0, 0],
							"lerp_mode": "catmullrom"
						},
						"0.15": {
							"post": [-15.60573, -7.03259, -12.03511],
							"lerp_mode": "catmullrom"
						},
						"0.25": {
							"post": [-15.38499, -24.82076, -22.36448],
							"lerp_mode": "catmullrom"
						},
						"0.35": {
							"post": [-10.0594, 10.18046, 64.98975],
							"lerp_mode": "catmullrom"
						},
						"0.45": {
							"post": [-9.38, 7.42, 34.6],
							"lerp_mode": "catmullrom"
						},
						"0.55": {
							"post": [-16.73413, -12.26158, -1.5781],
							"lerp_mode": "catmullrom"
						},
						"0.65": {
							"post": [2.19001, -40.57076, -42.73948],
							"lerp_mode": "catmullrom"
						},
						"0.75": {
							"post": [14.72241, -47.77132, -66.96083],
							"lerp_mode": "catmullrom"
						},
						"0.9": {
							"post": [16.64024, -46.72297, -70.4224],
							"lerp_mode": "catmullrom"
						},
						"1.05": {
							"post": [17.80337, -48.35651, -71.05052],
							"lerp_mode": "catmullrom"
						},
						"1.1": {
							"post": [19.02, -47.77, -71.04],
							"lerp_mode": "catmullrom"
						},
						"1.2": {
							"post": [20.72899, -49.5715, -72.36726],
							"lerp_mode": "catmullrom"
						},
						"1.3": {
							"post": [18.2902, -48.60612, -71.69572],
							"lerp_mode": "catmullrom"
						},
						"1.35": {
							"post": [8.07245, -45.80993, -72.4835],
							"lerp_mode": "catmullrom"
						},
						"1.4": {
							"post": [4.95468, -43.00069, -67.58289],
							"lerp_mode": "catmullrom"
						},
						"1.45": {
							"post": [3.79874, -37.82225, -62.57145],
							"lerp_mode": "catmullrom"
						},
						"1.55": {
							"post": [-20.30663, -19.35093, -19.01834],
							"lerp_mode": "catmullrom"
						},
						"1.65": {
							"post": [-23.79061, 1.559, 26.81866],
							"lerp_mode": "catmullrom"
						},
						"1.7": {
							"post": [-19.64, 4.285, 27.69],
							"lerp_mode": "catmullrom"
						},
						"1.75": {
							"post": [-14.98673, 5.76985, 33.66278],
							"lerp_mode": "catmullrom"
						},
						"1.8": {
							"post": [-16.73596, 1.37502, 23.77253],
							"lerp_mode": "catmullrom"
						},
						"1.9": {
							"post": [-17.4492, -0.1534, 25.89031],
							"lerp_mode": "catmullrom"
						},
						"2.0": {
							"post": [-12.5699, -3.58259, 16.78456],
							"lerp_mode": "catmullrom"
						},
						"2.05": {
							"post": [-10.79411, -2.95066, 10.65739],
							"lerp_mode": "catmullrom"
						},
						"2.2": {
							"post": [0, -1.25, 1.25],
							"lerp_mode": "catmullrom"
						},
						"2.3": {
							"post": [0, 0.25, 0],
							"lerp_mode": "catmullrom"
						},
						"2.4": {
							"post": [0, 0, 0],
							"lerp_mode": "catmullrom"
						}
					},
					"position": {
						"0.0": {
							"post": [0, 0, 0],
							"lerp_mode": "catmullrom"
						},
						"0.05": {
							"post": [0.03633, 0.69453, 0.25],
							"lerp_mode": "catmullrom"
						},
						"0.15": {
							"post": [0.34727, 1.84688, 0.5],
							"lerp_mode": "catmullrom"
						},
						"0.25": {
							"post": [0.34727, 2.17188, 0.825],
							"lerp_mode": "catmullrom"
						},
						"0.35": {
							"post": [-3.48023, 0.59461, 0.5],
							"lerp_mode": "catmullrom"
						},
						"0.45": {
							"post": [-4.27976, -0.0875, 0.5],
							"lerp_mode": "catmullrom"
						},
						"0.55": {
							"post": [-3.95437, 1.15453, 0.5],
							"lerp_mode": "catmullrom"
						},
						"0.65": {
							"post": [-3.41796, 1.95938, 0.825],
							"lerp_mode": "catmullrom"
						},
						"0.75": {
							"post": [-3.33976, 2.90125, 0.8],
							"lerp_mode": "catmullrom"
						},
						"0.85": {
							"post": [-3.00969, 3.36602, 0.755],
							"lerp_mode": "catmullrom"
						},
						"0.95": {
							"post": [-2.80195, 3.22039, 0.7],
							"lerp_mode": "catmullrom"
						},
						"1.05": {
							"post": [-2.75695, 2.97118, 0.65],
							"lerp_mode": "catmullrom"
						},
						"1.1": {
							"post": [-2.8725, 2.9225, 0.645],
							"lerp_mode": "catmullrom"
						},
						"1.2": {
							"post": [-2.95984, 2.79938, 0.65],
							"lerp_mode": "catmullrom"
						},
						"1.3": {
							"post": [-3.12258, 2.80633, 0.65],
							"lerp_mode": "catmullrom"
						},
						"1.35": {
							"post": [-2.68328, 2.21516, 0.65],
							"lerp_mode": "catmullrom"
						},
						"1.45": {
							"post": [-2.2225, 2.0075, 0.65],
							"lerp_mode": "catmullrom"
						},
						"1.5": {
							"post": [-2.0625, 1.1225, 0.655],
							"lerp_mode": "catmullrom"
						},
						"1.6": {
							"post": [-2.365, 0.385, 0.66],
							"lerp_mode": "catmullrom"
						},
						"1.7": {
							"post": [-1.91, 0.94922, 0.65],
							"lerp_mode": "catmullrom"
						},
						"1.75": {
							"post": [-1.7975, 0.2875, 0.325],
							"lerp_mode": "catmullrom"
						},
						"1.85": {
							"post": [-1.54586, 0.56336, 0.5],
							"lerp_mode": "catmullrom"
						},
						"1.95": {
							"post": [-1.19789, 0.24695, 0.4],
							"lerp_mode": "catmullrom"
						},
						"2.05": {
							"post": [-0.68265, -0.73992, 0.2],
							"lerp_mode": "catmullrom"
						},
						"2.1": {
							"post": [-0.24, -0.93718, 0.065],
							"lerp_mode": "catmullrom"
						},
						"2.15": {
							"post": [0.07032, -0.55351, 0],
							"lerp_mode": "catmullrom"
						},
						"2.25": {
							"post": [0.04102, -0.01758, 0],
							"lerp_mode": "catmullrom"
						},
						"2.4": {
							"post": [0, 0, 0],
							"lerp_mode": "catmullrom"
						}
					}
				},
				"mag_and_lefthand": {
					"rotation": {
						"0.0": [0, 0, 0],
						"0.2": [-6.49481, -2.61664, -21.85151],
						"0.85": [-6.49481, -2.61664, -21.85151],
						"0.95": [-6.49481, -2.61664, -21.85151],
						"1.05": [-14.33194, 0.16217, 0.98676],
						"1.15": [-6, 0, 0],
						"1.3": [0, 0, 0]
					},
					"position": {
						"0.0": [0, 0, 0],
						"0.05": [3.365, -1.73, 2.75],
						"0.2": [8.96978, -11.18429, 8.24203],
						"0.75": [-0.63133, -12.7074, 3.67214],
						"0.85": [0.31278, -11.71713, 2.7782],
						"0.95": [1.32812, -9.69755, 2.24103],
						"1.05": [0.8575, -6.0975, 0.9275],
						"1.15": [0, -5.66, 1.2225],
						"1.3": [0, -5.3375, 1.9875],
						"1.35": [0, 0, 0]
					}
				},
				"lefthand": {
					"rotation": {
						"0.0": [111.33, -370.95, -185.06],
						"0.15": [67.86205, -414.70482, -76.67017],
						"0.25": [67.86, -414.7, -76.67],
						"0.3": [69.4, -407.66, -79.26],
						"0.4": [72.49, -393.57, -84.44],
						"0.55": [77.11584, -372.43364, -92.21956],
						"0.75": [67.86205, -414.70482, -76.67017],
						"0.85": [67.86, -414.7, -76.67],
						"1.0": [67.86205, -414.70482, -76.67017],
						"1.2": [67.86, -414.7, -76.67],
						"1.35": [67.86205, -414.70482, -76.67017],
						"1.45": [67.86205, -414.70482, -76.67017],
						"1.65": [111.48428, -372.81244, -185.80604],
						"1.7": [111.33068, -370.9504, -185.06009],
						"1.95": [111.33068, -370.9504, -185.06009],
						"2.1": [111.33, -370.95, -185.06]
					},
					"position": {
						"0.0": [6.965, -17.135, 2.895],
						"0.15": [6.62774, -18.7375, 2.375],
						"0.25": [4.06638, -21.25931, 4.45447],
						"0.35": [29.01634, -5.35031, 5.86158],
						"0.55": [16.29752, -16.05015, 7.45193],
						"0.75": [6.62774, -19.8125, 5.65],
						"1.0": [6.62774, -19.8125, 5.65],
						"1.35": [6.62774, -19.8125, 5.65],
						"1.45": [6.62774, -19.8125, 5.65],
						"1.55": [8.3825, -18.22, 3.875],
						"1.65": [8.75, -16.8625, 0.80625],
						"1.7": [8.3875, -16.8625, 1.84375],
						"1.95": [8.3875, -16.8625, 1.84375],
						"2.1": [6.965, -17.135, 2.895]
					},
					"scale": {
						"0.0": [1, 1.5, 1],
						"2.1": [1, 1.5, 1]
					}
				},
				"mag_and_bullet": {
					"scale": {
						"0.0": [0, 0, 0],
						"0.7": [0, 0, 0],
						"0.75": [1, 1, 1]
					}
				},
				"righthand": {
					"rotation": {
						"0.0": [94.93393, 4.57237, -174.60633],
						"0.05": [94.93393, 4.57237, -174.60633],
						"0.45": [94.93, 4.57, -174.61],
						"1.5": [94.93, 4.57, -174.61],
						"1.55": [102.88943, 3.45429, -168.16302],
						"1.6": [109.48364, 6.257, -179.33808],
						"1.7": [109.48364, 6.257, -179.33808],
						"1.75": [110.31689, 2.15903, -168.02645],
						"1.85": [94.93393, 4.57237, -174.60633]
					},
					"position": {
						"0.0": [-7.09303, -16.02913, 4.50219],
						"0.05": [-7.09303, -16.02913, 4.50219],
						"0.45": [-6.725, -16.1, 4.45],
						"0.55": [-8.4625, -16.1, 4.45],
						"1.5": [-8.4625, -16.1, 4.45],
						"1.6": [-6.725, -15.125, 4.45],
						"1.7": [-6.725, -15.125, 4.45],
						"1.75": [-6.975, -15.2875, 4.575],
						"1.85": [-7.09303, -16.02913, 4.50219]
					},
					"scale": [1, 1.5, 1]
				},
				"release": {
					"rotation": {
						"0.0": [8.5, 0, 0],
						"1.7": [8.5, 0, 0],
						"1.75": [0, 0, 0]
					}
				},
				"slide": {
					"position": {
						"0.0": [0, 0, 2.1],
						"1.7": [0, 0, 2.1],
						"1.75": [0, 0, 0]
					}
				},
				"additional_magazine": {
					"rotation": {
						"0.0": [0, 0, 0],
						"0.3": [0, 0, 0],
						"0.35": [-7, 0, 0]
					},
					"position": {
						"0.0": [0, 0, 0],
						"0.3": [0, 0, 0],
						"0.35": [0, -5.8975, 1.5225],
						"0.4": [0.78074, -11.82237, 3.07285],
						"0.45": [-0.74116, -20.22284, 4.03813]
					},
					"scale": {
						"0.45": [1, 1, 1],
						"0.5": [0, 0, 0]
					}
				},
				"group2": {
					"rotation": {
						"0.0": [-1.25, 0, 0],
						"1.7": [-1.25, 0, 0],
						"1.75": [0, 0, 0]
					},
					"position": {
						"0.0": [0, 0.025, 0.225],
						"1.7": [0, 0.025, 0.225],
						"1.75": [0, 0, 0]
					}
				},
				"camera": {
					"rotation": {
						"0.0": {
							"post": [0, 0, 0],
							"lerp_mode": "catmullrom"
						},
						"0.15": {
							"post": [-0.25688, -0.09844, 0.08703],
							"lerp_mode": "catmullrom"
						},
						"0.25": {
							"post": [-0.375, -0.2, -0.8],
							"lerp_mode": "catmullrom"
						},
						"0.4": {
							"post": [2.725, 0.8, 0.95],
							"lerp_mode": "catmullrom"
						},
						"0.5": {
							"post": [2.42, 0.89, -0.01922],
							"lerp_mode": "catmullrom"
						},
						"0.6": {
							"post": [1.97, 0.67, 0.29172],
							"lerp_mode": "catmullrom"
						},
						"0.75": {
							"post": [1.35, 0.065, -0.425],
							"lerp_mode": "catmullrom"
						},
						"0.9": {
							"post": [1.48, 0.075, -0.65],
							"lerp_mode": "catmullrom"
						},
						"1.1": {
							"post": [1.77, 0.275, -0.575],
							"lerp_mode": "catmullrom"
						},
						"1.3": {
							"post": [1.695, 0.175, -0.4],
							"lerp_mode": "catmullrom"
						},
						"1.35": {
							"post": [2.595, 0.07, 0.09781],
							"lerp_mode": "catmullrom"
						},
						"1.45": {
							"post": [1.415, 0.14, -0.64547],
							"lerp_mode": "catmullrom"
						},
						"1.55": {
							"post": [1.775, 0.375, 0.125],
							"lerp_mode": "catmullrom"
						},
						"1.7": {
							"post": [0.89, 0.02, 0.29],
							"lerp_mode": "catmullrom"
						},
						"1.75": {
							"post": [1.555, -0.075, 0.90859],
							"lerp_mode": "catmullrom"
						},
						"1.85": {
							"post": [0.555, -0.08, -0.09891],
							"lerp_mode": "catmullrom"
						},
						"1.95": {
							"post": [0.245, -0.05, 0.17],
							"lerp_mode": "catmullrom"
						},
						"2.05": {
							"post": [-0.15, 0, 0.05],
							"lerp_mode": "catmullrom"
						},
						"2.2": {
							"post": [0, 0, 0],
							"lerp_mode": "catmullrom"
						}
					}
				},
				"bullet": {
					"scale": 1
				}
			},
			"sound_effects": {
				"0.0": {
					"effect": "tacz:cz75/cz75_reload_empty_raise"
				},
				"0.15": {
					"effect": "tacz:cz75/cz75_reload_empty_magout"
				},
				"0.8": {
					"effect": "tacz:mag_drop_sound/mag_drop_pi_metal_dirt"
				},
				"1.1": {
					"effect": "tacz:cz75/cz75_reload_empty_maghit"
				},
				"1.3": {
					"effect": "tacz:cz75/cz75_reload_empty_magin"
				},
				"1.65": {
					"effect": "tacz:cz75/cz75_reload_empty_fast_xmag_charge"
				},
				"2.05": {
					"effect": "tacz:cz75/cz75_reload_empty_fast_end"
				}
			}
		},
		"inspect": {
			"animation_length": 6.65,
			"bones": {
				"root": {
					"rotation": {
						"0.0": {
							"post": [0, 0, 0],
							"lerp_mode": "catmullrom"
						},
						"0.15": {
							"post": [1.41878, -32.6402, -30.55741],
							"lerp_mode": "catmullrom"
						},
						"0.3": {
							"post": [17.13043, -59.61932, -72.33833],
							"lerp_mode": "catmullrom"
						},
						"0.45": {
							"post": [28.975, -60.035, -87.94],
							"lerp_mode": "catmullrom"
						},
						"0.7": {
							"post": [30.92412, -59.90293, -87.91478],
							"lerp_mode": "catmullrom"
						},
						"1.05": {
							"post": [31.77, -60.36, -89.09],
							"lerp_mode": "catmullrom"
						},
						"1.25": {
							"post": [39.31625, -57.06039, -98.29279],
							"lerp_mode": "catmullrom"
						},
						"1.55": {
							"post": [37.75361, -58.30658, -96.72799],
							"lerp_mode": "catmullrom"
						},
						"1.9": {
							"post": [35.22935, -59.1162, -92.88548],
							"lerp_mode": "catmullrom"
						},
						"2.1": [6.69829, -58.01955, -54.35519],
						"2.2": [6.7, -58.02, -54.36],
						"2.25": [9.51803, -57.59611, -59.46144],
						"2.35": [4.71708, -58.13496, -52.02431],
						"3.4": [6.7, -58.02, -54.36],
						"4.05": [14.14703, -51.26744, -67.44698],
						"4.15": [14.15, -51.27, -67.45],
						"4.2": [-4.54367, -52.27001, -47.25437],
						"4.25": [8.03457, -51.34164, -59.11783],
						"4.35": [2.68002, -49.48579, -49.96644],
						"4.55": {
							"pre": [-27.82, 1.15, 29.9],
							"post": [-27.82, 1.15, 29.9],
							"lerp_mode": "catmullrom"
						},
						"4.65": {
							"post": [-40.44959, 22.48719, 63.4052],
							"lerp_mode": "catmullrom"
						},
						"4.75": {
							"post": [-41.07, 23.58, 66.805],
							"lerp_mode": "catmullrom"
						},
						"4.85": {
							"post": [-45.20663, 23.36486, 68.72078],
							"lerp_mode": "catmullrom"
						},
						"4.9": {
							"post": [-44.81211, 23.28401, 69.44072],
							"lerp_mode": "catmullrom"
						},
						"5.05": {
							"post": [-42.44229, 23.33374, 69.18402],
							"lerp_mode": "catmullrom"
						},
						"5.25": {
							"post": [-41.99, 23.36, 68.495],
							"lerp_mode": "catmullrom"
						},
						"5.6": {
							"post": [-41.06, 23.24, 66.855],
							"lerp_mode": "catmullrom"
						},
						"5.65": {
							"post": [-37.37755, 23.58615, 63.82159],
							"lerp_mode": "catmullrom"
						},
						"5.75": {
							"post": [-27.13565, 13.27832, 56.99946],
							"lerp_mode": "catmullrom"
						},
						"5.85": {
							"post": [-21.10227, 5.50861, 33.40951],
							"lerp_mode": "catmullrom"
						},
						"6.05": {
							"post": [0.975, 0, 5.025],
							"lerp_mode": "catmullrom"
						},
						"6.15": {
							"post": [0.975, 0.975, -1.475],
							"lerp_mode": "catmullrom"
						},
						"6.25": {
							"post": [0, -0.975, 0.975],
							"lerp_mode": "catmullrom"
						},
						"6.4": {
							"post": [0, 0, -0.5],
							"lerp_mode": "catmullrom"
						},
						"6.6": {
							"post": [0, 0, 0],
							"lerp_mode": "catmullrom"
						}
					},
					"position": {
						"0.0": {
							"post": [0, 0, 0],
							"lerp_mode": "catmullrom"
						},
						"0.1": {
							"post": [-0.6, 0.22, 0.995],
							"lerp_mode": "catmullrom"
						},
						"0.3": {
							"post": [-0.75, 3.9875, 1.7],
							"lerp_mode": "catmullrom"
						},
						"0.45": {
							"post": [-0.9, 4.35, 1.7],
							"lerp_mode": "catmullrom"
						},
						"0.65": {
							"post": [-1.05, 4.3125, 1.6],
							"lerp_mode": "catmullrom"
						},
						"1.0": {
							"post": [-0.975, 4.4875, 1.6],
							"lerp_mode": "catmullrom"
						},
						"1.2": {
							"post": [-0.975, 4.7275, 1.5375],
							"lerp_mode": "catmullrom"
						},
						"1.55": {
							"post": [-1.025, 4.8425, 1.5375],
							"lerp_mode": "catmullrom"
						},
						"1.9": {
							"post": [-1.025, 4.7825, 1.54],
							"lerp_mode": "catmullrom"
						},
						"2.05": {
							"post": [-1.275, 3.605, 1.8525],
							"lerp_mode": "catmullrom"
						},
						"2.25": {
							"post": [-1.49385, 3.81172, 1.855],
							"lerp_mode": "catmullrom"
						},
						"2.5": {
							"post": [-1.50089, 3.68453, 1.855],
							"lerp_mode": "catmullrom"
						},
						"3.15": {
							"post": [-1.49562, 3.66909, 1.85],
							"lerp_mode": "catmullrom"
						},
						"3.8": {
							"post": [-1.62589, 3.68453, 1.855],
							"lerp_mode": "catmullrom"
						},
						"4.05": [-2.225, 4.355, 1.905],
						"4.15": [-2.125, 4.2175, 1.905],
						"4.2": [-1.88033, 3.3081, 1.905],
						"4.3": [-2.10534, 3.46398, 1.905],
						"4.4": [-2.32683, 2.98754, 2.11],
						"4.55": {
							"pre": [-2.02, 1.345, 2.5],
							"post": [-2.02, 1.345, 2.5],
							"lerp_mode": "catmullrom"
						},
						"4.65": {
							"post": [-1.81647, 1.17933, 2.705],
							"lerp_mode": "catmullrom"
						},
						"4.8": {
							"post": [-1.79103, 1.10605, 2.58],
							"lerp_mode": "catmullrom"
						},
						"4.9": {
							"post": [-1.85384, 0.80861, 2.6],
							"lerp_mode": "catmullrom"
						},
						"5.1": {
							"post": [-1.89201, 0.94879, 2.645],
							"lerp_mode": "catmullrom"
						},
						"5.35": {
							"post": [-1.81501, 1.1361, 2.6375],
							"lerp_mode": "catmullrom"
						},
						"5.6": {
							"post": [-1.80557, 1.2548, 2.705],
							"lerp_mode": "catmullrom"
						},
						"5.65": {
							"post": [-1.73984, 1.02928, 2.5575],
							"lerp_mode": "catmullrom"
						},
						"5.7": {
							"post": [-1.79866, 0.94322, 2.5425],
							"lerp_mode": "catmullrom"
						},
						"5.85": {
							"post": [-1.5025, 0.895, 2.235],
							"lerp_mode": "catmullrom"
						},
						"6.05": {
							"post": [0, -1.1625, -0.2625],
							"lerp_mode": "catmullrom"
						},
						"6.15": {
							"post": [-0.0375, -0.2625, 0.2375],
							"lerp_mode": "catmullrom"
						},
						"6.3": {
							"post": [0, -0.0125, -0.0375],
							"lerp_mode": "catmullrom"
						},
						"6.45": {
							"post": [0, 0, 0],
							"lerp_mode": "catmullrom"
						}
					}
				},
				"mag_and_lefthand": {
					"rotation": {
						"2.25": {
							"pre": [0, 0, 0],
							"post": [0, 0, 0],
							"lerp_mode": "catmullrom"
						},
						"2.55": {
							"post": [-21.09225, 15.09386, 33.74444],
							"lerp_mode": "catmullrom"
						},
						"2.7": {
							"post": [-24.23, 19.8, 41.69],
							"lerp_mode": "catmullrom"
						},
						"2.85": {
							"post": [-23.195, 20.19, 42.16],
							"lerp_mode": "catmullrom"
						},
						"3.05": {
							"post": [-21.145, 20, 42.63],
							"lerp_mode": "catmullrom"
						},
						"3.15": {
							"post": [-12.21, 20.45, 51.71],
							"lerp_mode": "catmullrom"
						},
						"3.25": {
							"post": [21.03733, 25.88859, 91.20885],
							"lerp_mode": "catmullrom"
						},
						"3.35": {
							"post": [26.74, 26.65, 99.3],
							"lerp_mode": "catmullrom"
						},
						"3.75": {
							"post": [25.43, 27.2, 97.77],
							"lerp_mode": "catmullrom"
						},
						"3.85": {
							"post": [20.29, 21.87, 80.25],
							"lerp_mode": "catmullrom"
						},
						"4.05": {
							"post": [3, 0, 7.75],
							"lerp_mode": "catmullrom"
						},
						"4.15": {
							"post": [0, 0, 0],
							"lerp_mode": "catmullrom"
						}
					},
					"position": {
						"2.1": {
							"pre": [0, 0, 0],
							"post": [0, 0, 0],
							"lerp_mode": "catmullrom"
						},
						"2.25": {
							"post": [0, -5.6, 2],
							"lerp_mode": "catmullrom"
						},
						"2.35": {
							"post": [-0.36593, -5.91599, 0.36663],
							"lerp_mode": "catmullrom"
						},
						"2.45": {
							"post": [-0.32987, -5.51338, -1.82655],
							"lerp_mode": "catmullrom"
						},
						"2.65": {
							"post": [-0.22953, -5.03451, -1.96581],
							"lerp_mode": "catmullrom"
						},
						"3.0": {
							"post": [-0.215, -4.775, -1.99],
							"lerp_mode": "catmullrom"
						},
						"3.15": {
							"post": [-0.215, -4.785, -1.99],
							"lerp_mode": "catmullrom"
						},
						"3.45": {
							"post": [-0.245, -5.38, -2.04],
							"lerp_mode": "catmullrom"
						},
						"3.75": {
							"post": [-0.32987, -5.76338, -1.57655],
							"lerp_mode": "catmullrom"
						},
						"3.9": {
							"post": [-0.71606, -6.32955, 0.73222],
							"lerp_mode": "catmullrom"
						},
						"4.05": [0, -5.825, 2],
						"4.15": [0, -5.3875, 2],
						"4.2": {
							"pre": [0, 0, 0],
							"post": [0, 0, 0],
							"lerp_mode": "catmullrom"
						}
					}
				},
				"lefthand": {
					"rotation": {
						"0.0": [111.33, -370.95, -185.06],
						"0.1": [154.25283, -361.88285, -220.96828],
						"0.3": [156.42707, -414.79862, -211.22804],
						"1.8": [156.42707, -414.79862, -211.22804],
						"2.0": [86.4886, -395.4026, -82.6716],
						"4.4": [85.78, -395.34, -81.45],
						"4.45": [99.33, -399.66, -111.29],
						"4.5": [113.41, -404.1, -148.86],
						"4.55": [118.64, -404.62, -182.99],
						"4.6": [116.94, -405.02, -209.53],
						"4.65": [103.21, -409, -216.69],
						"4.7": [89.04, -412.87, -216.27],
						"4.75": [89.04, -412.87, -216.27],
						"5.6": [89.03621, -412.87009, -216.27166],
						"5.65": [77.83328, -392.94222, -196.2477],
						"5.85": [89.11136, -403.48204, -172.39977],
						"6.05": [111.33, -370.95, -185.06]
					},
					"position": {
						"0.0": [6.965, -17.135, 2.895],
						"0.05": [10.15649, -20.12671, 0.94958],
						"0.1": [8.73314, -26.45807, -0.28884],
						"0.3": [3.52205, -27.61835, 9.09061],
						"1.8": [3.52205, -27.61835, 9.09061],
						"2.0": [6.38269, -20.39876, 5.95709],
						"4.4": [6.38, -20.4, 5.96],
						"4.45": {
							"pre": [8.64836, -20.04601, 4.24576],
							"post": [8.64836, -20.04601, 4.24576],
							"lerp_mode": "catmullrom"
						},
						"4.5": {
							"post": [11.905, -16.25, 3.17],
							"lerp_mode": "catmullrom"
						},
						"4.55": {
							"post": [11.61255, -13.22019, 2.16438],
							"lerp_mode": "catmullrom"
						},
						"4.6": {
							"post": [9.43234, -11.50004, 0.92419],
							"lerp_mode": "catmullrom"
						},
						"4.65": {
							"post": [8.08234, -12.10004, 0.72419],
							"lerp_mode": "catmullrom"
						},
						"4.75": [8.08234, -12.10004, 0.72419],
						"4.85": [8.08, -12.1, 1.38],
						"5.6": [8.08, -12.1, 1.38],
						"5.65": [9.355, -11.525, 2.48],
						"5.85": [10.76369, -14.30155, 4.98933],
						"6.05": [6.965, -17.18605, 2.89457]
					},
					"scale": {
						"0.0": [1, 1.5, 1],
						"6.05": [1, 1.5, 1]
					}
				},
				"bullet": {
					"scale": 0
				},
				"main": {
					"rotation": {
						"2.2": {
							"pre": [0, 0, 0],
							"post": [0, 0, 0],
							"lerp_mode": "catmullrom"
						},
						"2.4": {
							"post": [-0.84, 8.57, 15.89],
							"lerp_mode": "catmullrom"
						},
						"2.55": {
							"post": [-1.44014, 14.68286, 27.51944],
							"lerp_mode": "catmullrom"
						},
						"2.9": {
							"post": [0.3847, 15.80549, 33.54395],
							"lerp_mode": "catmullrom"
						},
						"3.3": {
							"post": [-0.62866, 17.11563, 33.08116],
							"lerp_mode": "catmullrom"
						},
						"3.6": {
							"post": [-0.65248, 15.53765, 32.19561],
							"lerp_mode": "catmullrom"
						},
						"3.8": {
							"post": [-0.73445, 13.2648, 31.77578],
							"lerp_mode": "catmullrom"
						},
						"3.9": {
							"post": [-0.9, 8.14, 16.33],
							"lerp_mode": "catmullrom"
						},
						"4.05": {
							"post": [0, 0, 0],
							"lerp_mode": "catmullrom"
						}
					},
					"position": {
						"2.2": {
							"pre": [0, 0, 0],
							"post": [0, 0, 0],
							"lerp_mode": "catmullrom"
						},
						"2.35": {
							"post": [-0.216, 0.26193, 0.30274],
							"lerp_mode": "catmullrom"
						},
						"2.5": {
							"post": [-1.04729, -0.40442, 1.56498],
							"lerp_mode": "catmullrom"
						},
						"2.65": {
							"post": [-1.55596, -0.68972, 2.36642],
							"lerp_mode": "catmullrom"
						},
						"2.95": {
							"post": [-1.56803, -0.60607, 2.38997],
							"lerp_mode": "catmullrom"
						},
						"3.2": {
							"post": [-1.53577, -0.57531, 2.36734],
							"lerp_mode": "catmullrom"
						},
						"3.6": {
							"post": [-1.47957, -0.57466, 2.29538],
							"lerp_mode": "catmullrom"
						},
						"3.8": {
							"post": [-1.29125, -0.58407, 1.92015],
							"lerp_mode": "catmullrom"
						},
						"3.9": {
							"post": [-0.715, -0.225, 1.09],
							"lerp_mode": "catmullrom"
						},
						"4.05": {
							"post": [0, 0, 0],
							"lerp_mode": "catmullrom"
						}
					}
				},
				"righthand": {
					"rotation": {
						"0.05": [94.93393, 4.57237, -174.60633],
						"0.2": [94.92007, 1.58345, -174.86433],
						"4.4": [94.92007, 1.58345, -174.86433],
						"4.55": [94.93393, 4.57237, -174.60633]
					},
					"position": {
						"0.05": [-7.09303, -16.02913, 4.50219],
						"0.2": [-8.75, -16.025, 4.475],
						"4.4": [-8.75, -16.025, 4.475],
						"4.55": [-7.09303, -16.02913, 4.50219]
					},
					"scale": [1, 1.5, 1]
				},
				"bullet_in_barrel": {
					"position": {
						"4.75": [0, 0, 0],
						"4.85": [0, 0, 0.775],
						"5.6": [0, 0, 0.775],
						"5.65": [0, 0, 0]
					}
				},
				"slide": {
					"position": {
						"4.75": [0, 0, 0],
						"4.85": [0, 0, 0.665],
						"5.6": [0, 0, 0.665],
						"5.65": [0, 0, 0]
					}
				},
				"additional_magazine": {
					"scale": 0
				},
				"camera": {
					"rotation": {
						"0.0": {
							"post": [0, 0, 0],
							"lerp_mode": "catmullrom"
						},
						"0.15": {
							"post": [0.35, 0, -0.2],
							"lerp_mode": "catmullrom"
						},
						"0.35": {
							"post": [-0.8, 0, -0.7],
							"lerp_mode": "catmullrom"
						},
						"0.6": {
							"post": [-1.3, 0, -0.9],
							"lerp_mode": "catmullrom"
						},
						"0.95": {
							"post": [-1.2, 0, -0.7],
							"lerp_mode": "catmullrom"
						},
						"1.25": {
							"post": [3, 0, -0.7],
							"lerp_mode": "catmullrom"
						},
						"1.55": {
							"post": [4.7, 0, -0.7],
							"lerp_mode": "catmullrom"
						},
						"1.85": {
							"post": [5, 0, -0.7],
							"lerp_mode": "catmullrom"
						},
						"2.1": {
							"post": [3.2, 0, -0.7],
							"lerp_mode": "catmullrom"
						},
						"2.2": {
							"post": [4.53, -0.75, 0.525],
							"lerp_mode": "catmullrom"
						},
						"2.45": {
							"post": [5.3, -3.2, -0.325],
							"lerp_mode": "catmullrom"
						},
						"2.85": {
							"post": [5.7, -4.1, 0.6],
							"lerp_mode": "catmullrom"
						},
						"3.1": {
							"post": [5.66, -4.1, 0.6],
							"lerp_mode": "catmullrom"
						},
						"3.3": {
							"post": [4.9, -5.6, 0.6],
							"lerp_mode": "catmullrom"
						},
						"3.6": {
							"post": [4.54, -5.7, 0.3],
							"lerp_mode": "catmullrom"
						},
						"3.8": {
							"post": [4.5, -5.7, 0.2],
							"lerp_mode": "catmullrom"
						},
						"4.0": {
							"post": [2.4, -0.91, -0.6],
							"lerp_mode": "catmullrom"
						},
						"4.15": {
							"post": [1.6, 0.2, -0.7],
							"lerp_mode": "catmullrom"
						},
						"4.2": {
							"post": [1.95, 0.44, 0.205],
							"lerp_mode": "catmullrom"
						},
						"4.25": {
							"post": [2.22, 0.56, -0.575],
							"lerp_mode": "catmullrom"
						},
						"4.35": {
							"post": [0.74, 0.71, -0.175],
							"lerp_mode": "catmullrom"
						},
						"4.45": {
							"post": [1.4, 1.5, -0.05],
							"lerp_mode": "catmullrom"
						},
						"4.75": {
							"post": [6.1, 3.8, 0.4],
							"lerp_mode": "catmullrom"
						},
						"4.85": {
							"post": [6.94, 4.16, 0.95],
							"lerp_mode": "catmullrom"
						},
						"4.95": {
							"post": [6.33, 4.35, 0.275],
							"lerp_mode": "catmullrom"
						},
						"5.1": {
							"post": [6.52, 4.6, 0.7],
							"lerp_mode": "catmullrom"
						},
						"5.35": {
							"post": [6.7, 4.6, 0.8],
							"lerp_mode": "catmullrom"
						},
						"5.6": {
							"post": [6.28, 4.72, 0.4],
							"lerp_mode": "catmullrom"
						},
						"5.65": {
							"post": [7, 4.76, 1.6],
							"lerp_mode": "catmullrom"
						},
						"5.75": {
							"post": [5, 4.4, -0.15],
							"lerp_mode": "catmullrom"
						},
						"5.95": {
							"post": [0.61, 1, 0.225],
							"lerp_mode": "catmullrom"
						},
						"6.05": {
							"post": [0, 0.25, -0.06],
							"lerp_mode": "catmullrom"
						},
						"6.1": {
							"post": [0.375, 0.1, 0.45],
							"lerp_mode": "catmullrom"
						},
						"6.25": {
							"post": [-0.075, 0, -0.15],
							"lerp_mode": "catmullrom"
						},
						"6.4": {
							"post": [0, 0, 0],
							"lerp_mode": "catmullrom"
						},
						"6.6": {
							"post": [0, 0, 0],
							"lerp_mode": "catmullrom"
						}
					}
				}
			},
			"sound_effects": {
				"0.0": {
					"effect": "tacz:cz75/cz75_inspect_raise"
				},
				"1.75": {
					"effect": "tacz:cz75/cz75_inspect_magout"
				},
				"3.95": {
					"effect": "tacz:cz75/cz75_inspect_magin"
				},
				"4.05": {
					"effect": "tacz:cz75/cz75_inspect_maghit"
				},
				"4.45": {
					"effect": "tacz:cz75/cz75_inspect_empty_flip"
				},
				"4.75": {
					"effect": "tacz:cz75/cz75_inspect_slidepull"
				},
				"5.5": {
					"effect": "tacz:cz75/cz75_inspect_sliderelease"
				},
				"5.75": {
					"effect": "tacz:cz75/cz75_inspect_empty_end"
				}
			}
		},
		"inspect_empty": {
			"animation_length": 6.65,
			"bones": {
				"root": {
					"rotation": {
						"0.0": {
							"post": [0, 0, 0],
							"lerp_mode": "catmullrom"
						},
						"0.15": {
							"post": [1.41878, -32.6402, -30.55741],
							"lerp_mode": "catmullrom"
						},
						"0.3": {
							"post": [17.13043, -59.61932, -72.33833],
							"lerp_mode": "catmullrom"
						},
						"0.45": {
							"post": [28.975, -60.035, -87.94],
							"lerp_mode": "catmullrom"
						},
						"0.7": {
							"post": [30.92412, -59.90293, -87.91478],
							"lerp_mode": "catmullrom"
						},
						"1.05": {
							"post": [31.77, -60.36, -89.09],
							"lerp_mode": "catmullrom"
						},
						"1.25": {
							"post": [39.31625, -57.06039, -98.29279],
							"lerp_mode": "catmullrom"
						},
						"1.55": {
							"post": [37.75361, -58.30658, -96.72799],
							"lerp_mode": "catmullrom"
						},
						"1.9": {
							"post": [35.22935, -59.1162, -92.88548],
							"lerp_mode": "catmullrom"
						},
						"2.1": [6.69829, -58.01955, -54.35519],
						"2.2": [6.7, -58.02, -54.36],
						"2.25": [9.51803, -57.59611, -59.46144],
						"2.35": [4.71708, -58.13496, -52.02431],
						"3.4": [6.7, -58.02, -54.36],
						"4.05": [14.14703, -51.26744, -67.44698],
						"4.15": [14.15, -51.27, -67.45],
						"4.2": [-4.54367, -52.27001, -47.25437],
						"4.25": [8.03457, -51.34164, -59.11783],
						"4.35": [2.68002, -49.48579, -49.96644],
						"4.5": {
							"pre": [-10.98, -11.68, 0.59],
							"post": [-10.98, -11.68, 0.59],
							"lerp_mode": "catmullrom"
						},
						"4.65": {
							"post": [-24.33708, 22.78624, 44.14872],
							"lerp_mode": "catmullrom"
						},
						"4.75": {
							"post": [-27.295, 30.03, 53.805],
							"lerp_mode": "catmullrom"
						},
						"5.05": {
							"post": [-28.66729, 29.78374, 56.18402],
							"lerp_mode": "catmullrom"
						},
						"5.25": {
							"post": [-29.31887, 29.79237, 57.16253],
							"lerp_mode": "catmullrom"
						},
						"5.4": {
							"post": [-31.84916, 29.70315, 56.24026],
							"lerp_mode": "catmullrom"
						},
						"5.65": {
							"post": [-30.83549, 28.05403, 54.87785],
							"lerp_mode": "catmullrom"
						},
						"5.75": {
							"post": [-25.702, 20.61374, 45.58841],
							"lerp_mode": "catmullrom"
						},
						"5.85": {
							"post": [-10.75227, 7.08361, 37.40951],
							"lerp_mode": "catmullrom"
						},
						"6.05": {
							"post": [0.975, 0, 5.025],
							"lerp_mode": "catmullrom"
						},
						"6.15": {
							"post": [0.975, 0.975, -1.475],
							"lerp_mode": "catmullrom"
						},
						"6.25": {
							"post": [0, -0.975, 0.975],
							"lerp_mode": "catmullrom"
						},
						"6.4": {
							"post": [0, 0, -0.5],
							"lerp_mode": "catmullrom"
						},
						"6.6": {
							"post": [0, 0, 0],
							"lerp_mode": "catmullrom"
						}
					},
					"position": {
						"0.0": {
							"post": [0, 0, 0],
							"lerp_mode": "catmullrom"
						},
						"0.1": {
							"post": [-0.6, 0.22, 0.995],
							"lerp_mode": "catmullrom"
						},
						"0.3": {
							"post": [-0.75, 3.9875, 1.7],
							"lerp_mode": "catmullrom"
						},
						"0.45": {
							"post": [-0.9, 4.35, 1.7],
							"lerp_mode": "catmullrom"
						},
						"0.65": {
							"post": [-1.05, 4.3125, 1.6],
							"lerp_mode": "catmullrom"
						},
						"1.0": {
							"post": [-0.975, 4.4875, 1.6],
							"lerp_mode": "catmullrom"
						},
						"1.2": {
							"post": [-0.975, 4.7275, 1.5375],
							"lerp_mode": "catmullrom"
						},
						"1.55": {
							"post": [-1.025, 4.8425, 1.5375],
							"lerp_mode": "catmullrom"
						},
						"1.9": {
							"post": [-1.025, 4.7825, 1.54],
							"lerp_mode": "catmullrom"
						},
						"2.05": {
							"post": [-1.275, 3.605, 1.8525],
							"lerp_mode": "catmullrom"
						},
						"2.25": {
							"post": [-1.49385, 3.81172, 1.855],
							"lerp_mode": "catmullrom"
						},
						"2.5": {
							"post": [-1.50089, 3.68453, 1.855],
							"lerp_mode": "catmullrom"
						},
						"3.15": {
							"post": [-1.49562, 3.66909, 1.85],
							"lerp_mode": "catmullrom"
						},
						"3.8": {
							"post": [-1.62589, 3.68453, 1.855],
							"lerp_mode": "catmullrom"
						},
						"4.05": [-2.225, 4.355, 1.905],
						"4.15": [-2.125, 4.2175, 1.905],
						"4.2": [-1.88033, 3.3081, 1.905],
						"4.3": [-2.10534, 3.46398, 1.905],
						"4.4": [-2.32683, 2.98754, 2.11],
						"4.55": {
							"pre": [-2.02, 1.345, 2.5],
							"post": [-2.02, 1.345, 2.5],
							"lerp_mode": "catmullrom"
						},
						"4.65": {
							"post": [-1.81647, 1.17933, 2.705],
							"lerp_mode": "catmullrom"
						},
						"4.8": {
							"post": [-1.79103, 1.03105, 2.58],
							"lerp_mode": "catmullrom"
						},
						"5.05": {
							"post": [-1.89201, 1.08629, 2.645],
							"lerp_mode": "catmullrom"
						},
						"5.35": {
							"post": [-1.81501, 1.1986, 2.6375],
							"lerp_mode": "catmullrom"
						},
						"5.65": {
							"post": [-1.80557, 1.2548, 2.705],
							"lerp_mode": "catmullrom"
						},
						"5.85": {
							"post": [-1.5025, 0.9575, 2.235],
							"lerp_mode": "catmullrom"
						},
						"6.05": {
							"post": [0, -1.1625, -0.2625],
							"lerp_mode": "catmullrom"
						},
						"6.15": {
							"post": [-0.0375, -0.2625, 0.2375],
							"lerp_mode": "catmullrom"
						},
						"6.3": {
							"post": [0, -0.0125, -0.0375],
							"lerp_mode": "catmullrom"
						},
						"6.45": {
							"post": [0, 0, 0],
							"lerp_mode": "catmullrom"
						}
					}
				},
				"mag_and_lefthand": {
					"rotation": {
						"2.25": {
							"pre": [0, 0, 0],
							"post": [0, 0, 0],
							"lerp_mode": "catmullrom"
						},
						"2.55": {
							"post": [-21.09225, 15.09386, 33.74444],
							"lerp_mode": "catmullrom"
						},
						"2.7": {
							"post": [-24.23, 19.8, 41.69],
							"lerp_mode": "catmullrom"
						},
						"2.85": {
							"post": [-23.195, 20.19, 42.16],
							"lerp_mode": "catmullrom"
						},
						"3.05": {
							"post": [-21.145, 20, 42.63],
							"lerp_mode": "catmullrom"
						},
						"3.15": {
							"post": [-12.21, 20.45, 51.71],
							"lerp_mode": "catmullrom"
						},
						"3.25": {
							"post": [21.03733, 25.88859, 91.20885],
							"lerp_mode": "catmullrom"
						},
						"3.35": {
							"post": [26.74, 26.65, 99.3],
							"lerp_mode": "catmullrom"
						},
						"3.75": {
							"post": [25.43, 27.2, 97.77],
							"lerp_mode": "catmullrom"
						},
						"3.85": {
							"post": [20.29, 21.87, 80.25],
							"lerp_mode": "catmullrom"
						},
						"4.05": {
							"post": [3, 0, 7.75],
							"lerp_mode": "catmullrom"
						},
						"4.15": {
							"post": [0, 0, 0],
							"lerp_mode": "catmullrom"
						}
					},
					"position": {
						"2.1": {
							"pre": [0, 0, 0],
							"post": [0, 0, 0],
							"lerp_mode": "catmullrom"
						},
						"2.25": {
							"post": [0, -5.6, 2],
							"lerp_mode": "catmullrom"
						},
						"2.35": {
							"post": [-0.36593, -5.91599, 0.36663],
							"lerp_mode": "catmullrom"
						},
						"2.45": {
							"post": [-0.32987, -5.51338, -1.82655],
							"lerp_mode": "catmullrom"
						},
						"2.65": {
							"post": [-0.22953, -5.03451, -1.96581],
							"lerp_mode": "catmullrom"
						},
						"3.0": {
							"post": [-0.215, -4.775, -1.99],
							"lerp_mode": "catmullrom"
						},
						"3.15": {
							"post": [-0.215, -4.785, -1.99],
							"lerp_mode": "catmullrom"
						},
						"3.45": {
							"post": [-0.245, -5.38, -2.04],
							"lerp_mode": "catmullrom"
						},
						"3.75": {
							"post": [-0.32987, -5.76338, -1.57655],
							"lerp_mode": "catmullrom"
						},
						"3.9": {
							"post": [-0.71606, -6.32955, 0.73222],
							"lerp_mode": "catmullrom"
						},
						"4.05": [0, -5.825, 2],
						"4.15": [0, -5.3875, 2],
						"4.2": {
							"pre": [0, 0, 0],
							"post": [0, 0, 0],
							"lerp_mode": "catmullrom"
						}
					}
				},
				"lefthand": {
					"rotation": {
						"0.0": [111.33, -370.95, -185.06],
						"0.1": [154.25283, -361.88285, -220.96828],
						"0.3": [156.42707, -414.79862, -211.22804],
						"1.8": [156.42707, -414.79862, -211.22804],
						"2.0": [86.4886, -395.4026, -82.6716],
						"4.4": [85.78035, -395.33518, -81.44806],
						"4.6": [111.33, -370.95, -185.06]
					},
					"position": {
						"0.0": [6.965, -17.135, 2.895],
						"0.05": [10.15649, -20.12671, 0.94958],
						"0.1": [8.73314, -26.45807, -0.28884],
						"0.3": [3.52205, -27.61835, 9.09061],
						"1.8": [3.52205, -27.61835, 9.09061],
						"2.0": [6.38269, -20.39876, 5.95709],
						"4.4": [6.38269, -20.39876, 5.95709],
						"4.6": [6.965, -17.135, 2.895],
						"5.55": [6.97, -17.14, 2.9]
					},
					"scale": {
						"0.0": [1, 1.5, 1],
						"4.6": [1, 1.5, 1]
					}
				},
				"bullet": {
					"scale": 0
				},
				"main": {
					"rotation": {
						"2.2": {
							"pre": [0, 0, 0],
							"post": [0, 0, 0],
							"lerp_mode": "catmullrom"
						},
						"2.4": {
							"post": [-0.84, 8.57, 15.89],
							"lerp_mode": "catmullrom"
						},
						"2.55": {
							"post": [-1.44014, 14.68286, 27.51944],
							"lerp_mode": "catmullrom"
						},
						"2.9": {
							"post": [0.3847, 15.80549, 33.54395],
							"lerp_mode": "catmullrom"
						},
						"3.3": {
							"post": [-0.62866, 17.11563, 33.08116],
							"lerp_mode": "catmullrom"
						},
						"3.6": {
							"post": [-0.65248, 15.53765, 32.19561],
							"lerp_mode": "catmullrom"
						},
						"3.8": {
							"post": [-0.73445, 13.2648, 31.77578],
							"lerp_mode": "catmullrom"
						},
						"3.9": {
							"post": [-0.9, 8.14, 16.33],
							"lerp_mode": "catmullrom"
						},
						"4.05": {
							"post": [0, 0, 0],
							"lerp_mode": "catmullrom"
						},
						"6.05": {
							"post": [0, 0, 0],
							"lerp_mode": "catmullrom"
						}
					},
					"position": {
						"2.2": {
							"pre": [0, 0, 0],
							"post": [0, 0, 0],
							"lerp_mode": "catmullrom"
						},
						"2.35": {
							"post": [-0.216, 0.26193, 0.30274],
							"lerp_mode": "catmullrom"
						},
						"2.5": {
							"post": [-1.04729, -0.40442, 1.56498],
							"lerp_mode": "catmullrom"
						},
						"2.65": {
							"post": [-1.55596, -0.68972, 2.36642],
							"lerp_mode": "catmullrom"
						},
						"2.95": {
							"post": [-1.56803, -0.60607, 2.38997],
							"lerp_mode": "catmullrom"
						},
						"3.2": {
							"post": [-1.53577, -0.57531, 2.36734],
							"lerp_mode": "catmullrom"
						},
						"3.6": {
							"post": [-1.47957, -0.57466, 2.29538],
							"lerp_mode": "catmullrom"
						},
						"3.8": {
							"post": [-1.29125, -0.58407, 1.92015],
							"lerp_mode": "catmullrom"
						},
						"3.9": {
							"post": [-0.715, -0.225, 1.09],
							"lerp_mode": "catmullrom"
						},
						"4.05": {
							"post": [0, 0, 0],
							"lerp_mode": "catmullrom"
						}
					}
				},
				"righthand": {
					"rotation": {
						"0.0": [94.93393, 4.57237, -174.60633],
						"0.05": [94.93393, 4.57237, -174.60633],
						"0.2": [94.92007, 1.58345, -174.86433],
						"4.4": [94.92007, 1.58345, -174.86433],
						"4.55": [94.93393, 4.57237, -174.60633]
					},
					"position": {
						"0.0": [-7.09303, -16.02913, 4.50219],
						"0.05": [-7.09303, -16.02913, 4.50219],
						"0.2": [-8.75, -16.025, 4.475],
						"4.4": [-8.75, -16.025, 4.475],
						"4.55": [-7.09303, -16.02913, 4.50219]
					},
					"scale": [1, 1.5, 1]
				},
				"slide": {
					"position": [0, 0, 2.1]
				},
				"additional_magazine": {
					"scale": 0
				},
				"release": {
					"rotation": [8.5, 0, 0]
				},
				"group2": {
					"rotation": [-1.25, 0, 0],
					"position": [0, 0.025, 0.225]
				},
				"camera": {
					"rotation": {
						"0.0": {
							"post": [0, 0, 0],
							"lerp_mode": "catmullrom"
						},
						"0.15": {
							"post": [0.35, 0, -0.2],
							"lerp_mode": "catmullrom"
						},
						"0.35": {
							"post": [-0.8, 0, -0.7],
							"lerp_mode": "catmullrom"
						},
						"0.6": {
							"post": [-1.3, 0, -0.9],
							"lerp_mode": "catmullrom"
						},
						"0.95": {
							"post": [-1.2, 0, -0.7],
							"lerp_mode": "catmullrom"
						},
						"1.25": {
							"post": [3, 0, -0.7],
							"lerp_mode": "catmullrom"
						},
						"1.55": {
							"post": [4.7, 0, -0.7],
							"lerp_mode": "catmullrom"
						},
						"1.85": {
							"post": [5, 0, -0.7],
							"lerp_mode": "catmullrom"
						},
						"2.1": {
							"post": [3.2, 0, -0.7],
							"lerp_mode": "catmullrom"
						},
						"2.2": {
							"post": [4.53, -0.75, 0.525],
							"lerp_mode": "catmullrom"
						},
						"2.45": {
							"post": [5.3, -3.2, -0.325],
							"lerp_mode": "catmullrom"
						},
						"2.85": {
							"post": [5.7, -4.1, 0.6],
							"lerp_mode": "catmullrom"
						},
						"3.1": {
							"post": [5.66, -4.1, 0.6],
							"lerp_mode": "catmullrom"
						},
						"3.3": {
							"post": [4.9, -5.6, 0.6],
							"lerp_mode": "catmullrom"
						},
						"3.6": {
							"post": [4.54, -5.7, 0.3],
							"lerp_mode": "catmullrom"
						},
						"3.8": {
							"post": [4.5, -5.7, 0.2],
							"lerp_mode": "catmullrom"
						},
						"4.0": {
							"post": [2.4, -0.91, -0.6],
							"lerp_mode": "catmullrom"
						},
						"4.15": {
							"post": [1.6, 0.2, -0.7],
							"lerp_mode": "catmullrom"
						},
						"4.2": {
							"post": [1.95, 0.44, 0.205],
							"lerp_mode": "catmullrom"
						},
						"4.25": {
							"post": [2.22, 0.56, -0.575],
							"lerp_mode": "catmullrom"
						},
						"4.35": {
							"post": [1.14, 0.71, -0.175],
							"lerp_mode": "catmullrom"
						},
						"4.45": {
							"post": [1.8, 1.5, -0.05],
							"lerp_mode": "catmullrom"
						},
						"4.75": {
							"post": [8.1, 7.3, 0.4],
							"lerp_mode": "catmullrom"
						},
						"5.1": {
							"post": [9.42, 8.5, 0.7],
							"lerp_mode": "catmullrom"
						},
						"5.35": {
							"post": [9.6, 8.5, 0.8],
							"lerp_mode": "catmullrom"
						},
						"5.6": {
							"post": [9.18, 8.12, 0.4],
							"lerp_mode": "catmullrom"
						},
						"5.75": {
							"post": [7.4, 6.5, -0.15],
							"lerp_mode": "catmullrom"
						},
						"5.95": {
							"post": [0.61, 1, 0.225],
							"lerp_mode": "catmullrom"
						},
						"6.05": {
							"post": [0, 0.25, -0.06],
							"lerp_mode": "catmullrom"
						},
						"6.1": {
							"post": [0.375, 0.1, 0.45],
							"lerp_mode": "catmullrom"
						},
						"6.25": {
							"post": [-0.075, 0, -0.15],
							"lerp_mode": "catmullrom"
						},
						"6.4": {
							"post": [0, 0, 0],
							"lerp_mode": "catmullrom"
						},
						"6.6": {
							"post": [0, 0, 0],
							"lerp_mode": "catmullrom"
						}
					}
				}
			},
			"sound_effects": {
				"0.0": {
					"effect": "tacz:cz75/cz75_inspect_raise"
				},
				"1.75": {
					"effect": "tacz:cz75/cz75_inspect_magout"
				},
				"3.95": {
					"effect": "tacz:cz75/cz75_inspect_magin"
				},
				"4.05": {
					"effect": "tacz:cz75/cz75_inspect_maghit"
				},
				"4.45": {
					"effect": "tacz:cz75/cz75_inspect_empty_flip"
				},
				"5.75": {
					"effect": "tacz:cz75/cz75_inspect_empty_end"
				}
			}
		},
		"new": {
			"loop": true
		},
		"run_start": {
			"animation_length": 0.55,
			"bones": {
				"root": {
					"rotation": {
						"0.0": [0, 0, 0],
						"0.05": [2.8, -0.48, 3.97],
						"0.1": [5.79, -1.19, 9.23],
						"0.15": [1.73, -2.05, 11.57],
						"0.2": [-10.48, -2.9, 9.39],
						"0.25": [-28.47, -3.91, 4.94],
						"0.3": [-46.79, -4.85, 0.12],
						"0.35": [-59.98, -5.5, -3.14],
						"0.4": [-66.1, -5.75, -4.18],
						"0.45": [-68.22, -5.72, -4.06],
						"0.5": [-68.4, -5.59, -3.49],
						"0.55": [-68.73, -5.5, -3.14]
					},
					"position": {
						"0.0": [0, 0, 0],
						"0.05": [0.06, -0.64, -0.32],
						"0.1": [0.17, -1.58, -0.79],
						"0.15": [0.17, -2.44, -1.22],
						"0.2": [-0.09, -2.83, -1.45],
						"0.25": [-1.13, -2.25, -1.28],
						"0.3": [-2.54, -1.06, -0.83],
						"0.35": [-3.57, -0.19, -0.51],
						"0.4": [-3.83, -0.04, -0.47],
						"0.45": [-3.82, -0.12, -0.51],
						"0.5": [-3.71, -0.28, -0.59],
						"0.55": [-3.64, -0.38, -0.64]
					}
				},
				"camera": {
					"rotation": {
						"0.0": {
							"post": [0, 0, 0],
							"lerp_mode": "catmullrom"
						},
						"0.1": {
							"post": [0.75, 0, -0.5],
							"lerp_mode": "catmullrom"
						},
						"0.2": {
							"post": [-0.25, 0, 0.1875],
							"lerp_mode": "catmullrom"
						},
						"0.3": {
							"post": [0, 0, 0],
							"lerp_mode": "catmullrom"
						},
						"0.4": {
							"post": [0, 0, 0],
							"lerp_mode": "catmullrom"
						}
					}
				}
			}
		},
		"run": {
			"animation_length": 0.8,
			"bones": {
				"root": {
					"rotation": {
						"0.0": [-68.73, -5.5, -3.14],
						"0.05": [-68.99, -7.39, -3.57],
						"0.1": [-69.36, -9.11, -3.81],
						"0.15": [-69.45, -10.1, -3.75],
						"0.2": [-68.82, -9.82, -3.09],
						"0.25": [-67.92, -8.81, -2.13],
						"0.3": [-67.68, -8.15, -1.7],
						"0.35": [-68.9, -8.72, -2.46],
						"0.4": [-70.77, -9.63, -3.74],
						"0.45": [-71.87, -9.32, -4.34],
						"0.5": [-71.58, -7.25, -3.75],
						"0.55": [-70.7, -4.07, -2.59],
						"0.6": [-69.68, -1.04, -1.42],
						"0.65": [-68.98, 0.57, -0.8],
						"0.7": [-68.67, -0.33, -1.21],
						"0.75": [-68.65, -3, -2.27],
						"0.8": [-68.73, -5.5, -3.14]
					},
					"position": {
						"0.0": [-3.64, -0.38, -0.64],
						"0.05": [-3.63, -0.52, -0.64],
						"0.1": [-3.66, -0.87, -0.64],
						"0.15": [-3.67, -1.23, -0.64],
						"0.2": [-3.64, -1.38, -0.64],
						"0.25": [-3.52, -1.18, -0.64],
						"0.3": [-3.34, -0.78, -0.64],
						"0.35": [-3.19, -0.39, -0.64],
						"0.4": [-3.14, -0.23, -0.64],
						"0.45": [-3.26, -0.47, -0.64],
						"0.5": [-3.5, -0.94, -0.64],
						"0.55": [-3.74, -1.42, -0.64],
						"0.6": [-3.89, -1.64, -0.64],
						"0.65": [-3.89, -1.46, -0.64],
						"0.7": [-3.81, -1.04, -0.64],
						"0.75": [-3.71, -0.6, -0.64],
						"0.8": [-3.64, -0.38, -0.64]
					}
				},
				"camera": {
					"rotation": {
						"0.0": [0, 0, 0],
						"0.05": [0.09, 0, 0.15],
						"0.1": [0.13, 0, 0.25],
						"0.15": [-0.07, 0, 0.07],
						"0.2": [-0.25, 0, -0.12],
						"0.25": [-0.15, 0, -0.09],
						"0.3": [0, 0, 0],
						"0.35": [0.02, 0, 0.02],
						"0.4": [0, 0, 0],
						"0.45": [-0.01, 0, -0.08],
						"0.5": [0, 0, -0.12],
						"0.55": [0.08, 0, 0],
						"0.6": [0.13, 0, 0.13],
						"0.65": [0, 0, 0.08],
						"0.7": [-0.12, 0, 0],
						"0.75": [-0.09, 0, -0.02],
						"0.8": [0, 0, 0]
					}
				}
			}
		},
		"run_hold": {
			"animation_length": 0.2917,
			"bones": {
				"root": {
					"rotation": [-68.73314, -5.50468, -3.14473],
					"position": [-3.64, -0.38, -0.64]
				}
			}
		},
		"shoot": {
			"animation_length": 0.3333,
			"bones": {
				"root": {
					"rotation": {
						"0.0": [0, 0, 0],
						"0.0333": [-14.37239, 2.16014, -2.24888],
						"0.1333": [3.17319, -2.40185, -5.40991],
						"0.2": [0.74965, -0.0229, 1.74985],
						"0.2667": [0, 0, 0]
					},
					"position": {
						"0.0": {
							"post": [0, 0, 0],
							"lerp_mode": "catmullrom"
						},
						"0.0333": {
							"post": [0, 0.25, 2.15],
							"lerp_mode": "catmullrom"
						},
						"0.0667": {
							"post": [0, 0.85, 2.2],
							"lerp_mode": "catmullrom"
						},
						"0.1333": {
							"post": [0, 0.06875, -0.275],
							"lerp_mode": "catmullrom"
						},
						"0.2": {
							"post": [0, -0.1125, 0],
							"lerp_mode": "catmullrom"
						},
						"0.2667": {
							"post": [0, 0, 0],
							"lerp_mode": "catmullrom"
						}
					}
				},
				"slide": {
					"position": {
						"0.0": [0, 0, 0],
						"0.0667": {
							"pre": [0, 0, 2.375],
							"post": [0, 0, 2.375],
							"lerp_mode": "catmullrom"
						},
						"0.1333": [0, 0, 0]
					}
				},
				"hammer": {
					"rotation": {
						"0.0": [37.5, 0, 0],
						"0.0333": [-27.5, 0, 0],
						"0.0667": [0, 0, 0]
					},
					"position": [0, 0, 0]
				},
				"camera": {
					"rotation": {
						"0.0": {
							"post": [0, 0, 0],
							"lerp_mode": "catmullrom"
						},
						"0.0333": {
							"post": [0, 0, 0.925],
							"lerp_mode": "catmullrom"
						},
						"0.0667": {
							"post": [0, 0, -0.7],
							"lerp_mode": "catmullrom"
						},
						"0.1": {
							"post": [0, 0, 0.4],
							"lerp_mode": "catmullrom"
						},
						"0.1333": {
							"post": [0, 0, -0.22],
							"lerp_mode": "catmullrom"
						},
						"0.1667": {
							"post": [0, 0, 0],
							"lerp_mode": "catmullrom"
						}
					}
				}
			}
		},
		"shoot1": {
			"loop": true,
			"animation_length": 0.5833,
			"bones": {
				"root": {
					"rotation": {
						"0.0": {
							"post": [0, 0, 0],
							"lerp_mode": "catmullrom"
						},
						"0.0167": {
							"post": [-2.59768, 0.1525, 1.74334],
							"lerp_mode": "catmullrom"
						},
						"0.05": {
							"post": [-8.70824, -1.30704, -2.72798],
							"lerp_mode": "catmullrom"
						},
						"0.0833": {
							"post": [-4.4375, 0, 0],
							"lerp_mode": "catmullrom"
						},
						"0.1167": {
							"post": [0.84251, -0.98521, -1.02186],
							"lerp_mode": "catmullrom"
						},
						"0.1667": {
							"post": [0.65, 0.2, 0],
							"lerp_mode": "catmullrom"
						},
						"0.2333": {
							"post": [0.05, 0.13, 0.1],
							"lerp_mode": "catmullrom"
						},
						"0.35": {
							"post": [0, 0, 0],
							"lerp_mode": "catmullrom"
						}
					},
					"position": {
						"0.0": {
							"post": [0, 0, 0],
							"lerp_mode": "catmullrom"
						},
						"0.0333": {
							"post": [0, -0.2225, 0.5375],
							"lerp_mode": "catmullrom"
						},
						"0.0833": {
							"post": [0, 0.175, -0.05],
							"lerp_mode": "catmullrom"
						},
						"0.1167": {
							"post": [0, 0.0625, 0.2625],
							"lerp_mode": "catmullrom"
						},
						"0.1667": {
							"post": [0, -0.1, 0.075],
							"lerp_mode": "catmullrom"
						},
						"0.2333": {
							"post": [0, -0.005, -0.015],
							"lerp_mode": "catmullrom"
						},
						"0.3167": {
							"post": [0, 0, 0],
							"lerp_mode": "catmullrom"
						}
					}
				},
				"hammer": {
					"rotation": {
						"0.0": [42.5, 0, 0],
						"0.0333": [-17.5, 0, 0],
						"0.0667": [-17.5, 0, 0],
						"0.1": [0, 0, 0]
					}
				},
				"slide": {
					"position": {
						"0.0": [0, 0, 0],
						"0.0333": [0, 0, 2.1],
						"0.0667": [0, 0, 2.1],
						"0.1": [0, 0, 0]
					}
				},
				"constraint": {
					"rotation": {
						"0.0833": [0.15, 0.3, 0.3],
						"0.2167": [0, 0, 0]
					},
					"position": {
						"0.0833": [0.2, 0.2, 0.3],
						"0.2167": [0, 0, 0]
					}
				},
				"camera": {
					"rotation": {
						"0.0": {
							"post": [0, 0, 0],
							"lerp_mode": "catmullrom"
						},
						"0.0167": {
							"post": [0, 0, 0],
							"lerp_mode": "catmullrom"
						},
						"0.0333": {
							"post": [0, 0, 1.025],
							"lerp_mode": "catmullrom"
						},
						"0.05": {
							"post": [0, 0, -0.7],
							"lerp_mode": "catmullrom"
						},
						"0.0833": {
							"post": [0, 0, 0.6],
							"lerp_mode": "catmullrom"
						},
						"0.1333": {
							"post": [0, 0, -0.3],
							"lerp_mode": "catmullrom"
						},
						"0.2": {
							"post": [0, 0, 0.35],
							"lerp_mode": "catmullrom"
						},
						"0.2833": {
							"post": [0, 0, -0.15],
							"lerp_mode": "catmullrom"
						},
						"0.3833": {
							"post": [0, 0, 0],
							"lerp_mode": "catmullrom"
						}
					}
				}
			}
		},
		"run_end": {
			"animation_length": 0.65,
			"bones": {
				"root": {
					"rotation": {
						"0.0": [-68.73, -5.5, -3.14],
						"0.05": [-55.61, -4.21, 0.37],
						"0.1": [-36.44, -2.32, 5.59],
						"0.15": [-17.16, -0.44, 10.34],
						"0.2": [-3.66, 0.81, 12.47],
						"0.25": [1.72, 1.17, 10.52],
						"0.3": [2.4, 1, 5.92],
						"0.35": [1.03, 0.62, 0.91],
						"0.4": [0.28, 0.35, -2.3],
						"0.45": [0.49, 0.21, -2.71],
						"0.5": [0.23, 0.09, -1.23],
						"0.55": [0, 0, 0],
						"0.6": [-0.02, -0.02, 0.14],
						"0.65": [0, 0, 0]
					},
					"position": {
						"0.0": [-3.64, -0.38, -0.64],
						"0.05": [-2.73, -1.11, -1.21],
						"0.1": [-1.47, -2.08, -1.96],
						"0.15": [-0.5, -2.5, -2.25],
						"0.2": [-0.17, -2.06, -1.84],
						"0.25": [-0.04, -1.17, -1.06],
						"0.3": [-0.01, -0.24, -0.23],
						"0.35": [0.02, 0.37, 0.3],
						"0.4": [0.06, 0.47, 0.4],
						"0.45": [0.05, 0.22, 0.18],
						"0.5": [0.03, 0.01, -0.01],
						"0.55": [0.02, -0.02, -0.03],
						"0.6": [0.01, -0.01, -0.01],
						"0.65": [0, 0, 0]
					}
				},
				"camera": {
					"rotation": {
						"0.25": {
							"pre": [0, 0, 0],
							"post": [0, 0, 0],
							"lerp_mode": "catmullrom"
						},
						"0.3": {
							"post": [0, 0, 0.3],
							"lerp_mode": "catmullrom"
						},
						"0.35": {
							"post": [0, 0, -0.125],
							"lerp_mode": "catmullrom"
						},
						"0.45": {
							"post": [0, 0, 0],
							"lerp_mode": "catmullrom"
						}
					}
				}
			}
		},
		"melee_push": {
			"animation_length": 0.7083,
			"bones": {
				"root": {
					"rotation": {
						"0.0": {
							"post": [0, 0, 0],
							"lerp_mode": "catmullrom"
						},
						"0.0417": {
							"post": [-16.97003, -2.76041, 45.32806],
							"lerp_mode": "catmullrom"
						},
						"0.0833": [-68.22251, 0.94579, 62.03742],
						"0.125": {
							"pre": [-95.21949, -3.92716, 68.36231],
							"post": [-95.21949, -3.92716, 68.36231],
							"lerp_mode": "catmullrom"
						},
						"0.1458": {
							"post": [-93.0949, -6.87957, 71.48854],
							"lerp_mode": "catmullrom"
						},
						"0.1875": {
							"post": [-95.21949, -3.92716, 70.03731],
							"lerp_mode": "catmullrom"
						},
						"0.2292": {
							"post": [-94.75569, -4.68345, 70.02163],
							"lerp_mode": "catmullrom"
						},
						"0.2708": {
							"post": [-94.26273, -4.5969, 70.01478],
							"lerp_mode": "catmullrom"
						},
						"0.3125": {
							"post": [-79.88972, -2.07157, 66.04397],
							"lerp_mode": "catmullrom"
						},
						"0.4583": {
							"post": [-11.13679, -3.02335, 36.72959],
							"lerp_mode": "catmullrom"
						},
						"0.5417": {
							"post": [-1.07062, 1.22619, 0.89945],
							"lerp_mode": "catmullrom"
						},
						"0.5625": {
							"post": [0.27023, 0.30257, -0.60029],
							"lerp_mode": "catmullrom"
						},
						"0.6042": {
							"post": [0.2151, -0.25061, 0],
							"lerp_mode": "catmullrom"
						},
						"0.6458": [-0.175, 0.1, 0.25],
						"0.6875": [0, 0.25, 0],
						"0.7083": [0, 0, 0]
					},
					"position": {
						"0.0": {
							"post": [0, 0, 0],
							"lerp_mode": "catmullrom"
						},
						"0.0417": {
							"post": [-0.3, 0.6, -2.2],
							"lerp_mode": "catmullrom"
						},
						"0.0833": [-0.3, 0.6, 1.9],
						"0.125": {
							"pre": [-0.3, 1.2, -14.65],
							"post": [-0.3, 1.2, -14.65],
							"lerp_mode": "catmullrom"
						},
						"0.1458": {
							"post": [-0.2, 1.125, -11.6],
							"lerp_mode": "catmullrom"
						},
						"0.1875": {
							"post": [-0.3, 1.2, -11.675],
							"lerp_mode": "catmullrom"
						},
						"0.2292": [-0.25, 1.175, -11.6],
						"0.2708": [-0.25, 1.175, -11.6],
						"0.3125": {
							"pre": [-0.25, 1.175, -11.6],
							"post": [-0.25, 1.175, -11.6],
							"lerp_mode": "catmullrom"
						},
						"0.4583": {
							"post": [-0.25, 1.2, -2.975],
							"lerp_mode": "catmullrom"
						},
						"0.5417": {
							"post": [0.075, -0.075, -0.4],
							"lerp_mode": "catmullrom"
						},
						"0.5625": {
							"post": [0.15, -0.025, 0],
							"lerp_mode": "catmullrom"
						},
						"0.6042": {
							"post": [-0.025, -0.025, 0],
							"lerp_mode": "catmullrom"
						},
						"0.6458": [0, 0, 0],
						"0.6875": [0, 0, 0],
						"0.7083": [0, 0, 0]
					}
				},
				"camera": {
					"rotation": {
						"0.0": {
							"post": [0, 0, 0],
							"lerp_mode": "catmullrom"
						},
						"0.0417": {
							"post": [-1, 0.5, -1],
							"lerp_mode": "catmullrom"
						},
						"0.0833": {
							"post": [-0.5, -0.5, -0.5],
							"lerp_mode": "catmullrom"
						},
						"0.1458": {
							"post": [-0.5, 0.2, -0.5],
							"lerp_mode": "catmullrom"
						},
						"0.1875": {
							"post": [1.2, -2.7, 0],
							"lerp_mode": "catmullrom"
						},
						"0.2292": {
							"post": [-0.8, 0.2, -0.8],
							"lerp_mode": "catmullrom"
						},
						"0.2708": {
							"post": [0.6, -0.2, 0.4],
							"lerp_mode": "catmullrom"
						},
						"0.3125": {
							"post": [0, 0, 0],
							"lerp_mode": "catmullrom"
						},
						"0.3958": {
							"post": [0, 0, 0],
							"lerp_mode": "catmullrom"
						},
						"0.4583": {
							"post": [-0.275, 0.75, 0.25],
							"lerp_mode": "catmullrom"
						},
						"0.5208": {
							"post": [-0.6, 0.175, 0.15],
							"lerp_mode": "catmullrom"
						},
						"0.6042": {
							"post": [0.025, -0.025, 0],
							"lerp_mode": "catmullrom"
						},
						"0.625": {
							"post": [-0.025, 0.025, 0],
							"lerp_mode": "catmullrom"
						},
						"0.6667": {
							"post": [0, 0, 0],
							"lerp_mode": "catmullrom"
						},
						"0.6875": {
							"post": [0, 0, 0],
							"lerp_mode": "catmullrom"
						}
					},
					"position": {
						"0.1458": [0, 0, 0],
						"0.1875": {
							"pre": [0, 0, -0.2],
							"post": [0, 0, -0.2],
							"lerp_mode": "catmullrom"
						},
						"0.2292": {
							"post": [0, 0, 0.125],
							"lerp_mode": "catmullrom"
						},
						"0.2708": {
							"post": [0, 0, 0],
							"lerp_mode": "catmullrom"
						}
					}
				},
				"lefthand_pos": {
					"position": {
						"0.0": [0, 0, 0],
						"0.0417": [-7.17, -3.67, 0],
						"0.0833": [-11.83, -12.08, 2],
						"0.125": [-14, -25, 15.5],
						"0.3542": [-14, -25, 15.5],
						"0.4167": {
							"pre": [-14, -25, 15.5],
							"post": [-11.83, -12.08, 2]
						},
						"0.5": [-7.17, -3.67, 0],
						"0.5833": [0, 0, 0]
					},
					"scale": {
						"0.0833": [1, 1, 1],
						"0.125": [0, 0, 0],
						"0.1875": [0, 0, 0],
						"0.375": [0, 0, 0],
						"0.4375": {
							"pre": [0, 0, 0],
							"post": [1, 1, 1]
						}
					}
				}
			}
		}
	}
}