{
	"format_version": "1.8.0",
	"animations": {
		"reload_tactical": {
			"loop": true,
			"animation_length": 2.5,
			"bones": {
				"root": {
					"rotation": {
						"0.0": {
							"post": [0, 0, 0],
							"lerp_mode": "catmullrom"
						},
						"0.0417": {
							"post": [-2.7631, -0.24227, -0.95523],
							"lerp_mode": "catmullrom"
						},
						"0.125": {
							"post": [-6.7414, -1.3936, -20.2267],
							"lerp_mode": "catmullrom"
						},
						"0.1667": {
							"post": [-13.81976, -1.87763, -21.31008],
							"lerp_mode": "catmullrom"
						},
						"0.2083": {
							"post": [-13.51257, -3.13963, -26.74412],
							"lerp_mode": "catmullrom"
						},
						"0.25": {
							"post": [-13.25363, -0.97184, -15.93254],
							"lerp_mode": "catmullrom"
						},
						"0.3333": {
							"post": [-17.04387, -2.70175, -22.71415],
							"lerp_mode": "catmullrom"
						},
						"0.375": {
							"post": [-16.83385, -2.53512, -21.72634],
							"lerp_mode": "catmullrom"
						},
						"0.4583": {
							"post": [-15.84335, -3.59783, -26.64853],
							"lerp_mode": "catmullrom"
						},
						"0.5833": {
							"post": [-15.04216, -2.56163, -23.03736],
							"lerp_mode": "catmullrom"
						},
						"0.625": {
							"post": [-14.96936, -2.56166, -23.05636],
							"lerp_mode": "catmullrom"
						},
						"0.7083": {
							"post": [-14.45591, -4.92137, -32.00109],
							"lerp_mode": "catmullrom"
						},
						"0.7917": {
							"post": [-15.15198, -1.7801, -20.13884],
							"lerp_mode": "catmullrom"
						},
						"0.9167": {
							"post": [-15.53741, -12.20276, -35.28253],
							"lerp_mode": "catmullrom"
						},
						"1.0": {
							"post": [-14.54305, -15.36873, -39.47037],
							"lerp_mode": "catmullrom"
						},
						"1.0417": {
							"post": [-15.00111, -14.92249, -37.71732],
							"lerp_mode": "catmullrom"
						},
						"1.125": {
							"post": [-14.67546, -15.24262, -38.96875],
							"lerp_mode": "catmullrom"
						},
						"1.1667": {
							"post": [-15.00111, -14.92249, -37.71732],
							"lerp_mode": "catmullrom"
						},
						"1.2083": {
							"post": [-15.47827, -15.46508, -39.71206],
							"lerp_mode": "catmullrom"
						},
						"1.25": {
							"post": [-14.37094, -16.49571, -43.73249],
							"lerp_mode": "catmullrom"
						},
						"1.2917": {
							"post": [-17.28616, -13.40712, -32.48223],
							"lerp_mode": "catmullrom"
						},
						"1.375": {
							"post": [-21.62064, -12.56476, -30.93509],
							"lerp_mode": "catmullrom"
						},
						"1.4583": {
							"post": [-23.68268, -12.64682, -29.4945],
							"lerp_mode": "catmullrom"
						},
						"1.5833": {
							"post": [-17.32065, -14.02872, -32.06737],
							"lerp_mode": "catmullrom"
						},
						"1.7083": {
							"post": [-5.00832, -1.65296, -10.25824],
							"lerp_mode": "catmullrom"
						},
						"1.7917": {
							"post": [-0.04385, -1.99937, 5.01208],
							"lerp_mode": "catmullrom"
						},
						"1.875": {
							"post": [1.78199, -1.98793, 10.0151],
							"lerp_mode": "catmullrom"
						},
						"1.9583": {
							"post": [1.61142, -1.05374, -0.51057],
							"lerp_mode": "catmullrom"
						},
						"2.0833": {
							"post": [0.76624, -0.22399, 0.79966],
							"lerp_mode": "catmullrom"
						},
						"2.1667": {
							"post": [0.52067, -0.97072, 5.7384],
							"lerp_mode": "catmullrom"
						},
						"2.25": [0.36878, -2.34338, 1.11338],
						"2.3333": [0.00175, -0.19999, -0.5],
						"2.4583": [0, 0, 0]
					},
					"position": {
						"0.0": {
							"post": [0, 0, 0],
							"lerp_mode": "catmullrom"
						},
						"0.0417": {
							"post": [0, -0.6875, -1.9375],
							"lerp_mode": "catmullrom"
						},
						"0.0833": {
							"post": [0, 0.14563, -3.24812],
							"lerp_mode": "catmullrom"
						},
						"0.125": {
							"post": [0, 0.59875, -2.38562],
							"lerp_mode": "catmullrom"
						},
						"0.2083": {
							"post": [0, 0.08563, -0.19813],
							"lerp_mode": "catmullrom"
						},
						"0.25": {
							"post": [0, 0.10438, -0.2325],
							"lerp_mode": "catmullrom"
						},
						"0.3333": {
							"post": [0, 0.21375, -0.2925],
							"lerp_mode": "catmullrom"
						},
						"0.375": {
							"post": [-0.3125, 0.1975, -0.66],
							"lerp_mode": "catmullrom"
						},
						"0.4583": {
							"post": [0, -0.01, -0.8525],
							"lerp_mode": "catmullrom"
						},
						"0.5833": {
							"post": [0, -0.135, -0.85],
							"lerp_mode": "catmullrom"
						},
						"0.625": {
							"post": [-0.14187, 0.06, -0.85],
							"lerp_mode": "catmullrom"
						},
						"0.6667": {
							"post": [0.05, 0.15375, -0.85],
							"lerp_mode": "catmullrom"
						},
						"0.7083": {
							"post": [0, -0.4375, -0.85],
							"lerp_mode": "catmullrom"
						},
						"0.75": {
							"post": [-0.21875, 0.05875, -0.85],
							"lerp_mode": "catmullrom"
						},
						"0.7917": {
							"post": [0, -0.25437, -0.85],
							"lerp_mode": "catmullrom"
						},
						"0.875": {
							"post": [0, 0.04688, -0.85],
							"lerp_mode": "catmullrom"
						},
						"0.9167": {
							"post": [-0.07812, -0.0125, -0.85],
							"lerp_mode": "catmullrom"
						},
						"1.0": {
							"post": [0, 0.19313, -0.85],
							"lerp_mode": "catmullrom"
						},
						"1.0417": {
							"post": [0.1875, 0.14313, -0.75625],
							"lerp_mode": "catmullrom"
						},
						"1.125": {
							"post": [-0.10687, 0.19, -0.85],
							"lerp_mode": "catmullrom"
						},
						"1.1667": {
							"post": [-0.01, 0.065, -0.85],
							"lerp_mode": "catmullrom"
						},
						"1.2083": {
							"post": [-0.06562, -0.05375, -0.85],
							"lerp_mode": "catmullrom"
						},
						"1.25": {
							"post": [-0.4475, 0.62875, -0.85],
							"lerp_mode": "catmullrom"
						},
						"1.2917": {
							"post": [-0.04312, 0.17125, -0.85],
							"lerp_mode": "catmullrom"
						},
						"1.375": {
							"post": [-0.415, 0.17, -0.85],
							"lerp_mode": "catmullrom"
						},
						"1.5417": {
							"post": [-0.16, 0.17, -0.85],
							"lerp_mode": "catmullrom"
						},
						"1.75": {
							"post": [-0.165, -0.58, -0.85],
							"lerp_mode": "catmullrom"
						},
						"1.9167": {
							"post": [-0.31, -0.98812, -1.33],
							"lerp_mode": "catmullrom"
						},
						"2.0": {
							"post": [0.12, -0.59562, -0.31062],
							"lerp_mode": "catmullrom"
						},
						"2.125": [0.03125, 0.33438, 0.45313],
						"2.1667": [-0.18437, 0.1525, -0.20125],
						"2.2917": [0, -0.025, -0.04375],
						"2.375": [0, 0, 0.025],
						"2.4583": [0, 0, 0]
					}
				},
				"additional_magazine": {
					"rotation": {
						"0.625": [0, 0, 0],
						"0.6667": [0, 0, 0],
						"0.7083": {
							"pre": [0, 0, 0],
							"post": [0, 0, 0],
							"lerp_mode": "catmullrom"
						},
						"0.7917": {
							"post": [-42.5, 0, 0],
							"lerp_mode": "catmullrom"
						},
						"0.875": {
							"post": [-75, 0, 0],
							"lerp_mode": "catmullrom"
						}
					},
					"position": {
						"0.625": [0, 0, 0],
						"0.6667": [0, 0, 0],
						"0.7083": {
							"pre": [0, -8, 0],
							"post": [0, -8, 0],
							"lerp_mode": "catmullrom"
						},
						"0.7917": {
							"post": [0, -8, 3.1875],
							"lerp_mode": "catmullrom"
						},
						"0.875": {
							"post": [-1.125, -5.6875, 3.19],
							"lerp_mode": "catmullrom"
						},
						"0.9583": {
							"post": [-1.12, -4.565, 3.19],
							"lerp_mode": "catmullrom"
						},
						"1.0": {
							"post": [-1.12, -4.5075, 3.19],
							"lerp_mode": "catmullrom"
						},
						"1.0833": {
							"post": [-0.745, -4.5075, 3.19],
							"lerp_mode": "catmullrom"
						},
						"1.125": {
							"post": [-1.245, -4.565, 3.19],
							"lerp_mode": "catmullrom"
						},
						"1.1667": [-1.12, -3.57, 3.19],
						"1.2083": [-1.12, -0.945, 3.19],
						"1.25": [-1.12, -1.69, 3.19],
						"1.375": [-1.12, -1.69, 3.19],
						"1.5417": [-1.12, -19.69, 3.19]
					},
					"scale": {
						"1.625": [1, 1, 1],
						"1.7917": [0, 0, 0]
					}
				},
				"right": {
					"rotation": [94.51712, 4.98455, -179.60671],
					"position": [-6.70625, -15.8375, 3.275],
					"scale": [1, 1.5, 1]
				},
				"mag_release": {
					"position": {
						"0.6667": [0, 0, 0],
						"0.7083": [0.1875, 0, 0],
						"0.7917": [0.1875, 0, 0],
						"0.8333": [0, 0, 0],
						"1.125": [0, 0, 0],
						"1.1667": [0.1875, 0, 0],
						"1.25": [0.1875, 0, 0],
						"1.2917": [0, 0, 0]
					}
				},
				"mag_and_lefthand": {
					"rotation": {
						"0.0": [0, 0, 0],
						"0.0417": [20, 0, 0],
						"0.4583": {
							"pre": [77.79588, -28.02432, -11.17023],
							"post": [77.79588, -28.02432, -11.17023],
							"lerp_mode": "catmullrom"
						},
						"0.5417": {
							"post": [84.45599, 5.05904, 42.25489],
							"lerp_mode": "catmullrom"
						},
						"0.625": {
							"post": [82.52822, 0.65182, 4.95744],
							"lerp_mode": "catmullrom"
						},
						"0.6667": {
							"post": [82.52822, 0.65182, 4.95744],
							"lerp_mode": "catmullrom"
						},
						"0.7083": {
							"post": [82.52822, 0.65182, 4.95744],
							"lerp_mode": "catmullrom"
						},
						"0.7917": {
							"post": [43.52822, 0.65182, 4.95744],
							"lerp_mode": "catmullrom"
						},
						"0.875": {
							"post": [0, 0, 0],
							"lerp_mode": "catmullrom"
						}
					},
					"position": {
						"0.0": [0, 0, 0],
						"0.0417": [4.625, -0.875, 0],
						"0.125": [4.63, -6.87, 10],
						"0.4583": {
							"pre": [4.63, -6.87, 10],
							"post": [4.63, -6.87, 10],
							"lerp_mode": "catmullrom"
						},
						"0.5417": {
							"post": [4.63, -6.87, -2.4375],
							"lerp_mode": "catmullrom"
						},
						"0.625": {
							"post": [1.1925, -3.1825, -2.44],
							"lerp_mode": "catmullrom"
						},
						"0.6667": {
							"post": [1.1925, -3.1825, -2.44],
							"lerp_mode": "catmullrom"
						},
						"0.7083": {
							"post": [1.1925, -10.1825, -2.44],
							"lerp_mode": "catmullrom"
						},
						"0.7917": {
							"post": [1.19, -8.3675, 0.06],
							"lerp_mode": "catmullrom"
						},
						"0.875": {
							"post": [0, -4.37, 0],
							"lerp_mode": "catmullrom"
						},
						"0.9583": {
							"post": [0, -3.3075, 0],
							"lerp_mode": "catmullrom"
						},
						"1.0": {
							"post": [0, -2.9975, 0],
							"lerp_mode": "catmullrom"
						},
						"1.0833": {
							"post": [0.07813, -2.9975, 0],
							"lerp_mode": "catmullrom"
						},
						"1.125": {
							"post": [-0.125, -3.3075, 0],
							"lerp_mode": "catmullrom"
						},
						"1.1667": [0, -2.06, 0],
						"1.2083": [0, 0.565, 0],
						"1.25": [0, 0, 0]
					}
				},
				"left": {
					"rotation": {
						"0.0": [112.60464, -22.92882, -161.52665],
						"0.2083": [110.41639, -5.56357, -180.45338],
						"0.3333": [110.41639, -5.56357, -180.45338],
						"0.4167": [187.36653, -2.44241, -207.84726],
						"0.625": [187.19496, 2.91127, -248.00693],
						"0.7917": [147.19927, -49.10313, -163.70747],
						"1.1667": [147.19927, -49.10313, -163.70747],
						"1.25": [146.71265, -69.14871, -161.37896],
						"1.2917": [146.71265, -69.14871, -161.37896],
						"1.375": [146.71265, -69.14871, -161.37896],
						"1.7083": [146.71265, -69.14871, -161.37896],
						"1.7917": [113.16151, 1.56392, -165.9854],
						"1.875": [115.2014, -43.15507, -160.38781],
						"1.9583": [112.60464, -22.92882, -161.52665]
					},
					"position": {
						"0.0": [8.025, -12.5625, -11.2],
						"0.2083": [8.03, -16.9975, -2.325],
						"0.625": [6.7175, -18, -3.1325],
						"0.75": [6.7175, -18.8125, -2.3825],
						"0.9167": [5.595, -18.81, -5.38],
						"1.1667": [5.595, -18.81, -5.38],
						"1.375": [5.595, -18.81, -5.38],
						"1.5417": [6.72, -34.81, -2.38],
						"1.7083": [6.72, -34.81, -2.38],
						"1.8333": [10.56688, -17.2625, -7.77],
						"1.9167": [8.54875, -12.46875, -9.54],
						"1.9583": [8.025, -12.5625, -11.2]
					},
					"scale": [1, 1.5, 1]
				},
				"mag_and_bullet": {
					"scale": {
						"0.0": [0, 0, 0],
						"0.375": [0, 0, 0],
						"0.4167": [1, 1, 1]
					}
				},
				"bullet": {
					"scale": 1
				},
				"idle_view": {
					"rotation": {
						"0.0": [0, 0, 0],
						"0.125": [0, 0, 2.5],
						"1.75": [0, 0, 2.5],
						"1.9167": [0, 0, 0]
					}
				},
				"camera": {
					"rotation": {
						"0.0": {
							"post": [0, 0, 0],
							"lerp_mode": "catmullrom"
						},
						"0.0833": {
							"post": [-0.575, 0.325, -0.085],
							"lerp_mode": "catmullrom"
						},
						"0.1667": {
							"post": [0.4, 0.25, 0.175],
							"lerp_mode": "catmullrom"
						},
						"0.2083": {
							"post": [-0.175, -0.25, 0.9],
							"lerp_mode": "catmullrom"
						},
						"0.2917": {
							"post": [0.25, 0.125, 0.355],
							"lerp_mode": "catmullrom"
						},
						"0.4167": {
							"post": [-0.2, 0, 0.66],
							"lerp_mode": "catmullrom"
						},
						"0.5833": {
							"post": [0.1, 0.1, 0.49],
							"lerp_mode": "catmullrom"
						},
						"0.6667": {
							"post": [0.25, 0.1, 0.53],
							"lerp_mode": "catmullrom"
						},
						"0.7083": {
							"post": [-0.5, 0.225, 0.185],
							"lerp_mode": "catmullrom"
						},
						"0.7917": {
							"post": [0.225, -0.3, 0.965],
							"lerp_mode": "catmullrom"
						},
						"0.9167": {
							"post": [-0.175, 0.175, 0.465],
							"lerp_mode": "catmullrom"
						},
						"1.0417": {
							"post": [0, 0.1, 0.66],
							"lerp_mode": "catmullrom"
						},
						"1.125": {
							"post": [0.075, 0.1, 0.65],
							"lerp_mode": "catmullrom"
						},
						"1.2083": {
							"post": [0.03, 0.23, 0.29],
							"lerp_mode": "catmullrom"
						},
						"1.25": {
							"post": [0.5, -0.2, 0.925],
							"lerp_mode": "catmullrom"
						},
						"1.375": {
							"post": [-0.2, 0.175, 0.51],
							"lerp_mode": "catmullrom"
						},
						"1.5": {
							"post": [0.25, -0.05, -0.04],
							"lerp_mode": "catmullrom"
						},
						"1.625": {
							"post": [0.1, 0.025, -0.09],
							"lerp_mode": "catmullrom"
						},
						"1.75": {
							"post": [0.45, 0.05, 0.41],
							"lerp_mode": "catmullrom"
						},
						"1.9583": {
							"post": [0, 0, -0.1],
							"lerp_mode": "catmullrom"
						},
						"2.0417": {
							"post": [0.2, 0.125, -0.07],
							"lerp_mode": "catmullrom"
						},
						"2.0833": {
							"post": [-0.05, -0.2, 0.37],
							"lerp_mode": "catmullrom"
						},
						"2.2083": {
							"post": [-0.15, 0.225, -0.225],
							"lerp_mode": "catmullrom"
						},
						"2.2917": {
							"post": [0.125, -0.1, 0.02],
							"lerp_mode": "catmullrom"
						},
						"2.4167": {
							"post": [0, 0, 0],
							"lerp_mode": "catmullrom"
						}
					}
				}
			},
			"sound_effects": {
				"0.0": {
					"effect": "m4_reload_tactical"
				}
			}
		},
		"static_bolt_caught": {
			"animation_length": 1.7917,
			"bones": {
				"bullet_in_barrel": {
					"position": [0, 0, 5]
				},
				"bolt": {
					"position": [0, 0, 5]
				},
				"bullet": {
					"scale": 0
				},
				"bullet_in_mag": {
					"scale": 0
				},
				"bolt_release": {
					"rotation": [0, 0, 17.5],
					"position": [0, 0, 0]
				}
			}
		},
		"put_away": {
			"loop": true,
			"animation_length": 0.625,
			"bones": {
				"root": {
					"rotation": {
						"0.0": [0, 0, 0],
						"0.0417": [-0.56, -1.34, -1.72],
						"0.0833": [1.37, -7.36, -7.72],
						"0.125": [4.37, -11.73, -10.29],
						"0.1667": [6.5, -14.6, -9.53],
						"0.2083": [9.01, -17.59, -7.69],
						"0.25": [15.93, -23.2, -7.29],
						"0.2917": [19.75, -25.65, -8.27],
						"0.3333": [23.91, -28.21, -9.51],
						"0.375": [28.11, -30.78, -10.78],
						"0.4167": [38.74, -37.82, -13.36],
						"0.4583": [53.74, -37.82, -13.36]
					},
					"position": {
						"0.0": [0, 0, 0],
						"0.0417": [-0.21, -0.18, 0.14],
						"0.0833": [-0.6, -0.94, 0.35],
						"0.125": [-0.67, -1.47, 0.34],
						"0.1667": [-0.67, -1.79, 0.28],
						"0.2083": [-0.61, -2.14, 0.17],
						"0.25": [-0.27, -3.01, -0.02],
						"0.2917": [-0.06, -3.47, -0.11],
						"0.3333": [0.19, -3.98, -0.2],
						"0.375": [0.51, -4.5, -0.28],
						"0.4167": [1.67, -5.76, -0.37],
						"0.4583": [1.67, -17.8225, -0.37]
					}
				},
				"right": {
					"rotation": [94.51712, 4.98455, -179.60671],
					"position": [-6.70625, -15.8375, 3.275],
					"scale": [1, 1.5, 1]
				},
				"left": {
					"rotation": [112.60464, -22.92882, -161.52665],
					"position": [8.025, -12.5625, -11.2],
					"scale": [1, 1.5, 1]
				},
				"camera": {
					"rotation": {
						"0.0": [0, 0, 0],
						"0.1667": [0.325, 0.325, 0.2],
						"0.2917": [0.13, 0.4, 0.075],
						"0.4583": [-0.045, -0.075, -0.1],
						"0.625": [0, 0, 0]
					}
				}
			},
			"sound_effects": {
				"0.0": {
					"effect": "m4_put_away"
				}
			}
		},
		"draw": {
			"loop": true,
			"animation_length": 0.9167,
			"bones": {
				"root": {
					"rotation": {
						"0.0": {
							"post": [32.5, -51.75, 0],
							"lerp_mode": "catmullrom"
						},
						"0.2083": {
							"post": [0.78181, -18.63191, 33.20762],
							"lerp_mode": "catmullrom"
						},
						"0.3333": [1.52301, -5.99592, 9.25329],
						"0.4583": {
							"pre": [0.78, -0.17, -3.2],
							"post": [0.78, -0.17, -3.2],
							"lerp_mode": "catmullrom"
						},
						"0.5": {
							"post": [0.68133, -0.86557, -4.26233],
							"lerp_mode": "catmullrom"
						},
						"0.5833": [0.36878, -2.34338, 1.11338],
						"0.6667": [0.00175, -0.19999, -0.5],
						"0.7917": [0, 0, 0]
					},
					"position": {
						"0.0": {
							"post": [-8.42187, -7.07812, -0.03125],
							"lerp_mode": "catmullrom"
						},
						"0.2083": {
							"post": [-1.73875, -5.06562, -7.3625],
							"lerp_mode": "catmullrom"
						},
						"0.3333": {
							"post": [-0.3175, -1.22062, -2.77937],
							"lerp_mode": "catmullrom"
						},
						"0.4583": [0.40625, -0.54062, 0.45313],
						"0.5": [0.3, -0.41, -0.20125],
						"0.625": [0, -0.025, -0.04375],
						"0.7083": [0, 0, 0.025],
						"0.7917": [0, 0, 0]
					}
				},
				"right": {
					"rotation": [94.51712, 4.98455, -179.60671],
					"position": [-6.70625, -15.8375, 3.275],
					"scale": [1, 1.5, 1]
				},
				"left": {
					"rotation": {
						"0.0": [147.53313, -76.74745, -212.12804],
						"0.125": [162.41896, -67.9609, -223.52068],
						"0.2083": [189.63386, -67.32789, -273.84702],
						"0.25": [127.14251, -55.59337, -215.44008],
						"0.3333": [116.86597, -33.37655, -184.35614],
						"0.4167": [113.13143, -25.69315, -162.8058],
						"0.4583": [111.77239, -17.37227, -159.1139],
						"0.5": [112.60464, -22.92882, -161.52665],
						"0.5417": [112.99225, -25.00309, -162.48071],
						"0.625": [112.60464, -22.92882, -161.52665]
					},
					"position": {
						"0.0": [7.8425, -12.3725, -10.45],
						"0.2083": [8.485, -11.5, -8.95],
						"0.375": [8.025, -12.5625, -11.2]
					},
					"scale": [1, 1.5, 1]
				},
				"camera": {
					"rotation": {
						"0.0": {
							"post": [0, 0, 0],
							"lerp_mode": "catmullrom"
						},
						"0.125": {
							"post": [0, 0, 1],
							"lerp_mode": "catmullrom"
						},
						"0.2917": {
							"post": [0.8856, -0.25275, 0.46268],
							"lerp_mode": "catmullrom"
						},
						"0.4167": {
							"post": [-0.225, 0, 0],
							"lerp_mode": "catmullrom"
						},
						"0.5": {
							"post": [0.15, 0.05, 0.075],
							"lerp_mode": "catmullrom"
						},
						"0.5833": {
							"post": [-0.025, -0.05, -0.05],
							"lerp_mode": "catmullrom"
						},
						"0.6667": {
							"post": [0.025, 0.025, 0.075],
							"lerp_mode": "catmullrom"
						},
						"0.7917": {
							"post": [0, 0, 0],
							"lerp_mode": "catmullrom"
						}
					}
				}
			},
			"sound_effects": {
				"0.0": {
					"effect": "m4_draw"
				}
			}
		},
		"static_idle": {
			"loop": true,
			"bones": {
				"right": {
					"rotation": [94.51712, 4.98455, -179.60671],
					"position": [-6.70625, -15.8375, 3.275],
					"scale": [1, 1.5, 1]
				},
				"left": {
					"rotation": [112.60464, -22.92882, -161.52665],
					"position": [8.025, -12.5625, -11.2],
					"scale": [1, 1.5, 1]
				},
				"bullet": {
					"scale": [0.75, 1, 1]
				},
				"constraint": {
					"rotation": [0.1, 0.1, 0.1],
					"position": [0.1, 0.1, 0.2]
				}
			}
		},
		"inspect": {
			"loop": true,
			"animation_length": 5.0417,
			"bones": {
				"root": {
					"rotation": {
						"0.0": {
							"post": [0, 0, 0],
							"lerp_mode": "catmullrom"
						},
						"0.1333": {
							"post": [-4, 0, 0],
							"lerp_mode": "catmullrom"
						},
						"0.2333": {
							"post": [-21.54577, -7.77105, -20.96223],
							"lerp_mode": "catmullrom"
						},
						"0.3": {
							"post": [-29.24923, -26.29789, -36.45798],
							"lerp_mode": "catmullrom"
						},
						"0.4333": {
							"post": [-21.67887, -35.29396, -46.68495],
							"lerp_mode": "catmullrom"
						},
						"0.4667": {
							"post": [-20.43576, -36.16534, -48.52312],
							"lerp_mode": "catmullrom"
						},
						"0.5": {
							"post": [-21.67887, -35.29396, -46.68495],
							"lerp_mode": "catmullrom"
						},
						"0.6": {
							"post": [-23.13393, -36.02344, -45.98977],
							"lerp_mode": "catmullrom"
						},
						"0.6667": {
							"post": [-18.85585, -36.71211, -49.53806],
							"lerp_mode": "catmullrom"
						},
						"0.7667": {
							"post": [-25.35542, -31.3293, -42.47593],
							"lerp_mode": "catmullrom"
						},
						"0.8333": {
							"post": [-26.20324, -31.06654, -40.36106],
							"lerp_mode": "catmullrom"
						},
						"1.0667": {
							"post": [-26.63963, -34.43477, -41.84573],
							"lerp_mode": "catmullrom"
						},
						"1.4333": {
							"post": [-26.63963, -34.43477, -41.84573],
							"lerp_mode": "catmullrom"
						},
						"1.5667": {
							"post": [-19.20026, -40.69018, -53.83439],
							"lerp_mode": "catmullrom"
						},
						"1.6333": {
							"post": [-27.78046, -34.88006, -41.26664],
							"lerp_mode": "catmullrom"
						},
						"1.7": {
							"post": [-23.35664, -37.64845, -42.57195],
							"lerp_mode": "catmullrom"
						},
						"1.7333": {
							"post": [-22.16591, -38.77341, -43.22798],
							"lerp_mode": "catmullrom"
						},
						"1.8333": {
							"post": [-25.36965, -38.6096, -43.94941],
							"lerp_mode": "catmullrom"
						},
						"1.9": {
							"post": [-22.11799, -38.96506, -47.72165],
							"lerp_mode": "catmullrom"
						},
						"2.0": {
							"post": [-20.89389, -39.83459, -49.76842],
							"lerp_mode": "catmullrom"
						},
						"2.0667": {
							"post": [-19.40995, -42.13898, -50.6577],
							"lerp_mode": "catmullrom"
						},
						"2.1": {
							"post": [-23.36451, -33.82313, -43.78163],
							"lerp_mode": "catmullrom"
						},
						"2.1333": {
							"post": [-11.5816, -38.27268, -61.83951],
							"lerp_mode": "catmullrom"
						},
						"2.1667": {
							"post": [-20.06551, -42.62398, -52.45006],
							"lerp_mode": "catmullrom"
						},
						"2.2333": {
							"post": [-20.74958, -40.75633, -50.2152],
							"lerp_mode": "catmullrom"
						},
						"2.2667": {
							"post": [-21.54967, -40.26875, -49.15768],
							"lerp_mode": "catmullrom"
						},
						"2.3333": {
							"post": [-17.8302, -40.96029, -53.1782],
							"lerp_mode": "catmullrom"
						},
						"2.4333": {
							"post": [-25.23724, -15.6229, -23.60892],
							"lerp_mode": "catmullrom"
						},
						"2.5": {
							"post": [-29.06735, -7.87429, 15.08426],
							"lerp_mode": "catmullrom"
						},
						"2.6": {
							"post": [-26.42668, -1.27183, 47.92642],
							"lerp_mode": "catmullrom"
						},
						"2.6667": {
							"post": [-22.30361, 6.98144, 71.16203],
							"lerp_mode": "catmullrom"
						},
						"2.8": {
							"post": [-22.30361, 6.98144, 71.16203],
							"lerp_mode": "catmullrom"
						},
						"2.9667": {
							"post": [-22.90926, 8.83114, 70.39402],
							"lerp_mode": "catmullrom"
						},
						"3.1": {
							"post": [-26.53441, 7.04274, 71.29807],
							"lerp_mode": "catmullrom"
						},
						"3.2333": {
							"post": [-35.0796, 7.30373, 69.85506],
							"lerp_mode": "catmullrom"
						},
						"3.3333": {
							"post": [-34.24801, 5.9378, 71.28062],
							"lerp_mode": "catmullrom"
						},
						"3.4667": {
							"post": [-34.35798, 6.07784, 71.22803],
							"lerp_mode": "catmullrom"
						},
						"3.5667": {
							"post": [-36.51106, 6.53405, 70.73957],
							"lerp_mode": "catmullrom"
						},
						"3.6333": {
							"post": [-35.07488, 6.23833, 69.73519],
							"lerp_mode": "catmullrom"
						},
						"3.7333": {
							"post": [-35.07488, 6.23833, 69.73519],
							"lerp_mode": "catmullrom"
						},
						"3.7667": {
							"post": [-35.43054, 9.16883, 68.57276],
							"lerp_mode": "catmullrom"
						},
						"3.8": {
							"post": [-26.43032, 9.79793, 67.41342],
							"lerp_mode": "catmullrom"
						},
						"3.8333": {
							"post": [-18.62033, 7.4434, 58.71234],
							"lerp_mode": "catmullrom"
						},
						"4.0": {
							"post": [-19.81289, 2.81463, 45.44262],
							"lerp_mode": "catmullrom"
						},
						"4.0667": {
							"post": [-19.61678, 3.99565, 48.74323],
							"lerp_mode": "catmullrom"
						},
						"4.1": {
							"post": [-20.44246, -0.81178, 41.98416],
							"lerp_mode": "catmullrom"
						},
						"4.1333": {
							"post": [-18.84155, -7.2875, 31.60987],
							"lerp_mode": "catmullrom"
						},
						"4.1667": {
							"post": [-17.08365, -0.65387, 38.08672],
							"lerp_mode": "catmullrom"
						},
						"4.3": {
							"post": [-3.32827, -3.93828, 20.07563],
							"lerp_mode": "catmullrom"
						},
						"4.4": {
							"post": [-5.42208, 2.59269, 19.39678],
							"lerp_mode": "catmullrom"
						},
						"4.5667": {
							"post": [0.76624, -0.22399, 0.79966],
							"lerp_mode": "catmullrom"
						},
						"4.6333": {
							"post": [0.52067, -0.97072, 5.7384],
							"lerp_mode": "catmullrom"
						},
						"4.7333": [0.36878, -2.34338, 1.11338],
						"4.8": [0.00175, -0.19999, -0.5],
						"4.9333": [0, 0, 0]
					},
					"position": {
						"0.0": {
							"post": [0, 0, 0],
							"lerp_mode": "catmullrom"
						},
						"0.1333": {
							"post": [0, -0.375, -1.1875],
							"lerp_mode": "catmullrom"
						},
						"0.2333": {
							"post": [0, 1.13, -2.44],
							"lerp_mode": "catmullrom"
						},
						"0.3333": {
							"post": [-0.625, 1.52562, -2.44],
							"lerp_mode": "catmullrom"
						},
						"0.4333": {
							"post": [-0.4375, 1.155, -2.44],
							"lerp_mode": "catmullrom"
						},
						"0.5": {
							"post": [-0.14062, 1.24563, -2.28375],
							"lerp_mode": "catmullrom"
						},
						"0.6": {
							"post": [-0.625, 1.2725, -2.23312],
							"lerp_mode": "catmullrom"
						},
						"0.6667": {
							"post": [0.52688, 0.91438, -1.94],
							"lerp_mode": "catmullrom"
						},
						"0.8": {
							"post": [-0.80125, 1.37125, -1.94],
							"lerp_mode": "catmullrom"
						},
						"0.9667": {
							"post": [-0.9, 1.36875, -1.94],
							"lerp_mode": "catmullrom"
						},
						"1.2": {
							"post": [-0.80125, 1.37125, -1.94],
							"lerp_mode": "catmullrom"
						},
						"1.5": {
							"post": [-0.80125, 1.37125, -1.94],
							"lerp_mode": "catmullrom"
						},
						"1.6": {
							"post": [-0.80125, 1.37125, -1.94],
							"lerp_mode": "catmullrom"
						},
						"1.6333": {
							"post": [-1.02812, 1.36, -1.94],
							"lerp_mode": "catmullrom"
						},
						"1.6667": {
							"post": [-0.67187, 1.33313, -1.94],
							"lerp_mode": "catmullrom"
						},
						"1.7333": {
							"post": [-0.36375, 1.19813, -1.94],
							"lerp_mode": "catmullrom"
						},
						"1.9333": {
							"post": [-0.80125, 1.37125, -1.94],
							"lerp_mode": "catmullrom"
						},
						"2.0": {
							"post": [-0.37937, 1.215, -1.94],
							"lerp_mode": "catmullrom"
						},
						"2.1": {
							"post": [-0.52938, 0.85438, -1.94],
							"lerp_mode": "catmullrom"
						},
						"2.1333": {
							"post": [-0.0925, 0.695, -1.94],
							"lerp_mode": "catmullrom"
						},
						"2.1667": {
							"post": [0.48563, -0.3675, -1.94],
							"lerp_mode": "catmullrom"
						},
						"2.2333": {
							"post": [0.11313, 0.52312, -1.94],
							"lerp_mode": "catmullrom"
						},
						"2.3": {
							"post": [-0.14, 0.85125, -1.94],
							"lerp_mode": "catmullrom"
						},
						"2.4333": {
							"post": [0.63, 0.3125, -2.44],
							"lerp_mode": "catmullrom"
						},
						"2.5667": {
							"post": [-0.74937, -0.83625, -2.94],
							"lerp_mode": "catmullrom"
						},
						"2.6667": {
							"post": [0.37125, 1.69563, -1.2525],
							"lerp_mode": "catmullrom"
						},
						"2.8333": {
							"post": [1.13688, 1.72688, -0.59625],
							"lerp_mode": "catmullrom"
						},
						"2.9667": {
							"post": [1.26188, 1.72688, -1.17437],
							"lerp_mode": "catmullrom"
						},
						"3.1": {
							"post": [1.40188, 1.61063, -1.22625],
							"lerp_mode": "catmullrom"
						},
						"3.2333": {
							"post": [1.73375, 2.1575, -0.87625],
							"lerp_mode": "catmullrom"
						},
						"3.3333": {
							"post": [2.24063, 2.53125, -0.47437],
							"lerp_mode": "catmullrom"
						},
						"3.4667": {
							"post": [2.405, 2.75, -0.25062],
							"lerp_mode": "catmullrom"
						},
						"3.5667": {
							"post": [2.24063, 2.75, -0.19312],
							"lerp_mode": "catmullrom"
						},
						"3.6667": {
							"post": [2.24063, 2.75, -0.19312],
							"lerp_mode": "catmullrom"
						},
						"3.7667": {
							"post": [1.86375, 2.58625, -1.73625],
							"lerp_mode": "catmullrom"
						},
						"3.8": {
							"post": [2.06, 2.355, -1.85],
							"lerp_mode": "catmullrom"
						},
						"3.8333": {
							"post": [1.30625, 1.63063, -2.0375],
							"lerp_mode": "catmullrom"
						},
						"3.9667": {
							"post": [0.4, 1.3025, -2.225],
							"lerp_mode": "catmullrom"
						},
						"4.0667": {
							"post": [0.4, 0.4275, -2.9125],
							"lerp_mode": "catmullrom"
						},
						"4.1": {
							"post": [0.83625, 1.1975, -2.62562],
							"lerp_mode": "catmullrom"
						},
						"4.1333": {
							"post": [1.3875, 0.39563, -4.3675],
							"lerp_mode": "catmullrom"
						},
						"4.2333": {
							"post": [0.4, -0.9475, -4.13375],
							"lerp_mode": "catmullrom"
						},
						"4.3333": {
							"post": [-0.42812, -1.06812, -2.56813],
							"lerp_mode": "catmullrom"
						},
						"4.4667": {
							"post": [-0.3175, -0.6425, -1.43562],
							"lerp_mode": "catmullrom"
						},
						"4.6": [0.40625, -0.54062, 0.45313],
						"4.6333": [0.3, -0.41, -0.20125],
						"4.7667": [0, -0.025, -0.04375],
						"4.8333": [0, 0, 0.025],
						"4.9333": [0, 0, 0]
					}
				},
				"right": {
					"rotation": {
						"2.5667": {
							"pre": [94.51712, 4.98455, -179.60671],
							"post": [94.51712, 4.98455, -179.60671],
							"lerp_mode": "catmullrom"
						},
						"2.7": {
							"post": [96.68549, -0.7107, -125.84493],
							"lerp_mode": "catmullrom"
						},
						"2.9333": {
							"post": [94.12501, 10.56087, -60.98579],
							"lerp_mode": "catmullrom"
						},
						"3.8667": {
							"post": [94.12501, 10.56087, -60.98579],
							"lerp_mode": "catmullrom"
						},
						"4.0": {
							"post": [148.25664, -20.61004, -180.19362],
							"lerp_mode": "catmullrom"
						},
						"4.2": {
							"post": [148.25664, -20.61004, -180.19362],
							"lerp_mode": "catmullrom"
						},
						"4.5": [94.51712, 4.98455, -179.60671]
					},
					"position": {
						"2.5667": {
							"pre": [-6.70625, -15.8375, 3.275],
							"post": [-6.70625, -15.8375, 3.275],
							"lerp_mode": "catmullrom"
						},
						"2.6667": {
							"post": [-9.3975, -14.715, 3.28],
							"lerp_mode": "catmullrom"
						},
						"2.7667": {
							"post": [-6.0875, -9.34, 6.405],
							"lerp_mode": "catmullrom"
						},
						"2.9667": {
							"post": [-4.84, -9.34, 6.025],
							"lerp_mode": "catmullrom"
						},
						"3.0333": [-4.84, -9.34, 5.97],
						"3.2": [-4.84, -9.34, 8.595],
						"3.7": [-4.84, -9.34, 8.59],
						"3.7667": {
							"pre": [-4.84, -9.34, 21.59],
							"post": [-4.84, -9.34, 21.59],
							"lerp_mode": "catmullrom"
						},
						"3.9667": {
							"post": [-10.215, -9.34, 17.59],
							"lerp_mode": "catmullrom"
						},
						"4.0333": {
							"post": [-9.87125, -10.7775, 6.215],
							"lerp_mode": "catmullrom"
						},
						"4.0667": {
							"post": [-9.0875, -11.43375, 6.345],
							"lerp_mode": "catmullrom"
						},
						"4.2": {
							"post": [-9.69687, -10.55875, 7.6575],
							"lerp_mode": "catmullrom"
						},
						"4.3333": {
							"post": [-8.7775, -16.215, 5.965],
							"lerp_mode": "catmullrom"
						},
						"4.4667": [-8.7775, -15.59, 5.965],
						"4.5": [-6.70625, -15.8375, 3.275]
					},
					"scale": [1, 1.5, 1]
				},
				"m4a1_pull": {
					"position": {
						"2.9667": [0, 0, 0],
						"3.0333": [0, 0, 0],
						"3.2": [0, 0, 3],
						"3.7": [0, 0, 3],
						"3.7667": {
							"pre": [0, 0, 0],
							"post": [0, 0, 0],
							"lerp_mode": "catmullrom"
						}
					}
				},
				"mag_release": {
					"position": {
						"0.5667": [0, 0, 0],
						"0.6333": [0.1875, 0, 0],
						"0.7": [0.1875, 0, 0],
						"0.7667": [0, 0, 0],
						"2.0333": [0, 0, 0],
						"2.0667": [0.1875, 0, 0],
						"2.1667": [0.1875, 0, 0],
						"2.2": [0, 0, 0]
					}
				},
				"mag_and_lefthand": {
					"rotation": {
						"0.5667": [0, 0, 0],
						"0.6333": {
							"pre": [0, 0, 1],
							"post": [0, 0, 1],
							"lerp_mode": "catmullrom"
						},
						"0.7667": {
							"post": [-21.52322, 2.13459, 24.82645],
							"lerp_mode": "catmullrom"
						},
						"0.9": {
							"post": [-23.85572, -3.17801, 19.26102],
							"lerp_mode": "catmullrom"
						},
						"1.0667": {
							"post": [-23.85572, -3.17801, 19.26102],
							"lerp_mode": "catmullrom"
						},
						"1.2": {
							"post": [-23.85572, -3.17801, 19.26102],
							"lerp_mode": "catmullrom"
						},
						"1.3667": {
							"post": [-23.85572, -3.17801, 19.26102],
							"lerp_mode": "catmullrom"
						},
						"1.6": {
							"post": [-9.99726, -6.91047, 11.17575],
							"lerp_mode": "catmullrom"
						},
						"1.7667": {
							"post": [2.64008, -2.18941, -8.03183],
							"lerp_mode": "catmullrom"
						},
						"1.9": [0, 0, 0]
					},
					"position": {
						"0.5667": [0, 0, 0],
						"0.6667": {
							"pre": [0.04688, -4, 0],
							"post": [0.04688, -4, 0],
							"lerp_mode": "catmullrom"
						},
						"0.7333": {
							"post": [2.62063, -6.59812, 0.98188],
							"lerp_mode": "catmullrom"
						},
						"0.8333": {
							"post": [5.37063, -6.31687, 0.98188],
							"lerp_mode": "catmullrom"
						},
						"1.0667": {
							"post": [5.6675, -6.52, -0.20562],
							"lerp_mode": "catmullrom"
						},
						"1.4": {
							"post": [5.6675, -6.52, -0.20562],
							"lerp_mode": "catmullrom"
						},
						"1.5667": {
							"post": [-0.185, -3.0725, -0.615],
							"lerp_mode": "catmullrom"
						},
						"1.6333": {
							"post": [-0.42187, -2.60437, -0.375],
							"lerp_mode": "catmullrom"
						},
						"1.7": {
							"post": [-0.33, -2.84125, -0.32],
							"lerp_mode": "catmullrom"
						},
						"1.7667": {
							"post": [-0.13, -2.99687, -0.19],
							"lerp_mode": "catmullrom"
						},
						"1.8333": {
							"post": [0, -3.2675, 0],
							"lerp_mode": "catmullrom"
						},
						"1.8667": {
							"post": [0, -3.05562, 0],
							"lerp_mode": "catmullrom"
						},
						"1.9": {
							"post": [0, -2.50187, 0],
							"lerp_mode": "catmullrom"
						},
						"1.9667": {
							"post": [0, -2.23187, 0],
							"lerp_mode": "catmullrom"
						},
						"2.0": {
							"post": [-0.09375, -2.185, 0],
							"lerp_mode": "catmullrom"
						},
						"2.0667": {
							"post": [-0.09375, -2.185, 0],
							"lerp_mode": "catmullrom"
						},
						"2.1": {
							"post": [-0.125, -1.62, 0],
							"lerp_mode": "catmullrom"
						},
						"2.1333": [0, -0.7475, 0],
						"2.1667": [0, 0.565, 0],
						"2.2333": [0, 0, 0]
					}
				},
				"left": {
					"rotation": {
						"0.0333": [112.60464, -22.92882, -161.52665],
						"0.2333": [133.10597, -11.61913, -192.52783],
						"0.3667": {
							"pre": [128.57815, -4.07293, -188.22149],
							"post": [128.57815, -4.07293, -188.22149],
							"lerp_mode": "catmullrom"
						},
						"0.4667": {
							"post": [121.48767, 2.05955, -180.04],
							"lerp_mode": "catmullrom"
						},
						"0.5333": {
							"post": [121.48767, 2.05955, -180.04],
							"lerp_mode": "catmullrom"
						},
						"0.6333": {
							"post": [121.48767, 2.05955, -180.04],
							"lerp_mode": "catmullrom"
						},
						"2.2667": {
							"post": [121.48767, 2.05955, -180.04],
							"lerp_mode": "catmullrom"
						},
						"2.3667": {
							"post": [121.58484, -3.54198, -198.88651],
							"lerp_mode": "catmullrom"
						},
						"2.4667": {
							"post": [87.57162, -35.54592, -207.37424],
							"lerp_mode": "catmullrom"
						},
						"2.5667": {
							"post": [76.32733, -36.42282, -209.124],
							"lerp_mode": "catmullrom"
						},
						"2.8": {
							"post": [76.32733, -36.42282, -209.124],
							"lerp_mode": "catmullrom"
						},
						"3.3667": {
							"post": [93.82733, -36.42282, -209.124],
							"lerp_mode": "catmullrom"
						},
						"4.0333": {
							"post": [93.82733, -36.42282, -209.124],
							"lerp_mode": "catmullrom"
						},
						"4.2": {
							"post": [78.82733, -36.42282, -209.124],
							"lerp_mode": "catmullrom"
						},
						"4.3333": {
							"post": [92.16876, -14.31445, -165.00948],
							"lerp_mode": "catmullrom"
						},
						"4.3667": [107.67777, -18.54571, -160.78164],
						"4.4667": [112.60464, -22.92882, -161.52665]
					},
					"position": {
						"0.0333": [8.025, -12.5625, -11.2],
						"0.2333": {
							"pre": [10.20187, -14.26312, -6.95],
							"post": [10.20187, -14.26312, -6.95],
							"lerp_mode": "catmullrom"
						},
						"0.3667": {
							"post": [9.09, -18.995, -3.45],
							"lerp_mode": "catmullrom"
						},
						"0.4667": {
							"post": [8.0275, -18.6225, -3.075],
							"lerp_mode": "catmullrom"
						},
						"2.4333": {
							"post": [8.0275, -18.6225, -3.075],
							"lerp_mode": "catmullrom"
						},
						"2.5": {
							"post": [6.905, -15.12, -4.945],
							"lerp_mode": "catmullrom"
						},
						"4.2667": {
							"post": [6.905, -15.12, -4.945],
							"lerp_mode": "catmullrom"
						},
						"4.3667": {
							"post": [9.0925, -13.3725, -11.2],
							"lerp_mode": "catmullrom"
						},
						"4.4667": [8.025, -12.5625, -11.2]
					},
					"scale": [1, 1.5, 1]
				},
				"bullet": {
					"scale": 0
				},
				"idle_view": {
					"rotation": {
						"0.0": [0, 0, 0],
						"0.1333": [0, 0, 2.5],
						"4.4333": [0, 0, 2.5],
						"4.6667": [0, 0, 0]
					}
				},
				"camera": {
					"rotation": {
						"0.0": {
							"post": [0, 0, 0],
							"lerp_mode": "catmullrom"
						},
						"0.1333": {
							"post": [0.125, 0.25, 0.35],
							"lerp_mode": "catmullrom"
						},
						"0.3": {
							"post": [-0.695, 0.25, 0.475],
							"lerp_mode": "catmullrom"
						},
						"0.4333": {
							"post": [-0.79, -0.325, -0.225],
							"lerp_mode": "catmullrom"
						},
						"0.6": {
							"post": [-0.565, 0, 0],
							"lerp_mode": "catmullrom"
						},
						"0.6667": {
							"post": [-0.19, 0.95, 0.525],
							"lerp_mode": "catmullrom"
						},
						"0.7667": {
							"post": [-0.64, 0.575, -0.325],
							"lerp_mode": "catmullrom"
						},
						"0.8667": {
							"post": [-0.46, 0.35, 0.2],
							"lerp_mode": "catmullrom"
						},
						"1.0333": {
							"post": [-0.385, 0.575, 0.05],
							"lerp_mode": "catmullrom"
						},
						"1.2667": {
							"post": [-0.38, 0.64, 0.08],
							"lerp_mode": "catmullrom"
						},
						"1.4667": {
							"post": [-0.38, 0.575, 0.125],
							"lerp_mode": "catmullrom"
						},
						"1.5333": {
							"post": [-0.39, 0.5, 0.1],
							"lerp_mode": "catmullrom"
						},
						"1.6333": {
							"post": [-0.11, 0.2, 0.075],
							"lerp_mode": "catmullrom"
						},
						"1.7333": {
							"post": [-0.645, -0.175, -0.075],
							"lerp_mode": "catmullrom"
						},
						"1.8": {
							"post": [-0.38, 0, 0],
							"lerp_mode": "catmullrom"
						},
						"1.9333": {
							"post": [-0.645, -0.175, -0.075],
							"lerp_mode": "catmullrom"
						},
						"2.0667": {
							"post": [-0.205, 0, 0],
							"lerp_mode": "catmullrom"
						},
						"2.1333": {
							"post": [0.31947, 0.25703, -1.62499],
							"lerp_mode": "catmullrom"
						},
						"2.2": {
							"post": [0.32574, -0.32602, 1.15001],
							"lerp_mode": "catmullrom"
						},
						"2.3": {
							"post": [-0.045, 0, -0.15],
							"lerp_mode": "catmullrom"
						},
						"2.5": {
							"post": [0.16, 0.375, 0.1],
							"lerp_mode": "catmullrom"
						},
						"2.7": {
							"post": [0.56, 0.375, 0],
							"lerp_mode": "catmullrom"
						},
						"2.9667": {
							"post": [0.755, 0, 0],
							"lerp_mode": "catmullrom"
						},
						"3.1333": {
							"post": [1.435, -0.4, 0.4],
							"lerp_mode": "catmullrom"
						},
						"3.2667": {
							"post": [0.985, 0.3, -0.525],
							"lerp_mode": "catmullrom"
						},
						"3.4": {
							"post": [1.115, 0, 0],
							"lerp_mode": "catmullrom"
						},
						"3.6": {
							"post": [1.12, 0, 0.175],
							"lerp_mode": "catmullrom"
						},
						"3.7": {
							"post": [1.315, 0, 0.3],
							"lerp_mode": "catmullrom"
						},
						"3.7667": {
							"post": [0.855, -0.525, -0.475],
							"lerp_mode": "catmullrom"
						},
						"3.8333": {
							"post": [1.385, 0.6, 0.25],
							"lerp_mode": "catmullrom"
						},
						"3.9333": {
							"post": [1.12, 0, 0.1],
							"lerp_mode": "catmullrom"
						},
						"4.0": {
							"post": [1.15, 0, -0.25],
							"lerp_mode": "catmullrom"
						},
						"4.0667": {
							"post": [0.225, 0, 0.225],
							"lerp_mode": "catmullrom"
						},
						"4.1": {
							"post": [0.82, -0.4, -0.875],
							"lerp_mode": "catmullrom"
						},
						"4.2": {
							"post": [0.67, 0.125, 0.4],
							"lerp_mode": "catmullrom"
						},
						"4.3333": {
							"post": [0.8856, -0.25275, 0.46268],
							"lerp_mode": "catmullrom"
						},
						"4.5": [-0.225, 0, 0.125],
						"4.6": [-0.35, 0, 0.2],
						"4.6667": [-0.35, 0, 0.2],
						"4.7333": [0.25, 0, -0.25],
						"4.8333": [-0.075, 0, 0.075],
						"4.9": [0, 0, 0]
					}
				}
			},
			"sound_effects": {
				"0.0": {
					"effect": "m4_inspect"
				}
			}
		},
		"shoot": {
			"loop": true,
			"animation_length": 0.8333,
			"bones": {
				"root": {
					"rotation": {
						"0.0": {
							"post": [0, 0, 0],
							"lerp_mode": "catmullrom"
						},
						"0.0167": {
							"post": [0.92, 0, 1.0175],
							"lerp_mode": "catmullrom"
						},
						"0.0333": {
							"post": [-2.46953, 0, 1.3],
							"lerp_mode": "catmullrom"
						},
						"0.1333": {
							"post": [-0.86953, 0, -0.815],
							"lerp_mode": "catmullrom"
						},
						"0.1833": {
							"post": [-0.125, 0, 0.48281],
							"lerp_mode": "catmullrom"
						},
						"0.25": {
							"post": [0.01641, 0.00036, -0.76172],
							"lerp_mode": "catmullrom"
						},
						"0.35": {
							"post": [0.3, 0, 0.175],
							"lerp_mode": "catmullrom"
						},
						"0.45": {
							"post": [0.37485, -0.36189, -0.1543],
							"lerp_mode": "catmullrom"
						},
						"0.5667": {
							"post": [0.24996, -0.05436, 0.27499],
							"lerp_mode": "catmullrom"
						},
						"0.7167": {
							"post": [-0.01, 0, -0.03],
							"lerp_mode": "catmullrom"
						},
						"0.8333": {
							"post": [0, 0, 0],
							"lerp_mode": "catmullrom"
						}
					},
					"position": {
						"0.0": {
							"post": [0, 0, 0],
							"lerp_mode": "catmullrom"
						},
						"0.0167": {
							"post": [0, -0.26875, 2.1],
							"lerp_mode": "catmullrom"
						},
						"0.0333": {
							"post": [0, 0.03, 2.2875],
							"lerp_mode": "catmullrom"
						},
						"0.1167": {
							"post": [0, -0.05469, 1.40656],
							"lerp_mode": "catmullrom"
						},
						"0.1833": {
							"post": [0, -0.15156, -0.32109],
							"lerp_mode": "catmullrom"
						},
						"0.4": {
							"post": [0, -0.06, 0.02],
							"lerp_mode": "catmullrom"
						},
						"0.5167": {
							"post": [0, 0, 0],
							"lerp_mode": "catmullrom"
						},
						"0.6333": {
							"post": [0, 0, 0],
							"lerp_mode": "catmullrom"
						},
						"0.7667": {
							"post": [0, 0, 0],
							"lerp_mode": "catmullrom"
						}
					}
				},
				"bolt2": {
					"position": {
						"0.0": [0, 0, 0],
						"0.0167": [0, -0.375, 3.38125],
						"0.0333": [0, 0, 0]
					}
				},
				"charger": {
					"position": {
						"0.0": [0, 0, 0],
						"0.0167": [0, 0, 3.38125],
						"0.0333": [0, 0, 0]
					}
				},
				"camera": {
					"rotation": {
						"0.0": {
							"post": [0, 0, 0],
							"lerp_mode": "catmullrom"
						},
						"0.0167": {
							"post": [0, 0, -2.25],
							"lerp_mode": "catmullrom"
						},
						"0.0333": {
							"post": [0, 0, 2],
							"lerp_mode": "catmullrom"
						},
						"0.05": {
							"post": [0, 0, -1.675],
							"lerp_mode": "catmullrom"
						},
						"0.0833": {
							"post": [0, 0, 1.1],
							"lerp_mode": "catmullrom"
						},
						"0.1333": {
							"post": [0, 0, -1],
							"lerp_mode": "catmullrom"
						},
						"0.2": {
							"post": [0, 0, 0.55],
							"lerp_mode": "catmullrom"
						},
						"0.2833": {
							"post": [0, 0, -0.15],
							"lerp_mode": "catmullrom"
						},
						"0.3833": {
							"post": [0, 0, 0],
							"lerp_mode": "catmullrom"
						}
					}
				}
			}
		},
		"reload_empty": {
			"loop": true,
			"animation_length": 2.6667,
			"bones": {
				"root": {
					"rotation": {
						"0.0": {
							"post": [0, 0, 0],
							"lerp_mode": "catmullrom"
						},
						"0.0833": {
							"post": [-2.7631, -0.24227, -0.95523],
							"lerp_mode": "catmullrom"
						},
						"0.1667": {
							"post": [-16.1441, -5.10943, -21.07309],
							"lerp_mode": "catmullrom"
						},
						"0.25": {
							"post": [-11.63824, 1.5183, -14.16624],
							"lerp_mode": "catmullrom"
						},
						"0.2917": {
							"post": [-10.34323, -3.98702, -15.93202],
							"lerp_mode": "catmullrom"
						},
						"0.375": {
							"post": [-14.05013, -3.28581, -21.98937],
							"lerp_mode": "catmullrom"
						},
						"0.5": {
							"post": [-17.42872, -2.79544, -15.9458],
							"lerp_mode": "catmullrom"
						},
						"0.625": {
							"post": [-16.86255, -7.16153, -21.20779],
							"lerp_mode": "catmullrom"
						},
						"0.75": {
							"post": [-14.40585, -21.35505, -40.94028],
							"lerp_mode": "catmullrom"
						},
						"0.875": {
							"post": [-15.84823, -22.29791, -45.12795],
							"lerp_mode": "catmullrom"
						},
						"1.0": {
							"post": [-15.61191, -22.79352, -49.76666],
							"lerp_mode": "catmullrom"
						},
						"1.125": {
							"post": [-15.35525, -21.83411, -49.30686],
							"lerp_mode": "catmullrom"
						},
						"1.2083": {
							"post": [-16.49387, -21.57187, -49.15504],
							"lerp_mode": "catmullrom"
						},
						"1.2917": {
							"post": [-13.6558, -24.63966, -53.3329],
							"lerp_mode": "catmullrom"
						},
						"1.375": {
							"post": [-13.16132, -27.75027, -52.92432],
							"lerp_mode": "catmullrom"
						},
						"1.4167": {
							"post": [-12.54446, -32.47496, -58.21964],
							"lerp_mode": "catmullrom"
						},
						"1.5": {
							"post": [-13.40502, -29.73238, -55.5491],
							"lerp_mode": "catmullrom"
						},
						"1.5833": {
							"post": [-19.70166, -19.65456, -44.39609],
							"lerp_mode": "catmullrom"
						},
						"1.7083": {
							"post": [-12.99516, -5.80153, -26.66268],
							"lerp_mode": "catmullrom"
						},
						"1.7917": {
							"post": [-14.66753, -6.37224, -31.70283],
							"lerp_mode": "catmullrom"
						},
						"1.8333": {
							"post": [-16.34361, -4.05409, -4.60527],
							"lerp_mode": "catmullrom"
						},
						"1.9583": {
							"post": [-7.03154, 0.71507, -13.34185],
							"lerp_mode": "catmullrom"
						},
						"2.0833": {
							"post": [1.65696, 2.99718, 4.26315],
							"lerp_mode": "catmullrom"
						},
						"2.2917": {
							"post": [0.75905, -0.24729, 2.54952],
							"lerp_mode": "catmullrom"
						},
						"2.375": {
							"post": [0.68133, -0.86557, -4.26233],
							"lerp_mode": "catmullrom"
						},
						"2.4583": [0.36878, -2.34338, 1.11338],
						"2.5417": [0.00175, -0.19999, -0.5],
						"2.6667": [0, 0, 0]
					},
					"position": {
						"0.0": {
							"post": [0, 0, 0],
							"lerp_mode": "catmullrom"
						},
						"0.0417": {
							"post": [0, 0.0625, -0.54687],
							"lerp_mode": "catmullrom"
						},
						"0.125": {
							"post": [0, 0.78625, -2.38562],
							"lerp_mode": "catmullrom"
						},
						"0.2083": {
							"post": [-0.46875, 0.225, -2.39],
							"lerp_mode": "catmullrom"
						},
						"0.2917": {
							"post": [-0.25, 0.165, -2.39],
							"lerp_mode": "catmullrom"
						},
						"0.375": {
							"post": [-0.51375, 0.49688, -2.39],
							"lerp_mode": "catmullrom"
						},
						"0.5417": {
							"post": [-0.81937, 0.7, -2.39],
							"lerp_mode": "catmullrom"
						},
						"0.7083": {
							"post": [-0.49125, 0.7, -2.39],
							"lerp_mode": "catmullrom"
						},
						"0.875": {
							"post": [-0.005, 1.35625, -2.39],
							"lerp_mode": "catmullrom"
						},
						"1.2083": {
							"post": [-0.2425, 1.29125, -2.39],
							"lerp_mode": "catmullrom"
						},
						"1.25": {
							"post": [-0.65187, 1.21, -2.28062],
							"lerp_mode": "catmullrom"
						},
						"1.2917": {
							"post": [-0.58625, 1.085, -2.39],
							"lerp_mode": "catmullrom"
						},
						"1.375": {
							"post": [0.18313, 0.68688, -2.39],
							"lerp_mode": "catmullrom"
						},
						"1.4167": {
							"post": [-0.59562, 0.73813, -2.515],
							"lerp_mode": "catmullrom"
						},
						"1.4583": {
							"post": [-0.12625, 0.74688, -2.39],
							"lerp_mode": "catmullrom"
						},
						"1.5833": {
							"post": [0.06875, 0.63938, -2.39],
							"lerp_mode": "catmullrom"
						},
						"1.6667": {
							"post": [-0.59812, 0.4275, -2.39],
							"lerp_mode": "catmullrom"
						},
						"1.7917": {
							"post": [-0.31687, 0.49, -2.39],
							"lerp_mode": "catmullrom"
						},
						"1.875": {
							"post": [-2.685, 0.41563, -2.39],
							"lerp_mode": "catmullrom"
						},
						"1.9583": {
							"post": [-1.06562, -0.53625, -2.39],
							"lerp_mode": "catmullrom"
						},
						"2.0417": {
							"post": [-0.22, -1.19187, -3.2925],
							"lerp_mode": "catmullrom"
						},
						"2.125": {
							"post": [-0.41125, -0.97062, -1.8575],
							"lerp_mode": "catmullrom"
						},
						"2.2917": [0.40625, -0.79062, 0.45313],
						"2.375": [0.3, -0.41, -0.20125],
						"2.5": [0, -0.025, -0.04375],
						"2.5833": [0, 0, 0.025],
						"2.6667": [0, 0, 0]
					}
				},
				"right": {
					"rotation": [94.51712, 4.98455, -179.60671],
					"position": [-6.70625, -15.8375, 3.275],
					"scale": [1, 1.5, 1]
				},
				"bolt": {
					"position": {
						"0.0": [0, 0, 5],
						"1.7917": [0, 0, 5],
						"1.8333": [0, 0, 0]
					},
					"scale": 1
				},
				"mag_release": {
					"position": {
						"0.125": [0, 0, 0],
						"0.1667": [0.1875, 0, 0],
						"0.25": [0.1875, 0, 0],
						"0.2917": [0, 0, 0],
						"1.2917": [0, 0, 0],
						"1.3333": [0.1875, 0, 0],
						"1.4167": [0.1875, 0, 0],
						"1.4583": [0, 0, 0]
					}
				},
				"mag_and_lefthand": {
					"rotation": {
						"0.2083": [0, 0, 0],
						"0.2917": {
							"pre": [0, 0, -35],
							"post": [0, 0, -35],
							"lerp_mode": "catmullrom"
						},
						"0.375": {
							"post": [0, 37.46424, -60.63124],
							"lerp_mode": "catmullrom"
						},
						"0.8333": {
							"post": [0, 0, -105],
							"lerp_mode": "catmullrom"
						},
						"0.9583": {
							"post": [0.3058, -2.32147, -72.62299],
							"lerp_mode": "catmullrom"
						},
						"1.0833": [-7, 0, -17.5],
						"1.2083": [0, 0, 0]
					},
					"position": {
						"0.1667": [0, 0, 0],
						"0.2083": {
							"pre": [0, -4.4375, 0],
							"post": [0, -4.4375, 0],
							"lerp_mode": "catmullrom"
						},
						"0.2917": {
							"post": [1.755, -13.4425, 0],
							"lerp_mode": "catmullrom"
						},
						"0.4167": {
							"post": [7.3175, -18.815, 0],
							"lerp_mode": "catmullrom"
						},
						"0.5417": {
							"post": [5.74, -25.265, 0],
							"lerp_mode": "catmullrom"
						},
						"0.8333": {
							"post": [-7.3075, -23.2525, 0],
							"lerp_mode": "catmullrom"
						},
						"0.9583": {
							"post": [0.47375, -9.63, 0],
							"lerp_mode": "catmullrom"
						},
						"1.0833": {
							"post": [1.17188, -5.125, 0],
							"lerp_mode": "catmullrom"
						},
						"1.1667": {
							"post": [0.48438, -3.01562, -0.10937],
							"lerp_mode": "catmullrom"
						},
						"1.2083": {
							"post": [0, -2.16687, 0],
							"lerp_mode": "catmullrom"
						},
						"1.25": {
							"post": [0, -1.60437, 0],
							"lerp_mode": "catmullrom"
						},
						"1.2917": {
							"post": [0, -1.60437, 0],
							"lerp_mode": "catmullrom"
						},
						"1.3333": {
							"post": [-0.125, -2.245, 0],
							"lerp_mode": "catmullrom"
						},
						"1.375": [0, -2.06, 0],
						"1.4167": [0, 0.565, 0],
						"1.4583": [0, 0, 0]
					}
				},
				"left": {
					"rotation": {
						"0.0": [112.60464, -22.92882, -161.52665],
						"0.0833": {
							"pre": [123.06499, -21.94682, -199.35106],
							"post": [123.06499, -21.94682, -199.35106],
							"lerp_mode": "catmullrom"
						},
						"0.125": {
							"post": [146.44211, -38.12623, -223.74723],
							"lerp_mode": "catmullrom"
						},
						"0.2083": {
							"post": [162.44698, -43.15853, -236.62584],
							"lerp_mode": "catmullrom"
						},
						"0.2917": {
							"post": [131.3584, -31.89738, -232.65407],
							"lerp_mode": "catmullrom"
						},
						"0.375": {
							"post": [123.99595, 20.78064, -183.25485],
							"lerp_mode": "catmullrom"
						},
						"0.5417": {
							"post": [124.79069, -63.69518, -137.62612],
							"lerp_mode": "catmullrom"
						},
						"0.625": {
							"post": [145.45777, -61.02066, -150.41067],
							"lerp_mode": "catmullrom"
						},
						"0.6667": {
							"post": [124.79069, -63.69518, -137.62612],
							"lerp_mode": "catmullrom"
						},
						"1.0": {
							"post": [147.88462, -18.01488, -182.80954],
							"lerp_mode": "catmullrom"
						},
						"1.2083": {
							"post": [147.88462, -18.01488, -182.80954],
							"lerp_mode": "catmullrom"
						},
						"1.4167": {
							"post": [147.88462, -18.01488, -182.80954],
							"lerp_mode": "catmullrom"
						},
						"1.5417": {
							"post": [147.88462, -18.01488, -182.80954],
							"lerp_mode": "catmullrom"
						},
						"1.625": {
							"post": [87.64684, -8.23035, -186.95577],
							"lerp_mode": "catmullrom"
						},
						"1.7083": {
							"post": [152.16398, 14.38241, -201.40282],
							"lerp_mode": "catmullrom"
						},
						"1.8333": {
							"post": [169.52055, 10.69736, -195.46719],
							"lerp_mode": "catmullrom"
						},
						"1.9583": {
							"post": [169.85261, -4.0047, -188.22586],
							"lerp_mode": "catmullrom"
						},
						"2.125": [111.06321, -39.32304, -158.0405],
						"2.2083": [112.60464, -22.92882, -161.52665]
					},
					"position": {
						"0.0": [8.025, -12.5625, -11.2],
						"0.0417": {
							"pre": [9.8425, -13.3725, -11.2],
							"post": [9.8425, -13.3725, -11.2],
							"lerp_mode": "catmullrom"
						},
						"0.0833": {
							"post": [11.09, -16.3075, -4.45],
							"lerp_mode": "catmullrom"
						},
						"0.125": {
							"post": [8.0275, -17.185, -3.075],
							"lerp_mode": "catmullrom"
						},
						"0.1667": {
							"post": [7.87, -20.065, -3.09],
							"lerp_mode": "catmullrom"
						},
						"0.375": {
							"post": [5.87, -19.3775, -3.09],
							"lerp_mode": "catmullrom"
						},
						"0.5833": {
							"post": [1.6525, -18.56, -4.46562],
							"lerp_mode": "catmullrom"
						},
						"1.125": {
							"post": [5.23063, -18.56, -4.46562],
							"lerp_mode": "catmullrom"
						},
						"1.4583": {
							"post": [5.23063, -18.56, -4.46562],
							"lerp_mode": "catmullrom"
						},
						"1.5417": {
							"post": [5.79313, -19.4975, -4.825],
							"lerp_mode": "catmullrom"
						},
						"1.625": {
							"post": [8.46938, -20.64125, -3.62312],
							"lerp_mode": "catmullrom"
						},
						"1.7917": {
							"post": [18.95188, -17.87, -1.5075],
							"lerp_mode": "catmullrom"
						},
						"1.8333": {
							"post": [8.70187, -10.3075, -0.695],
							"lerp_mode": "catmullrom"
						},
						"1.9583": {
							"post": [8.88937, -11.62, -0.695],
							"lerp_mode": "catmullrom"
						},
						"2.0417": [9.85688, -12.34, -4.43],
						"2.0833": [8.4875, -12.93, -8.03],
						"2.125": [8.025, -12.5625, -11.2]
					},
					"scale": [1, 1.5, 1]
				},
				"mag_and_bullet": {
					"scale": {
						"0.4167": [1, 1, 1],
						"0.4583": [0, 0, 0],
						"0.75": [0, 0, 0],
						"0.7917": [1, 1, 1]
					}
				},
				"bullet": {
					"scale": {
						"0.0": [0, 0, 0],
						"0.75": [0, 0, 0],
						"0.7917": [1, 1, 1]
					}
				},
				"bullet_in_mag": {
					"scale": {
						"0.0": [0, 0, 0],
						"0.75": [0, 0, 0],
						"0.7917": [1, 1, 1]
					}
				},
				"idle_view": {
					"rotation": {
						"0.0": [0, 0, 0],
						"0.125": [0, 0, 2.5],
						"2.0": [0, 0, 2.5],
						"2.1667": [0, 0, 0]
					}
				},
				"camera": {
					"rotation": {
						"0.0": {
							"post": [0, 0, 0],
							"lerp_mode": "catmullrom"
						},
						"0.125": {
							"post": [-0.55, 0.1, 0.2],
							"lerp_mode": "catmullrom"
						},
						"0.2083": {
							"post": [-0.725, 0.1, -0.55],
							"lerp_mode": "catmullrom"
						},
						"0.2917": {
							"post": [0.5, -0.175, -0.175],
							"lerp_mode": "catmullrom"
						},
						"0.375": {
							"post": [-0.125, 0.125, -0.32],
							"lerp_mode": "catmullrom"
						},
						"0.5417": {
							"post": [-0.025, 0, -0.27],
							"lerp_mode": "catmullrom"
						},
						"0.75": {
							"post": [1.65, 0.4, 0.08],
							"lerp_mode": "catmullrom"
						},
						"0.9583": {
							"post": [-0.025, 0, -0.27],
							"lerp_mode": "catmullrom"
						},
						"1.1667": {
							"post": [-0.1, 0, -0.095],
							"lerp_mode": "catmullrom"
						},
						"1.2083": {
							"post": [-0.725, 0.1, -0.55],
							"lerp_mode": "catmullrom"
						},
						"1.25": {
							"post": [0.175, 0.125, -0.005],
							"lerp_mode": "catmullrom"
						},
						"1.2917": {
							"post": [-0.1, -0.125, -0.32],
							"lerp_mode": "catmullrom"
						},
						"1.375": {
							"post": [0.1, -0.2, 0.285],
							"lerp_mode": "catmullrom"
						},
						"1.4167": {
							"post": [-0.725, 0.1, -0.55],
							"lerp_mode": "catmullrom"
						},
						"1.5": {
							"post": [0.125, 0.35, -0.305],
							"lerp_mode": "catmullrom"
						},
						"1.75": {
							"post": [-0.275, -0.1, -0.06],
							"lerp_mode": "catmullrom"
						},
						"1.8333": {
							"post": [0, 0, 0.14],
							"lerp_mode": "catmullrom"
						},
						"1.875": {
							"post": [0.65, 0.05, 0.8],
							"lerp_mode": "catmullrom"
						},
						"1.9583": {
							"post": [-0.225, -0.2, -0.325],
							"lerp_mode": "catmullrom"
						},
						"2.0": {
							"post": [0.25, 0.675, 0.38],
							"lerp_mode": "catmullrom"
						},
						"2.0833": {
							"post": [0.55, -0.35, -0.32],
							"lerp_mode": "catmullrom"
						},
						"2.1667": {
							"post": [0, 0, -0.25],
							"lerp_mode": "catmullrom"
						},
						"2.25": {
							"post": [0.25, 0, -0.25],
							"lerp_mode": "catmullrom"
						},
						"2.3333": {
							"post": [-0.35, 0, 0.2],
							"lerp_mode": "catmullrom"
						},
						"2.4167": {
							"post": [0.25, 0, -0.25],
							"lerp_mode": "catmullrom"
						},
						"2.5": {
							"post": [-0.075, 0, 0.075],
							"lerp_mode": "catmullrom"
						},
						"2.5833": {
							"post": [0, 0, 0],
							"lerp_mode": "catmullrom"
						}
					}
				},
				"bolt_release": {
					"rotation": {
						"0.0": [0, 0, 17.5],
						"1.7917": [0, 0, 17.5],
						"1.8333": [0, 0, 0]
					},
					"position": {
						"0.0": [0, 0, 0],
						"1.7917": [0, 0, 0],
						"1.8333": [0, 0, 0]
					}
				}
			},
			"sound_effects": {
				"0.0": {
					"effect": "m4_reload_empty"
				}
			}
		},
		"inspect_empty": {
			"loop": true,
			"animation_length": 7.125,
			"bones": {
				"root": {
					"rotation": {
						"0.0": {
							"post": [0, 0, 0],
							"lerp_mode": "catmullrom"
						},
						"0.125": {
							"post": [-17.44778, 8.30322, 49.79796],
							"lerp_mode": "catmullrom"
						},
						"0.2917": {
							"post": [-17.11905, 9.09491, 52.27122],
							"lerp_mode": "catmullrom"
						},
						"0.375": {
							"post": [-17.44778, 8.30322, 49.79796],
							"lerp_mode": "catmullrom"
						},
						"0.4583": {
							"post": [-19.01614, 2.09716, 32.00549],
							"lerp_mode": "catmullrom"
						},
						"0.625": {
							"post": [-29.24923, -26.29789, -36.45798],
							"lerp_mode": "catmullrom"
						},
						"0.75": {
							"post": [-22.80425, -32.32834, -46.55101],
							"lerp_mode": "catmullrom"
						},
						"0.9167": {
							"post": [-21.67887, -35.29396, -46.68495],
							"lerp_mode": "catmullrom"
						},
						"0.9583": {
							"post": [-20.43576, -36.16534, -48.52312],
							"lerp_mode": "catmullrom"
						},
						"1.0": {
							"post": [-21.67887, -35.29396, -46.68495],
							"lerp_mode": "catmullrom"
						},
						"1.1667": {
							"post": [-23.13393, -36.02344, -45.98977],
							"lerp_mode": "catmullrom"
						},
						"1.2083": {
							"post": [-22.57053, -34.05171, -40.95526],
							"lerp_mode": "catmullrom"
						},
						"1.25": {
							"post": [-18.0838, -32.22406, -45.40205],
							"lerp_mode": "catmullrom"
						},
						"1.3333": {
							"post": [-23.67732, -30.62102, -39.96868],
							"lerp_mode": "catmullrom"
						},
						"1.4583": {
							"post": [-23.57913, -32.11898, -40.70197],
							"lerp_mode": "catmullrom"
						},
						"1.6667": {
							"post": [-25.6164, -33.11172, -39.83617],
							"lerp_mode": "catmullrom"
						},
						"1.7917": {
							"post": [-25.54021, -33.31309, -41.50575],
							"lerp_mode": "catmullrom"
						},
						"1.9167": [-25.94474, -34.77074, -41.02011],
						"2.0417": {
							"pre": [-26.42732, -30.62102, -39.96868],
							"post": [-26.42732, -30.62102, -39.96868],
							"lerp_mode": "catmullrom"
						},
						"2.1667": {
							"post": [-31.63853, -6.70939, 1.21908],
							"lerp_mode": "catmullrom"
						},
						"2.2917": {
							"post": [-27.96841, 14.95519, 57.12677],
							"lerp_mode": "catmullrom"
						},
						"2.4167": {
							"post": [-26.06329, 13.52008, 63.18796],
							"lerp_mode": "catmullrom"
						},
						"2.5": {
							"post": [-26, 12.87, 65.09],
							"lerp_mode": "catmullrom"
						},
						"2.5417": {
							"post": [-22.76132, 12.04882, 66.06063],
							"lerp_mode": "catmullrom"
						},
						"2.625": {
							"post": [-27.52019, 17.82894, 65.81937],
							"lerp_mode": "catmullrom"
						},
						"2.75": {
							"post": [-22.94037, 16.39888, 67.12696],
							"lerp_mode": "catmullrom"
						},
						"2.8333": {
							"post": [-24.77537, 14.32696, 64.29462],
							"lerp_mode": "catmullrom"
						},
						"2.875": {
							"post": [-19.81664, 11.99562, 65.66611],
							"lerp_mode": "catmullrom"
						},
						"2.9167": {
							"post": [-20.01132, 12.29882, 66.06063],
							"lerp_mode": "catmullrom"
						},
						"3.0": {
							"post": [-19.22643, 10.26141, 66.76767],
							"lerp_mode": "catmullrom"
						},
						"3.125": {
							"post": [-15.77473, 7.91834, 65.92555],
							"lerp_mode": "catmullrom"
						},
						"3.25": {
							"post": [-20.39025, 4.89059, 65.07191],
							"lerp_mode": "catmullrom"
						},
						"3.3333": {
							"post": [-18.1392, 2.1428, 61.17061],
							"lerp_mode": "catmullrom"
						},
						"3.4167": {
							"post": [-18.71572, 0.82201, 63.46257],
							"lerp_mode": "catmullrom"
						},
						"3.5417": {
							"post": [-19.2253, -1.70791, 51.04811],
							"lerp_mode": "catmullrom"
						},
						"3.6667": {
							"post": [-22.08407, 2.70185, 49.32514],
							"lerp_mode": "catmullrom"
						},
						"3.7917": {
							"post": [-26.20608, -1.85136, 12.73139],
							"lerp_mode": "catmullrom"
						},
						"3.9167": {
							"post": [-26.11373, -29.44137, -37.09917],
							"lerp_mode": "catmullrom"
						},
						"4.0417": {
							"post": [-22.67443, -36.12511, -46.46316],
							"lerp_mode": "catmullrom"
						},
						"4.2083": {
							"post": [-19.40995, -37.38898, -50.6577],
							"lerp_mode": "catmullrom"
						},
						"4.2917": {
							"post": [-16.31728, -37.13884, -52.4523],
							"lerp_mode": "catmullrom"
						},
						"4.3333": {
							"post": [-18.31551, -37.87398, -52.45006],
							"lerp_mode": "catmullrom"
						},
						"4.4167": {
							"post": [-19.40995, -37.38898, -50.6577],
							"lerp_mode": "catmullrom"
						},
						"4.4583": {
							"post": [-18.56331, -36.45095, -52.05342],
							"lerp_mode": "catmullrom"
						},
						"4.5": {
							"post": [-16.31728, -37.13884, -52.4523],
							"lerp_mode": "catmullrom"
						},
						"4.5833": {
							"post": [-18.31551, -37.87398, -52.45006],
							"lerp_mode": "catmullrom"
						},
						"4.6667": {
							"post": [-24.74908, -25.00983, -28.60674],
							"lerp_mode": "catmullrom"
						},
						"4.75": {
							"post": [-24.42229, -5.91578, 5.74601],
							"lerp_mode": "catmullrom"
						},
						"4.875": {
							"post": [-32.31432, 11.70578, 41.14452],
							"lerp_mode": "catmullrom"
						},
						"4.9583": {
							"post": [-27.3396, 16.90892, 57.88419],
							"lerp_mode": "catmullrom"
						},
						"5.0": {
							"post": [-28.94409, 17.92822, 58.76555],
							"lerp_mode": "catmullrom"
						},
						"5.0417": {
							"post": [-30.30883, 18.14855, 60.69772],
							"lerp_mode": "catmullrom"
						},
						"5.0833": {
							"post": [-29.12052, 18.08896, 59.34325],
							"lerp_mode": "catmullrom"
						},
						"5.125": {
							"post": [-27.87414, 18.35565, 57.84211],
							"lerp_mode": "catmullrom"
						},
						"5.25": {
							"post": [-28.68364, 18.45424, 59.35342],
							"lerp_mode": "catmullrom"
						},
						"5.4583": {
							"post": [-27.24713, 18.22519, 60.3229],
							"lerp_mode": "catmullrom"
						},
						"5.75": {
							"post": [-26.568, 19.15983, 59.89985],
							"lerp_mode": "catmullrom"
						},
						"5.8333": {
							"post": [-25.27962, 21.69807, 60.63858],
							"lerp_mode": "catmullrom"
						},
						"5.875": {
							"post": [-24.95766, 22.70916, 62.62391],
							"lerp_mode": "catmullrom"
						},
						"5.9167": {
							"post": [-26.98148, 20.83285, 58.70363],
							"lerp_mode": "catmullrom"
						},
						"5.9583": {
							"post": [-22.38309, 19.64507, 59.80859],
							"lerp_mode": "catmullrom"
						},
						"6.0417": {
							"post": [-27.03839, 21.53514, 61.3061],
							"lerp_mode": "catmullrom"
						},
						"6.0833": {
							"post": [-26.89642, 20.94611, 58.94219],
							"lerp_mode": "catmullrom"
						},
						"6.2083": {
							"post": [-26.89642, 20.94611, 58.94219],
							"lerp_mode": "catmullrom"
						},
						"6.4167": {
							"post": [-5.5018, 1.20947, 27.52214],
							"lerp_mode": "catmullrom"
						},
						"6.625": {
							"post": [0.76624, -0.22399, 0.79966],
							"lerp_mode": "catmullrom"
						},
						"6.7083": {
							"post": [0.52067, -0.97072, 5.7384],
							"lerp_mode": "catmullrom"
						},
						"6.7917": [0.36878, -2.34338, 1.11338],
						"6.875": [0.00175, -0.19999, -0.5],
						"7.0": [0, 0, 0]
					},
					"position": {
						"0.0": {
							"post": [0, 0, 0],
							"lerp_mode": "catmullrom"
						},
						"0.2083": {
							"post": [0, 0.42188, 0],
							"lerp_mode": "catmullrom"
						},
						"0.3333": {
							"post": [0, 0.38688, 0.14],
							"lerp_mode": "catmullrom"
						},
						"0.4167": {
							"post": [0, 0.42188, 0],
							"lerp_mode": "catmullrom"
						},
						"0.5833": {
							"post": [1, 1.13, -2.44],
							"lerp_mode": "catmullrom"
						},
						"0.75": {
							"post": [1, 1.52562, -2.44],
							"lerp_mode": "catmullrom"
						},
						"0.9167": {
							"post": [1, 1.155, -2.44],
							"lerp_mode": "catmullrom"
						},
						"1.0": {
							"post": [1, 1.38625, -2.28375],
							"lerp_mode": "catmullrom"
						},
						"1.1667": {
							"post": [1, 1.42875, -1.93625],
							"lerp_mode": "catmullrom"
						},
						"1.2083": {
							"post": [1.51563, 0.71313, -1.94],
							"lerp_mode": "catmullrom"
						},
						"1.25": {
							"post": [1.7925, 0.82063, -1.94],
							"lerp_mode": "catmullrom"
						},
						"1.3333": {
							"post": [1.21125, 1.22688, -1.94],
							"lerp_mode": "catmullrom"
						},
						"1.4583": {
							"post": [0.86875, 1.33875, -1.94],
							"lerp_mode": "catmullrom"
						},
						"1.5833": {
							"post": [0.85, 1.30875, -1.94],
							"lerp_mode": "catmullrom"
						},
						"1.7917": {
							"post": [0.86875, 1.33875, -1.94],
							"lerp_mode": "catmullrom"
						},
						"1.9167": {
							"post": [0.86875, 1.33875, -1.94],
							"lerp_mode": "catmullrom"
						},
						"2.0417": [0.76563, 0.67563, -2.19375],
						"2.1667": {
							"pre": [0.79688, 0.69625, -1.74062],
							"post": [0.79688, 0.69625, -1.74062],
							"lerp_mode": "catmullrom"
						},
						"2.3333": {
							"post": [0, 1.30563, -1.95937],
							"lerp_mode": "catmullrom"
						},
						"2.4167": {
							"post": [0.10188, 1.225, -1.97],
							"lerp_mode": "catmullrom"
						},
						"2.5": {
							"post": [-0.04, 1.33, -1.93],
							"lerp_mode": "catmullrom"
						},
						"2.5417": {
							"post": [-0.04, 1.33, -1.71687],
							"lerp_mode": "catmullrom"
						},
						"2.5833": {
							"post": [-0.04, 1.33, -1.28625],
							"lerp_mode": "catmullrom"
						},
						"2.625": {
							"post": [-0.04, 1.33, -0.7575],
							"lerp_mode": "catmullrom"
						},
						"2.6667": {
							"post": [-0.04, 1.33, -1.03625],
							"lerp_mode": "catmullrom"
						},
						"2.7083": {
							"post": [-0.04, 1.33, -1.71687],
							"lerp_mode": "catmullrom"
						},
						"2.75": {
							"post": [-0.04, 1.33, -1.93],
							"lerp_mode": "catmullrom"
						},
						"2.8333": {
							"post": [-0.04, 1.33, -2.05938],
							"lerp_mode": "catmullrom"
						},
						"2.875": {
							"post": [-0.04, 1.33, -1.72687],
							"lerp_mode": "catmullrom"
						},
						"2.9167": {
							"post": [-0.04, 1.33, -0.76375],
							"lerp_mode": "catmullrom"
						},
						"2.9583": {
							"post": [-0.04, 1.33, -1.28625],
							"lerp_mode": "catmullrom"
						},
						"3.0": {
							"post": [-0.04, 1.33, -0.8825],
							"lerp_mode": "catmullrom"
						},
						"3.0417": {
							"post": [-0.04, 1.33, -1.28625],
							"lerp_mode": "catmullrom"
						},
						"3.0833": {
							"post": [-0.04, 1.23625, -1.71687],
							"lerp_mode": "catmullrom"
						},
						"3.125": {
							"post": [-0.04, 1.23625, -1.93],
							"lerp_mode": "catmullrom"
						},
						"3.1667": {
							"post": [-0.04, 1.18938, -1.01375],
							"lerp_mode": "catmullrom"
						},
						"3.2083": {
							"post": [-0.04, 1.18938, -0.70812],
							"lerp_mode": "catmullrom"
						},
						"3.25": {
							"post": [-0.04, 1.08, -0.91375],
							"lerp_mode": "catmullrom"
						},
						"3.3333": {
							"post": [-0.04, 1.00188, -1.14562],
							"lerp_mode": "catmullrom"
						},
						"3.375": {
							"post": [-0.04, 0.98625, -1.88875],
							"lerp_mode": "catmullrom"
						},
						"3.4167": {
							"post": [-0.04, 0.81438, -1.96125],
							"lerp_mode": "catmullrom"
						},
						"3.4583": {
							"post": [0, 0.58938, -1.5375],
							"lerp_mode": "catmullrom"
						},
						"3.5417": {
							"post": [0, 0.52312, -1.35],
							"lerp_mode": "catmullrom"
						},
						"3.6667": {
							"post": [0, 0.52312, -1.35],
							"lerp_mode": "catmullrom"
						},
						"3.75": {
							"post": [-0.03375, 0.1675, -1.24],
							"lerp_mode": "catmullrom"
						},
						"3.8333": {
							"post": [0.11, -0.27687, -2.11],
							"lerp_mode": "catmullrom"
						},
						"3.9583": {
							"post": [-0.73937, 1.13688, -1.94],
							"lerp_mode": "catmullrom"
						},
						"4.0417": {
							"post": [-0.81687, 1.37125, -1.94],
							"lerp_mode": "catmullrom"
						},
						"4.125": {
							"post": [-0.62937, 0.8075, -1.94],
							"lerp_mode": "catmullrom"
						},
						"4.2083": {
							"post": [-0.4875, 1.1825, -1.94],
							"lerp_mode": "catmullrom"
						},
						"4.2917": {
							"post": [-0.545, 0.86688, -1.94],
							"lerp_mode": "catmullrom"
						},
						"4.375": {
							"post": [-0.37125, 0.85125, -1.94],
							"lerp_mode": "catmullrom"
						},
						"4.4167": {
							"post": [0.78813, 0.50063, -1.94],
							"lerp_mode": "catmullrom"
						},
						"4.4583": {
							"post": [0.53312, 0.51063, -1.94],
							"lerp_mode": "catmullrom"
						},
						"4.5": {
							"post": [0.1575, 0.92938, -1.94],
							"lerp_mode": "catmullrom"
						},
						"4.5833": {
							"post": [0.31375, 0.99188, -1.94],
							"lerp_mode": "catmullrom"
						},
						"4.7083": {
							"post": [0.32813, 0.20688, -2.35],
							"lerp_mode": "catmullrom"
						},
						"4.7917": {
							"post": [0.1875, 0.27063, -1.67812],
							"lerp_mode": "catmullrom"
						},
						"4.875": {
							"post": [0, 1.14813, -1.83437],
							"lerp_mode": "catmullrom"
						},
						"4.9583": {
							"post": [0, 1.54063, -2.35],
							"lerp_mode": "catmullrom"
						},
						"5.0": {
							"post": [0, 1.53, -2.475],
							"lerp_mode": "catmullrom"
						},
						"5.0417": {
							"post": [0, 1.3425, -2.10062],
							"lerp_mode": "catmullrom"
						},
						"5.2083": {
							"post": [0, 1.52813, -2.23],
							"lerp_mode": "catmullrom"
						},
						"5.3333": {
							"post": [0, 1.54063, -2.35],
							"lerp_mode": "catmullrom"
						},
						"5.5417": {
							"post": [0, 1.54313, -2.35],
							"lerp_mode": "catmullrom"
						},
						"5.8333": {
							"post": [0, 1.65188, -2.35],
							"lerp_mode": "catmullrom"
						},
						"6.0": {
							"post": [-0.375, 1.54063, -2.35],
							"lerp_mode": "catmullrom"
						},
						"6.125": {
							"post": [-0.375, 0.72813, -2.35],
							"lerp_mode": "catmullrom"
						},
						"6.25": {
							"post": [-0.81437, -0.37375, -1.8],
							"lerp_mode": "catmullrom"
						},
						"6.4167": {
							"post": [-0.1625, -1.03687, -2.0525],
							"lerp_mode": "catmullrom"
						},
						"6.5833": [0.0875, -0.50125, -0.74187],
						"6.6667": [0.40625, -0.54062, 0.45313],
						"6.7083": [0.3, -0.41, -0.20125],
						"6.8333": [0, -0.025, -0.04375],
						"6.9167": [0, 0, 0.025],
						"7.0": [0, 0, 0]
					}
				},
				"right": {
					"rotation": [94.51712, 4.98455, -179.60671],
					"position": [-6.70625, -15.8375, 3.275],
					"scale": [1, 1.5, 1]
				},
				"m4a1_pull": {
					"position": {
						"2.5417": {
							"pre": [0, 0, 0],
							"post": [0, 0, 0],
							"lerp_mode": "catmullrom"
						},
						"2.625": [0, 0, 3],
						"2.7083": [0, 0, 2.14063],
						"2.7917": {
							"pre": [0, 0, 0],
							"post": [0, 0, 0],
							"lerp_mode": "catmullrom"
						},
						"2.875": {
							"post": [0, 0, 0],
							"lerp_mode": "catmullrom"
						},
						"2.9583": [0, 0, 4],
						"3.0417": [0, 0, 3],
						"3.125": {
							"pre": [0, 0, 0],
							"post": [0, 0, 0],
							"lerp_mode": "catmullrom"
						},
						"3.2083": [0, 0, 4],
						"3.2917": [0, 0, 4],
						"3.3333": [0, 0, 3],
						"3.375": [0, 0, 0],
						"5.0": [0, 0, 0],
						"5.125": [0, 0, 3],
						"5.8333": [0, 0, 3],
						"6.0": {
							"pre": [0, 0, 0],
							"post": [0, 0, 0],
							"lerp_mode": "catmullrom"
						}
					}
				},
				"bullet_in_barrel": {
					"scale": 0
				},
				"bolt": {
					"position": {
						"0.0": [0, 0, 5],
						"2.6667": [0, 0, 5],
						"2.7083": [0, 0, 0],
						"2.9583": [0, 0, 0],
						"5.0": [0, 0, 0],
						"5.0417": [0, 0, 5]
					}
				},
				"mag_release": {
					"position": {
						"1.125": [0, 0, 0],
						"1.1667": [0.1875, 0, 0],
						"1.25": [0.1875, 0, 0],
						"1.2917": [0, 0, 0],
						"4.375": [0, 0, 0],
						"4.4167": [0.1875, 0, 0],
						"4.5": [0.1875, 0, 0],
						"4.5417": [0, 0, 0]
					}
				},
				"mag_and_lefthand": {
					"rotation": {
						"1.2083": {
							"pre": [0, 0, 0],
							"post": [0, 0, 0],
							"lerp_mode": "catmullrom"
						},
						"1.25": {
							"post": [-11.23395, -8.07662, 19.24381],
							"lerp_mode": "catmullrom"
						},
						"1.4167": {
							"post": [-11.23395, -8.07662, 19.24381],
							"lerp_mode": "catmullrom"
						},
						"1.75": {
							"post": [-10.69467, -0.86102, 13.99729],
							"lerp_mode": "catmullrom"
						},
						"1.875": {
							"post": [-11.12154, 0.50802, 17.54548],
							"lerp_mode": "catmullrom"
						},
						"2.0": {
							"post": [-15.29798, -9.06187, 19.47415],
							"lerp_mode": "catmullrom"
						},
						"2.0833": {
							"post": [-2.18445, -13.63499, -26.29064],
							"lerp_mode": "catmullrom"
						},
						"2.3333": [-77.83974, -5.05821, -88.77706],
						"2.4583": [-77.83974, -5.05821, -88.77706],
						"3.25": {
							"pre": [-71.54404, -4.31683, -88.38731],
							"post": [-71.54404, -4.31683, -88.38731],
							"lerp_mode": "catmullrom"
						},
						"3.4167": {
							"post": [-77.83974, -5.05821, -88.77706],
							"lerp_mode": "catmullrom"
						},
						"3.5417": {
							"post": [-95.33974, -12.55821, -88.77706],
							"lerp_mode": "catmullrom"
						},
						"3.6667": {
							"post": [-54.90358, -16.28018, -38.37667],
							"lerp_mode": "catmullrom"
						},
						"3.75": {
							"post": [-39.90358, -8.78018, -38.37667],
							"lerp_mode": "catmullrom"
						},
						"3.8333": {
							"post": [3.09589, -16.43129, -105.25606],
							"lerp_mode": "catmullrom"
						},
						"3.9583": {
							"post": [0, 0, 0],
							"lerp_mode": "catmullrom"
						},
						"4.0833": {
							"post": [0, -0.84663, 0],
							"lerp_mode": "catmullrom"
						},
						"4.2083": [0, 0, 0]
					},
					"position": {
						"1.1667": {
							"pre": [0, 0, 0],
							"post": [0, 0, 0],
							"lerp_mode": "catmullrom"
						},
						"1.2083": {
							"post": [0, -3.3125, 0],
							"lerp_mode": "catmullrom"
						},
						"1.25": {
							"post": [0.34375, -4.15125, -0.90625],
							"lerp_mode": "catmullrom"
						},
						"1.375": {
							"post": [2.7475, -5.90375, -0.39062],
							"lerp_mode": "catmullrom"
						},
						"1.6667": {
							"post": [3.61813, -4.5575, 0.79],
							"lerp_mode": "catmullrom"
						},
						"1.875": {
							"post": [3.66938, -4.84125, 0.75],
							"lerp_mode": "catmullrom"
						},
						"2.125": {
							"post": [4.32562, -4.31, 1.4375],
							"lerp_mode": "catmullrom"
						},
						"2.25": [2.26375, 5.48, 12.0875],
						"2.4583": [2.26375, 5.48, 12.0875],
						"2.5417": {
							"pre": [1.7325, 5.48, 11.65],
							"post": [1.7325, 5.48, 11.65],
							"lerp_mode": "catmullrom"
						},
						"2.625": [1.9325, 3.88, 14.17188],
						"2.7083": [1.9325, 3.88, 13.125],
						"2.7917": [1.9325, 3.88, 11.3125],
						"2.875": [1.9325, 3.88, 11.3125],
						"2.9583": [1.9325, 3.88, 14],
						"3.0417": [1.9325, 3.88, 14],
						"3.0833": [1.9325, 3.88, 14],
						"3.125": [1.9325, 3.88, 11.3125],
						"3.2083": [1.9325, 3.88, 13.3125],
						"3.2917": [1.9325, 3.88, 14],
						"3.3333": [1.9325, 3.88, 14],
						"3.375": [1.9325, 3.88, 11.3125],
						"3.4583": [3.66688, 4.22375, 11.3125],
						"3.5417": {
							"pre": [9.005, 0.98375, 8.31],
							"post": [9.005, 0.98375, 8.31],
							"lerp_mode": "catmullrom"
						},
						"3.6667": {
							"post": [10.02812, -12.28375, 5.56],
							"lerp_mode": "catmullrom"
						},
						"3.8333": {
							"post": [8.1325, -8.71437, 0.42],
							"lerp_mode": "catmullrom"
						},
						"3.9583": {
							"post": [-0.15438, -5.8825, 0.04688],
							"lerp_mode": "catmullrom"
						},
						"4.0417": {
							"post": [-0.23, -2.42313, -0.01562],
							"lerp_mode": "catmullrom"
						},
						"4.125": {
							"post": [-0.3125, -2.75, 0],
							"lerp_mode": "catmullrom"
						},
						"4.1667": {
							"post": [0, -3.08, 0],
							"lerp_mode": "catmullrom"
						},
						"4.2083": {
							"post": [0, -3.08, 0],
							"lerp_mode": "catmullrom"
						},
						"4.25": {
							"post": [0, -2.9975, 0],
							"lerp_mode": "catmullrom"
						},
						"4.2917": {
							"post": [0.04688, -2.9975, 0],
							"lerp_mode": "catmullrom"
						},
						"4.375": {
							"post": [-0.125, -3.3075, 0],
							"lerp_mode": "catmullrom"
						},
						"4.4167": [0, -2.06, 0],
						"4.4583": [0, 0.565, 0],
						"4.5": [0, 0, 0]
					}
				},
				"left": {
					"rotation": {
						"0.0": [112.60464, -22.92882, -161.52665],
						"0.375": [112.60464, -22.92882, -161.52665],
						"0.625": {
							"pre": [118.49531, -14.66166, -179.62651],
							"post": [118.49531, -14.66166, -179.62651],
							"lerp_mode": "catmullrom"
						},
						"0.75": {
							"post": [123.4453, -48.79717, -152.50035],
							"lerp_mode": "catmullrom"
						},
						"1.4167": {
							"post": [123.4453, -48.79717, -152.50035],
							"lerp_mode": "catmullrom"
						},
						"2.0": {
							"post": [123.4453, -48.79717, -152.50035],
							"lerp_mode": "catmullrom"
						},
						"2.2917": {
							"post": [106.38219, 6.89223, -205.78215],
							"lerp_mode": "catmullrom"
						},
						"3.5": {
							"post": [106.38219, 6.89223, -205.78215],
							"lerp_mode": "catmullrom"
						},
						"3.7083": {
							"post": [123.4453, -48.79717, -152.50035],
							"lerp_mode": "catmullrom"
						},
						"4.5833": {
							"post": [123.4453, -48.79717, -152.50035],
							"lerp_mode": "catmullrom"
						},
						"4.7083": {
							"post": [146.52098, -1.75223, -245.54691],
							"lerp_mode": "catmullrom"
						},
						"4.8333": {
							"post": [92.39239, 67.21374, -371.67223],
							"lerp_mode": "catmullrom"
						},
						"5.875": {
							"post": [92.39239, 67.21374, -371.67223],
							"lerp_mode": "catmullrom"
						},
						"6.1667": {
							"post": [101.52718, 29.79745, -272.31214],
							"lerp_mode": "catmullrom"
						},
						"6.2917": [124.88357, -51.75836, -181.01706],
						"6.3333": [114.0802, -29.81708, -164.84165],
						"6.5": [112.60464, -22.92882, -161.52665]
					},
					"position": {
						"0.0": [8.025, -12.5625, -11.2],
						"0.375": [8.025, -12.5625, -11.2],
						"0.4583": {
							"pre": [10.3425, -15.3725, -11.2],
							"post": [10.3425, -15.3725, -11.2],
							"lerp_mode": "catmullrom"
						},
						"0.625": {
							"post": [11.09, -16.3075, -4.45],
							"lerp_mode": "catmullrom"
						},
						"0.75": {
							"post": [8.0275, -18.6225, -3.075],
							"lerp_mode": "catmullrom"
						},
						"1.4167": {
							"post": [8.0275, -18.6225, -3.075],
							"lerp_mode": "catmullrom"
						},
						"4.5833": {
							"post": [8.03, -18.62, -3.07],
							"lerp_mode": "catmullrom"
						},
						"4.7083": {
							"post": [11.4675, -18.62, -3.07],
							"lerp_mode": "catmullrom"
						},
						"4.8333": {
							"post": [10.89188, -13.26062, 0.93],
							"lerp_mode": "catmullrom"
						},
						"5.0": {
							"post": [8.725, -9.74, 5.8675],
							"lerp_mode": "catmullrom"
						},
						"5.125": {
							"post": [8.33938, -9.74, 8.5575],
							"lerp_mode": "catmullrom"
						},
						"5.8333": {
							"post": [8.33938, -9.74, 8.5575],
							"lerp_mode": "catmullrom"
						},
						"6.0": {
							"post": [8.725, -9.74, 5.8675],
							"lerp_mode": "catmullrom"
						},
						"6.125": {
							"post": [8.725, -9.74, 5.8675],
							"lerp_mode": "catmullrom"
						},
						"6.3333": {
							"post": [12.0325, -13, -6.9475],
							"lerp_mode": "catmullrom"
						},
						"6.4583": [8.025, -12.5625, -11.2]
					},
					"scale": [1, 1.5, 1]
				},
				"bullet": {
					"scale": 0
				},
				"bullet_in_mag": {
					"scale": 0
				},
				"idle_view": {
					"rotation": {
						"0.0": [0, 0, 0],
						"0.125": [0, 0, 2.5],
						"6.4167": [0, 0, 2.5],
						"6.5833": [0, 0, 0]
					}
				},
				"bolt_release": {
					"rotation": {
						"0.0": [0, 0, 17.5],
						"2.5417": [0, 0, 17.5],
						"2.5833": [0, 0, 0],
						"5.0": [0, 0, 0],
						"5.0417": [0, 0, 17.5]
					},
					"position": {
						"0.0": [0, 0, 0],
						"2.5417": [0, 0, 0],
						"2.5833": [0, 0, 0],
						"5.0": [0, 0, 0],
						"5.0417": [0, 0, 0]
					}
				},
				"camera": {
					"rotation": {
						"0.0": {
							"post": [0, 0, 0],
							"lerp_mode": "catmullrom"
						},
						"0.0833": {
							"post": [5.00012, -0.00763, -1.74998],
							"lerp_mode": "catmullrom"
						},
						"0.2917": {
							"post": [5.25012, -0.00763, -1.74998],
							"lerp_mode": "catmullrom"
						},
						"0.4583": {
							"post": [2.74595, -0.1515, 1.24657],
							"lerp_mode": "catmullrom"
						},
						"0.625": {
							"post": [1.99985, 0.01745, -0.99985],
							"lerp_mode": "catmullrom"
						},
						"0.8333": {
							"post": [0, 0, 1.25],
							"lerp_mode": "catmullrom"
						},
						"1.0": {
							"post": [0, 0, -0.25],
							"lerp_mode": "catmullrom"
						},
						"1.125": {
							"post": [0, 0, -0.5],
							"lerp_mode": "catmullrom"
						},
						"1.1667": {
							"post": [-0.25, 0, 1.5],
							"lerp_mode": "catmullrom"
						},
						"1.2083": {
							"post": [-1.24942, -0.02944, -0.74981],
							"lerp_mode": "catmullrom"
						},
						"1.25": {
							"post": [0.01037, -0.00689, 0.86974],
							"lerp_mode": "catmullrom"
						},
						"1.2917": {
							"post": [0, 0, 0.25],
							"lerp_mode": "catmullrom"
						},
						"1.375": {
							"post": [-0.25, 0, 0],
							"lerp_mode": "catmullrom"
						},
						"1.5": {
							"post": [0, 0, -0.25],
							"lerp_mode": "catmullrom"
						},
						"1.7083": {
							"post": [-0.385, 0.575, 0.05],
							"lerp_mode": "catmullrom"
						},
						"2.0": {
							"post": [-0.38, 0.575, -0.05],
							"lerp_mode": "catmullrom"
						},
						"2.2917": {
							"post": [0.87, 0.57, 0.13],
							"lerp_mode": "catmullrom"
						},
						"2.5417": {
							"post": [0.87, 0.57, 0.13],
							"lerp_mode": "catmullrom"
						},
						"2.625": {
							"post": [1.57, -0.455, 0.63],
							"lerp_mode": "catmullrom"
						},
						"2.7083": {
							"post": [0.775, 1.27, -0.395],
							"lerp_mode": "catmullrom"
						},
						"2.7917": {
							"post": [0.905, 0.57, 0.355],
							"lerp_mode": "catmullrom"
						},
						"2.9167": {
							"post": [1.46, 0.57, 0.98],
							"lerp_mode": "catmullrom"
						},
						"3.0": {
							"post": [0.885, -0.555, -0.67],
							"lerp_mode": "catmullrom"
						},
						"3.0833": {
							"post": [0.79, 0.745, -0.02],
							"lerp_mode": "catmullrom"
						},
						"3.1667": {
							"post": [1.665, 0.445, 1.005],
							"lerp_mode": "catmullrom"
						},
						"3.25": {
							"post": [0.92, 0.57, -0.07],
							"lerp_mode": "catmullrom"
						},
						"3.3333": {
							"post": [0.675, 0.57, 0.455],
							"lerp_mode": "catmullrom"
						},
						"3.4167": {
							"post": [0.8, 0.145, 0.605],
							"lerp_mode": "catmullrom"
						},
						"3.5": {
							"post": [1.15, 0.845, 0.305],
							"lerp_mode": "catmullrom"
						},
						"3.6667": {
							"post": [0.98, 0.02, -0.095],
							"lerp_mode": "catmullrom"
						},
						"3.75": {
							"post": [0.73, 0.57, -0.095],
							"lerp_mode": "catmullrom"
						},
						"3.9167": {
							"post": [0.33, 1.17, 0.13],
							"lerp_mode": "catmullrom"
						},
						"4.0417": {
							"post": [0.33, 1.17, 0.98],
							"lerp_mode": "catmullrom"
						},
						"4.2083": {
							"post": [0.33, 0.57, -0.015],
							"lerp_mode": "catmullrom"
						},
						"4.3333": {
							"post": [0.33, -0.03, 0.805],
							"lerp_mode": "catmullrom"
						},
						"4.4167": {
							"post": [0.33, 1, 0.045],
							"lerp_mode": "catmullrom"
						},
						"4.4583": {
							"post": [0.88, 0.395, 2.18],
							"lerp_mode": "catmullrom"
						},
						"4.5833": {
							"post": [-0.145, 0.57, 0.465],
							"lerp_mode": "catmullrom"
						},
						"4.7083": {
							"post": [0.33, 0.57, 0.32],
							"lerp_mode": "catmullrom"
						},
						"4.875": {
							"post": [0.505, 0.57, 0.32],
							"lerp_mode": "catmullrom"
						},
						"5.0417": {
							"post": [0.13, 0.845, -0.23],
							"lerp_mode": "catmullrom"
						},
						"5.125": {
							"post": [0.58, 0.37, -0.005],
							"lerp_mode": "catmullrom"
						},
						"5.2083": {
							"post": [0.33, 0.57, 0.25],
							"lerp_mode": "catmullrom"
						},
						"5.4167": {
							"post": [0.33, 0.57, 0.525],
							"lerp_mode": "catmullrom"
						},
						"5.5833": {
							"post": [0.33, 0.57, 0.25],
							"lerp_mode": "catmullrom"
						},
						"5.7917": {
							"post": [0.33, 0.57, 0.25],
							"lerp_mode": "catmullrom"
						},
						"5.9583": {
							"post": [-0.12, 0.57, 0.25],
							"lerp_mode": "catmullrom"
						},
						"6.0417": {
							"post": [0.605, 0.995, -0.15],
							"lerp_mode": "catmullrom"
						},
						"6.1667": {
							"post": [0.28, 0.37, 0.075],
							"lerp_mode": "catmullrom"
						},
						"6.25": {
							"post": [0.28, 0.57, 0.18],
							"lerp_mode": "catmullrom"
						},
						"6.4167": {
							"post": [0.8856, -0.25275, 0.46268],
							"lerp_mode": "catmullrom"
						},
						"6.5833": [-0.225, 0, 0.125],
						"6.6667": [-0.35, 0, 0.2],
						"6.75": [-0.35, 0, 0.2],
						"6.8333": [0.25, 0, -0.25],
						"6.9167": [-0.075, 0, 0.075],
						"7.0": [0, 0, 0]
					}
				}
			},
			"sound_effects": {
				"0.0": {
					"effect": "m4_inspect_empty"
				}
			}
		}
	}
}