{
	"format_version": "1.8.0",
	"animations": {
		"static_idle": {
			"loop": true,
			"bones": {
				"lefthand": {
					"rotation": [106.02503, -34.82832, -159.1409],
					"position": [7.655, -10.9625, -16.6325],
					"scale": [1, 1.5, 1]
				},
				"righthand": {
					"rotation": [95.0274, 5.97708, -179.47516],
					"position": [-6.95, -14.1, -1.2375],
					"scale": [1, 1.5, 1]
				},
				"constraint": {
					"rotation": [0.1, 0.1, 0.1],
					"position": [0.1, 0.1, 0.35]
				}
			}
		},
		"put_away": {
			"loop": true,
			"animation_length": 0.4583,
			"bones": {
				"lefthand": {
					"rotation": {
						"0.0": [106.02503, -34.82832, -159.1409],
						"0.125": [132.84388, -22.75235, -190.15037],
						"0.2083": [170.21127, 15.51567, -205.25914],
						"0.2917": [163.46508, 7.90833, -237.5733]
					},
					"position": {
						"0.0": [7.655, -10.9625, -16.6325],
						"0.125": [9.2125, -9.21, -16.63],
						"0.2083": [9.21, -7.84, -16.63]
					},
					"scale": [1, 1.5, 1]
				},
				"righthand": {
					"rotation": [95.0274, 5.97708, -179.47516],
					"position": [-6.95, -14.1, -1.2375],
					"scale": [1, 1.5, 1]
				},
				"root": {
					"rotation": {
						"0.0": {
							"post": [0, 0, 0],
							"lerp_mode": "catmullrom"
						},
						"0.0833": {
							"post": [-0.51171, -3.6801, -4.19401],
							"lerp_mode": "catmullrom"
						},
						"0.1667": {
							"post": [4.36882, -11.73179, -10.29382],
							"lerp_mode": "catmullrom"
						},
						"0.25": {
							"post": [11.60471, -21.56305, -3.66288],
							"lerp_mode": "catmullrom"
						},
						"0.3333": {
							"post": [16.97, -33.62, 3.38],
							"lerp_mode": "catmullrom"
						},
						"0.4167": [34.73, -44.04, -3.09]
					},
					"position": {
						"0.0": {
							"post": [0, 0, 0],
							"lerp_mode": "catmullrom"
						},
						"0.0833": {
							"post": [0, -0.49, -0.02],
							"lerp_mode": "catmullrom"
						},
						"0.1667": {
							"post": [-0.52, -1.47, -0.56],
							"lerp_mode": "catmullrom"
						},
						"0.25": {
							"post": [-0.36, -2.92, -0.84],
							"lerp_mode": "catmullrom"
						},
						"0.3333": {
							"post": [0.13, -5.86, -0.16],
							"lerp_mode": "catmullrom"
						},
						"0.4167": [1.72, -16.68, 0.16]
					}
				},
				"camera": {
					"rotation": {
						"0.0": {
							"post": [0, 0, 0],
							"lerp_mode": "catmullrom"
						},
						"0.125": {
							"post": [0.35, 0.025, -0.225],
							"lerp_mode": "catmullrom"
						},
						"0.2917": {
							"post": [0.1, 0.025, 0.075],
							"lerp_mode": "catmullrom"
						},
						"0.4167": {
							"post": [0, 0, 0],
							"lerp_mode": "catmullrom"
						}
					}
				}
			}
		},
		"draw": {
			"loop": true,
			"animation_length": 0.8333,
			"bones": {
				"lefthand": {
					"rotation": {
						"0.0": [106.02503, -34.82832, -159.1409],
						"0.2083": [116.40773, -17.75342, -155.70243],
						"0.3333": [106.02503, -34.82832, -159.1409]
					},
					"position": {
						"0.0": [7.655, -10.9625, -16.6325],
						"0.3333": [7.655, -10.9625, -16.6325]
					},
					"scale": {
						"0.0": [1, 1.5, 1],
						"0.3333": [1, 1.5, 1]
					}
				},
				"righthand": {
					"rotation": [95.0274, 5.97708, -179.47516],
					"position": [-6.95, -14.1, -1.2375],
					"scale": [1, 1.5, 1]
				},
				"root": {
					"rotation": {
						"0.0": {
							"post": [-40.13913, -20.46944, 41.88579],
							"lerp_mode": "catmullrom"
						},
						"0.2083": {
							"post": [-39.30059, -7.75648, 28.79983],
							"lerp_mode": "catmullrom"
						},
						"0.3333": {
							"post": [-7.45883, -1.51391, 10.10231],
							"lerp_mode": "catmullrom"
						},
						"0.4167": {
							"post": [1.37749, -0.08367, -1.55166],
							"lerp_mode": "catmullrom"
						},
						"0.5": {
							"post": [-0.45456, -0.10457, 0.82333],
							"lerp_mode": "catmullrom"
						},
						"0.5833": [-0.065, -0.44, -0.27],
						"0.7083": [0, 0, 0]
					},
					"position": {
						"0.0": {
							"post": [0, -22.6875, 7.8125],
							"lerp_mode": "catmullrom"
						},
						"0.125": {
							"post": [-0.14, -9.4725, -0.195],
							"lerp_mode": "catmullrom"
						},
						"0.25": {
							"post": [-0.22, -2.29, -1.425],
							"lerp_mode": "catmullrom"
						},
						"0.3333": {
							"post": [-0.125, -1.635, -1.975],
							"lerp_mode": "catmullrom"
						},
						"0.4167": {
							"post": [0, -0.305, 0.05],
							"lerp_mode": "catmullrom"
						},
						"0.5417": {
							"post": [0.05, 0, -0.15],
							"lerp_mode": "catmullrom"
						},
						"0.625": [-0.025, 0, 0.05],
						"0.75": [0, 0, 0]
					}
				},
				"camera": {
					"rotation": {
						"0.0": {
							"post": [0, 0, 0],
							"lerp_mode": "catmullrom"
						},
						"0.1667": {
							"post": [0.45, -0.175, 0.6],
							"lerp_mode": "catmullrom"
						},
						"0.4167": {
							"post": [-0.1, 0.05, -0.175],
							"lerp_mode": "catmullrom"
						},
						"0.5": {
							"post": [0.05, 0, 0.05],
							"lerp_mode": "catmullrom"
						},
						"0.6667": {
							"post": [0, 0, 0],
							"lerp_mode": "catmullrom"
						}
					}
				}
			}
		},
		"reload_tactical": {
			"animation_length": 3.0833,
			"bones": {
				"lefthand": {
					"rotation": {
						"0.0": [106.02503, -34.82832, -159.1409],
						"0.2667": [117.31483, -10.97672, -185.99439],
						"0.7333": [117.31483, -10.97672, -185.99439],
						"0.9833": {
							"pre": [95.54407, -20.38631, -100.4574],
							"post": [95.54407, -20.38631, -100.4574],
							"lerp_mode": "catmullrom"
						},
						"2.2833": {
							"post": [95.54407, -20.38631, -100.4574],
							"lerp_mode": "catmullrom"
						},
						"2.4833": [106.02503, -34.82832, -159.1409]
					},
					"position": {
						"0.0": [7.655, -10.9625, -16.6325],
						"0.1": [7.28, -15.38, -10.485],
						"0.2667": [5.435, -18.23, -7.2],
						"0.7333": [5.435, -18.23, -7.2],
						"0.9833": [5.44, -17.68, -8],
						"2.2833": [5.44, -17.68, -8],
						"2.4833": [7.655, -10.9625, -16.6325]
					},
					"scale": [1, 1.5, 1]
				},
				"righthand": {
					"rotation": [95.0274, 5.97708, -179.47516],
					"position": [-6.95, -14.1, -1.2375],
					"scale": [1, 1.5, 1]
				},
				"constraint": {
					"rotation": [0.1, 0.1, 0.1],
					"position": [0.1, 0.1, 0.35]
				},
				"root": {
					"rotation": {
						"0.0": {
							"post": [0, 0, 0],
							"lerp_mode": "catmullrom"
						},
						"0.1": {
							"post": [-4.80547, -1.29091, 5.54069],
							"lerp_mode": "catmullrom"
						},
						"0.2333": {
							"post": [-9.47, -8.67, -14.405],
							"lerp_mode": "catmullrom"
						},
						"0.3667": {
							"post": [-13.53882, -11.88405, -22.52711],
							"lerp_mode": "catmullrom"
						},
						"0.4667": {
							"post": [-10.57213, -10.92068, -18.5666],
							"lerp_mode": "catmullrom"
						},
						"0.6": {
							"post": [-11.06028, -10.5582, -22.33635],
							"lerp_mode": "catmullrom"
						},
						"0.6333": {
							"post": [-13.20375, -8.28016, -26.01876],
							"lerp_mode": "catmullrom"
						},
						"0.7": {
							"post": [-11.47393, -8.89895, -28.72865],
							"lerp_mode": "catmullrom"
						},
						"0.7667": {
							"post": [-10.59365, -7.27027, -22.21726],
							"lerp_mode": "catmullrom"
						},
						"0.8667": {
							"post": [-12.18349, -7.8128, -24.77999],
							"lerp_mode": "catmullrom"
						},
						"0.9333": {
							"post": [-11.505, -8.11, -24.56],
							"lerp_mode": "catmullrom"
						},
						"1.0833": {
							"post": [-12.185, -7.985, -24.4],
							"lerp_mode": "catmullrom"
						},
						"1.2167": {
							"post": [-12.555, -9.32, -28.095],
							"lerp_mode": "catmullrom"
						},
						"1.35": {
							"post": [-15.12, -10.94, -36.445],
							"lerp_mode": "catmullrom"
						},
						"1.4167": {
							"post": [-14.94882, -13.41412, -37.88431],
							"lerp_mode": "catmullrom"
						},
						"1.4833": {
							"post": [-13.955, -12.08, -36.65],
							"lerp_mode": "catmullrom"
						},
						"1.5833": {
							"post": [-14, -12, -35.39],
							"lerp_mode": "catmullrom"
						},
						"1.65": {
							"post": [-13.73872, -12.29965, -36.63136],
							"lerp_mode": "catmullrom"
						},
						"1.8167": {
							"post": [-13.62927, -11.33169, -34.76689],
							"lerp_mode": "catmullrom"
						},
						"1.8833": {
							"post": [-11.78327, -10.96636, -36.07962],
							"lerp_mode": "catmullrom"
						},
						"1.95": {
							"post": [-13.37461, -11.61506, -42.60478],
							"lerp_mode": "catmullrom"
						},
						"2.0167": {
							"post": [-14.43543, -7.80343, -34.07905],
							"lerp_mode": "catmullrom"
						},
						"2.05": {
							"post": [-13.4, -7.44, -33.05],
							"lerp_mode": "catmullrom"
						},
						"2.1167": {
							"post": [-15.03252, -7.59475, -33.35188],
							"lerp_mode": "catmullrom"
						},
						"2.2167": {
							"post": [-14.76595, -8.10904, -35.30293],
							"lerp_mode": "catmullrom"
						},
						"2.2833": {
							"post": [-14.77, -8.11, -31.375],
							"lerp_mode": "catmullrom"
						},
						"2.3833": [-7.81, -5.22, -12.84],
						"2.4667": [-1.96, -2.77, 1.845],
						"2.5167": [0.61, -1.59, 4.48],
						"2.6833": [0.78, -0.17, -3.2],
						"2.7667": [0.3889, 0.15987, 0.62995],
						"2.8667": [-0.00523, -0.19993, -0.22499],
						"3.0333": [0, 0, 0]
					},
					"position": {
						"0.0": {
							"post": [0, 0, 0],
							"lerp_mode": "catmullrom"
						},
						"0.1": {
							"post": [0, -0.18, -0.845],
							"lerp_mode": "catmullrom"
						},
						"0.2667": {
							"post": [-0.145, 0.32, 0.39],
							"lerp_mode": "catmullrom"
						},
						"0.3667": {
							"post": [-0.675, 0.625, 0.675],
							"lerp_mode": "catmullrom"
						},
						"0.4333": {
							"post": [-0.67, 0.705, 0.705],
							"lerp_mode": "catmullrom"
						},
						"0.5": {
							"post": [-0.67, 0.705, 0.68],
							"lerp_mode": "catmullrom"
						},
						"0.6": {
							"post": [-0.67, 0.735, 0.68],
							"lerp_mode": "catmullrom"
						},
						"0.6333": {
							"post": [-0.67, 0.54, 0.605],
							"lerp_mode": "catmullrom"
						},
						"0.6667": {
							"post": [-0.67, 0.415, 0.43],
							"lerp_mode": "catmullrom"
						},
						"0.7": {
							"post": [-0.67, 0.54, 0.53],
							"lerp_mode": "catmullrom"
						},
						"0.7667": {
							"post": [-0.67, 0.69, 0.68],
							"lerp_mode": "catmullrom"
						},
						"0.8667": {
							"post": [-0.67, 0.815, 0.78],
							"lerp_mode": "catmullrom"
						},
						"0.9333": {
							"post": [-0.67, 0.76, 0.78],
							"lerp_mode": "catmullrom"
						},
						"1.0167": {
							"post": [-0.67, 0.745, 0.505],
							"lerp_mode": "catmullrom"
						},
						"1.15": {
							"post": [-0.67, 0.75, 0.16],
							"lerp_mode": "catmullrom"
						},
						"1.25": {
							"post": [-0.62, 1.365, -0.16],
							"lerp_mode": "catmullrom"
						},
						"1.3333": {
							"post": [-0.53, 1.21, -0.21],
							"lerp_mode": "catmullrom"
						},
						"1.4167": {
							"post": [-0.445, 1.055, -0.22],
							"lerp_mode": "catmullrom"
						},
						"1.5833": {
							"post": [-0.495, 1.28, -0.27],
							"lerp_mode": "catmullrom"
						},
						"1.65": {
							"post": [-0.49, 1.38, -0.27],
							"lerp_mode": "catmullrom"
						},
						"1.8167": {
							"post": [-0.49, 1.405, -0.27],
							"lerp_mode": "catmullrom"
						},
						"1.8833": {
							"post": [-0.715, 1.46, -0.045],
							"lerp_mode": "catmullrom"
						},
						"2.0167": {
							"post": [-0.66, 1.165, -0.17],
							"lerp_mode": "catmullrom"
						},
						"2.0833": {
							"post": [-0.66, 1.345, -0.37],
							"lerp_mode": "catmullrom"
						},
						"2.2167": {
							"post": [-0.66, 1.275, -0.27],
							"lerp_mode": "catmullrom"
						},
						"2.5333": {
							"post": [0, -1.3625, -1.775],
							"lerp_mode": "catmullrom"
						},
						"2.6833": [0, -0.15, 0.375],
						"2.8": [0, -0.025, -0.04375],
						"2.9": [0, 0, 0.025],
						"3.0333": [0, 0, 0]
					}
				},
				"mag_and_lefthand": {
					"rotation": {
						"0.0": [0, 0, 0],
						"0.5": [0, 0, 0],
						"0.6": [0, 0, 0],
						"0.6333": [0, 0, -10.75],
						"0.7333": [0, 0, -6.25],
						"1.0833": [0, 0, -6.25],
						"1.35": [0, 0, -114.75],
						"1.6167": [0, 0, -11.25],
						"1.6833": [6.25, 0, -13],
						"1.75": [3, 0, -8],
						"1.85": [3, 0, -8],
						"1.8833": [0, 0, 0],
						"1.95": [0, 0, 0],
						"1.9833": [0, 0, 0],
						"2.15": [0, 0, 0]
					},
					"position": {
						"0.0": [0, 0, 0],
						"0.5": [0, 0, 0],
						"0.6": [0, -1.625, 0],
						"0.7333": [0, -11.32, 0],
						"1.0833": {
							"pre": [0, -11.32, 0],
							"post": [11.95, -17.695, 12.75]
						},
						"1.35": [5.67425, -7.53916, 6.44743],
						"1.4833": [0.68975, -9.66873, 3.34],
						"1.6167": [1.28057, -3.81019, 0.38986],
						"1.6833": [1.25326, -3.68789, 0.39],
						"1.75": [0.90341, -3.73871, 0.39],
						"1.85": [0.90237, -3.75684, 0.06545],
						"1.8833": [0.11719, -3.71141, -0.15862],
						"1.95": [0, -3.225, 0],
						"1.9833": [0, 0, 0],
						"2.05": [0, -0.25, 0],
						"2.15": [0, 0, 0]
					}
				},
				"additional_magazine": {
					"scale": 0
				},
				"mag_release": {
					"position": {
						"0.5": [0, 0, 0],
						"0.6": [0.125, 0, 0],
						"0.7333": [0, 0, 0],
						"1.9333": [0, 0, 0],
						"2.0": [0.1, 0, 0],
						"2.1333": [0, 0, 0]
					}
				},
				"camera": {
					"rotation": {
						"0.0": {
							"post": [0, 0, 0],
							"lerp_mode": "catmullrom"
						},
						"0.1833": {
							"post": [0.7, 0.25, 0.325],
							"lerp_mode": "catmullrom"
						},
						"0.3": {
							"post": [0.56, 0, 0.6],
							"lerp_mode": "catmullrom"
						},
						"0.4333": {
							"post": [0.385, -0.25, 0.675],
							"lerp_mode": "catmullrom"
						},
						"0.6": {
							"post": [0.54, 0, 0.6],
							"lerp_mode": "catmullrom"
						},
						"0.6667": {
							"post": [0.89, 0.15, 0.45],
							"lerp_mode": "catmullrom"
						},
						"0.7333": {
							"post": [-0.235, -0.4, 0.775],
							"lerp_mode": "catmullrom"
						},
						"0.8167": {
							"post": [0.04, 0.175, 0.325],
							"lerp_mode": "catmullrom"
						},
						"1.15": {
							"post": [0.04, 0.275, 0],
							"lerp_mode": "catmullrom"
						},
						"1.35": {
							"post": [0.215, 0, 0.2],
							"lerp_mode": "catmullrom"
						},
						"1.5167": {
							"post": [0.345, -0.075, 0.35],
							"lerp_mode": "catmullrom"
						},
						"1.7833": {
							"post": [0.22, 0, 0.35],
							"lerp_mode": "catmullrom"
						},
						"1.9167": {
							"post": [0.645, 0.075, -0.45],
							"lerp_mode": "catmullrom"
						},
						"1.9833": {
							"post": [-0.25, -0.2, 0.6],
							"lerp_mode": "catmullrom"
						},
						"2.0667": {
							"post": [0.005, 0.2, 0.125],
							"lerp_mode": "catmullrom"
						},
						"2.2167": {
							"post": [-0.065, 0, -0.1],
							"lerp_mode": "catmullrom"
						},
						"2.3833": {
							"post": [-0.16, -0.05, 0.125],
							"lerp_mode": "catmullrom"
						},
						"2.55": {
							"post": [-0.21, 0, 0.175],
							"lerp_mode": "catmullrom"
						},
						"2.65": {
							"post": [0, 0.125, 0],
							"lerp_mode": "catmullrom"
						},
						"2.7": {
							"post": [0.125, -0.125, -0.05],
							"lerp_mode": "catmullrom"
						},
						"2.8333": {
							"post": [-0.1, 0.1, 0.225],
							"lerp_mode": "catmullrom"
						},
						"3.0833": {
							"post": [0, 0, 0],
							"lerp_mode": "catmullrom"
						}
					}
				}
			},
			"sound_effects": {
				"0.0": {
					"effect": "tacz:spr15hb/spr15hb_reload_rattle"
				},
				"0.5": {
					"effect": "tacz:spr15hb/spr15hb_reload_magout"
				},
				"0.9333": {
					"effect": "tacz:spr15hb/spr15hb_reload_xmaglrg_rattle"
				},
				"1.6": {
					"effect": "spr15hb_reload_empty_maghit"
				},
				"1.6667": {
					"effect": "tacz:spr15hb/spr15hb_reload_xmag_magin"
				},
				"1.9667": {
					"effect": "tacz:spr15hb/spr15hb_reload_end"
				}
			}
		},
		"reload_empty": {
			"loop": "hold_on_last_frame",
			"animation_length": 3.3,
			"bones": {
				"lefthand": {
					"rotation": {
						"0.0": [106.02503, -34.82832, -159.1409],
						"0.1": {
							"pre": [94.23532, -43.98495, -131.98067],
							"post": [94.23532, -43.98495, -131.98067],
							"lerp_mode": "catmullrom"
						},
						"0.2333": {
							"post": [71.87, -26.54, -83.42],
							"lerp_mode": "catmullrom"
						},
						"0.3667": {
							"post": [71.87, -26.54, -83.42],
							"lerp_mode": "catmullrom"
						},
						"0.8": {
							"post": [70.90657, -58.08158, -99.27379],
							"lerp_mode": "catmullrom"
						},
						"1.0": {
							"post": [95.54407, -20.38631, -100.4574],
							"lerp_mode": "catmullrom"
						},
						"1.7667": {
							"post": [95.54407, -20.38631, -100.4574],
							"lerp_mode": "catmullrom"
						},
						"2.0": {
							"post": [131.47908, -45.23008, -208.2786],
							"lerp_mode": "catmullrom"
						},
						"2.2667": {
							"post": [131.48, -45.23, -208.28],
							"lerp_mode": "catmullrom"
						},
						"2.3": {
							"post": [120.221, -22.06414, -188.50778],
							"lerp_mode": "catmullrom"
						},
						"2.4333": {
							"post": [122.57838, -29.96583, -193.86655],
							"lerp_mode": "catmullrom"
						},
						"2.5667": {
							"post": [122.58, -29.97, -193.87],
							"lerp_mode": "catmullrom"
						},
						"2.7333": [106.02503, -34.82832, -159.1409]
					},
					"position": {
						"0.0": [7.655, -10.9625, -16.6325],
						"0.1": [7.28, -15.38, -10.485],
						"0.2333": [5.44, -18.23, -7.2],
						"0.3667": [5.44, -18.23, -7.2],
						"0.8": [5.44, -24.33, -7.2],
						"1.0": [5.44, -17.68, -8],
						"1.7667": [5.44, -17.68, -8],
						"2.0": [8.505, -11.9875, -4.8575],
						"2.2667": [8.51, -11.99, -4.86],
						"2.3": [7.885, -11.99, -4.86],
						"2.5667": [7.89, -11.99, -4.86],
						"2.7333": [7.655, -10.9625, -16.6325]
					},
					"scale": [1, 1.5, 1]
				},
				"righthand": {
					"rotation": [95.0274, 5.97708, -179.47516],
					"position": [-6.95, -14.1, -1.2375],
					"scale": [1, 1.5, 1]
				},
				"constraint": {
					"rotation": [0.1, 0.1, 0.1],
					"position": [0.1, 0.1, 0.35]
				},
				"root": {
					"rotation": {
						"0.0": {
							"post": [0, 0, 0],
							"lerp_mode": "catmullrom"
						},
						"0.1": {
							"post": [-4.80547, -1.29091, 5.54069],
							"lerp_mode": "catmullrom"
						},
						"0.2333": {
							"post": [-9.47, -8.67, -14.405],
							"lerp_mode": "catmullrom"
						},
						"0.3": {
							"post": [-10.57213, -10.92068, -18.5666],
							"lerp_mode": "catmullrom"
						},
						"0.4333": {
							"post": [-11.06028, -10.5582, -22.33635],
							"lerp_mode": "catmullrom"
						},
						"0.4667": {
							"post": [-13.20375, -8.28016, -26.01876],
							"lerp_mode": "catmullrom"
						},
						"0.5333": {
							"post": [-11.47393, -8.89895, -28.72865],
							"lerp_mode": "catmullrom"
						},
						"0.6": {
							"post": [-10.59365, -7.27027, -22.21726],
							"lerp_mode": "catmullrom"
						},
						"0.7667": {
							"post": [-11.505, -12.41, -23.86],
							"lerp_mode": "catmullrom"
						},
						"1.0": {
							"post": [-13.59882, -13.41412, -23.63431],
							"lerp_mode": "catmullrom"
						},
						"1.0667": {
							"post": [-11.605, -13.25, -19.71],
							"lerp_mode": "catmullrom"
						},
						"1.1667": {
							"post": [-9.925, -12, -18.415],
							"lerp_mode": "catmullrom"
						},
						"1.2333": {
							"post": [-11.71372, -12.29965, -22.38136],
							"lerp_mode": "catmullrom"
						},
						"1.4": {
							"post": [-13.62927, -11.33169, -27.24189],
							"lerp_mode": "catmullrom"
						},
						"1.4667": {
							"post": [-11.78327, -10.96636, -28.55462],
							"lerp_mode": "catmullrom"
						},
						"1.5333": {
							"post": [-13.37461, -11.61506, -35.07978],
							"lerp_mode": "catmullrom"
						},
						"1.6": {
							"post": [-13.08543, -7.80343, -26.55405],
							"lerp_mode": "catmullrom"
						},
						"1.6333": {
							"post": [-12.05, -7.44, -25.525],
							"lerp_mode": "catmullrom"
						},
						"1.7": {
							"post": [-15.03252, -7.59475, -25.82688],
							"lerp_mode": "catmullrom"
						},
						"1.7667": {
							"post": [-14.75597, -6.6715, -19.75263],
							"lerp_mode": "catmullrom"
						},
						"1.9667": {
							"post": [-21.11, 6.32, 31.33],
							"lerp_mode": "catmullrom"
						},
						"2.0667": {
							"post": [-17.16831, 18.80029, 48.94702],
							"lerp_mode": "catmullrom"
						},
						"2.1333": {
							"post": [-15.195, 18.46, 46.185],
							"lerp_mode": "catmullrom"
						},
						"2.2": {
							"post": [-14.865, 16.545, 45.145],
							"lerp_mode": "catmullrom"
						},
						"2.2667": {
							"post": [-14.49701, 16.86676, 46.41251],
							"lerp_mode": "catmullrom"
						},
						"2.3": {
							"post": [-12.75902, 14.20517, 48.18496],
							"lerp_mode": "catmullrom"
						},
						"2.4": {
							"post": [-13.23506, 16.60377, 46.28047],
							"lerp_mode": "catmullrom"
						},
						"2.5667": {
							"post": [-13.6498, 16.4983, 39.89831],
							"lerp_mode": "catmullrom"
						},
						"2.7333": {
							"post": [-9.65293, 7.68723, 6.17284],
							"lerp_mode": "catmullrom"
						},
						"2.9": [0.78, -0.17, -3.2],
						"2.9667": [0.58, -0.01, 1.81],
						"3.0333": [0.3889, 0.15987, -2.12005],
						"3.1333": [0.00175, -0.19999, -0.5],
						"3.3": [0, 0, 0]
					},
					"position": {
						"0.0": {
							"post": [0, 0, 0],
							"lerp_mode": "catmullrom"
						},
						"0.1": {
							"post": [0, -0.18, -0.845],
							"lerp_mode": "catmullrom"
						},
						"0.2667": {
							"post": [-0.67, 0.705, 0.705],
							"lerp_mode": "catmullrom"
						},
						"0.3333": {
							"post": [-0.67, 0.705, 0.68],
							"lerp_mode": "catmullrom"
						},
						"0.4333": {
							"post": [-0.67, 0.735, 0.68],
							"lerp_mode": "catmullrom"
						},
						"0.4667": {
							"post": [-0.67, 0.54, 0.605],
							"lerp_mode": "catmullrom"
						},
						"0.5": {
							"post": [-0.67, 0.415, 0.43],
							"lerp_mode": "catmullrom"
						},
						"0.5333": {
							"post": [-0.67, 0.54, 0.53],
							"lerp_mode": "catmullrom"
						},
						"0.6": {
							"post": [-0.67, 0.69, 0.68],
							"lerp_mode": "catmullrom"
						},
						"0.7": {
							"post": [-0.67, 0.815, 0.78],
							"lerp_mode": "catmullrom"
						},
						"0.8667": {
							"post": [-0.57, 0.77, 0.745],
							"lerp_mode": "catmullrom"
						},
						"1.0667": {
							"post": [-0.51, 0.94, 0.06],
							"lerp_mode": "catmullrom"
						},
						"1.2": {
							"post": [-0.49, 1.445, -0.035],
							"lerp_mode": "catmullrom"
						},
						"1.4": {
							"post": [-0.49, 1.405, 0.055],
							"lerp_mode": "catmullrom"
						},
						"1.4667": {
							"post": [-0.715, 1.46, -0.02],
							"lerp_mode": "catmullrom"
						},
						"1.6": {
							"post": [-0.46, 0.79, 0.03],
							"lerp_mode": "catmullrom"
						},
						"1.6667": {
							"post": [-0.66, 1.345, -0.045],
							"lerp_mode": "catmullrom"
						},
						"1.7667": {
							"post": [-0.66, 1.27, 0.105],
							"lerp_mode": "catmullrom"
						},
						"2.0667": {
							"post": [-0.66, 1.12, 0.38],
							"lerp_mode": "catmullrom"
						},
						"2.2667": {
							"post": [-0.66, 1.195, 0.38],
							"lerp_mode": "catmullrom"
						},
						"2.3": {
							"post": [-0.66, 1.2, -0.02],
							"lerp_mode": "catmullrom"
						},
						"2.4667": {
							"post": [-0.66, 1.2, 0.41],
							"lerp_mode": "catmullrom"
						},
						"2.5667": {
							"post": [-0.66, 0.925, 0.41],
							"lerp_mode": "catmullrom"
						},
						"2.7333": {
							"post": [-0.39, -0.91, 0.42],
							"lerp_mode": "catmullrom"
						},
						"2.9": [0, -0.15, -0.575],
						"3.0667": [0, -0.025, 0.48125],
						"3.1333": [0, -0.01, -0.15],
						"3.2": [0, 0, 0.025],
						"3.3": [0, 0, 0]
					}
				},
				"mag_and_lefthand": {
					"rotation": {
						"0.0": [0, 0, 0],
						"0.3333": [0, 0, 0],
						"0.4333": [0, 0, 0],
						"0.4667": [0, 0, -10.75],
						"0.5667": [0, 0, -6.25],
						"0.8667": [0, 0, -6.25],
						"0.9333": [0, 0, -114.75],
						"1.2": [0, 0, -11.25],
						"1.2667": [6.25, 0, -13],
						"1.3333": [3, 0, -8],
						"1.4333": [3, 0, -8],
						"1.4667": [0, 0, 0],
						"1.5333": [0, 0, 0],
						"1.5667": [0, 0, 0],
						"1.7333": [0, 0, 0]
					},
					"position": {
						"0.0": [0, 0, 0],
						"0.3333": [0, 0, 0],
						"0.4333": [0, -1.625, 0],
						"0.5667": [0, -11.32, 0],
						"0.8667": {
							"pre": [0, -11.32, 0],
							"post": [11.95, -17.695, 12.75]
						},
						"0.9333": [5.67425, -7.53916, 6.44743],
						"1.0667": [0.68975, -9.66873, 3.34],
						"1.2": [1.28057, -3.81019, 0.38986],
						"1.2667": [1.25326, -3.68789, 0.39],
						"1.3333": [0.90341, -3.73871, 0.39],
						"1.4333": [0.90237, -3.75684, 0.06545],
						"1.4667": [0.11719, -3.71141, -0.15862],
						"1.5333": [0, -3.225, 0],
						"1.5667": [0, 0, 0],
						"1.6333": [0, -0.25, 0],
						"1.7333": [0, 0, 0]
					}
				},
				"additional_magazine": {
					"scale": 0
				},
				"bolt": {
					"position": {
						"0.0": [0, 0, 4.25],
						"2.2667": [0, 0, 4.25],
						"2.3": [0, 0, 0],
						"2.3333": [0, 0, 0.35],
						"2.4333": [0, 0, 0]
					}
				},
				"mag_release": {
					"position": {
						"0.3333": [0, 0, 0],
						"0.4333": [0.125, 0, 0],
						"0.5667": [0, 0, 0],
						"1.5333": [0, 0, 0],
						"1.6": [0.1, 0, 0],
						"1.7333": [0, 0, 0]
					}
				},
				"bolt_release": {
					"rotation": {
						"0.0": [0, 0, 15],
						"2.2667": [0, 0, 15],
						"2.3": [0, 0, 0]
					}
				},
				"camera": {
					"rotation": {
						"0.0": {
							"post": [0, 0, 0],
							"lerp_mode": "catmullrom"
						},
						"0.2": {
							"post": [0.7, 0.25, 0.325],
							"lerp_mode": "catmullrom"
						},
						"0.3": {
							"post": [0.56, 0, 0.6],
							"lerp_mode": "catmullrom"
						},
						"0.3667": {
							"post": [0.54, 0, 0.6],
							"lerp_mode": "catmullrom"
						},
						"0.4333": {
							"post": [0.89, 0.15, 0.45],
							"lerp_mode": "catmullrom"
						},
						"0.5": {
							"post": [0.165, -0.4, 0.775],
							"lerp_mode": "catmullrom"
						},
						"0.6333": {
							"post": [0.545, -0.23, 0.65],
							"lerp_mode": "catmullrom"
						},
						"0.8333": {
							"post": [0.565, 0.175, 0.325],
							"lerp_mode": "catmullrom"
						},
						"1.1": {
							"post": [0.215, 0, 0.2],
							"lerp_mode": "catmullrom"
						},
						"1.2667": {
							"post": [0.345, -0.075, 0.35],
							"lerp_mode": "catmullrom"
						},
						"1.4667": {
							"post": [0.22, 0, 0.35],
							"lerp_mode": "catmullrom"
						},
						"1.6": {
							"post": [0.645, 0.075, -0.45],
							"lerp_mode": "catmullrom"
						},
						"1.6667": {
							"post": [-0.25, -0.2, 0.6],
							"lerp_mode": "catmullrom"
						},
						"1.8": {
							"post": [0.075, -0.2, 0.6],
							"lerp_mode": "catmullrom"
						},
						"1.9333": {
							"post": [0.53, -0.075, -0.1],
							"lerp_mode": "catmullrom"
						},
						"2.2": {
							"post": [0.755, 0.025, -0.1],
							"lerp_mode": "catmullrom"
						},
						"2.2667": {
							"post": [0.79, 0.03, -0.1],
							"lerp_mode": "catmullrom"
						},
						"2.3": {
							"post": [1.025, 0.345, 0.25],
							"lerp_mode": "catmullrom"
						},
						"2.3667": {
							"post": [0.69, -0.1, -0.375],
							"lerp_mode": "catmullrom"
						},
						"2.4333": {
							"post": [0.68, 0.09, -0.095],
							"lerp_mode": "catmullrom"
						},
						"2.5333": {
							"post": [0.76, -0.03, 0.045],
							"lerp_mode": "catmullrom"
						},
						"2.6667": {
							"post": [0.615, -0.075, -0.1],
							"lerp_mode": "catmullrom"
						},
						"2.9": {
							"post": [-0.28, -0.2, 0],
							"lerp_mode": "catmullrom"
						},
						"2.9667": {
							"post": [0.15, 0, 0.2],
							"lerp_mode": "catmullrom"
						},
						"3.0667": {
							"post": [-0.14, 0.045, -0.07],
							"lerp_mode": "catmullrom"
						},
						"3.2": {
							"post": [0, 0, 0],
							"lerp_mode": "catmullrom"
						}
					}
				},
				"bullet": {
					"scale": {
						"0.0": [0, 0, 0],
						"0.9": {
							"pre": [0, 0, 0],
							"post": [1, 1, 1]
						}
					}
				}
			},
			"sound_effects": {
				"0.0": {
					"effect": "tacz:spr15hb/spr15hb_reload_empty_raise"
				},
				"0.3667": {
					"effect": "tacz:spr15hb/spr15hb_reload_magout"
				},
				"0.7": {
					"effect": "tacz:spr15hb/spr15hb_reload_xmaglrg_rattle"
				},
				"1.4": {
					"effect": "tacz:spr15hb/spr15hb_reload_maghit"
				},
				"1.5": {
					"effect": "tacz:spr15hb/spr15hb_reload_magin"
				},
				"1.9333": {
					"effect": "tacz:spr15hb/spr15hb_reload_empty_end"
				},
				"2.2333": {
					"effect": "tacz:spr15hb/spr15hb_reload_empty_charge"
				}
			}
		},
		"inspect": {
			"animation_length": 7.5833,
			"bones": {
				"lefthand": {
					"rotation": {
						"0.0": [106.02503, -34.82832, -159.1409],
						"0.2083": [113.94322, -57.52409, -190.84892],
						"0.4167": [126.31217, -68.40922, -204.65911],
						"1.75": [126.31217, -68.40922, -204.65911],
						"1.9167": [107.47048, -43.46086, -182.52844],
						"2.0833": [103.35063, -19.31775, -174.80188],
						"3.9167": [103.35063, -19.31775, -174.80188],
						"4.25": [98.78594, -50.49821, -139.97012],
						"5.3333": [98.78594, -50.49821, -139.97012],
						"5.75": [163.19158, -64.9785, -218.32822],
						"6.2917": [163.19158, -64.9785, -218.32822],
						"6.5417": [106.02503, -34.82832, -159.1409]
					},
					"position": {
						"0.0": [7.655, -10.9625, -16.6325],
						"0.1667": [7.15, -14.21, -16.63],
						"0.2917": [7.15, -14.21, -10.63],
						"0.4167": [7.15, -14.21, -10.1925],
						"1.75": [7.15, -14.21, -10.1925],
						"1.9167": [11.775, -14.21, -10.19],
						"2.0833": [11.78, -37.21, 0.81],
						"3.9583": [11.78, -37.21, 0.81],
						"4.25": [6.275, -14.21, -8.755],
						"5.3333": [6.275, -14.21, -8.755],
						"5.75": [6.275, -13.7725, -10.505],
						"6.2917": [6.275, -13.7725, -10.505],
						"6.5417": [7.655, -10.9625, -16.6325]
					},
					"scale": {
						"0.0": [1, 1.5, 1],
						"6.5417": [1, 1.5, 1]
					}
				},
				"righthand": {
					"rotation": {
						"0.0": [95.0274, 5.97708, -179.47516],
						"5.4167": [95.03, 5.98, -179.48],
						"5.6667": [95.83064, -30.86602, -183.0043],
						"5.875": [96.02702, -33.84998, -183.3711],
						"6.25": [96.02702, -33.84998, -183.3711],
						"6.4583": [95.03, 5.98, -179.48]
					},
					"position": {
						"0.0": [-6.95, -14.1, -1.2375],
						"5.4167": [-6.95, -14.1, -1.2375],
						"5.5417": [-7.1875, -16.00625, -0.75],
						"5.6667": [-8.7, -14.1, -0.1775],
						"5.875": [-9.2, -14.1, -0.18],
						"6.25": [-9.2, -14.1, -0.18],
						"6.4583": [-6.95, -14.1, -1.2375]
					},
					"scale": [1, 1.5, 1]
				},
				"root": {
					"rotation": {
						"0.0": {
							"post": [0, 0, 0],
							"lerp_mode": "catmullrom"
						},
						"0.125": {
							"post": [-3.69506, -0.4781, 13.18822],
							"lerp_mode": "catmullrom"
						},
						"0.3333": {
							"post": [-20.75881, 18.22227, 54.18887],
							"lerp_mode": "catmullrom"
						},
						"0.4583": {
							"post": [-24.82956, 18.54215, 56.16321],
							"lerp_mode": "catmullrom"
						},
						"0.625": {
							"post": [-24.97514, 17.91992, 54.38781],
							"lerp_mode": "catmullrom"
						},
						"0.75": {
							"post": [-24.84373, 18.00281, 54.43768],
							"lerp_mode": "catmullrom"
						},
						"1.0417": {
							"post": [-25.38124, 16.90679, 51.8027],
							"lerp_mode": "catmullrom"
						},
						"1.375": {
							"post": [-25.38124, 16.90679, 51.8027],
							"lerp_mode": "catmullrom"
						},
						"1.7083": {
							"post": [-28.54085, 15.05341, 47.55826],
							"lerp_mode": "catmullrom"
						},
						"1.9167": {
							"post": [-31.05821, -7.73224, 9.45789],
							"lerp_mode": "catmullrom"
						},
						"2.125": {
							"post": [-29.89167, -26.54774, -36.72191],
							"lerp_mode": "catmullrom"
						},
						"2.2917": {
							"post": [-25.88364, -34.56135, -45.07181],
							"lerp_mode": "catmullrom"
						},
						"2.4167": {
							"post": [-27.53419, -29.00694, -41.65613],
							"lerp_mode": "catmullrom"
						},
						"2.5417": {
							"post": [-28.37759, -28.18584, -39.89409],
							"lerp_mode": "catmullrom"
						},
						"2.875": {
							"post": [-26.39926, -30.02688, -43.95928],
							"lerp_mode": "catmullrom"
						},
						"3.2083": {
							"post": [-27.89917, -28.65876, -40.89933],
							"lerp_mode": "catmullrom"
						},
						"3.625": {
							"post": [-25.33943, -30.90076, -46.04957],
							"lerp_mode": "catmullrom"
						},
						"4.0833": {
							"post": [-34.05414, -20.60007, -26.22844],
							"lerp_mode": "catmullrom"
						},
						"4.25": {
							"post": [-18.65775, -23.80092, -10.47493],
							"lerp_mode": "catmullrom"
						},
						"4.4167": {
							"post": [-22.03949, -52.59021, -0.46992],
							"lerp_mode": "catmullrom"
						},
						"4.5417": {
							"post": [-7.85629, -54.05513, -9.98818],
							"lerp_mode": "catmullrom"
						},
						"4.6667": {
							"post": [-14.81181, -58.20625, -8.13088],
							"lerp_mode": "catmullrom"
						},
						"4.8333": {
							"post": [-14.99109, -58.47374, -7.10282],
							"lerp_mode": "catmullrom"
						},
						"5.4167": {
							"post": [-14.99109, -58.47374, -7.10282],
							"lerp_mode": "catmullrom"
						},
						"5.7083": {
							"post": [-18.70915, -66.66913, 7.17791],
							"lerp_mode": "catmullrom"
						},
						"6.4167": {
							"post": [-22.27392, -70.41803, 11.0059],
							"lerp_mode": "catmullrom"
						},
						"6.6667": {
							"post": [2.51044, -56.78982, -13.34354],
							"lerp_mode": "catmullrom"
						},
						"6.9167": {
							"post": [-6.86413, -13.01468, 12.59187],
							"lerp_mode": "catmullrom"
						},
						"7.125": [0.78, -0.17, -3.2],
						"7.1667": [0.3889, 0.15987, 0.62995],
						"7.25": [0.00175, -0.19999, -0.5],
						"7.375": [0, 0, 0]
					},
					"position": {
						"0.0": {
							"post": [0, 0, 0],
							"lerp_mode": "catmullrom"
						},
						"0.125": {
							"post": [0, -1.5625, 0.8125],
							"lerp_mode": "catmullrom"
						},
						"0.2083": {
							"post": [0.8125, 0.4975, 0.81],
							"lerp_mode": "catmullrom"
						},
						"0.2917": {
							"post": [0.88, 2.07125, 0.81],
							"lerp_mode": "catmullrom"
						},
						"0.375": {
							"post": [0.81, 2.1225, 0.81],
							"lerp_mode": "catmullrom"
						},
						"0.5": {
							"post": [0.85688, 2.49, 1.1175],
							"lerp_mode": "catmullrom"
						},
						"0.7917": {
							"post": [0.81, 2.14313, 0.81],
							"lerp_mode": "catmullrom"
						},
						"1.0": {
							"post": [0.81, 2.14313, 0.81],
							"lerp_mode": "catmullrom"
						},
						"1.1667": {
							"post": [0.81, 2.26813, 0.81],
							"lerp_mode": "catmullrom"
						},
						"1.5417": {
							"post": [0.81, 2.14313, 0.81],
							"lerp_mode": "catmullrom"
						},
						"1.7917": {
							"post": [0.51313, 1.44688, 0.47],
							"lerp_mode": "catmullrom"
						},
						"1.9167": {
							"post": [-0.2525, -1.1575, -0.42062],
							"lerp_mode": "catmullrom"
						},
						"2.0417": {
							"post": [-0.25, 2.095, -0.42],
							"lerp_mode": "catmullrom"
						},
						"2.1667": {
							"post": [-0.25, 2.3475, -0.31062],
							"lerp_mode": "catmullrom"
						},
						"2.2917": {
							"post": [-0.25, 2.00625, 0.39313],
							"lerp_mode": "catmullrom"
						},
						"2.4583": {
							"post": [-0.25, 2.3975, 0.56188],
							"lerp_mode": "catmullrom"
						},
						"2.7917": {
							"post": [-0.25, 2.4625, 0.66938],
							"lerp_mode": "catmullrom"
						},
						"3.0833": {
							"post": [-0.25, 2.3975, 0.67],
							"lerp_mode": "catmullrom"
						},
						"3.2917": {
							"post": [-0.25, 2.32188, 0.67],
							"lerp_mode": "catmullrom"
						},
						"3.4583": {
							"post": [-0.25, 2.41375, 0.67],
							"lerp_mode": "catmullrom"
						},
						"3.5833": {
							"post": [-0.25, 2.31625, 0.51375],
							"lerp_mode": "catmullrom"
						},
						"3.75": {
							"post": [-0.25, 2.49187, 0.51],
							"lerp_mode": "catmullrom"
						},
						"3.9583": {
							"post": [-0.25, 1.615, 0.51],
							"lerp_mode": "catmullrom"
						},
						"4.2083": {
							"post": [-0.325, -2.4675, -1.23],
							"lerp_mode": "catmullrom"
						},
						"4.375": {
							"post": [2.2425, -1.595, -1.23],
							"lerp_mode": "catmullrom"
						},
						"4.5417": {
							"post": [5.05, 1.2675, -0.10625],
							"lerp_mode": "catmullrom"
						},
						"4.7917": {
							"post": [5.45, 1.83, -0.125],
							"lerp_mode": "catmullrom"
						},
						"5.375": {
							"post": [5.45, 1.83, -0.125],
							"lerp_mode": "catmullrom"
						},
						"5.7083": {
							"post": [6.555, 1.625, -0.6425],
							"lerp_mode": "catmullrom"
						},
						"6.4167": {
							"post": [8.02375, 1.91125, -0.77],
							"lerp_mode": "catmullrom"
						},
						"6.6667": {
							"post": [4.955, 2.0125, -0.77],
							"lerp_mode": "catmullrom"
						},
						"6.8333": {
							"post": [2.21, -0.25, -1.41],
							"lerp_mode": "catmullrom"
						},
						"7.0": {
							"post": [0, -1.3625, -1.775],
							"lerp_mode": "catmullrom"
						},
						"7.125": [0, -0.15, 0.375],
						"7.2083": [0, -0.025, -0.04375],
						"7.2917": [0, 0, 0.025],
						"7.375": [0, 0, 0]
					}
				},
				"bolt": {
					"rotation": [0, 0, 0]
				},
				"camera": {
					"rotation": {
						"0.0": {
							"post": [0, 0, 0],
							"lerp_mode": "catmullrom"
						},
						"0.1667": {
							"post": [0.5, 0, -0.75],
							"lerp_mode": "catmullrom"
						},
						"0.375": {
							"post": [3.99942, -0.02399, 1.9999],
							"lerp_mode": "catmullrom"
						},
						"0.7917": {
							"post": [3.999, 0.06319, 0.75294],
							"lerp_mode": "catmullrom"
						},
						"1.5": {
							"post": [8.74923, 0.04576, 1.00233],
							"lerp_mode": "catmullrom"
						},
						"1.7917": {
							"post": [6.74358, 0.28073, -0.98383],
							"lerp_mode": "catmullrom"
						},
						"2.0417": {
							"post": [0, 0.37076, -0.99976],
							"lerp_mode": "catmullrom"
						},
						"2.25": {
							"post": [0.75636, 0.35761, 0.00018],
							"lerp_mode": "catmullrom"
						},
						"2.3333": {
							"post": [1.75575, 0.3925, 0.00094],
							"lerp_mode": "catmullrom"
						},
						"2.4583": {
							"post": [0.25165, 0.36094, -0.74983],
							"lerp_mode": "catmullrom"
						},
						"2.625": {
							"post": [0.75636, 0.35761, 0.00018],
							"lerp_mode": "catmullrom"
						},
						"2.9167": {
							"post": [3.76279, 0.37926, 0.99996],
							"lerp_mode": "catmullrom"
						},
						"3.3333": {
							"post": [10.76279, 0.37926, 0.99996],
							"lerp_mode": "catmullrom"
						},
						"3.9583": {
							"post": [0.76944, 0.38334, 1.99998],
							"lerp_mode": "catmullrom"
						},
						"4.2083": {
							"post": [4.205, -0.05, -0.4],
							"lerp_mode": "catmullrom"
						},
						"4.5": {
							"post": [1.96274, -0.50139, -0.83412],
							"lerp_mode": "catmullrom"
						},
						"4.7083": {
							"post": [2.75, -1.15, -1.9],
							"lerp_mode": "catmullrom"
						},
						"5.0417": {
							"post": [3.4, -1.2, -2.1],
							"lerp_mode": "catmullrom"
						},
						"5.5": {
							"post": [3.25, -0.425, -2.35],
							"lerp_mode": "catmullrom"
						},
						"5.8333": {
							"post": [5.70865, 10.40959, -2.26729],
							"lerp_mode": "catmullrom"
						},
						"6.2917": {
							"post": [5.6913, 9.41454, -2.36812],
							"lerp_mode": "catmullrom"
						},
						"6.5417": {
							"post": [1.76812, -0.42179, -1.0856],
							"lerp_mode": "catmullrom"
						},
						"6.6667": {
							"post": [-0.225, 0, 0.125],
							"lerp_mode": "catmullrom"
						},
						"6.75": {
							"post": [-0.35, 0, 0.2],
							"lerp_mode": "catmullrom"
						},
						"6.8333": {
							"post": [0.25, 0, -0.25],
							"lerp_mode": "catmullrom"
						},
						"6.9167": {
							"post": [-0.075, 0, 0.075],
							"lerp_mode": "catmullrom"
						},
						"7.0": {
							"post": [0, 0, 0],
							"lerp_mode": "catmullrom"
						}
					}
				}
			},
			"sound_effects": {
				"0.0": {
					"effect": "tacz:spr15hb/spr15hb_inspect_raise"
				},
				"1.7083": {
					"effect": "tacz:spr15hb/spr15hb_inspect_rotate"
				},
				"4.0417": {
					"effect": "tacz:spr15hb/spr15hb_inspect_rotate2"
				},
				"5.5": {
					"effect": "tacz:spr15hb/spr15hb_inspect_rattle"
				},
				"6.0833": {
					"effect": "tacz:spr15hb/spr15hb_inspect_rattle2"
				},
				"6.8333": {
					"effect": "tacz:spr15hb/spr15hb_inspect_end"
				}
			}
		},
		"inspect_empty": {
			"animation_length": 7.5833,
			"bones": {
				"lefthand": {
					"rotation": {
						"0.0": [106.02503, -34.82832, -159.1409],
						"0.2083": [113.94322, -57.52409, -190.84892],
						"0.4167": [126.31217, -68.40922, -204.65911],
						"1.75": [126.31217, -68.40922, -204.65911],
						"1.9167": [107.47048, -43.46086, -182.52844],
						"2.0833": [103.35063, -19.31775, -174.80188],
						"3.9167": [103.35063, -19.31775, -174.80188],
						"4.25": [98.78594, -50.49821, -139.97012],
						"5.3333": [98.78594, -50.49821, -139.97012],
						"5.75": [163.19158, -64.9785, -218.32822],
						"6.2917": [163.19158, -64.9785, -218.32822],
						"6.5417": [106.02503, -34.82832, -159.1409]
					},
					"position": {
						"0.0": [7.655, -10.9625, -16.6325],
						"0.1667": [7.15, -14.21, -16.63],
						"0.2917": [7.15, -14.21, -10.63],
						"0.4167": [7.15, -14.21, -10.1925],
						"1.75": [7.15, -14.21, -10.1925],
						"1.9167": [11.775, -14.21, -10.19],
						"2.0833": [11.78, -37.21, 0.81],
						"3.9583": [11.78, -37.21, 0.81],
						"4.25": [6.275, -14.21, -8.755],
						"5.3333": [6.275, -14.21, -8.755],
						"5.75": [6.275, -13.7725, -10.505],
						"6.2917": [6.275, -13.7725, -10.505],
						"6.5417": [7.655, -10.9625, -16.6325]
					},
					"scale": {
						"0.0": [1, 1.5, 1],
						"6.5417": [1, 1.5, 1]
					}
				},
				"righthand": {
					"rotation": {
						"0.0": [95.0274, 5.97708, -179.47516],
						"5.4167": [95.03, 5.98, -179.48],
						"5.6667": [95.83064, -30.86602, -183.0043],
						"5.875": [96.02702, -33.84998, -183.3711],
						"6.25": [96.02702, -33.84998, -183.3711],
						"6.4583": [95.03, 5.98, -179.48]
					},
					"position": {
						"0.0": [-6.95, -14.1, -1.2375],
						"5.4167": [-6.95, -14.1, -1.2375],
						"5.5417": [-7.1875, -16.00625, -0.75],
						"5.6667": [-8.7, -14.1, -0.1775],
						"5.875": [-9.2, -14.1, -0.18],
						"6.25": [-9.2, -14.1, -0.18],
						"6.4583": [-6.95, -14.1, -1.2375]
					},
					"scale": [1, 1.5, 1]
				},
				"root": {
					"rotation": {
						"0.0": {
							"post": [0, 0, 0],
							"lerp_mode": "catmullrom"
						},
						"0.125": {
							"post": [-3.69506, -0.4781, 13.18822],
							"lerp_mode": "catmullrom"
						},
						"0.3333": {
							"post": [-20.75881, 18.22227, 54.18887],
							"lerp_mode": "catmullrom"
						},
						"0.4583": {
							"post": [-24.82956, 18.54215, 56.16321],
							"lerp_mode": "catmullrom"
						},
						"0.625": {
							"post": [-24.97514, 17.91992, 54.38781],
							"lerp_mode": "catmullrom"
						},
						"0.75": {
							"post": [-24.84373, 18.00281, 54.43768],
							"lerp_mode": "catmullrom"
						},
						"1.0417": {
							"post": [-25.38124, 16.90679, 51.8027],
							"lerp_mode": "catmullrom"
						},
						"1.375": {
							"post": [-25.38124, 16.90679, 51.8027],
							"lerp_mode": "catmullrom"
						},
						"1.7083": {
							"post": [-28.54085, 15.05341, 47.55826],
							"lerp_mode": "catmullrom"
						},
						"1.9167": {
							"post": [-31.05821, -7.73224, 9.45789],
							"lerp_mode": "catmullrom"
						},
						"2.125": {
							"post": [-29.89167, -26.54774, -36.72191],
							"lerp_mode": "catmullrom"
						},
						"2.2917": {
							"post": [-25.88364, -34.56135, -45.07181],
							"lerp_mode": "catmullrom"
						},
						"2.4167": {
							"post": [-27.53419, -29.00694, -41.65613],
							"lerp_mode": "catmullrom"
						},
						"2.5417": {
							"post": [-28.37759, -28.18584, -39.89409],
							"lerp_mode": "catmullrom"
						},
						"2.875": {
							"post": [-26.39926, -30.02688, -43.95928],
							"lerp_mode": "catmullrom"
						},
						"3.2083": {
							"post": [-27.89917, -28.65876, -40.89933],
							"lerp_mode": "catmullrom"
						},
						"3.625": {
							"post": [-25.33943, -30.90076, -46.04957],
							"lerp_mode": "catmullrom"
						},
						"4.0833": {
							"post": [-34.05414, -20.60007, -26.22844],
							"lerp_mode": "catmullrom"
						},
						"4.25": {
							"post": [-18.65775, -23.80092, -10.47493],
							"lerp_mode": "catmullrom"
						},
						"4.4167": {
							"post": [-22.03949, -52.59021, -0.46992],
							"lerp_mode": "catmullrom"
						},
						"4.5417": {
							"post": [-7.85629, -54.05513, -9.98818],
							"lerp_mode": "catmullrom"
						},
						"4.6667": {
							"post": [-14.81181, -58.20625, -8.13088],
							"lerp_mode": "catmullrom"
						},
						"4.8333": {
							"post": [-14.99109, -58.47374, -7.10282],
							"lerp_mode": "catmullrom"
						},
						"5.4167": {
							"post": [-14.99109, -58.47374, -7.10282],
							"lerp_mode": "catmullrom"
						},
						"5.7083": {
							"post": [-18.70915, -66.66913, 7.17791],
							"lerp_mode": "catmullrom"
						},
						"6.2083": {
							"post": [-22.27392, -70.41803, 11.0059],
							"lerp_mode": "catmullrom"
						},
						"6.5417": {
							"post": [-22.27392, -70.41803, 11.0059],
							"lerp_mode": "catmullrom"
						},
						"6.6667": {
							"post": [2.51044, -56.78982, -13.34354],
							"lerp_mode": "catmullrom"
						},
						"6.9167": {
							"post": [-6.86413, -13.01468, 12.59187],
							"lerp_mode": "catmullrom"
						},
						"7.125": [0.78, -0.17, -3.2],
						"7.1667": [0.3889, 0.15987, 0.62995],
						"7.25": [0.00175, -0.19999, -0.5],
						"7.375": [0, 0, 0]
					},
					"position": {
						"0.0": {
							"post": [0, 0, 0],
							"lerp_mode": "catmullrom"
						},
						"0.125": {
							"post": [0, -1.5625, 0.8125],
							"lerp_mode": "catmullrom"
						},
						"0.2083": {
							"post": [0.8125, 0.4975, 0.81],
							"lerp_mode": "catmullrom"
						},
						"0.2917": {
							"post": [0.88, 2.07125, 0.81],
							"lerp_mode": "catmullrom"
						},
						"0.375": {
							"post": [0.81, 2.1225, 0.81],
							"lerp_mode": "catmullrom"
						},
						"0.5": {
							"post": [0.85688, 2.49, 1.1175],
							"lerp_mode": "catmullrom"
						},
						"0.7917": {
							"post": [0.81, 2.14313, 0.81],
							"lerp_mode": "catmullrom"
						},
						"1.0": {
							"post": [0.81, 2.14313, 0.81],
							"lerp_mode": "catmullrom"
						},
						"1.1667": {
							"post": [0.81, 2.26813, 0.81],
							"lerp_mode": "catmullrom"
						},
						"1.5417": {
							"post": [0.81, 2.14313, 0.81],
							"lerp_mode": "catmullrom"
						},
						"1.7917": {
							"post": [0.51313, 1.44688, 0.47],
							"lerp_mode": "catmullrom"
						},
						"1.9167": {
							"post": [-0.2525, -1.1575, -0.42062],
							"lerp_mode": "catmullrom"
						},
						"2.0417": {
							"post": [-0.25, 2.095, -0.42],
							"lerp_mode": "catmullrom"
						},
						"2.1667": {
							"post": [-0.25, 2.3475, -0.31062],
							"lerp_mode": "catmullrom"
						},
						"2.2917": {
							"post": [-0.25, 2.00625, 0.39313],
							"lerp_mode": "catmullrom"
						},
						"2.4583": {
							"post": [-0.25, 2.3975, 0.56188],
							"lerp_mode": "catmullrom"
						},
						"2.7917": {
							"post": [-0.25, 2.4625, 0.66938],
							"lerp_mode": "catmullrom"
						},
						"3.0833": {
							"post": [-0.25, 2.3975, 0.67],
							"lerp_mode": "catmullrom"
						},
						"3.2917": {
							"post": [-0.25, 2.32188, 0.67],
							"lerp_mode": "catmullrom"
						},
						"3.4583": {
							"post": [-0.25, 2.41375, 0.67],
							"lerp_mode": "catmullrom"
						},
						"3.5833": {
							"post": [-0.25, 2.31625, 0.51375],
							"lerp_mode": "catmullrom"
						},
						"3.75": {
							"post": [-0.25, 2.49187, 0.51],
							"lerp_mode": "catmullrom"
						},
						"3.9583": {
							"post": [-0.25, 1.615, 0.51],
							"lerp_mode": "catmullrom"
						},
						"4.2083": {
							"post": [-0.325, -2.4675, -1.23],
							"lerp_mode": "catmullrom"
						},
						"4.375": {
							"post": [2.2425, -1.595, -1.23],
							"lerp_mode": "catmullrom"
						},
						"4.5417": {
							"post": [5.05, 1.2675, -0.10625],
							"lerp_mode": "catmullrom"
						},
						"4.7917": {
							"post": [5.45, 1.83, -0.125],
							"lerp_mode": "catmullrom"
						},
						"5.375": {
							"post": [5.45, 1.83, -0.125],
							"lerp_mode": "catmullrom"
						},
						"5.7083": {
							"post": [6.555, 1.625, -0.6425],
							"lerp_mode": "catmullrom"
						},
						"6.2083": {
							"post": [8.02375, 1.91125, -0.77],
							"lerp_mode": "catmullrom"
						},
						"6.5417": {
							"post": [8.02375, 1.91125, -0.77],
							"lerp_mode": "catmullrom"
						},
						"6.6667": {
							"post": [4.955, 2.0125, -0.77],
							"lerp_mode": "catmullrom"
						},
						"6.8333": {
							"post": [2.21, -0.25, -1.41],
							"lerp_mode": "catmullrom"
						},
						"7.0": {
							"post": [0, -1.3625, -1.775],
							"lerp_mode": "catmullrom"
						},
						"7.125": [0, -0.15, 0.375],
						"7.2083": [0, -0.025, -0.04375],
						"7.2917": [0, 0, 0.025],
						"7.375": [0, 0, 0]
					}
				},
				"bolt": {
					"rotation": [0, 0, 0],
					"position": [0, 0, 5]
				},
				"camera": {
					"rotation": {
						"0.0": {
							"post": [0, 0, 0],
							"lerp_mode": "catmullrom"
						},
						"0.1667": {
							"post": [0.5, 0, -0.75],
							"lerp_mode": "catmullrom"
						},
						"0.375": {
							"post": [3.99942, -0.02399, 1.9999],
							"lerp_mode": "catmullrom"
						},
						"0.7917": {
							"post": [3.999, 0.06319, 0.75294],
							"lerp_mode": "catmullrom"
						},
						"1.5": {
							"post": [8.74923, 0.04576, 1.00233],
							"lerp_mode": "catmullrom"
						},
						"1.7917": {
							"post": [6.74358, 0.28073, -0.98383],
							"lerp_mode": "catmullrom"
						},
						"2.0417": {
							"post": [0, 0.37076, -0.99976],
							"lerp_mode": "catmullrom"
						},
						"2.25": {
							"post": [0.75636, 0.35761, 0.00018],
							"lerp_mode": "catmullrom"
						},
						"2.3333": {
							"post": [1.75575, 0.3925, 0.00094],
							"lerp_mode": "catmullrom"
						},
						"2.4583": {
							"post": [0.25165, 0.36094, -0.74983],
							"lerp_mode": "catmullrom"
						},
						"2.625": {
							"post": [0.75636, 0.35761, 0.00018],
							"lerp_mode": "catmullrom"
						},
						"2.9167": {
							"post": [3.76279, 0.37926, 0.99996],
							"lerp_mode": "catmullrom"
						},
						"3.3333": {
							"post": [10.76279, 0.37926, 0.99996],
							"lerp_mode": "catmullrom"
						},
						"3.9583": {
							"post": [0.76944, 0.38334, 1.99998],
							"lerp_mode": "catmullrom"
						},
						"4.2083": {
							"post": [4.205, -0.05, -0.4],
							"lerp_mode": "catmullrom"
						},
						"4.5": {
							"post": [1.96274, -0.50139, -0.83412],
							"lerp_mode": "catmullrom"
						},
						"4.7083": {
							"post": [2.75, -1.15, -1.9],
							"lerp_mode": "catmullrom"
						},
						"5.0417": {
							"post": [3.4, -1.2, -2.1],
							"lerp_mode": "catmullrom"
						},
						"5.5": {
							"post": [3.25, -0.425, -2.35],
							"lerp_mode": "catmullrom"
						},
						"5.8333": {
							"post": [5.70865, 10.40959, -2.26729],
							"lerp_mode": "catmullrom"
						},
						"6.2917": {
							"post": [5.6913, 9.41454, -2.36812],
							"lerp_mode": "catmullrom"
						},
						"6.5417": {
							"post": [1.76812, -0.42179, -1.0856],
							"lerp_mode": "catmullrom"
						},
						"6.6667": {
							"post": [-0.225, 0, 0.125],
							"lerp_mode": "catmullrom"
						},
						"6.75": {
							"post": [-0.35, 0, 0.2],
							"lerp_mode": "catmullrom"
						},
						"6.8333": {
							"post": [0.25, 0, -0.25],
							"lerp_mode": "catmullrom"
						},
						"6.9167": {
							"post": [-0.075, 0, 0.075],
							"lerp_mode": "catmullrom"
						},
						"7.0": {
							"post": [0, 0, 0],
							"lerp_mode": "catmullrom"
						}
					}
				},
				"bullet": {
					"scale": 0
				}
			},
			"sound_effects": {
				"0.0": {
					"effect": "tacz:spr15hb/spr15hb_inspect_raise"
				},
				"1.7083": {
					"effect": "tacz:spr15hb/spr15hb_inspect_rotate"
				},
				"4.0417": {
					"effect": "tacz:spr15hb/spr15hb_inspect_rotate2"
				},
				"5.5": {
					"effect": "tacz:spr15hb/spr15hb_inspect_rattle"
				},
				"6.0833": {
					"effect": "tacz:spr15hb/spr15hb_inspect_rattle2"
				},
				"6.8333": {
					"effect": "tacz:spr15hb/spr15hb_inspect_end"
				}
			}
		},
		"shoot": {
			"loop": "hold_on_last_frame",
			"animation_length": 0.7667,
			"bones": {
				"root": {
					"rotation": {
						"0.0": [0, 0, 0],
						"0.0333": {
							"pre": [1, 0.5, 0.6],
							"post": [1, 0.5, 0.6],
							"lerp_mode": "catmullrom"
						},
						"0.0667": {
							"post": [-1.84, 0.75, -0.77],
							"lerp_mode": "catmullrom"
						},
						"0.1": {
							"post": [-1.4, -0.5, -0.92],
							"lerp_mode": "catmullrom"
						},
						"0.1333": {
							"post": [-0.81, -0.5, -0.57],
							"lerp_mode": "catmullrom"
						},
						"0.1667": {
							"post": [-0.07, 0.25, 0.21],
							"lerp_mode": "catmullrom"
						},
						"0.2": [0.4, 0, 0.7],
						"0.2333": [0.42, 0, 0.65],
						"0.2667": [0.11, 0, 0.13],
						"0.3": [-0.08, 0, -0.15],
						"0.3333": [-0.17, 0, -0.3],
						"0.3667": [-0.17, 0, -0.31],
						"0.4": [-0.02, 0, -0.11],
						"0.4333": [0.06, 0, 0.01],
						"0.4667": [0.11, 0, 0.08],
						"0.5": [0.11, 0, 0.09],
						"0.5333": [0.08, 0, 0.05],
						"0.5667": [0.05, 0, 0.02],
						"0.6": [0.04, 0, 0],
						"0.6333": [0.03, 0, 0],
						"0.6667": [0.01, 0, 0],
						"0.7": [0, 0, 0],
						"0.7333": [0, 0, 0]
					},
					"position": {
						"0.0": [0, 0, 0],
						"0.0333": [0, -0.1, 1.9],
						"0.0667": [0, -0.1, 2.1],
						"0.1": [0, -0.09, 1.3],
						"0.1333": [0, -0.05, -0.57],
						"0.1667": [0, -0.05, -0.62],
						"0.2": [0, -0.04, -0.38],
						"0.2333": [0, -0.05, 0.13],
						"0.2667": [0, -0.06, 0.15],
						"0.3": [0, -0.07, 0.13],
						"0.3333": [0, -0.09, 0.08],
						"0.3667": [0, -0.11, 0],
						"0.4": [0, -0.1, 0],
						"0.4333": [0, -0.08, 0.01],
						"0.4667": [0, -0.06, 0.02],
						"0.5": [0, -0.01, 0.04],
						"0.5333": [0, -0.01, 0.04],
						"0.5667": [0, 0, 0.03],
						"0.6": [0, 0, 0.02],
						"0.6333": [0, 0, 0.01],
						"0.6667": [0, 0, 0],
						"0.7": [0, 0, 0],
						"0.7333": [0, 0, 0],
						"0.7667": [0, 0, 0]
					}
				},
				"camera": {
					"rotation": {
						"0.0": [0, 0, 0],
						"0.0333": [0, 0, 1.27],
						"0.0667": [0, 0, -1.02],
						"0.1": [0, 0, -0.27],
						"0.1333": [0, 0, 0.65],
						"0.1667": [0, 0, 0.28],
						"0.2": [0, 0, -0.25],
						"0.2333": [0, 0, -0.08],
						"0.2667": [0, 0, 0.18],
						"0.3": [0, 0, 0.15],
						"0.3333": [0, 0, 0.07],
						"0.3667": [0, 0, 0]
					}
				},
				"constraint": {
					"rotation": {
						"0.0": [0.15, 0.5, 0.5],
						"0.2667": [0.03, 0.2, 0.2],
						"0.3667": [0, 0, 0]
					},
					"position": {
						"0.0": [0.2, 0.1, 0.35],
						"0.2667": [0.15, 0.15, 0.1],
						"0.3667": [0, 0, 0]
					}
				},
				"chain_anim": {
					"rotation": {
						"0.0": [0, 0, 12.5],
						"0.1": [0, 0, 0],
						"0.1667": [0, 0, 4],
						"0.2333": [0, 0, -2.5],
						"0.3333": [0, 0, 3.5],
						"0.4667": [0, 0, 0]
					},
					"position": {
						"0.0": [0.325, 0, 0],
						"0.1": [0, 0, 0],
						"0.1667": [0.15, 0.225, 0],
						"0.2333": [-0.10625, -0.0325, 0],
						"0.3333": [0.0375, 0.1125, 0],
						"0.4667": [0, 0, 0]
					}
				},
				"bullet_chain_2": {
					"scale": 0
				}
			}
		},
		"static_bolt_caught": {
			"loop": true,
			"bones": {
				"bolt": {
					"position": [0, 0, 4.25]
				},
				"bolt_release": {
					"rotation": [0, 0, 15]
				}
			}
		},
		"bipod_start": {
			"animation_length": 1.3542,
			"bones": {
				"bipod_right": {
					"rotation": {
						"0.4167": [0, 0, 0],
						"0.625": [0, -90, 0]
					}
				},
				"bipod_left": {
					"rotation": {
						"0.375": [0, 0, 0],
						"0.5833": [0, 90, 0]
					}
				},
				"root": {
					"rotation": {
						"0.0": {
							"post": [0, 0, 0],
							"lerp_mode": "catmullrom"
						},
						"0.1458": {
							"post": [-0.12, -1.36, -0.63],
							"lerp_mode": "catmullrom"
						},
						"0.3333": {
							"post": [1.06312, -4.98093, 5.019],
							"lerp_mode": "catmullrom"
						},
						"0.4375": {
							"post": [0.15, -5.36, 4.9],
							"lerp_mode": "catmullrom"
						},
						"0.5": {
							"post": [-2.03, -4.66, 5.75],
							"lerp_mode": "catmullrom"
						},
						"0.6042": {
							"post": [-1.86, -5.02, 6.03],
							"lerp_mode": "catmullrom"
						},
						"0.75": {
							"post": [-1.43688, -4.98093, 5.019],
							"lerp_mode": "catmullrom"
						},
						"1.0208": {
							"post": [-5, 0.4375, -5],
							"lerp_mode": "catmullrom"
						},
						"1.1875": {
							"post": [0, -0.4375, 0],
							"lerp_mode": "catmullrom"
						},
						"1.2708": {
							"post": [0.31, -0.03, 0.31],
							"lerp_mode": "catmullrom"
						},
						"1.3542": {
							"post": [0, 0, 0],
							"lerp_mode": "catmullrom"
						}
					},
					"position": {
						"0.0": {
							"post": [0, 0, 0],
							"lerp_mode": "catmullrom"
						},
						"0.1875": {
							"post": [-0.34, -0.34, 0.68],
							"lerp_mode": "catmullrom"
						},
						"0.3333": {
							"post": [-1, -1, 2],
							"lerp_mode": "catmullrom"
						},
						"0.4167": {
							"post": [-1.12, -1.14, 2.47],
							"lerp_mode": "catmullrom"
						},
						"0.5": {
							"post": [-1.1, -0.88, 2.17],
							"lerp_mode": "catmullrom"
						},
						"0.75": {
							"post": [-1, -1, 2],
							"lerp_mode": "catmullrom"
						},
						"1.0208": {
							"post": [-0.5, 0.25, 1.5],
							"lerp_mode": "catmullrom"
						},
						"1.1875": {
							"post": [0, 0, 0],
							"lerp_mode": "catmullrom"
						},
						"1.3542": {
							"post": [0, 0, 0],
							"lerp_mode": "catmullrom"
						}
					}
				},
				"lefthand": {
					"rotation": {
						"0.0": {
							"post": [0, 0, 0],
							"lerp_mode": "catmullrom"
						},
						"0.3333": {
							"post": [0, 0, -15],
							"lerp_mode": "catmullrom"
						},
						"0.4167": {
							"post": [9.62343, -0.30584, -37.1715],
							"lerp_mode": "catmullrom"
						},
						"0.5417": {
							"post": [9.62343, -0.30584, -37.1715],
							"lerp_mode": "catmullrom"
						},
						"0.6875": {
							"post": [-7.87657, -0.30584, -37.1715],
							"lerp_mode": "catmullrom"
						},
						"0.9167": {
							"post": [0, 0, -15],
							"lerp_mode": "catmullrom"
						},
						"1.2292": {
							"post": [0, 0, 0],
							"lerp_mode": "catmullrom"
						}
					},
					"position": {
						"0.0": {
							"post": [0, 0, 0],
							"lerp_mode": "catmullrom"
						},
						"0.3333": {
							"post": [1, 0, -5],
							"lerp_mode": "catmullrom"
						},
						"0.4167": {
							"post": [5, 0, -5],
							"lerp_mode": "catmullrom"
						},
						"0.5417": {
							"post": [5, -2, -1],
							"lerp_mode": "catmullrom"
						},
						"0.6875": {
							"post": [3, -4, -1],
							"lerp_mode": "catmullrom"
						},
						"0.9167": {
							"post": [1, 0, -5],
							"lerp_mode": "catmullrom"
						},
						"1.2292": {
							"post": [0, 0, 0],
							"lerp_mode": "catmullrom"
						}
					}
				},
				"camera": {
					"rotation": {
						"0.0": {
							"post": [0, 0, 0],
							"lerp_mode": "catmullrom"
						},
						"0.1875": {
							"post": [0, -0.35, 0],
							"lerp_mode": "catmullrom"
						},
						"0.3542": {
							"post": [0.25, 0.75, 0.5],
							"lerp_mode": "catmullrom"
						},
						"0.4167": {
							"post": [-0.25, 0.75, 0.5],
							"lerp_mode": "catmullrom"
						},
						"0.5833": {
							"post": [0.5, 0.75, 0.25],
							"lerp_mode": "catmullrom"
						},
						"0.7917": {
							"post": [0.33, 0.75, -0.25],
							"lerp_mode": "catmullrom"
						},
						"0.9583": {
							"post": [-0.75, 0.75, 0],
							"lerp_mode": "catmullrom"
						},
						"1.1667": {
							"post": [-0.5, 0, -0.25],
							"lerp_mode": "catmullrom"
						},
						"1.2708": {
							"post": [0.25, 0, 0.25],
							"lerp_mode": "catmullrom"
						},
						"1.3542": {
							"post": [0, 0, 0],
							"lerp_mode": "catmullrom"
						}
					}
				},
				"bone9": {
					"rotation": {
						"0.375": [0, 0, 0],
						"0.5833": [-90, 0, 0]
					}
				},
				"bone11": {
					"rotation": {
						"0.4167": [0, 0, 0],
						"0.625": [-90, 0, 0]
					}
				}
			},
			"sound_effects": {
				"0.0": {
					"effect": "sfms:lvsa/lvsa_lj1"
				},
				"0.5625": {
					"effect": "sfms:lvsa/lvsa_lj3"
				}
			}
		},
		"bipod": {
			"animation_length": 1.3542,
			"bones": {
				"bipod_right": {
					"rotation": [0, -90, 0]
				},
				"bipod_left": {
					"rotation": [0, 90, 0]
				},
				"bone9": {
					"rotation": {
						"0.0": {
							"post": [-90, 0, 0],
							"lerp_mode": "catmullrom"
						}
					}
				},
				"bone11": {
					"rotation": {
						"0.0": {
							"post": [-90, 0, 0],
							"lerp_mode": "catmullrom"
						}
					}
				}
			}
		},
		"bipod_end": {
			"animation_length": 1.75,
			"bones": {
				"bipod_right": {
					"rotation": {
						"0.0": {
							"post": [0, -90, 0],
							"lerp_mode": "catmullrom"
						},
						"0.1875": {
							"post": [0, -90, 0],
							"lerp_mode": "catmullrom"
						},
						"0.3333": {
							"post": [0, -60, 0],
							"lerp_mode": "catmullrom"
						},
						"0.6667": {
							"post": [0, -60, 0],
							"lerp_mode": "catmullrom"
						},
						"0.8125": {
							"post": [0, 0, 0],
							"lerp_mode": "catmullrom"
						}
					}
				},
				"bipod_left": {
					"rotation": {
						"0.0": {
							"post": [0, 90, 0],
							"lerp_mode": "catmullrom"
						},
						"0.1875": {
							"post": [0, 90, 0],
							"lerp_mode": "catmullrom"
						},
						"0.3333": {
							"post": [0, 60, 0],
							"lerp_mode": "catmullrom"
						},
						"0.6667": {
							"post": [0, 60, 0],
							"lerp_mode": "catmullrom"
						},
						"0.8125": {
							"post": [0, 0, 0],
							"lerp_mode": "catmullrom"
						}
					}
				},
				"root": {
					"rotation": {
						"0.0": {
							"post": [0, 0, 0],
							"lerp_mode": "catmullrom"
						},
						"0.25": {
							"post": [-17.07, -10.72, -11.78],
							"lerp_mode": "catmullrom"
						},
						"0.5": {
							"post": [-34.14743, -11.43547, -13.06431],
							"lerp_mode": "catmullrom"
						},
						"0.625": {
							"post": [-36.57, -5.95, -13.6],
							"lerp_mode": "catmullrom"
						},
						"0.75": {
							"post": [-37.6, -7.87, -7.89],
							"lerp_mode": "catmullrom"
						},
						"0.8125": {
							"post": [-37.4, -6.955, -11.62],
							"lerp_mode": "catmullrom"
						},
						"0.8958": {
							"post": [-34.14743, -7.43547, -13.06431],
							"lerp_mode": "catmullrom"
						},
						"1.125": {
							"post": [-12.22, -2.68, -8.22],
							"lerp_mode": "catmullrom"
						},
						"1.2708": {
							"post": [0, 0, 1.75],
							"lerp_mode": "catmullrom"
						},
						"1.5": {
							"post": [0, 0, 0],
							"lerp_mode": "catmullrom"
						},
						"1.75": {
							"post": [0, 0, 0],
							"lerp_mode": "catmullrom"
						}
					},
					"position": {
						"0.0": {
							"post": [0, 0, 0],
							"lerp_mode": "catmullrom"
						},
						"0.2292": {
							"post": [-2.24, -8.18, 4.48],
							"lerp_mode": "catmullrom"
						},
						"0.5": {
							"post": [-5, -11, 10],
							"lerp_mode": "catmullrom"
						},
						"0.625": {
							"post": [-5.25, -10.01, 10.5],
							"lerp_mode": "catmullrom"
						},
						"0.7917": {
							"post": [-5.25, -13.78, 10.5],
							"lerp_mode": "catmullrom"
						},
						"0.8958": {
							"post": [-5, -11, 10],
							"lerp_mode": "catmullrom"
						},
						"1.0625": {
							"post": [-2.85, -8.51, 5.69],
							"lerp_mode": "catmullrom"
						},
						"1.2708": {
							"post": [0, -2, 0],
							"lerp_mode": "catmullrom"
						},
						"1.375": {
							"post": [0.19, -0.17, -1.1925],
							"lerp_mode": "catmullrom"
						},
						"1.5": {
							"post": [0, 0, 0.5625],
							"lerp_mode": "catmullrom"
						},
						"1.625": {
							"post": [-0.01, -0.04, -0.0325],
							"lerp_mode": "catmullrom"
						},
						"1.75": {
							"post": [0, 0, 0],
							"lerp_mode": "catmullrom"
						}
					}
				},
				"lefthand": {
					"rotation": {
						"0.0": {
							"post": [0, 0, 0],
							"lerp_mode": "catmullrom"
						},
						"0.2083": {
							"post": [42.21958, 7.99276, -69.31612],
							"lerp_mode": "catmullrom"
						},
						"0.5417": {
							"post": [12.21958, 7.99276, -69.31612],
							"lerp_mode": "catmullrom"
						},
						"0.6667": {
							"post": [12.21958, 7.99276, -69.31612],
							"lerp_mode": "catmullrom"
						},
						"0.8125": {
							"post": [-1.92445, -9.53343, 7.9907],
							"lerp_mode": "catmullrom"
						},
						"0.8958": {
							"post": [-1.92445, -9.53343, 7.9907],
							"lerp_mode": "catmullrom"
						},
						"1.1667": {
							"post": [0, 0, 0],
							"lerp_mode": "catmullrom"
						}
					},
					"position": {
						"0.0": {
							"post": [0, 0, 0],
							"lerp_mode": "catmullrom"
						},
						"0.2083": {
							"post": [1, -6, 2],
							"lerp_mode": "catmullrom"
						},
						"0.5417": {
							"post": [2, -2, -11],
							"lerp_mode": "catmullrom"
						},
						"0.6667": {
							"post": [2, -2, -11],
							"lerp_mode": "catmullrom"
						},
						"0.8125": {
							"post": [0, 0, -9],
							"lerp_mode": "catmullrom"
						},
						"0.8958": {
							"post": [0, 0, -9],
							"lerp_mode": "catmullrom"
						},
						"1.0": {
							"post": [0, -2, -6.64],
							"lerp_mode": "catmullrom"
						},
						"1.1667": {
							"post": [0, 0, 0],
							"lerp_mode": "catmullrom"
						}
					}
				},
				"camera": {
					"rotation": {
						"0.0": {
							"post": [0, 0, 0],
							"lerp_mode": "catmullrom"
						},
						"0.1458": {
							"post": [1.5, 0, 0],
							"lerp_mode": "catmullrom"
						},
						"0.2708": {
							"post": [-0.25, 0, 0],
							"lerp_mode": "catmullrom"
						},
						"0.5": {
							"post": [0, 1, 0],
							"lerp_mode": "catmullrom"
						},
						"0.6667": {
							"post": [0, 0.5, -0.25],
							"lerp_mode": "catmullrom"
						},
						"0.7292": {
							"post": [-0.75, 0, 0.5],
							"lerp_mode": "catmullrom"
						},
						"0.7917": {
							"post": [0.75, 0.25, 0.25],
							"lerp_mode": "catmullrom"
						},
						"0.9375": {
							"post": [0.25, 0.25, 0.5],
							"lerp_mode": "catmullrom"
						},
						"1.0833": {
							"post": [1.25, -0.5, 1],
							"lerp_mode": "catmullrom"
						},
						"1.2917": {
							"post": [-0.75, 0, 0],
							"lerp_mode": "catmullrom"
						},
						"1.3958": {
							"post": [0.25, 0, 0],
							"lerp_mode": "catmullrom"
						},
						"1.5417": {
							"post": [-0.25, 0, -0.25],
							"lerp_mode": "catmullrom"
						},
						"1.6458": {
							"post": [-0.16, 0, 0.25],
							"lerp_mode": "catmullrom"
						},
						"1.75": {
							"post": [0, 0, 0],
							"lerp_mode": "catmullrom"
						}
					}
				},
				"bone9": {
					"rotation": {
						"0.0": {
							"post": [-90, 0, 0],
							"lerp_mode": "catmullrom"
						},
						"0.1875": {
							"post": [-90, 0, 0],
							"lerp_mode": "catmullrom"
						},
						"0.3333": {
							"post": [-60, 0, 0],
							"lerp_mode": "catmullrom"
						},
						"0.6667": {
							"post": [-60, 0, 0],
							"lerp_mode": "catmullrom"
						},
						"0.8125": {
							"post": [0, 0, 0],
							"lerp_mode": "catmullrom"
						}
					}
				},
				"bone11": {
					"rotation": {
						"0.0": {
							"post": [-90, 0, 0],
							"lerp_mode": "catmullrom"
						},
						"0.1875": {
							"post": [-90, 0, 0],
							"lerp_mode": "catmullrom"
						},
						"0.3333": {
							"post": [-60, 0, 0],
							"lerp_mode": "catmullrom"
						},
						"0.6667": {
							"post": [-60, 0, 0],
							"lerp_mode": "catmullrom"
						},
						"0.8125": {
							"post": [0, 0, 0],
							"lerp_mode": "catmullrom"
						}
					}
				}
			},
			"sound_effects": {
				"0.0": {
					"effect": "sfms:lvsa/lvsa_lj2"
				}
			}
		}
	}
}