{
	"format_version": "1.8.0",
	"animations": {
		"static_idle": {
			"loop": true,
			"bones": {
				"righthand": {
					"rotation": [101.07, 8.95, -179.05],
					"position": [-6.75, -16.3, 6.55],
					"scale": [1, 1.5, 1]
				},
				"stock": {
					"position": [0, 0, 0]
				},
				"lefthand": {
					"rotation": [141.38069, -56.60097, -188.26937],
					"position": [6.17, -13.62, -7.02],
					"scale": [1, 1.5, 1]
				},
				"constraint": {
					"rotation": [0.5, 0.5, 0.5],
					"position": [0.5, 0.5, 0.5]
				},
				"root1": {
					"rotation": [0, 0, 0],
					"position": [0, 0, 0]
				}
			}
		},
		"draw": {
			"loop": "hold_on_last_frame",
			"animation_length": 1.1806,
			"bones": {
				"righthand": {
					"rotation": [101.07, 8.95, -179.05],
					"position": {
						"0.0": [-6.75, -13.3, 0.55],
						"0.125": [-6.75, -13.3, 0.55],
						"0.2083": {
							"pre": [-6.75, -15.3, 6.55],
							"post": [-6.75, -15.3, 6.55],
							"lerp_mode": "catmullrom"
						},
						"0.2917": {
							"post": [-6.75, -10.3, 11.55],
							"lerp_mode": "catmullrom"
						},
						"0.3333": [-6.75, -11.05, 14.85],
						"0.5": [-6.75, -11.05, 15.05],
						"0.5833": {
							"pre": [-6.75, -11.15, 21.65],
							"post": [-6.75, -11.15, 21.65],
							"lerp_mode": "catmullrom"
						},
						"0.75": {
							"post": [-6.75, -15.3, 10.05],
							"lerp_mode": "catmullrom"
						},
						"0.9167": [-6.75, -16.3, 6.55]
					},
					"scale": [1, 1.5, 1]
				},
				"lefthand": {
					"rotation": [141.38069, -56.60097, -188.26937],
					"position": [6.17, -13.62, -7.02],
					"scale": [1, 1.5, 1]
				},
				"stock": {
					"position": {
						"0.5": [0, 0, -6],
						"0.5417": {
							"pre": [0, 0, 0],
							"post": [0, 0, 0],
							"lerp_mode": "catmullrom"
						}
					}
				},
				"root1": {
					"rotation": {
						"0.0": [-80, 0, 0],
						"0.1667": {
							"pre": [-40.51, -29.67, 13.76],
							"post": [-40.51, -29.67, 13.76],
							"lerp_mode": "catmullrom"
						},
						"0.3333": {
							"post": [7.25, -27.25, 17.5],
							"lerp_mode": "catmullrom"
						},
						"0.5": {
							"post": [6.08, -27.65, 17.73],
							"lerp_mode": "catmullrom"
						},
						"0.6667": {
							"post": [5.875, -27.25, 17.5],
							"lerp_mode": "catmullrom"
						},
						"0.75": {
							"post": [10.83, -20.74, 18.45],
							"lerp_mode": "catmullrom"
						},
						"0.9167": {
							"post": [-1.0426, -7.43355, -1.54071],
							"lerp_mode": "catmullrom"
						},
						"1.0417": [0, 0, 0]
					},
					"position": {
						"0.0": [-2.5, -11.75, 6.5],
						"0.1667": {
							"pre": [0.1875, -1.5, -2.5],
							"post": [0.1875, -1.5, -2.5],
							"lerp_mode": "catmullrom"
						},
						"0.3333": {
							"post": [0.9375, -1.1875, -1.25],
							"lerp_mode": "catmullrom"
						},
						"0.5": {
							"post": [0.9375, -1, -1.5],
							"lerp_mode": "catmullrom"
						},
						"0.5833": {
							"post": [2.1275, -2.115, -4.27],
							"lerp_mode": "catmullrom"
						},
						"0.7083": {
							"post": [0.97, -1.02, -3.02],
							"lerp_mode": "catmullrom"
						},
						"0.8333": {
							"post": [0.1875, -2.5, -3.75],
							"lerp_mode": "catmullrom"
						},
						"1.0": {
							"post": [0, 0, -0.03],
							"lerp_mode": "catmullrom"
						},
						"1.1667": [0, 0, 0]
					}
				},
				"stock_default": {
					"position": {
						"0.5": [0, 0, -4],
						"0.5833": [0, 0, 0]
					}
				},
				"camera": {
					"rotation": {
						"0.0": {
							"post": [0, 0, 0],
							"lerp_mode": "catmullrom"
						},
						"0.125": {
							"post": [1.5, 0, 0.25],
							"lerp_mode": "catmullrom"
						},
						"0.2917": {
							"post": [-0.5, 0, -0.5],
							"lerp_mode": "catmullrom"
						},
						"0.5": {
							"post": [-0.5, 0, -0.5],
							"lerp_mode": "catmullrom"
						},
						"0.5833": {
							"post": [0.82, 0, 0.25],
							"lerp_mode": "catmullrom"
						},
						"0.7083": {
							"post": [-0.25, 0, -0.75],
							"lerp_mode": "catmullrom"
						},
						"0.7917": {
							"post": [0, 0, -0.75],
							"lerp_mode": "catmullrom"
						},
						"0.9583": {
							"post": [-0.46, 0, 0.5],
							"lerp_mode": "catmullrom"
						},
						"1.0833": {
							"post": [0.17, 0, -0.25],
							"lerp_mode": "catmullrom"
						},
						"1.1667": {
							"post": [0, 0, 0],
							"lerp_mode": "catmullrom"
						}
					}
				},
				"stock_pos": {
					"position": {
						"0.5": [0, 0, -4],
						"0.5833": [0, 0, 0]
					}
				}
			}
		},
		"put_away": {
			"animation_length": 1.1667,
			"bones": {
				"righthand": {
					"rotation": {
						"0.2917": [101.07, 8.95, -179.05],
						"0.4583": [121.07, 8.95, -179.05],
						"0.5417": [155.90333, 8.95, -179.05],
						"1.125": [101.07, 8.95, -179.05]
					},
					"position": {
						"0.0": [-6.75, -16.3, 6.55],
						"0.125": [-6.75, -16.3, 10.65],
						"0.25": {
							"pre": [-6.75, -15.3, 15.05],
							"post": [-6.75, -15.3, 15.05],
							"lerp_mode": "catmullrom"
						},
						"0.3333": {
							"post": [-6.75, -9.05, 20.05],
							"lerp_mode": "catmullrom"
						},
						"0.5": [-6.75, -9.05, 16.55],
						"0.5833": [-6.75, -9.05, 15.3],
						"0.7083": [-6.75, -9.05, 16.55],
						"0.7917": {
							"pre": [-6.75, -10.3, 18.55],
							"post": [-6.75, -10.3, 18.55],
							"lerp_mode": "catmullrom"
						},
						"0.875": {
							"post": [-6.75, -15.3, 16.55],
							"lerp_mode": "catmullrom"
						},
						"1.0": [-6.75, -16.3, 5.55],
						"1.125": [-6.75, -16.3, 5.55]
					},
					"scale": [1, 1.5, 1]
				},
				"lefthand": {
					"rotation": [141.38069, -56.60097, -188.26937],
					"position": [6.17, -13.62, -7.02],
					"scale": [1, 1.5, 1]
				},
				"stock": {
					"position": {
						"0.4167": [0, 0, 0],
						"0.5": [0, 0, -6]
					}
				},
				"root1": {
					"rotation": {
						"0.0": [0, 0, 0],
						"0.1667": {
							"pre": [-1.0426, -7.43355, -1.54071],
							"post": [-1.0426, -7.43355, -1.54071],
							"lerp_mode": "catmullrom"
						},
						"0.3333": {
							"post": [10.83, -20.74, 18.45],
							"lerp_mode": "catmullrom"
						},
						"0.4583": {
							"post": [5.875, -27.25, 17.5],
							"lerp_mode": "catmullrom"
						},
						"0.6667": {
							"post": [6.08, -27.65, 17.73],
							"lerp_mode": "catmullrom"
						},
						"0.8333": {
							"post": [-40.51, -29.67, 13.76],
							"lerp_mode": "catmullrom"
						},
						"1.0417": [-80, 0, 0]
					},
					"position": {
						"0.0": [0, 0, 0],
						"0.2083": {
							"pre": [0.1875, -3.75, -0.5],
							"post": [0.1875, -3.75, -0.5],
							"lerp_mode": "catmullrom"
						},
						"0.4167": {
							"post": [0.47, -2.27, -1.52],
							"lerp_mode": "catmullrom"
						},
						"0.5": {
							"post": [1.8775, -3.365, -3.02],
							"lerp_mode": "catmullrom"
						},
						"0.625": {
							"post": [-0.0625, -2.25, -1.5],
							"lerp_mode": "catmullrom"
						},
						"0.8333": {
							"post": [-2.0625, -2.75, -1],
							"lerp_mode": "catmullrom"
						},
						"1.0833": [-2.5, -11.75, 11.5]
					}
				},
				"stock_default": {
					"position": {
						"0.375": [0, 0, 0],
						"0.5": [0, 1, -4]
					}
				},
				"camera": {
					"rotation": {
						"0.0": {
							"post": [0, 0, 0],
							"lerp_mode": "catmullrom"
						},
						"0.1667": {
							"post": [0.905, 0, -0.2],
							"lerp_mode": "catmullrom"
						},
						"0.3333": {
							"post": [-0.5775, 0, 0.56],
							"lerp_mode": "catmullrom"
						},
						"0.4583": {
							"post": [-0.5, 0, -0.5],
							"lerp_mode": "catmullrom"
						},
						"0.5417": {
							"post": [0.82, 0, 1.5],
							"lerp_mode": "catmullrom"
						},
						"0.7083": {
							"post": [-0.25, 0, 0],
							"lerp_mode": "catmullrom"
						},
						"0.8333": {
							"post": [0, 0, 0.25],
							"lerp_mode": "catmullrom"
						},
						"1.0": {
							"post": [0.165, 0, 0],
							"lerp_mode": "catmullrom"
						},
						"1.1667": {
							"post": [0.17, 0, 0],
							"lerp_mode": "catmullrom"
						},
						"1.2917": {
							"post": [0, 0, 0],
							"lerp_mode": "catmullrom"
						}
					}
				},
				"stock_pos": {
					"position": {
						"0.375": [0, 0, 0],
						"0.5": [0, 1, -4]
					}
				}
			}
		},
		"shoot": {
			"animation_length": 0.5833,
			"bones": {
				"stock": {
					"position": [0, 0, 0]
				},
				"constraint": {
					"rotation": {
						"0.125": [0.15, 0.3, 0.3],
						"0.25": [0, 0, 0]
					},
					"position": {
						"0.125": [0.2, 0.2, 0.3],
						"0.25": [0, 0, 0]
					}
				},
				"root1": {
					"rotation": {
						"0.0": {
							"post": [0, 0, 0],
							"lerp_mode": "catmullrom"
						},
						"0.0417": {
							"post": [-5.95824, -1.30704, -2.72798],
							"lerp_mode": "catmullrom"
						},
						"0.1667": {
							"post": [0.84251, 0.26479, -1.02186],
							"lerp_mode": "catmullrom"
						},
						"0.2917": {
							"post": [-0.70043, -0.09694, 0.24998],
							"lerp_mode": "catmullrom"
						},
						"0.4167": {
							"post": [0.05, 0.13, 0.1],
							"lerp_mode": "catmullrom"
						},
						"0.5833": {
							"post": [0, 0, 0],
							"lerp_mode": "catmullrom"
						}
					},
					"position": {
						"0.0": {
							"post": [0, 0, 0],
							"lerp_mode": "catmullrom"
						},
						"0.0417": {
							"post": [0, -0.2225, 1.975],
							"lerp_mode": "catmullrom"
						},
						"0.125": {
							"post": [0, 0.175, 0.825],
							"lerp_mode": "catmullrom"
						},
						"0.2083": {
							"post": [0, 0.0625, -0.2375],
							"lerp_mode": "catmullrom"
						},
						"0.2917": {
							"post": [0, -0.1, 0.075],
							"lerp_mode": "catmullrom"
						},
						"0.375": {
							"post": [0.0125, -0.025, 0.125],
							"lerp_mode": "catmullrom"
						},
						"0.4583": {
							"post": [0, -0.005, -0.015],
							"lerp_mode": "catmullrom"
						}
					}
				},
				"mag_group": {
					"rotation": {
						"0.0417": [0, 0, 0],
						"0.25": [0, 0, -60]
					}
				},
				"camera": {
					"rotation": {
						"0.0": {
							"post": [0, 0, 0],
							"lerp_mode": "catmullrom"
						},
						"0.0417": {
							"post": [0, 0, -0.2],
							"lerp_mode": "catmullrom"
						},
						"0.125": {
							"post": [0, 0, 0.35],
							"lerp_mode": "catmullrom"
						},
						"0.2083": {
							"post": [0, 0, -0.05],
							"lerp_mode": "catmullrom"
						},
						"0.2917": {
							"post": [0, 0, 0.1],
							"lerp_mode": "catmullrom"
						},
						"0.375": {
							"post": [0, 0, -0.15],
							"lerp_mode": "catmullrom"
						},
						"0.4583": {
							"post": [0, 0, 0],
							"lerp_mode": "catmullrom"
						}
					}
				}
			}
		},
		"inspect": {
			"animation_length": 5.875,
			"bones": {
				"righthand": {
					"rotation": {
						"0.0": [101.07, 8.95, -179.05],
						"3.25": [101.07, 8.95, -179.05],
						"3.3333": {
							"pre": [102.72096, 6.36331, -173.49027],
							"post": [102.72096, 6.36331, -173.49027],
							"lerp_mode": "catmullrom"
						},
						"3.4167": {
							"post": [100.25489, 9.8757, -179.59322],
							"lerp_mode": "catmullrom"
						},
						"3.625": [101.07, 8.95, -179.05]
					},
					"position": {
						"0.0": [-6.75, -16.3, 6.55],
						"3.25": [-6.75, -16.3, 6.55],
						"3.4167": {
							"pre": [-6.75, -16.3825, 4.5825],
							"post": [-6.75, -16.3825, 4.5825],
							"lerp_mode": "catmullrom"
						},
						"3.5": [-6.75, -17.05, 5.99],
						"3.625": [-6.75, -16.3, 6.55]
					},
					"scale": {
						"0.0": [1, 1.5, 1],
						"3.25": [1, 1.5, 1]
					}
				},
				"stock": {
					"position": [0, 0, 0]
				},
				"lefthand": {
					"rotation": {
						"0.0": [141.38069, -56.60097, -188.26937],
						"0.2917": [117.07, -36.97, -177.64],
						"0.4583": {
							"pre": [114.88435, -30.22467, -173.69809],
							"post": [114.88435, -30.22467, -173.69809],
							"lerp_mode": "catmullrom"
						},
						"0.5833": {
							"post": [115.69, -30.24, -173.7],
							"lerp_mode": "catmullrom"
						},
						"1.5833": {
							"post": [115.69, -30.24, -173.7],
							"lerp_mode": "catmullrom"
						},
						"1.7083": {
							"post": [114.88435, -30.22467, -173.69809],
							"lerp_mode": "catmullrom"
						},
						"1.875": [117.07, -36.97, -177.64],
						"2.6667": [117.07, -36.97, -177.64],
						"3.0417": {
							"pre": [53.78255, -38.28672, -143.8954],
							"post": [53.78255, -38.28672, -143.8954],
							"lerp_mode": "catmullrom"
						},
						"3.2917": {
							"post": [82.54206, -36.51975, -174.19689],
							"lerp_mode": "catmullrom"
						},
						"3.4167": {
							"post": [83.8164, -36.01149, -154.24787],
							"lerp_mode": "catmullrom"
						},
						"4.375": {
							"post": [83.8164, -36.01149, -154.2479],
							"lerp_mode": "catmullrom"
						},
						"4.625": {
							"post": [121.29206, -36.51975, -174.19689],
							"lerp_mode": "catmullrom"
						},
						"4.8333": {
							"post": [158.40171, -51.95178, -190.46851],
							"lerp_mode": "catmullrom"
						},
						"4.9583": {
							"post": [145.45791, -22.46439, -169.86995],
							"lerp_mode": "catmullrom"
						},
						"5.1667": {
							"post": [114.88435, -30.22467, -173.69809],
							"lerp_mode": "catmullrom"
						},
						"5.3333": [141.38069, -56.60097, -188.26937]
					},
					"position": {
						"0.0": [6.17, -13.62, -7.02],
						"0.2917": [6.17, -13.62, -7.02],
						"0.4583": {
							"pre": [13.295, -17.62, 2.23],
							"post": [13.295, -17.62, 2.23],
							"lerp_mode": "catmullrom"
						},
						"0.5833": [11.6075, -26.0575, 6.23],
						"1.5833": [8.8575, -26.0575, 6.23],
						"1.7083": {
							"pre": [10.545, -17.62, 2.23],
							"post": [10.545, -17.62, 2.23],
							"lerp_mode": "catmullrom"
						},
						"1.875": [6.17, -13.62, -7.02],
						"2.8333": [6.17, -13.62, -7.02],
						"3.0417": {
							"pre": [9, -14.49, -3.55],
							"post": [9, -14.49, -3.55],
							"lerp_mode": "catmullrom"
						},
						"3.1667": {
							"post": [9.4825, -12.12, -5.52],
							"lerp_mode": "catmullrom"
						},
						"3.375": [8.73, -12.5575, -5.395],
						"3.5833": [8.73, -14.5575, -7.395],
						"4.4583": [8.73, -14.5575, -7.395],
						"4.625": [8.7325, -13.8075, -7.645],
						"4.8333": {
							"pre": [7.6825, -12.62, -6.52],
							"post": [7.6825, -12.62, -6.52],
							"lerp_mode": "catmullrom"
						},
						"4.9167": [7.48, -13.1825, -6.52],
						"5.0417": [7.48, -13.1825, -6.52],
						"5.25": {
							"pre": [6.88, -13.38, -6.75],
							"post": [6.88, -13.38, -6.75],
							"lerp_mode": "catmullrom"
						},
						"5.5": {
							"post": [6.17, -13.62, -7.02],
							"lerp_mode": "catmullrom"
						}
					},
					"scale": [1, 1.5, 1]
				},
				"chamber": {
					"rotation": {
						"3.2917": [0, 0, 0],
						"3.4167": [0, 0, 0],
						"3.4583": [0, 15, 0],
						"3.5": [0, 12.5, 0],
						"3.5417": [0, 15, 0],
						"4.8333": [0, 15, 0],
						"4.9583": [0, 0, 0]
					}
				},
				"root1": {
					"rotation": {
						"0.0": [0, 0, 0],
						"0.2917": {
							"pre": [5.75, -2, 5],
							"post": [5.75, -2, 5],
							"lerp_mode": "catmullrom"
						},
						"0.5833": {
							"post": [-26.4101, -31.71763, -33.67388],
							"lerp_mode": "catmullrom"
						},
						"0.8333": {
							"post": [-24.49793, -30.90673, -29.68313],
							"lerp_mode": "catmullrom"
						},
						"1.125": {
							"post": [-26.1601, -31.71763, -31.67388],
							"lerp_mode": "catmullrom"
						},
						"1.3333": {
							"post": [-26.34, -34.94, -41.58],
							"lerp_mode": "catmullrom"
						},
						"1.75": {
							"post": [-26.1601, -31.71763, -31.67388],
							"lerp_mode": "catmullrom"
						},
						"2.0833": {
							"post": [-30.86055, 23.14254, 33.03702],
							"lerp_mode": "catmullrom"
						},
						"2.4583": {
							"post": [-25.90521, 24.61587, 36.2337],
							"lerp_mode": "catmullrom"
						},
						"2.75": {
							"post": [-25.41, 24.62, 36.23],
							"lerp_mode": "catmullrom"
						},
						"3.0833": {
							"post": [-13.45602, -3.87475, 26.31298],
							"lerp_mode": "catmullrom"
						},
						"3.2917": [-12.75, -8.25, 25.5],
						"3.375": {
							"pre": [-13.10966, -8.2657, 25.11005],
							"post": [-13.10966, -8.2657, 25.11005],
							"lerp_mode": "catmullrom"
						},
						"3.4167": {
							"post": [-12.75, -8.25, 32.75],
							"lerp_mode": "catmullrom"
						},
						"3.5": {
							"post": [-8.01, -6.27, 23.68],
							"lerp_mode": "catmullrom"
						},
						"3.75": {
							"post": [-9.49, -4.91, 25.67],
							"lerp_mode": "catmullrom"
						},
						"4.0": {
							"post": [-6.86968, -7.50295, 14.19155],
							"lerp_mode": "catmullrom"
						},
						"4.25": {
							"post": [-6.87, -7.5, 14.19],
							"lerp_mode": "catmullrom"
						},
						"4.5833": {
							"post": [-15.65525, -11.66254, -4.86198],
							"lerp_mode": "catmullrom"
						},
						"4.7917": [-15.23555, -5.08403, -2.14138],
						"4.875": {
							"pre": [-15.31494, -11.30358, -5.45502],
							"post": [-15.31494, -11.30358, -5.45502],
							"lerp_mode": "catmullrom"
						},
						"5.0": {
							"post": [-14.31, -12.52, 19.04],
							"lerp_mode": "catmullrom"
						},
						"5.125": {
							"post": [-0.22423, -9.49254, 18.96574],
							"lerp_mode": "catmullrom"
						},
						"5.2917": {
							"post": [2.24786, -1.15188, -2.62308],
							"lerp_mode": "catmullrom"
						},
						"5.4583": {
							"post": [0, 0, 0.8125],
							"lerp_mode": "catmullrom"
						},
						"5.5833": [0, 0, 0]
					},
					"position": {
						"0.0": [0, 0, 0],
						"0.2083": {
							"pre": [-0.25, -1, -1.25],
							"post": [-0.25, -1, -1.25],
							"lerp_mode": "catmullrom"
						},
						"0.4583": {
							"post": [-2, 2, -0.75],
							"lerp_mode": "catmullrom"
						},
						"0.7083": {
							"post": [-2, 0.84, -0.76],
							"lerp_mode": "catmullrom"
						},
						"1.0": {
							"post": [-2, 1.125, -0.75],
							"lerp_mode": "catmullrom"
						},
						"1.1667": {
							"post": [-2.11, 0.21, -0.72],
							"lerp_mode": "catmullrom"
						},
						"1.3333": {
							"post": [-2.15, 1.06, -0.71],
							"lerp_mode": "catmullrom"
						},
						"1.6667": {
							"post": [-2, 1, -0.75],
							"lerp_mode": "catmullrom"
						},
						"1.9167": {
							"post": [0.25, -1, -1.25],
							"lerp_mode": "catmullrom"
						},
						"2.1667": {
							"post": [1.25, 1.5, -0.75],
							"lerp_mode": "catmullrom"
						},
						"2.5": {
							"post": [1.25, 1.09, -0.76],
							"lerp_mode": "catmullrom"
						},
						"2.8333": {
							"post": [1.25, 1.09, -0.76],
							"lerp_mode": "catmullrom"
						},
						"3.0833": {
							"post": [-0.75, -1.75, -2.25],
							"lerp_mode": "catmullrom"
						},
						"3.2917": [-1, -0.5, -2.5],
						"3.4167": {
							"pre": [-1, -1, -2.5],
							"post": [-1, -1, -2.5],
							"lerp_mode": "catmullrom"
						},
						"3.6667": {
							"post": [-1, -0.57812, -2.5],
							"lerp_mode": "catmullrom"
						},
						"3.9167": {
							"post": [-1, -0.75, -2.5],
							"lerp_mode": "catmullrom"
						},
						"4.125": {
							"post": [-1, -0.375, -2.5],
							"lerp_mode": "catmullrom"
						},
						"4.375": {
							"post": [-1, -0.5025, -2.5],
							"lerp_mode": "catmullrom"
						},
						"4.5833": {
							"post": [-0.46, 0.67, -1.99],
							"lerp_mode": "catmullrom"
						},
						"4.7917": {
							"post": [-0.5, -0.5, -2],
							"lerp_mode": "catmullrom"
						},
						"4.9167": {
							"post": [-0.75, 0, -2],
							"lerp_mode": "catmullrom"
						},
						"5.0417": {
							"post": [0.02, -0.22, -0.61],
							"lerp_mode": "catmullrom"
						},
						"5.1667": {
							"post": [0.02, -0.97, -0.86],
							"lerp_mode": "catmullrom"
						},
						"5.375": {
							"post": [0, 0.13, 0.49],
							"lerp_mode": "catmullrom"
						},
						"5.5417": {
							"post": [0, -0.01, -0.05],
							"lerp_mode": "catmullrom"
						},
						"5.7083": [0, 0, 0]
					}
				},
				"camera": {
					"rotation": {
						"0.0": {
							"post": [0, 0, 0],
							"lerp_mode": "catmullrom"
						},
						"0.125": {
							"post": [0.5, 0, -0.75],
							"lerp_mode": "catmullrom"
						},
						"0.3333": {
							"post": [-0.9375, 0, -0.75],
							"lerp_mode": "catmullrom"
						},
						"0.5417": {
							"post": [0.25, 0, -2],
							"lerp_mode": "catmullrom"
						},
						"0.75": {
							"post": [-0.6875, 0, -1.25],
							"lerp_mode": "catmullrom"
						},
						"0.9167": {
							"post": [-0.75, 0, -1.25],
							"lerp_mode": "catmullrom"
						},
						"1.125": {
							"post": [0.5, 0, -0.75],
							"lerp_mode": "catmullrom"
						},
						"1.2917": {
							"post": [-0.5, 0, 0],
							"lerp_mode": "catmullrom"
						},
						"1.5": {
							"post": [-0.5, 0, -0.25],
							"lerp_mode": "catmullrom"
						},
						"1.7917": {
							"post": [1, 0, 0.25],
							"lerp_mode": "catmullrom"
						},
						"2.125": {
							"post": [-0.5, 0, 1.25],
							"lerp_mode": "catmullrom"
						},
						"2.4583": {
							"post": [-0.26, 0, 1],
							"lerp_mode": "catmullrom"
						},
						"2.75": {
							"post": [-0.07, 0, 1.25],
							"lerp_mode": "catmullrom"
						},
						"3.0417": {
							"post": [0.75, 0, 0],
							"lerp_mode": "catmullrom"
						},
						"3.3333": {
							"post": [-0.5, 0, 0.5],
							"lerp_mode": "catmullrom"
						},
						"3.4583": {
							"post": [0.77, 0, -0.5],
							"lerp_mode": "catmullrom"
						},
						"3.7083": {
							"post": [0, 0, 0.25],
							"lerp_mode": "catmullrom"
						},
						"3.9583": {
							"post": [0.75, 0, 0.75],
							"lerp_mode": "catmullrom"
						},
						"4.1667": {
							"post": [0.75, 0, 0.75],
							"lerp_mode": "catmullrom"
						},
						"4.3333": {
							"post": [0.75, 0, 1],
							"lerp_mode": "catmullrom"
						},
						"4.5417": {
							"post": [1, 0, 1],
							"lerp_mode": "catmullrom"
						},
						"4.75": {
							"post": [0.75, 0, 0.25],
							"lerp_mode": "catmullrom"
						},
						"4.9167": {
							"post": [-0.57, 0, -0.75],
							"lerp_mode": "catmullrom"
						},
						"5.125": {
							"post": [0.87, 0, 0.52],
							"lerp_mode": "catmullrom"
						},
						"5.3333": {
							"post": [-0.25, 0, -0.25],
							"lerp_mode": "catmullrom"
						},
						"5.625": {
							"post": [0, 0, 0],
							"lerp_mode": "catmullrom"
						},
						"5.875": {
							"post": [0, 0, 0],
							"lerp_mode": "catmullrom"
						}
					}
				},
				"mag_and_righthand": {
					"rotation": {
						"3.25": [0, 0, 0],
						"3.4167": [0, 0, 0],
						"3.5833": [0, 0, 90],
						"4.8333": [0, 0, 90],
						"5.0417": [0, 0, 0]
					}
				}
			}
		},
		"inspect_empty": {
			"animation_length": 5.875,
			"bones": {
				"righthand": {
					"rotation": {
						"0.0": [101.07, 8.95, -179.05],
						"3.25": [101.07, 8.95, -179.05],
						"3.3333": {
							"pre": [102.72096, 6.36331, -173.49027],
							"post": [102.72096, 6.36331, -173.49027],
							"lerp_mode": "catmullrom"
						},
						"3.4167": {
							"post": [100.25489, 9.8757, -179.59322],
							"lerp_mode": "catmullrom"
						},
						"3.625": [101.07, 8.95, -179.05]
					},
					"position": {
						"0.0": [-6.75, -16.3, 6.55],
						"3.25": [-6.75, -16.3, 6.55],
						"3.4167": {
							"pre": [-6.75, -16.3825, 4.5825],
							"post": [-6.75, -16.3825, 4.5825],
							"lerp_mode": "catmullrom"
						},
						"3.5": [-6.75, -17.05, 5.99],
						"3.625": [-6.75, -16.3, 6.55]
					},
					"scale": {
						"0.0": [1, 1.5, 1],
						"3.25": [1, 1.5, 1]
					}
				},
				"stock": {
					"position": [0, 0, 0]
				},
				"lefthand": {
					"rotation": {
						"0.0": [141.38069, -56.60097, -188.26937],
						"0.2917": [117.07, -36.97, -177.64],
						"0.4583": {
							"pre": [114.88435, -30.22467, -173.69809],
							"post": [114.88435, -30.22467, -173.69809],
							"lerp_mode": "catmullrom"
						},
						"0.5833": {
							"post": [115.69, -30.24, -173.7],
							"lerp_mode": "catmullrom"
						},
						"1.5833": {
							"post": [115.69, -30.24, -173.7],
							"lerp_mode": "catmullrom"
						},
						"1.7083": {
							"post": [114.88435, -30.22467, -173.69809],
							"lerp_mode": "catmullrom"
						},
						"1.875": [117.07, -36.97, -177.64],
						"2.6667": [117.07, -36.97, -177.64],
						"3.0417": {
							"pre": [53.78255, -38.28672, -143.8954],
							"post": [53.78255, -38.28672, -143.8954],
							"lerp_mode": "catmullrom"
						},
						"3.2917": {
							"post": [82.54206, -36.51975, -174.19689],
							"lerp_mode": "catmullrom"
						},
						"3.4167": {
							"post": [83.8164, -36.01149, -154.24787],
							"lerp_mode": "catmullrom"
						},
						"4.375": {
							"post": [83.8164, -36.01149, -154.2479],
							"lerp_mode": "catmullrom"
						},
						"4.625": {
							"post": [121.29206, -36.51975, -174.19689],
							"lerp_mode": "catmullrom"
						},
						"4.8333": {
							"post": [158.40171, -51.95178, -190.46851],
							"lerp_mode": "catmullrom"
						},
						"4.9583": {
							"post": [145.45791, -22.46439, -169.86995],
							"lerp_mode": "catmullrom"
						},
						"5.1667": {
							"post": [114.88435, -30.22467, -173.69809],
							"lerp_mode": "catmullrom"
						},
						"5.3333": [141.38069, -56.60097, -188.26937]
					},
					"position": {
						"0.0": [6.17, -13.62, -7.02],
						"0.2917": [6.17, -13.62, -7.02],
						"0.4583": {
							"pre": [13.295, -17.62, 2.23],
							"post": [13.295, -17.62, 2.23],
							"lerp_mode": "catmullrom"
						},
						"0.5833": [11.6075, -26.0575, 6.23],
						"1.5833": [8.8575, -26.0575, 6.23],
						"1.7083": {
							"pre": [10.545, -17.62, 2.23],
							"post": [10.545, -17.62, 2.23],
							"lerp_mode": "catmullrom"
						},
						"1.875": [6.17, -13.62, -7.02],
						"2.8333": [6.17, -13.62, -7.02],
						"3.0417": {
							"pre": [9, -14.49, -3.55],
							"post": [9, -14.49, -3.55],
							"lerp_mode": "catmullrom"
						},
						"3.1667": {
							"post": [9.4825, -12.12, -5.52],
							"lerp_mode": "catmullrom"
						},
						"3.375": [8.73, -12.5575, -5.395],
						"3.5833": [8.73, -14.5575, -7.395],
						"4.4583": [8.73, -14.5575, -7.395],
						"4.625": [8.7325, -13.8075, -7.645],
						"4.8333": {
							"pre": [7.6825, -12.62, -6.52],
							"post": [7.6825, -12.62, -6.52],
							"lerp_mode": "catmullrom"
						},
						"4.9167": [7.48, -13.1825, -6.52],
						"5.0417": [7.48, -13.1825, -6.52],
						"5.25": {
							"pre": [6.88, -13.38, -6.75],
							"post": [6.88, -13.38, -6.75],
							"lerp_mode": "catmullrom"
						},
						"5.5": {
							"post": [6.17, -13.62, -7.02],
							"lerp_mode": "catmullrom"
						}
					},
					"scale": [1, 1.5, 1]
				},
				"chamber": {
					"rotation": {
						"3.2917": [0, 0, 0],
						"3.4167": [0, 0, 0],
						"3.4583": [0, 15, 0],
						"3.5": [0, 12.5, 0],
						"3.5417": [0, 15, 0],
						"4.8333": [0, 15, 0],
						"4.9583": [0, 0, 0]
					}
				},
				"root1": {
					"rotation": {
						"0.0": [0, 0, 0],
						"0.2917": {
							"pre": [5.75, -2, 5],
							"post": [5.75, -2, 5],
							"lerp_mode": "catmullrom"
						},
						"0.5833": {
							"post": [-26.4101, -31.71763, -33.67388],
							"lerp_mode": "catmullrom"
						},
						"0.8333": {
							"post": [-24.49793, -30.90673, -29.68313],
							"lerp_mode": "catmullrom"
						},
						"1.125": {
							"post": [-26.1601, -31.71763, -31.67388],
							"lerp_mode": "catmullrom"
						},
						"1.3333": {
							"post": [-26.34, -34.94, -41.58],
							"lerp_mode": "catmullrom"
						},
						"1.75": {
							"post": [-26.1601, -31.71763, -31.67388],
							"lerp_mode": "catmullrom"
						},
						"2.0833": {
							"post": [-30.86055, 23.14254, 33.03702],
							"lerp_mode": "catmullrom"
						},
						"2.4583": {
							"post": [-25.90521, 24.61587, 36.2337],
							"lerp_mode": "catmullrom"
						},
						"2.75": {
							"post": [-25.41, 24.62, 36.23],
							"lerp_mode": "catmullrom"
						},
						"3.0833": {
							"post": [-13.45602, -3.87475, 26.31298],
							"lerp_mode": "catmullrom"
						},
						"3.2917": [-12.75, -8.25, 25.5],
						"3.375": {
							"pre": [-13.10966, -8.2657, 25.11005],
							"post": [-13.10966, -8.2657, 25.11005],
							"lerp_mode": "catmullrom"
						},
						"3.4167": {
							"post": [-12.75, -8.25, 32.75],
							"lerp_mode": "catmullrom"
						},
						"3.5": {
							"post": [-8.01, -6.27, 23.68],
							"lerp_mode": "catmullrom"
						},
						"3.75": {
							"post": [-9.49, -4.91, 25.67],
							"lerp_mode": "catmullrom"
						},
						"4.0": {
							"post": [-6.86968, -7.50295, 14.19155],
							"lerp_mode": "catmullrom"
						},
						"4.25": {
							"post": [-6.87, -7.5, 14.19],
							"lerp_mode": "catmullrom"
						},
						"4.5833": {
							"post": [-15.65525, -11.66254, -4.86198],
							"lerp_mode": "catmullrom"
						},
						"4.7917": [-15.23555, -5.08403, -2.14138],
						"4.875": {
							"pre": [-15.31494, -11.30358, -5.45502],
							"post": [-15.31494, -11.30358, -5.45502],
							"lerp_mode": "catmullrom"
						},
						"5.0": {
							"post": [-14.31, -12.52, 19.04],
							"lerp_mode": "catmullrom"
						},
						"5.125": {
							"post": [-0.22423, -9.49254, 18.96574],
							"lerp_mode": "catmullrom"
						},
						"5.2917": {
							"post": [2.24786, -1.15188, -2.62308],
							"lerp_mode": "catmullrom"
						},
						"5.4583": {
							"post": [0, 0, 0.8125],
							"lerp_mode": "catmullrom"
						},
						"5.5833": [0, 0, 0]
					},
					"position": {
						"0.0": [0, 0, 0],
						"0.2083": {
							"pre": [-0.25, -1, -1.25],
							"post": [-0.25, -1, -1.25],
							"lerp_mode": "catmullrom"
						},
						"0.4583": {
							"post": [-2, 2, -0.75],
							"lerp_mode": "catmullrom"
						},
						"0.7083": {
							"post": [-2, 0.84, -0.76],
							"lerp_mode": "catmullrom"
						},
						"1.0": {
							"post": [-2, 1.125, -0.75],
							"lerp_mode": "catmullrom"
						},
						"1.1667": {
							"post": [-2.11, 0.21, -0.72],
							"lerp_mode": "catmullrom"
						},
						"1.3333": {
							"post": [-2.15, 1.06, -0.71],
							"lerp_mode": "catmullrom"
						},
						"1.6667": {
							"post": [-2, 1, -0.75],
							"lerp_mode": "catmullrom"
						},
						"1.9167": {
							"post": [0.25, -1, -1.25],
							"lerp_mode": "catmullrom"
						},
						"2.1667": {
							"post": [1.25, 1.5, -0.75],
							"lerp_mode": "catmullrom"
						},
						"2.5": {
							"post": [1.25, 1.09, -0.76],
							"lerp_mode": "catmullrom"
						},
						"2.8333": {
							"post": [1.25, 1.09, -0.76],
							"lerp_mode": "catmullrom"
						},
						"3.0833": {
							"post": [-0.75, -1.75, -2.25],
							"lerp_mode": "catmullrom"
						},
						"3.2917": [-1, -0.5, -2.5],
						"3.4167": {
							"pre": [-1, -1, -2.5],
							"post": [-1, -1, -2.5],
							"lerp_mode": "catmullrom"
						},
						"3.6667": {
							"post": [-1, -0.57812, -2.5],
							"lerp_mode": "catmullrom"
						},
						"3.9167": {
							"post": [-1, -0.75, -2.5],
							"lerp_mode": "catmullrom"
						},
						"4.125": {
							"post": [-1, -0.375, -2.5],
							"lerp_mode": "catmullrom"
						},
						"4.375": {
							"post": [-1, -0.5025, -2.5],
							"lerp_mode": "catmullrom"
						},
						"4.5833": {
							"post": [-0.46, 0.67, -1.99],
							"lerp_mode": "catmullrom"
						},
						"4.7917": {
							"post": [-0.5, -0.5, -2],
							"lerp_mode": "catmullrom"
						},
						"4.9167": {
							"post": [-0.75, 0, -2],
							"lerp_mode": "catmullrom"
						},
						"5.0417": {
							"post": [0.02, -0.22, -0.61],
							"lerp_mode": "catmullrom"
						},
						"5.1667": {
							"post": [0.02, -0.97, -0.86],
							"lerp_mode": "catmullrom"
						},
						"5.375": {
							"post": [0, 0.13, 0.49],
							"lerp_mode": "catmullrom"
						},
						"5.5417": {
							"post": [0, -0.01, -0.05],
							"lerp_mode": "catmullrom"
						},
						"5.7083": [0, 0, 0]
					}
				},
				"mag_and_righthand": {
					"rotation": {
						"3.25": [0, 0, 0],
						"3.4167": [0, 0, 0],
						"3.5833": [0, 0, 90],
						"4.8333": [0, 0, 90],
						"5.0417": [0, 0, 0]
					}
				},
				"camera": {
					"rotation": {
						"0.0": {
							"post": [0, 0, 0],
							"lerp_mode": "catmullrom"
						},
						"0.125": {
							"post": [0.5, 0, -0.75],
							"lerp_mode": "catmullrom"
						},
						"0.3333": {
							"post": [-0.9375, 0, -0.75],
							"lerp_mode": "catmullrom"
						},
						"0.5417": {
							"post": [0.25, 0, -2],
							"lerp_mode": "catmullrom"
						},
						"0.75": {
							"post": [-0.6875, 0, -1.25],
							"lerp_mode": "catmullrom"
						},
						"0.9167": {
							"post": [-0.75, 0, -1.25],
							"lerp_mode": "catmullrom"
						},
						"1.125": {
							"post": [0.5, 0, -0.75],
							"lerp_mode": "catmullrom"
						},
						"1.2917": {
							"post": [-0.5, 0, 0],
							"lerp_mode": "catmullrom"
						},
						"1.5": {
							"post": [-0.5, 0, -0.25],
							"lerp_mode": "catmullrom"
						},
						"1.7917": {
							"post": [1, 0, 0.25],
							"lerp_mode": "catmullrom"
						},
						"2.125": {
							"post": [-0.5, 0, 1.25],
							"lerp_mode": "catmullrom"
						},
						"2.4583": {
							"post": [-0.26, 0, 1],
							"lerp_mode": "catmullrom"
						},
						"2.75": {
							"post": [-0.07, 0, 1.25],
							"lerp_mode": "catmullrom"
						},
						"3.0417": {
							"post": [0.75, 0, 0],
							"lerp_mode": "catmullrom"
						},
						"3.3333": {
							"post": [-0.5, 0, 0.5],
							"lerp_mode": "catmullrom"
						},
						"3.4583": {
							"post": [0.77, 0, -0.5],
							"lerp_mode": "catmullrom"
						},
						"3.7083": {
							"post": [0, 0, 0.25],
							"lerp_mode": "catmullrom"
						},
						"3.9583": {
							"post": [0.75, 0, 0.75],
							"lerp_mode": "catmullrom"
						},
						"4.1667": {
							"post": [0.75, 0, 0.75],
							"lerp_mode": "catmullrom"
						},
						"4.3333": {
							"post": [0.75, 0, 1],
							"lerp_mode": "catmullrom"
						},
						"4.5417": {
							"post": [1, 0, 1],
							"lerp_mode": "catmullrom"
						},
						"4.75": {
							"post": [0.75, 0, 0.25],
							"lerp_mode": "catmullrom"
						},
						"4.9167": {
							"post": [-0.57, 0, -0.75],
							"lerp_mode": "catmullrom"
						},
						"5.125": {
							"post": [0.87, 0, 0.52],
							"lerp_mode": "catmullrom"
						},
						"5.3333": {
							"post": [-0.25, 0, -0.25],
							"lerp_mode": "catmullrom"
						},
						"5.625": {
							"post": [0, 0, 0],
							"lerp_mode": "catmullrom"
						},
						"5.875": {
							"post": [0, 0, 0],
							"lerp_mode": "catmullrom"
						}
					}
				}
			}
		},
		"inspect_01": {
			"animation_length": 5.875,
			"bones": {
				"righthand": {
					"rotation": {
						"0.0": [101.07, 8.95, -179.05],
						"3.25": [101.07, 8.95, -179.05],
						"3.3333": {
							"pre": [102.72096, 6.36331, -173.49027],
							"post": [102.72096, 6.36331, -173.49027],
							"lerp_mode": "catmullrom"
						},
						"3.4167": {
							"post": [100.25489, 9.8757, -179.59322],
							"lerp_mode": "catmullrom"
						},
						"3.625": [101.07, 8.95, -179.05]
					},
					"position": {
						"0.0": [-6.75, -16.3, 6.55],
						"3.25": [-6.75, -16.3, 6.55],
						"3.4167": {
							"pre": [-6.75, -16.3825, 4.5825],
							"post": [-6.75, -16.3825, 4.5825],
							"lerp_mode": "catmullrom"
						},
						"3.5": [-6.75, -17.05, 5.99],
						"3.625": [-6.75, -16.3, 6.55]
					},
					"scale": {
						"0.0": [1, 1.5, 1],
						"3.25": [1, 1.5, 1]
					}
				},
				"stock": {
					"position": [0, 0, 0]
				},
				"lefthand": {
					"rotation": {
						"0.0": [141.38069, -56.60097, -188.26937],
						"0.2917": [117.07, -36.97, -177.64],
						"0.4583": {
							"pre": [114.88435, -30.22467, -173.69809],
							"post": [114.88435, -30.22467, -173.69809],
							"lerp_mode": "catmullrom"
						},
						"0.5833": {
							"post": [115.69, -30.24, -173.7],
							"lerp_mode": "catmullrom"
						},
						"1.5833": {
							"post": [115.69, -30.24, -173.7],
							"lerp_mode": "catmullrom"
						},
						"1.7083": {
							"post": [114.88435, -30.22467, -173.69809],
							"lerp_mode": "catmullrom"
						},
						"1.875": [117.07, -36.97, -177.64],
						"2.6667": [117.07, -36.97, -177.64],
						"3.0417": {
							"pre": [53.78255, -38.28672, -143.8954],
							"post": [53.78255, -38.28672, -143.8954],
							"lerp_mode": "catmullrom"
						},
						"3.2917": {
							"post": [82.54206, -36.51975, -174.19689],
							"lerp_mode": "catmullrom"
						},
						"3.4167": {
							"post": [83.8164, -36.01149, -154.24787],
							"lerp_mode": "catmullrom"
						},
						"4.375": {
							"post": [83.8164, -36.01149, -154.2479],
							"lerp_mode": "catmullrom"
						},
						"4.625": {
							"post": [121.29206, -36.51975, -174.19689],
							"lerp_mode": "catmullrom"
						},
						"4.8333": {
							"post": [158.40171, -51.95178, -190.46851],
							"lerp_mode": "catmullrom"
						},
						"4.9583": {
							"post": [145.45791, -22.46439, -169.86995],
							"lerp_mode": "catmullrom"
						},
						"5.1667": {
							"post": [114.88435, -30.22467, -173.69809],
							"lerp_mode": "catmullrom"
						},
						"5.3333": [141.38069, -56.60097, -188.26937]
					},
					"position": {
						"0.0": [6.17, -13.62, -7.02],
						"0.2917": [6.17, -13.62, -7.02],
						"0.4583": {
							"pre": [13.295, -17.62, 2.23],
							"post": [13.295, -17.62, 2.23],
							"lerp_mode": "catmullrom"
						},
						"0.5833": [11.6075, -26.0575, 6.23],
						"1.5833": [8.8575, -26.0575, 6.23],
						"1.7083": {
							"pre": [10.545, -17.62, 2.23],
							"post": [10.545, -17.62, 2.23],
							"lerp_mode": "catmullrom"
						},
						"1.875": [6.17, -13.62, -7.02],
						"2.8333": [6.17, -13.62, -7.02],
						"3.0417": {
							"pre": [9, -14.49, -3.55],
							"post": [9, -14.49, -3.55],
							"lerp_mode": "catmullrom"
						},
						"3.1667": {
							"post": [9.4825, -12.12, -5.52],
							"lerp_mode": "catmullrom"
						},
						"3.375": [8.73, -12.5575, -5.395],
						"3.5833": [8.73, -14.5575, -7.395],
						"4.4583": [8.73, -14.5575, -7.395],
						"4.625": [8.7325, -13.8075, -7.645],
						"4.8333": {
							"pre": [7.6825, -12.62, -6.52],
							"post": [7.6825, -12.62, -6.52],
							"lerp_mode": "catmullrom"
						},
						"4.9167": [7.48, -13.1825, -6.52],
						"5.0417": [7.48, -13.1825, -6.52],
						"5.25": {
							"pre": [6.88, -13.38, -6.75],
							"post": [6.88, -13.38, -6.75],
							"lerp_mode": "catmullrom"
						},
						"5.5": {
							"post": [6.17, -13.62, -7.02],
							"lerp_mode": "catmullrom"
						}
					},
					"scale": [1, 1.5, 1]
				},
				"chamber": {
					"rotation": {
						"3.2917": [0, 0, 0],
						"3.4167": [0, 0, 0],
						"3.4583": [0, 15, 0],
						"3.5": [0, 12.5, 0],
						"3.5417": [0, 15, 0],
						"4.8333": [0, 15, 0],
						"4.9583": [0, 0, 0]
					}
				},
				"root1": {
					"rotation": {
						"0.0": [0, 0, 0],
						"0.2917": {
							"pre": [5.75, -2, 5],
							"post": [5.75, -2, 5],
							"lerp_mode": "catmullrom"
						},
						"0.5833": {
							"post": [-26.4101, -31.71763, -33.67388],
							"lerp_mode": "catmullrom"
						},
						"0.8333": {
							"post": [-24.49793, -30.90673, -29.68313],
							"lerp_mode": "catmullrom"
						},
						"1.125": {
							"post": [-26.1601, -31.71763, -31.67388],
							"lerp_mode": "catmullrom"
						},
						"1.3333": {
							"post": [-26.34, -34.94, -41.58],
							"lerp_mode": "catmullrom"
						},
						"1.75": {
							"post": [-26.1601, -31.71763, -31.67388],
							"lerp_mode": "catmullrom"
						},
						"2.0833": {
							"post": [-30.86055, 23.14254, 33.03702],
							"lerp_mode": "catmullrom"
						},
						"2.4583": {
							"post": [-25.90521, 24.61587, 36.2337],
							"lerp_mode": "catmullrom"
						},
						"2.75": {
							"post": [-25.41, 24.62, 36.23],
							"lerp_mode": "catmullrom"
						},
						"3.0833": {
							"post": [-13.45602, -3.87475, 26.31298],
							"lerp_mode": "catmullrom"
						},
						"3.2917": [-12.75, -8.25, 25.5],
						"3.375": {
							"pre": [-13.10966, -8.2657, 25.11005],
							"post": [-13.10966, -8.2657, 25.11005],
							"lerp_mode": "catmullrom"
						},
						"3.4167": {
							"post": [-12.75, -8.25, 32.75],
							"lerp_mode": "catmullrom"
						},
						"3.5": {
							"post": [-8.01, -6.27, 23.68],
							"lerp_mode": "catmullrom"
						},
						"3.75": {
							"post": [-9.49, -4.91, 25.67],
							"lerp_mode": "catmullrom"
						},
						"4.0": {
							"post": [-6.86968, -7.50295, 14.19155],
							"lerp_mode": "catmullrom"
						},
						"4.25": {
							"post": [-6.87, -7.5, 14.19],
							"lerp_mode": "catmullrom"
						},
						"4.5833": {
							"post": [-15.65525, -11.66254, -4.86198],
							"lerp_mode": "catmullrom"
						},
						"4.7917": [-15.23555, -5.08403, -2.14138],
						"4.875": {
							"pre": [-15.31494, -11.30358, -5.45502],
							"post": [-15.31494, -11.30358, -5.45502],
							"lerp_mode": "catmullrom"
						},
						"5.0": {
							"post": [-14.31, -12.52, 19.04],
							"lerp_mode": "catmullrom"
						},
						"5.125": {
							"post": [-0.22423, -9.49254, 18.96574],
							"lerp_mode": "catmullrom"
						},
						"5.2917": {
							"post": [2.24786, -1.15188, -2.62308],
							"lerp_mode": "catmullrom"
						},
						"5.4583": {
							"post": [0, 0, 0.8125],
							"lerp_mode": "catmullrom"
						},
						"5.5833": [0, 0, 0]
					},
					"position": {
						"0.0": [0, 0, 0],
						"0.2083": {
							"pre": [-0.25, -1, -1.25],
							"post": [-0.25, -1, -1.25],
							"lerp_mode": "catmullrom"
						},
						"0.4583": {
							"post": [-2, 2, -0.75],
							"lerp_mode": "catmullrom"
						},
						"0.7083": {
							"post": [-2, 0.84, -0.76],
							"lerp_mode": "catmullrom"
						},
						"1.0": {
							"post": [-2, 1.125, -0.75],
							"lerp_mode": "catmullrom"
						},
						"1.1667": {
							"post": [-2.11, 0.21, -0.72],
							"lerp_mode": "catmullrom"
						},
						"1.3333": {
							"post": [-2.15, 1.06, -0.71],
							"lerp_mode": "catmullrom"
						},
						"1.6667": {
							"post": [-2, 1, -0.75],
							"lerp_mode": "catmullrom"
						},
						"1.9167": {
							"post": [0.25, -1, -1.25],
							"lerp_mode": "catmullrom"
						},
						"2.1667": {
							"post": [1.25, 1.5, -0.75],
							"lerp_mode": "catmullrom"
						},
						"2.5": {
							"post": [1.25, 1.09, -0.76],
							"lerp_mode": "catmullrom"
						},
						"2.8333": {
							"post": [1.25, 1.09, -0.76],
							"lerp_mode": "catmullrom"
						},
						"3.0833": {
							"post": [-0.75, -1.75, -2.25],
							"lerp_mode": "catmullrom"
						},
						"3.2917": [-1, -0.5, -2.5],
						"3.4167": {
							"pre": [-1, -1, -2.5],
							"post": [-1, -1, -2.5],
							"lerp_mode": "catmullrom"
						},
						"3.6667": {
							"post": [-1, -0.57812, -2.5],
							"lerp_mode": "catmullrom"
						},
						"3.9167": {
							"post": [-1, -0.75, -2.5],
							"lerp_mode": "catmullrom"
						},
						"4.125": {
							"post": [-1, -0.375, -2.5],
							"lerp_mode": "catmullrom"
						},
						"4.375": {
							"post": [-1, -0.5025, -2.5],
							"lerp_mode": "catmullrom"
						},
						"4.5833": {
							"post": [-0.46, 0.67, -1.99],
							"lerp_mode": "catmullrom"
						},
						"4.7917": {
							"post": [-0.5, -0.5, -2],
							"lerp_mode": "catmullrom"
						},
						"4.9167": {
							"post": [-0.75, 0, -2],
							"lerp_mode": "catmullrom"
						},
						"5.0417": {
							"post": [0.02, -0.22, -0.61],
							"lerp_mode": "catmullrom"
						},
						"5.1667": {
							"post": [0.02, -0.97, -0.86],
							"lerp_mode": "catmullrom"
						},
						"5.375": {
							"post": [0, 0.13, 0.49],
							"lerp_mode": "catmullrom"
						},
						"5.5417": {
							"post": [0, -0.01, -0.05],
							"lerp_mode": "catmullrom"
						},
						"5.7083": [0, 0, 0]
					}
				},
				"mag_and_righthand": {
					"rotation": {
						"3.25": [0, 0, 0],
						"3.4167": [0, 0, 0],
						"3.5833": [0, 0, 90],
						"4.8333": [0, 0, 90],
						"5.0417": [0, 0, 0]
					}
				},
				"camera": {
					"rotation": {
						"0.0": {
							"post": [0, 0, 0],
							"lerp_mode": "catmullrom"
						},
						"0.125": {
							"post": [0.5, 0, -0.75],
							"lerp_mode": "catmullrom"
						},
						"0.3333": {
							"post": [-0.9375, 0, -0.75],
							"lerp_mode": "catmullrom"
						},
						"0.5417": {
							"post": [0.25, 0, -2],
							"lerp_mode": "catmullrom"
						},
						"0.75": {
							"post": [-0.6875, 0, -1.25],
							"lerp_mode": "catmullrom"
						},
						"0.9167": {
							"post": [-0.75, 0, -1.25],
							"lerp_mode": "catmullrom"
						},
						"1.125": {
							"post": [0.5, 0, -0.75],
							"lerp_mode": "catmullrom"
						},
						"1.2917": {
							"post": [-0.5, 0, 0],
							"lerp_mode": "catmullrom"
						},
						"1.5": {
							"post": [-0.5, 0, -0.25],
							"lerp_mode": "catmullrom"
						},
						"1.7917": {
							"post": [1, 0, 0.25],
							"lerp_mode": "catmullrom"
						},
						"2.125": {
							"post": [-0.5, 0, 1.25],
							"lerp_mode": "catmullrom"
						},
						"2.4583": {
							"post": [-0.26, 0, 1],
							"lerp_mode": "catmullrom"
						},
						"2.75": {
							"post": [-0.07, 0, 1.25],
							"lerp_mode": "catmullrom"
						},
						"3.0417": {
							"post": [0.75, 0, 0],
							"lerp_mode": "catmullrom"
						},
						"3.3333": {
							"post": [-0.5, 0, 0.5],
							"lerp_mode": "catmullrom"
						},
						"3.4583": {
							"post": [0.77, 0, -0.5],
							"lerp_mode": "catmullrom"
						},
						"3.7083": {
							"post": [0, 0, 0.25],
							"lerp_mode": "catmullrom"
						},
						"3.9583": {
							"post": [0.75, 0, 0.75],
							"lerp_mode": "catmullrom"
						},
						"4.1667": {
							"post": [0.75, 0, 0.75],
							"lerp_mode": "catmullrom"
						},
						"4.3333": {
							"post": [0.75, 0, 1],
							"lerp_mode": "catmullrom"
						},
						"4.5417": {
							"post": [1, 0, 1],
							"lerp_mode": "catmullrom"
						},
						"4.75": {
							"post": [0.75, 0, 0.25],
							"lerp_mode": "catmullrom"
						},
						"4.9167": {
							"post": [-0.57, 0, -0.75],
							"lerp_mode": "catmullrom"
						},
						"5.125": {
							"post": [0.87, 0, 0.52],
							"lerp_mode": "catmullrom"
						},
						"5.3333": {
							"post": [-0.25, 0, -0.25],
							"lerp_mode": "catmullrom"
						},
						"5.625": {
							"post": [0, 0, 0],
							"lerp_mode": "catmullrom"
						},
						"5.875": {
							"post": [0, 0, 0],
							"lerp_mode": "catmullrom"
						}
					}
				}
			}
		},
		"reload_end": {
			"animation_length": 0.9,
			"bones": {
				"root1": {
					"rotation": {
						"0.0": {
							"post": [4.71, 1.98, -1.82],
							"lerp_mode": "catmullrom"
						},
						"0.1": [-7.26055, -5.08403, -2.14138],
						"0.1333": {
							"pre": [-8.60494, -12.30358, -2.07002],
							"post": [-8.60494, -12.30358, -2.07002],
							"lerp_mode": "catmullrom"
						},
						"0.2667": {
							"post": [-7.6, -5.27, -0.46],
							"lerp_mode": "catmullrom"
						},
						"0.3667": {
							"post": [-6.22423, -4.24254, 4.71574],
							"lerp_mode": "catmullrom"
						},
						"0.5": {
							"post": [2.24786, 0.09812, -3.62308],
							"lerp_mode": "catmullrom"
						},
						"0.6333": {
							"post": [0, 0, -0.125],
							"lerp_mode": "catmullrom"
						},
						"0.7333": [0, 0, 0]
					},
					"position": {
						"0.0": {
							"post": [0, 0.405, 0],
							"lerp_mode": "catmullrom"
						},
						"0.1": {
							"post": [-0.5, 0.5, -0.825],
							"lerp_mode": "catmullrom"
						},
						"0.2667": {
							"post": [0.02, -1.97, -1.11],
							"lerp_mode": "catmullrom"
						},
						"0.4667": {
							"post": [0.02, -2.22, -1.86],
							"lerp_mode": "catmullrom"
						},
						"0.5667": {
							"post": [0, 0.38, -1.76],
							"lerp_mode": "catmullrom"
						},
						"0.7333": {
							"post": [0, -0.135, -0.05],
							"lerp_mode": "catmullrom"
						},
						"0.9": [0, 0, 0]
					}
				},
				"lefthand": {
					"rotation": [141.38069, -56.60097, -188.26937],
					"position": [6.17, -13.62, -7.02],
					"scale": [1, 1.5, 1]
				},
				"righthand": {
					"rotation": {
						"0.0": {
							"post": [138.7267, 13.53782, -140.93686],
							"lerp_mode": "catmullrom"
						},
						"0.0667": {
							"post": [100.86919, -9.19378, -96.79559],
							"lerp_mode": "catmullrom"
						},
						"0.2333": [101.07, 8.95, -179.05]
					},
					"position": {
						"0.0": {
							"post": [-13.75, -18.21, 10.74],
							"lerp_mode": "catmullrom"
						},
						"0.0667": {
							"post": [-13.35, -9.9, 6.55],
							"lerp_mode": "catmullrom"
						},
						"0.2333": [-6.75, -16.3, 6.55]
					},
					"scale": [1, 1.5, 1]
				},
				"gun_body2": {
					"rotation": {
						"0.0": [0, 0, 95.5],
						"0.1": [0, 0, 95.5],
						"0.2667": [0, 0, 0]
					},
					"position": [0, 0, 0]
				},
				"camera": {
					"rotation": {
						"0.0": {
							"post": [0, 0, 0],
							"lerp_mode": "catmullrom"
						},
						"0.1333": {
							"post": [1, 0, 1],
							"lerp_mode": "catmullrom"
						},
						"0.2333": {
							"post": [-1.25, 0, -0.375],
							"lerp_mode": "catmullrom"
						},
						"0.4": {
							"post": [0.25, 0, 0.125],
							"lerp_mode": "catmullrom"
						},
						"0.5667": {
							"post": [-0.25, 0, 0],
							"lerp_mode": "catmullrom"
						},
						"0.7333": {
							"post": [0.24, 0, 0],
							"lerp_mode": "catmullrom"
						},
						"0.8333": {
							"post": [0, 0, 0],
							"lerp_mode": "catmullrom"
						}
					}
				},
				"root": {
					"rotation": {
						"0.0": [10.66556, -33.35108, -11.14219],
						"0.5667": [0, 0, 0]
					},
					"position": {
						"0.0": [4.5, 0, -2],
						"0.5667": [0, 0, 0]
					}
				}
			},
			"sound_effects": {
				"0.0333": {
					"effect": "sfms:mgl/mgl_cylinder_close"
				}
			}
		},
		"reload_loop": {
			"animation_length": 1.65,
			"bones": {
				"root1": {
					"rotation": {
						"0.0": {
							"post": [4.71, 1.98, -1.82],
							"lerp_mode": "catmullrom"
						},
						"0.1": {
							"post": [5.71, 1.98, -1.82],
							"lerp_mode": "catmullrom"
						},
						"0.2": {
							"post": [5.80536, 1.67897, 1.16638],
							"lerp_mode": "catmullrom"
						},
						"0.35": {
							"post": [5.81, 1.68, 0.345],
							"lerp_mode": "catmullrom"
						},
						"0.5": {
							"post": [3.685, 1.68, -1.255],
							"lerp_mode": "catmullrom"
						},
						"0.65": {
							"post": [3.685, 1.68, -1.255],
							"lerp_mode": "catmullrom"
						},
						"0.75": {
							"post": [4.975, 1.68, 0.21],
							"lerp_mode": "catmullrom"
						},
						"0.9": {
							"post": [4.305, 1.68, -0.85],
							"lerp_mode": "catmullrom"
						},
						"1.05": {
							"post": [4.71, 1.98, -1.82],
							"lerp_mode": "catmullrom"
						},
						"1.2": {
							"post": [4.71, 1.98, -1.82],
							"lerp_mode": "catmullrom"
						},
						"1.35": {
							"post": [4.83626, 1.64702, 2.16812],
							"lerp_mode": "catmullrom"
						},
						"1.6": {
							"post": [4.71, 1.98, -1.82],
							"lerp_mode": "catmullrom"
						}
					},
					"position": {
						"0.0": {
							"post": [0, 0.405, 0],
							"lerp_mode": "catmullrom"
						},
						"0.15": {
							"post": [0, 0.005, 0],
							"lerp_mode": "catmullrom"
						},
						"0.25": {
							"post": [0, 0, 0.37],
							"lerp_mode": "catmullrom"
						},
						"0.4": {
							"post": [0, 0.185, 0.235],
							"lerp_mode": "catmullrom"
						},
						"0.5": {
							"post": [0, 0.43, 0.07],
							"lerp_mode": "catmullrom"
						},
						"0.65": {
							"post": [0, 0.43, 0.07],
							"lerp_mode": "catmullrom"
						},
						"0.75": {
							"post": [0, -0.155, -0.37],
							"lerp_mode": "catmullrom"
						},
						"1.0": {
							"post": [0, -0.145, -0.29],
							"lerp_mode": "catmullrom"
						},
						"1.15": {
							"post": [0, -0.145, -0.29],
							"lerp_mode": "catmullrom"
						},
						"1.35": {
							"post": [0.305, -0.14, -0.69],
							"lerp_mode": "catmullrom"
						},
						"1.55": {
							"post": [0, 0.615, 0.185],
							"lerp_mode": "catmullrom"
						},
						"1.7": {
							"post": [0, 0.405, 0],
							"lerp_mode": "catmullrom"
						}
					}
				},
				"mag_group": {
					"rotation": {
						"1.15": [0, 0, 0],
						"1.4": [0, 0, 67.5],
						"1.55": [0, 0, 60]
					}
				},
				"40mm_HE2": {
					"rotation": {
						"1.15": [0, 0, 0],
						"1.4": [0, 0, -67.5],
						"1.55": [0, 0, -60]
					}
				},
				"40mm_HE4": {
					"rotation": {
						"1.15": [0, 0, 0],
						"1.4": [0, 0, -67.5],
						"1.55": [0, 0, -60]
					}
				},
				"40mm_HE5": {
					"rotation": {
						"1.15": [0, 0, 0],
						"1.4": [0, 0, -67.5],
						"1.55": [0, 0, -60]
					}
				},
				"40mm_HE6": {
					"rotation": {
						"1.15": [0, 0, 0],
						"1.4": [0, 0, -67.5],
						"1.55": [0, 0, -60]
					}
				},
				"40mmHE": {
					"rotation": {
						"1.15": [0, 0, 0],
						"1.4": [0, 0, -67.5],
						"1.55": [0, 0, -60]
					}
				},
				"lefthand": {
					"rotation": [141.38069, -56.60097, -188.26937],
					"position": [6.17, -13.62, -7.02],
					"scale": [1, 1.5, 1]
				},
				"righthand": {
					"rotation": {
						"0.0": {
							"post": [138.7267, 13.53782, -140.93686],
							"lerp_mode": "catmullrom"
						},
						"0.1": {
							"post": [102.29388, -32.18455, -112.14518],
							"lerp_mode": "catmullrom"
						},
						"0.25": [101.04875, -19.93567, -109.34092],
						"0.4": [107.83044, -53.95494, -120.10785],
						"0.6": [101.04875, -19.93567, -109.34092],
						"0.7": [102.29388, -32.18455, -112.14518],
						"0.95": [102.29388, -32.18455, -112.14518],
						"1.15": {
							"pre": [146.15394, -63.31787, -126.90567],
							"post": [146.15394, -63.31787, -126.90567],
							"lerp_mode": "catmullrom"
						},
						"1.35": {
							"post": [183.65, -63.32, -126.91],
							"lerp_mode": "catmullrom"
						},
						"1.55": {
							"post": [183.65, -63.32, -126.91],
							"lerp_mode": "catmullrom"
						},
						"1.65": {
							"post": [138.7267, 13.53782, -140.93686],
							"lerp_mode": "catmullrom"
						}
					},
					"position": {
						"0.0": {
							"post": [-13.75, -18.21, 10.74],
							"lerp_mode": "catmullrom"
						},
						"0.15": {
							"post": [-9.455, -13.56, 3.74],
							"lerp_mode": "catmullrom"
						},
						"0.25": [-8.75, -14.425, 8.485],
						"0.4": [-8.75, -24.67, 8.49],
						"0.6": [-8.75, -13.075, 8.485],
						"0.75": [-8.75, -12.21, 3.74],
						"1.0": {
							"pre": [-7.165, -14.21, 6.715],
							"post": [-7.165, -14.21, 6.715],
							"lerp_mode": "catmullrom"
						},
						"1.2": {
							"post": [-6.75, -13.21, 4.765],
							"lerp_mode": "catmullrom"
						},
						"1.35": {
							"post": [-6.75, -13.21, 4.77],
							"lerp_mode": "catmullrom"
						},
						"1.55": {
							"post": [-6.75, -13.21, 4.77],
							"lerp_mode": "catmullrom"
						},
						"1.65": {
							"post": [-13.75, -18.21, 10.74],
							"lerp_mode": "catmullrom"
						}
					},
					"scale": [1, 1.5, 1]
				},
				"gun_body2": {
					"rotation": [0, 0, 95.5]
				},
				"camera": {
					"rotation": {
						"0.0": {
							"post": [0, 0, 0],
							"lerp_mode": "catmullrom"
						},
						"0.15": {
							"post": [0.635, 0, 0.345],
							"lerp_mode": "catmullrom"
						},
						"0.25": {
							"post": [-0.21, 0, 0.35],
							"lerp_mode": "catmullrom"
						},
						"0.35": {
							"post": [0.785, 0, 0.35],
							"lerp_mode": "catmullrom"
						},
						"0.45": {
							"post": [0.61, 0, 0.35],
							"lerp_mode": "catmullrom"
						},
						"0.65": {
							"post": [-0.265, 0, 0.35],
							"lerp_mode": "catmullrom"
						},
						"0.75": {
							"post": [1.055, 0, 0.35],
							"lerp_mode": "catmullrom"
						},
						"0.85": {
							"post": [0.515, 0, -0.285],
							"lerp_mode": "catmullrom"
						},
						"1.0": {
							"post": [0.35, 0, 0.175],
							"lerp_mode": "catmullrom"
						},
						"1.15": {
							"post": [0.52, 0, -0.1],
							"lerp_mode": "catmullrom"
						},
						"1.4": {
							"post": [-0.3, 0, 0.775],
							"lerp_mode": "catmullrom"
						},
						"1.55": {
							"post": [0.52, 0, -0.2],
							"lerp_mode": "catmullrom"
						},
						"1.7": {
							"post": [0, 0, 0],
							"lerp_mode": "catmullrom"
						}
					}
				},
				"40mm_HE3": {
					"position": {
						"0.0": [0, 0, 0],
						"0.15": [0, 0, 0],
						"0.25": [0, 0.325, 4.485],
						"0.4": {
							"pre": [0, -12.67, 4.49],
							"post": [0, -12.67, 4.49],
							"lerp_mode": "catmullrom"
						},
						"0.6": [0, 0.325, 4.485],
						"0.75": [0, 0, 0]
					},
					"scale": {
						"0.0": [1, 1, 1],
						"0.45": {
							"pre": [1, 1, 1],
							"post": [0, 0, 0]
						}
					}
				},
				"attachment_adapter": {
					"position": {
						"0.0": [0, 0, 0],
						"0.15": [0, 0, 0],
						"0.25": [0, 0.325, 4.485],
						"0.4": {
							"pre": [0, -12.67, 4.49],
							"post": [0, -12.67, 4.49],
							"lerp_mode": "catmullrom"
						},
						"0.6": [0, 0.325, 4.485],
						"0.75": [0, 0, 0]
					},
					"scale": {
						"0.0": [0, 0, 0],
						"0.4": {
							"pre": [0, 0, 0],
							"post": [1, 1, 1]
						}
					}
				},
				"root": {
					"rotation": [10.66556, -33.35108, -11.14219],
					"position": [4.5, 0, -2]
				}
			},
			"sound_effects": {
				"0.1": {
					"effect": "sfms:mgl/p32_la_mike32_reload_grab"
				},
				"0.2": {
					"effect": "sfms:mgl/p32_la_mike32_reload_magout"
				},
				"0.55": {
					"effect": "sfms:mgl/p32_la_mike32_reload_magin_start"
				},
				"1.1": {
					"effect": "sfms:mgl/p32_la_mike32_reload_magin_end"
				}
			}
		},
		"reload_intro": {
			"animation_length": 0.6667,
			"bones": {
				"righthand": {
					"rotation": {
						"0.0": [101.07, 8.95, -179.05],
						"0.1333": [100.99, 8.64, -176.38],
						"0.2667": {
							"pre": [100.86919, 8.20622, -92.79559],
							"post": [100.86919, 8.20622, -92.79559],
							"lerp_mode": "catmullrom"
						},
						"0.5": {
							"post": [138.7267, 13.53782, -140.93686],
							"lerp_mode": "catmullrom"
						}
					},
					"position": {
						"0.0": [-6.75, -16.3, 6.55],
						"0.1333": {
							"pre": [-6.75, -14.9825, 5.5825],
							"post": [-6.75, -14.9825, 5.5825],
							"lerp_mode": "catmullrom"
						},
						"0.1667": {
							"post": [-7.35, -14.6625, 5.55],
							"lerp_mode": "catmullrom"
						},
						"0.2": [-10.55, -13.85, 5.99],
						"0.2333": [-13.75, -12.7, 5.55],
						"0.2667": [-13.75, -10.21, 5.74],
						"0.3667": [-13.75, -10.21, 10.74],
						"0.5": {
							"pre": [-13.75, -18.21, 10.74],
							"post": [-13.75, -18.21, 10.74],
							"lerp_mode": "catmullrom"
						}
					},
					"scale": [1, 1.5, 1]
				},
				"stock": {
					"position": [0, 0, 0]
				},
				"lefthand": {
					"rotation": [141.38069, -56.60097, -188.26937],
					"position": [6.17, -13.62, -7.02],
					"scale": [1, 1.5, 1]
				},
				"constraint": {
					"rotation": [0.5, 0.5, 0.5],
					"position": [0.5, 0.5, 0.5]
				},
				"root1": {
					"rotation": {
						"0.0": [0, 0, 0],
						"0.0667": {
							"pre": [-0.35966, -0.0157, -0.38995],
							"post": [-0.35966, -0.0157, -0.38995],
							"lerp_mode": "catmullrom"
						},
						"0.1667": {
							"post": [0, 0, 7.25],
							"lerp_mode": "catmullrom"
						},
						"0.2": {
							"post": [4.74, 1.98, -1.82],
							"lerp_mode": "catmullrom"
						},
						"0.3": {
							"post": [8.46, -1.895, -1.82],
							"lerp_mode": "catmullrom"
						},
						"0.4667": {
							"post": [3.375, 1.98, -1.82],
							"lerp_mode": "catmullrom"
						},
						"0.6333": {
							"post": [4.71, 1.98, -1.82],
							"lerp_mode": "catmullrom"
						}
					},
					"position": {
						"0.0": [0, 0, 0],
						"0.1333": {
							"pre": [0, -0.5, 0],
							"post": [0, -0.5, 0],
							"lerp_mode": "catmullrom"
						},
						"0.2667": {
							"post": [0, -1.13, 0],
							"lerp_mode": "catmullrom"
						},
						"0.4333": {
							"post": [0, 0.705, 0],
							"lerp_mode": "catmullrom"
						},
						"0.6": {
							"post": [0, 0.405, 0],
							"lerp_mode": "catmullrom"
						}
					}
				},
				"gun_body2": {
					"rotation": {
						"0.1333": [0, 0, 0],
						"0.2667": [0, 0, 95.5]
					},
					"position": [0, 0, 0]
				},
				"camera": {
					"rotation": {
						"0.0": {
							"post": [0, 0, 0],
							"lerp_mode": "catmullrom"
						},
						"0.0667": {
							"post": [0, 0, 1.75],
							"lerp_mode": "catmullrom"
						},
						"0.2": {
							"post": [0.75, 0, -1],
							"lerp_mode": "catmullrom"
						},
						"0.3333": {
							"post": [-0.25, 0, -0.5],
							"lerp_mode": "catmullrom"
						},
						"0.4667": {
							"post": [0.475, 0, 0.61],
							"lerp_mode": "catmullrom"
						},
						"0.6": {
							"post": [0, 0, 0],
							"lerp_mode": "catmullrom"
						}
					}
				},
				"root": {
					"rotation": {
						"0.2333": [0, 0, 0],
						"0.6333": [10.66556, -33.35108, -11.14219]
					},
					"position": {
						"0.2333": [0, 0, 0],
						"0.6333": [4.5, 0, -2]
					}
				}
			},
			"sound_effects": {
				"0.0333": {
					"effect": "sfms:mgl/mgl_cylinder_open"
				}
			}
		},
		"reload_intro_empty": {
			"animation_length": 2.4333,
			"bones": {
				"righthand": {
					"rotation": {
						"0.0": [101.07, 8.95, -179.05],
						"0.1333": [100.99, 8.64, -176.38],
						"0.2667": {
							"pre": [100.86919, 8.20622, -92.79559],
							"post": [100.86919, 8.20622, -92.79559],
							"lerp_mode": "catmullrom"
						},
						"0.6333": {
							"post": [138.7267, 13.53782, -140.93686],
							"lerp_mode": "catmullrom"
						},
						"0.8333": {
							"post": [102.29388, -32.18455, -112.14518],
							"lerp_mode": "catmullrom"
						},
						"1.0": [101.04875, -19.93567, -109.34092],
						"1.1333": [107.83044, -53.95494, -120.10785],
						"1.3333": [101.04875, -19.93567, -109.34092],
						"1.4333": [102.29388, -32.18455, -112.14518],
						"1.6667": [102.29388, -32.18455, -112.14518],
						"1.9": {
							"pre": [146.15394, -63.31787, -126.90567],
							"post": [146.15394, -63.31787, -126.90567],
							"lerp_mode": "catmullrom"
						},
						"2.1": {
							"post": [183.65, -63.32, -126.91],
							"lerp_mode": "catmullrom"
						},
						"2.3": {
							"post": [183.65, -63.32, -126.91],
							"lerp_mode": "catmullrom"
						},
						"2.4": {
							"post": [138.7267, 13.53782, -140.93686],
							"lerp_mode": "catmullrom"
						}
					},
					"position": {
						"0.0": [-6.75, -16.3, 6.55],
						"0.1333": {
							"pre": [-6.75, -14.9825, 5.5825],
							"post": [-6.75, -14.9825, 5.5825],
							"lerp_mode": "catmullrom"
						},
						"0.1667": {
							"post": [-7.35, -14.6625, 5.55],
							"lerp_mode": "catmullrom"
						},
						"0.2": [-10.55, -13.85, 5.99],
						"0.2333": [-13.75, -12.7, 5.55],
						"0.2667": [-13.75, -10.21, 5.74],
						"0.3667": [-13.75, -10.21, 10.74],
						"0.6333": {
							"pre": [-13.75, -18.21, 10.74],
							"post": [-13.75, -18.21, 10.74],
							"lerp_mode": "catmullrom"
						},
						"0.9": {
							"post": [-9.235, -13.315, 3.74],
							"lerp_mode": "catmullrom"
						},
						"1.0": [-8.645, -14.18, 8.485],
						"1.1333": [-8.645, -24.67, 8.49],
						"1.3333": [-8.645, -13.075, 8.485],
						"1.5": [-8.645, -12.21, 3.74],
						"1.7333": {
							"pre": [-8.915, -14.21, 6.225],
							"post": [-8.915, -14.21, 6.225],
							"lerp_mode": "catmullrom"
						},
						"1.9333": {
							"post": [-6.95, -14.21, 4.765],
							"lerp_mode": "catmullrom"
						},
						"2.1": {
							"post": [-6.95, -14.21, 4.77],
							"lerp_mode": "catmullrom"
						},
						"2.3": {
							"post": [-7.345, -14.01, 4.77],
							"lerp_mode": "catmullrom"
						},
						"2.4": {
							"post": [-13.75, -18.21, 10.74],
							"lerp_mode": "catmullrom"
						}
					},
					"scale": [1, 1.5, 1]
				},
				"stock": {
					"position": [0, 0, 0]
				},
				"lefthand": {
					"rotation": {
						"0.0": [141.38069, -56.60097, -188.26937],
						"0.7333": [141.38069, -56.60097, -188.26937]
					},
					"position": {
						"0.0": [6.17, -13.62, -7.02],
						"0.7333": [6.17, -13.62, -7.02]
					},
					"scale": {
						"0.0": [1, 1.5, 1],
						"0.7333": [1, 1.5, 1]
					}
				},
				"constraint": {
					"rotation": [0.5, 0.5, 0.5],
					"position": [0.5, 0.5, 0.5]
				},
				"root1": {
					"rotation": {
						"0.0": [0, 0, 0],
						"0.0667": {
							"pre": [-0.35966, -0.0157, -0.38995],
							"post": [-0.35966, -0.0157, -0.38995],
							"lerp_mode": "catmullrom"
						},
						"0.1667": {
							"post": [0, 0, 7.25],
							"lerp_mode": "catmullrom"
						},
						"0.2": {
							"post": [4.74, 1.98, -1.82],
							"lerp_mode": "catmullrom"
						},
						"0.3": {
							"post": [8.46, -1.895, -1.82],
							"lerp_mode": "catmullrom"
						},
						"0.4667": {
							"post": [3.375, 1.98, -1.82],
							"lerp_mode": "catmullrom"
						},
						"0.6333": {
							"post": [4.71, 1.98, -1.82],
							"lerp_mode": "catmullrom"
						},
						"0.7333": {
							"post": [4.71, 1.98, -1.82],
							"lerp_mode": "catmullrom"
						},
						"0.8333": {
							"post": [5.71, 1.98, -1.82],
							"lerp_mode": "catmullrom"
						},
						"0.9333": {
							"post": [5.80536, 1.67897, 1.16638],
							"lerp_mode": "catmullrom"
						},
						"1.1": {
							"post": [5.81, 1.68, 0.345],
							"lerp_mode": "catmullrom"
						},
						"1.2333": {
							"post": [3.685, 1.68, -1.255],
							"lerp_mode": "catmullrom"
						},
						"1.4": {
							"post": [3.685, 1.68, -1.255],
							"lerp_mode": "catmullrom"
						},
						"1.5": {
							"post": [4.975, 1.68, 0.21],
							"lerp_mode": "catmullrom"
						},
						"1.6333": {
							"post": [4.305, 1.68, -0.85],
							"lerp_mode": "catmullrom"
						},
						"1.8": {
							"post": [4.71, 1.98, -1.82],
							"lerp_mode": "catmullrom"
						},
						"1.9333": {
							"post": [4.71, 1.98, -1.82],
							"lerp_mode": "catmullrom"
						},
						"2.1": {
							"post": [4.83626, 1.64702, 2.16812],
							"lerp_mode": "catmullrom"
						},
						"2.3333": {
							"post": [4.71, 1.98, -1.82],
							"lerp_mode": "catmullrom"
						}
					},
					"position": {
						"0.0": [0, 0, 0],
						"0.1333": {
							"pre": [0, -0.5, 0],
							"post": [0, -0.5, 0],
							"lerp_mode": "catmullrom"
						},
						"0.2667": {
							"post": [0, -1.13, 0],
							"lerp_mode": "catmullrom"
						},
						"0.4333": {
							"post": [0, 0.705, 0],
							"lerp_mode": "catmullrom"
						},
						"0.6": {
							"post": [0, 0.405, 0],
							"lerp_mode": "catmullrom"
						},
						"0.7333": {
							"post": [0, 0.405, 0],
							"lerp_mode": "catmullrom"
						},
						"0.9": {
							"post": [0, 0.005, 0],
							"lerp_mode": "catmullrom"
						},
						"1.0": {
							"post": [0, 0, 0.37],
							"lerp_mode": "catmullrom"
						},
						"1.1333": {
							"post": [0, 0.185, 0.235],
							"lerp_mode": "catmullrom"
						},
						"1.2333": {
							"post": [0, 0.43, 0.07],
							"lerp_mode": "catmullrom"
						},
						"1.4": {
							"post": [0, 0.43, 0.07],
							"lerp_mode": "catmullrom"
						},
						"1.5": {
							"post": [0, -0.155, -0.37],
							"lerp_mode": "catmullrom"
						},
						"1.7333": {
							"post": [0, -0.145, -0.29],
							"lerp_mode": "catmullrom"
						},
						"1.9": {
							"post": [0, -0.145, -0.29],
							"lerp_mode": "catmullrom"
						},
						"2.1": {
							"post": [0.305, -0.14, -0.69],
							"lerp_mode": "catmullrom"
						},
						"2.3": {
							"post": [0, 0.615, 0.185],
							"lerp_mode": "catmullrom"
						},
						"2.4333": {
							"post": [0, 0.405, 0],
							"lerp_mode": "catmullrom"
						}
					}
				},
				"gun_body2": {
					"rotation": {
						"0.1333": [0, 0, 0],
						"0.2667": [0, 0, 95.5],
						"0.7333": [0, 0, 95.5]
					},
					"position": [0, 0, 0]
				},
				"camera": {
					"rotation": {
						"0.0": {
							"post": [0, 0, 0],
							"lerp_mode": "catmullrom"
						},
						"0.0667": {
							"post": [0, 0, 1.75],
							"lerp_mode": "catmullrom"
						},
						"0.2": {
							"post": [0.75, 0, -1],
							"lerp_mode": "catmullrom"
						},
						"0.3333": {
							"post": [-0.25, 0, -0.5],
							"lerp_mode": "catmullrom"
						},
						"0.4667": {
							"post": [0.475, 0, 0.61],
							"lerp_mode": "catmullrom"
						},
						"0.6": {
							"post": [0, 0, 0],
							"lerp_mode": "catmullrom"
						},
						"0.7333": {
							"post": [0, 0, 0],
							"lerp_mode": "catmullrom"
						},
						"0.9": {
							"post": [0.635, 0, 0.345],
							"lerp_mode": "catmullrom"
						},
						"1.0": {
							"post": [-0.21, 0, 0.35],
							"lerp_mode": "catmullrom"
						},
						"1.1": {
							"post": [0.785, 0, 0.35],
							"lerp_mode": "catmullrom"
						},
						"1.2": {
							"post": [0.61, 0, 0.35],
							"lerp_mode": "catmullrom"
						},
						"1.4": {
							"post": [-0.265, 0, 0.35],
							"lerp_mode": "catmullrom"
						},
						"1.5": {
							"post": [1.055, 0, 0.35],
							"lerp_mode": "catmullrom"
						},
						"1.6": {
							"post": [0.515, 0, -0.285],
							"lerp_mode": "catmullrom"
						},
						"1.7333": {
							"post": [0.35, 0, 0.175],
							"lerp_mode": "catmullrom"
						},
						"1.9": {
							"post": [0.52, 0, -0.1],
							"lerp_mode": "catmullrom"
						},
						"2.1333": {
							"post": [-0.3, 0, 0.775],
							"lerp_mode": "catmullrom"
						},
						"2.3": {
							"post": [0.52, 0, -0.2],
							"lerp_mode": "catmullrom"
						},
						"2.4333": {
							"post": [0, 0, 0],
							"lerp_mode": "catmullrom"
						}
					}
				},
				"mag_group": {
					"rotation": {
						"1.9": [0, 0, 0],
						"2.1333": [0, 0, 67.5],
						"2.3": [0, 0, 60]
					}
				},
				"40mm_HE2": {
					"rotation": {
						"1.9": [0, 0, 0],
						"2.1333": [0, 0, -67.5],
						"2.3": [0, 0, -60]
					}
				},
				"40mm_HE4": {
					"rotation": {
						"1.9": [0, 0, 0],
						"2.1333": [0, 0, -67.5],
						"2.3": [0, 0, -60]
					}
				},
				"40mm_HE5": {
					"rotation": {
						"1.9": [0, 0, 0],
						"2.1333": [0, 0, -67.5],
						"2.3": [0, 0, -60]
					}
				},
				"40mm_HE6": {
					"rotation": {
						"1.9": [0, 0, 0],
						"2.1333": [0, 0, -67.5],
						"2.3": [0, 0, -60]
					}
				},
				"40mmHE": {
					"rotation": {
						"1.9": [0, 0, 0],
						"2.1333": [0, 0, -67.5],
						"2.3": [0, 0, -60]
					}
				},
				"40mm_HE3": {
					"position": {
						"0.7333": [0, 0, 0],
						"0.9": [0, 0, 0],
						"1.0": [0, 0.325, 4.485],
						"1.1333": {
							"pre": [0, -12.67, 4.49],
							"post": [0, -12.67, 4.49],
							"lerp_mode": "catmullrom"
						},
						"1.3333": [0, 0.325, 4.485],
						"1.5": [0, 0, 0]
					},
					"scale": {
						"0.0": [1, 1, 1],
						"1.1333": {
							"pre": [1, 1, 1],
							"post": [0, 0, 0]
						}
					}
				},
				"attachment_adapter": {
					"position": {
						"1.1333": {
							"pre": [0, -12.67, 4.49],
							"post": [0, -12.67, 4.49],
							"lerp_mode": "catmullrom"
						},
						"1.3333": [0, 0.325, 4.485],
						"1.5": [0, 0, 0]
					},
					"scale": {
						"0.0": [0, 0, 0],
						"1.1333": {
							"pre": [0, 0, 0],
							"post": [1, 1, 1]
						}
					}
				},
				"root": {
					"rotation": {
						"0.2667": [0, 0, 0],
						"0.7": [10.66556, -33.35108, -11.14219]
					},
					"position": {
						"0.2667": [0, 0, 0],
						"0.7": [4.5, 0, -2]
					}
				}
			},
			"sound_effects": {
				"0.0333": {
					"effect": "sfms:mgl/mgl_cylinder_open"
				},
				"0.8333": {
					"effect": "sfms:mgl/p32_la_mike32_reload_grab"
				},
				"0.9333": {
					"effect": "sfms:mgl/p32_la_mike32_reload_magout"
				},
				"1.3": {
					"effect": "sfms:mgl/p32_la_mike32_reload_magin_start"
				},
				"1.8333": {
					"effect": "sfms:mgl/p32_la_mike32_reload_magin_end"
				}
			}
		}
	}
}