{
	"format_version": "1.8.0",
	"animations": {
		"put_away": {
			"loop": "hold_on_last_frame",
			"animation_length": 0.5417,
			"bones": {
				"root": {
					"rotation": {
						"0.0": [0, 0, 0],
						"0.5417": [47.5, -80, 0]
					},
					"position": {
						"0.0": [0, 0, 0],
						"0.5417": [0, -15, 0]
					}
				},
				"left": {
					"rotation": [85.51184, -399.731, -129.67596],
					"position": [7.4, -7.7, -4.5],
					"scale": [1, 1.5, 1]
				},
				"right": {
					"rotation": [90.23772, 12.3071, -177.79539],
					"position": [-6.8, -8.45, 6.65],
					"scale": [1, 1.5, 1]
				},
				"camera": {
					"rotation": {
						"0.0": [0, 0, 0],
						"0.2083": [0.5, 0, 0.5],
						"0.375": [-0.5, 0, -0.5],
						"0.5417": [0, 0, 0]
					},
					"position": {
						"0.0": [0, 0, 0],
						"0.2083": [0, 0, 0],
						"0.375": [0, 0, 0],
						"0.5417": [0, 0, 0]
					}
				}
			}
		},
		"static_idle": {
			"loop": "hold_on_last_frame",
			"bones": {
				"left": {
					"rotation": [85.51184, -399.731, -129.67596],
					"position": [7.4, -7.7, -4.5],
					"scale": [1, 1.5, 1]
				},
				"right": {
					"rotation": [90.23772, 12.3071, -177.79539],
					"position": [-6.8, -8.45, 6.65],
					"scale": [1, 1.5, 1]
				},
				"r_l_ammo2": {
					"scale": 0.1
				},
				"constraint": {
					"rotation": [0.25, 0.25, 0.25],
					"position": [0.25, 0.25, 0.25]
				}
			}
		},
		"draw": {
			"loop": "hold_on_last_frame",
			"animation_length": 0.75,
			"bones": {
				"root": {
					"rotation": {
						"0.0": [67.19887, -32.302, -14.17952],
						"0.1667": [67.19887, -32.302, -14.17952],
						"0.4583": {
							"pre": [0, 0, 0],
							"post": [0, 0, 0],
							"lerp_mode": "catmullrom"
						},
						"0.6667": [1, 0, 0],
						"0.75": [0, 0, 0]
					},
					"position": {
						"0.0": [0, -10, 0],
						"0.1667": [0, -10, 0],
						"0.4583": {
							"pre": [0, 0, 0],
							"post": [0, 0, 0],
							"lerp_mode": "catmullrom"
						},
						"0.625": [0, 0, 0.25],
						"0.75": [0, 0, 0]
					}
				},
				"left": {
					"rotation": {
						"0.0": [85.51184, -399.731, -129.67596],
						"0.75": [85.51184, -399.731, -129.67596]
					},
					"position": {
						"0.0": [7.4, -7.7, -4.5],
						"0.75": [7.4, -7.7, -4.5]
					},
					"scale": [1, 1.5, 1]
				},
				"right": {
					"rotation": {
						"0.0": [90.23772, 12.3071, -177.79539],
						"0.75": [90.23772, 12.3071, -177.79539]
					},
					"position": {
						"0.0": [-6.8, -8.45, 6.65],
						"0.75": [-6.8, -8.45, 6.65]
					},
					"scale": [1, 1.5, 1]
				},
				"camera": {
					"rotation": {
						"0.0": [0, 0, 0],
						"0.125": [-0.5, 0, -0.5],
						"0.2083": [-0.25, 0, 0],
						"0.375": [0.25, 0, 0],
						"0.4583": [0.5, 0, 0.5],
						"0.6667": [-0.25, 0, 0],
						"0.75": [0, 0, 0]
					},
					"position": {
						"0.0": [0, 0, 0],
						"0.6667": [0, 0, 0],
						"0.75": [0, 0, 0]
					}
				}
			}
		},
		"reload_tactical": {
			"loop": "hold_on_last_frame",
			"animation_length": 2.5,
			"bones": {
				"root": {
					"rotation": {
						"0.0": [0, 0, 0],
						"0.1667": {
							"pre": [-26.35186, -12.61549, -10.59874],
							"post": [-26.35186, -12.61549, -10.59874],
							"lerp_mode": "catmullrom"
						},
						"0.3333": [-47.70372, -25.23098, -21.19748],
						"0.5": {
							"pre": [-42.70372, -25.23098, -21.19748],
							"post": [-42.70372, -25.23098, -21.19748],
							"lerp_mode": "catmullrom"
						},
						"1.1667": {
							"post": [-45.20372, -25.23098, -21.19748],
							"lerp_mode": "catmullrom"
						},
						"1.5": {
							"post": [-47.70372, -25.23098, -21.19748],
							"lerp_mode": "catmullrom"
						},
						"1.6667": {
							"post": [-52.70372, -25.23098, -21.19748],
							"lerp_mode": "catmullrom"
						},
						"1.9167": [-47.70372, -25.23098, -21.19748],
						"2.1667": {
							"pre": [2.5, 0, 0],
							"post": [2.5, 0, 0],
							"lerp_mode": "catmullrom"
						},
						"2.5": [0, 0, 0]
					},
					"position": {
						"0.0": [0, 0, 0],
						"0.3333": [-2.5, 1, 0],
						"0.6667": {
							"pre": [-2.5, 0.75, 0],
							"post": [-2.5, 0.75, 0],
							"lerp_mode": "catmullrom"
						},
						"0.875": {
							"post": [-2.5, 0.75, 0],
							"lerp_mode": "catmullrom"
						},
						"1.1667": [-2.5, 1, 0],
						"1.6667": [-2.5, 1, 0],
						"1.9167": [-2.5, 1, 0],
						"2.2917": {
							"pre": [0, 0, 0],
							"post": [0, 0, 0],
							"lerp_mode": "catmullrom"
						},
						"2.5": [0, 0, 0]
					}
				},
				"mag": {
					"rotation": {
						"0.0": [0, 0, 0],
						"0.3333": [0, 0, 0],
						"0.4167": [0, 0, 0],
						"0.8333": [32.5, 0, 0],
						"1.25": [32.5, 0, 0],
						"1.5": [0, 0, 0],
						"1.6667": [0, 0, 0],
						"2.5": [0, 0, 0]
					},
					"position": {
						"0.0": [0, 0, 0],
						"0.3333": [0, 0, 0],
						"0.4167": [0, -2, 0],
						"0.8333": [0, -20, 8],
						"1.25": [0, -20, 8],
						"1.5": [0, -2, 0],
						"1.6667": [0, 0, 0],
						"2.5": [0, 0, 0]
					}
				},
				"left": {
					"rotation": {
						"0.0": [85.51184, -399.731, -129.67596],
						"0.3333": [86.19974, -384.76951, -130.95408],
						"0.4167": [65.06974, -392.06086, -117.82459],
						"0.8333": [67.8061, -341.03037, -139.23917],
						"1.1667": [67.8061, -341.03037, -139.23917],
						"1.5": [65.06974, -392.06086, -117.82459],
						"1.7083": {
							"pre": [86.19974, -384.76951, -130.95408],
							"post": [86.19974, -384.76951, -130.95408],
							"lerp_mode": "catmullrom"
						},
						"1.9583": [86.19974, -384.76951, -130.95408],
						"2.2917": [85.51184, -399.731, -129.67596]
					},
					"position": {
						"0.0": [7.4, -7.7, -4.5],
						"0.3333": [7.4, -12.7, 0.5],
						"0.4167": [7.4, -12.7, 0.5],
						"0.8333": [7.4, -12.7, 0.5],
						"1.1667": [7.4, -12.7, 0.5],
						"1.5": [7.4, -12.7, 0.5],
						"1.7083": [7.4, -12.7, 0.5],
						"1.9583": [7.4, -12.7, 0.5],
						"2.2917": [7.4, -7.7, -4.5]
					},
					"scale": [1, 1.5, 1]
				},
				"right": {
					"rotation": [90.23772, 12.3071, -177.79539],
					"position": [-6.8, -8.45, 6.65],
					"scale": [1, 1.5, 1]
				},
				"camera": {
					"rotation": {
						"0.0": [0, 0, 0],
						"0.1667": {
							"pre": [-0.25, 0.25, 0],
							"post": [-0.25, 0.25, 0],
							"lerp_mode": "catmullrom"
						},
						"0.3333": [0, 0, 0],
						"0.4583": {
							"pre": [0.5, 0, 0],
							"post": [0.5, 0, 0],
							"lerp_mode": "catmullrom"
						},
						"0.8333": [0, 0, 0],
						"1.0833": {
							"pre": [0, 0, -0.25],
							"post": [0, 0, -0.25],
							"lerp_mode": "catmullrom"
						},
						"1.2917": {
							"post": [0, 0, -0.25],
							"lerp_mode": "catmullrom"
						},
						"1.5": [0, 0, 0],
						"1.6667": {
							"pre": [-0.5, 0, 0],
							"post": [-0.5, 0, 0],
							"lerp_mode": "catmullrom"
						},
						"1.9167": [0, 0, 0],
						"2.125": {
							"pre": [0, 0, 0.25],
							"post": [0, 0, 0.25],
							"lerp_mode": "catmullrom"
						},
						"2.2917": {
							"post": [0, 0, 0.25],
							"lerp_mode": "catmullrom"
						},
						"2.5": [0, 0, 0]
					},
					"position": [0, 0, 0]
				},
				"r_l_ammo2": {
					"scale": {
						"0.0": [0, 0, 0],
						"1.0": {
							"pre": [0, 0, 0],
							"post": [1, 1, 1]
						},
						"2.0": {
							"pre": [1, 1, 1],
							"post": [0, 0, 0]
						}
					}
				}
			}
		},
		"reload_empty": {
			"loop": "hold_on_last_frame",
			"animation_length": 3.1667,
			"bones": {
				"root": {
					"rotation": {
						"0.0": [0, 0, 0],
						"0.1667": {
							"pre": [-26.35186, -12.61549, -10.59874],
							"post": [-26.35186, -12.61549, -10.59874],
							"lerp_mode": "catmullrom"
						},
						"0.3333": [-47.70372, -25.23098, -21.19748],
						"0.5": {
							"pre": [-42.70372, -25.23098, -21.19748],
							"post": [-42.70372, -25.23098, -21.19748],
							"lerp_mode": "catmullrom"
						},
						"1.1667": {
							"post": [-45.20372, -25.23098, -21.19748],
							"lerp_mode": "catmullrom"
						},
						"1.5": {
							"post": [-47.70372, -25.23098, -21.19748],
							"lerp_mode": "catmullrom"
						},
						"1.6667": {
							"post": [-52.70372, -25.23098, -21.19748],
							"lerp_mode": "catmullrom"
						},
						"1.9167": [-47.70372, -25.23098, -21.19748],
						"2.2917": {
							"pre": [-23.00294, 14.63654, 10.49217],
							"post": [-23.00294, 14.63654, 10.49217],
							"lerp_mode": "catmullrom"
						},
						"2.5417": {
							"post": [-28.00294, 14.63654, 10.49217],
							"lerp_mode": "catmullrom"
						},
						"2.75": {
							"post": [-28.00294, 14.63654, 10.49217],
							"lerp_mode": "catmullrom"
						},
						"3.0": {
							"post": [0, 0, 0],
							"lerp_mode": "catmullrom"
						},
						"3.1667": [0, 0, 0]
					},
					"position": {
						"0.0": [0, 0, 0],
						"0.3333": [-2.5, 1, 0],
						"0.6667": {
							"pre": [-2.5, 0.75, 0],
							"post": [-2.5, 0.75, 0],
							"lerp_mode": "catmullrom"
						},
						"0.875": {
							"post": [-2.5, 0.75, 0],
							"lerp_mode": "catmullrom"
						},
						"1.1667": [-2.5, 1, 0],
						"1.6667": [-2.5, 1, 0],
						"1.9167": [-2.5, 1, 0],
						"2.125": {
							"pre": [1.36, 0.55, 0],
							"post": [1.36, 0.55, 0],
							"lerp_mode": "catmullrom"
						},
						"2.375": [6, 0, 0],
						"2.5417": {
							"pre": [6, 0, 0.5],
							"post": [6, 0, 0.5],
							"lerp_mode": "catmullrom"
						},
						"2.75": {
							"post": [6, 0, 0.5],
							"lerp_mode": "catmullrom"
						},
						"3.0": {
							"post": [0, 0, 0],
							"lerp_mode": "catmullrom"
						},
						"3.1667": [0, 0, 0]
					}
				},
				"bolt": {
					"rotation": [0, 0, 0],
					"position": {
						"2.375": [0, 0, 0],
						"2.5417": [0, 0, 4],
						"2.5833": [0, 0, 4],
						"2.625": [0, 0, 0]
					}
				},
				"mag": {
					"rotation": {
						"0.0": [0, 0, 0],
						"0.3333": [0, 0, 0],
						"0.4167": [0, 0, 0],
						"0.8333": [32.5, 0, 0],
						"1.25": [32.5, 0, 0],
						"1.5": [0, 0, 0],
						"1.6667": [0, 0, 0],
						"2.5": [0, 0, 0]
					},
					"position": {
						"0.0": [0, 0, 0],
						"0.3333": [0, 0, 0],
						"0.4167": [0, -2, 0],
						"0.8333": [0, -20, 8],
						"1.25": [0, -20, 8],
						"1.5": [0, -2, 0],
						"1.6667": [0, 0, 0],
						"2.5": [0, 0, 0]
					}
				},
				"bullet_new_mag": {
					"scale": {
						"0.0": [0, 0, 0],
						"1.0": {
							"pre": [0, 0, 0],
							"post": [1, 1, 1]
						}
					}
				},
				"left": {
					"rotation": {
						"0.0": [85.51184, -399.731, -129.67596],
						"0.3333": [86.19974, -384.76951, -130.95408],
						"0.4167": [65.06974, -392.06086, -117.82459],
						"0.8333": [67.8061, -341.03037, -139.23917],
						"1.1667": [67.8061, -341.03037, -139.23917],
						"1.5": [65.06974, -392.06086, -117.82459],
						"1.7083": {
							"pre": [86.19974, -384.76951, -130.95408],
							"post": [86.19974, -384.76951, -130.95408],
							"lerp_mode": "catmullrom"
						},
						"2.0": {
							"post": [85.51184, -399.731, -129.67596],
							"lerp_mode": "catmullrom"
						},
						"2.5": [85.51184, -399.731, -129.67596],
						"3.1667": [85.51184, -399.731, -129.67596]
					},
					"position": {
						"0.0": [7.4, -7.7, -4.5],
						"0.3333": [7.4, -12.7, 0.5],
						"0.4167": [7.4, -12.7, 0.5],
						"0.8333": [7.4, -12.7, 0.5],
						"1.1667": [7.4, -12.7, 0.5],
						"1.5": [7.4, -12.7, 0.5],
						"1.7083": [7.4, -12.7, 0.5],
						"2.0": {
							"pre": [7.4, -7.7, -4.5],
							"post": [7.4, -7.7, -4.5],
							"lerp_mode": "catmullrom"
						},
						"2.5": [7.4, -7.7, -4.5],
						"3.1667": [7.4, -7.7, -4.5]
					},
					"scale": [1, 1.5, 1]
				},
				"right": {
					"rotation": {
						"0.0": [90.23772, 12.3071, -177.79539],
						"2.0833": [90.24, 12.31, -177.8],
						"2.375": [107.7639, 27.30986, -177.73009],
						"2.5417": [103.18544, 34.80301, -187.41586],
						"2.625": [103.18544, 34.80301, -187.41586],
						"2.9583": {
							"pre": [90.24, 12.31, -177.8],
							"post": [90.24, 12.31, -177.8],
							"lerp_mode": "catmullrom"
						},
						"3.1667": [90.24, 12.31, -177.8]
					},
					"position": {
						"0.0": [-6.8, -8.45, 6.65],
						"2.0833": [-6.8, -8.45, 6.65],
						"2.375": [-9.8, -4.45, -8.35],
						"2.5417": [-9.8, -4.45, -4.35],
						"2.625": [-9.8, -4.45, -4.35],
						"2.9583": {
							"pre": [-6.8, -8.45, 6.65],
							"post": [-6.8, -8.45, 6.65],
							"lerp_mode": "catmullrom"
						},
						"3.1667": [-6.8, -8.45, 6.65]
					},
					"scale": [1, 1.5, 1]
				},
				"camera": {
					"rotation": {
						"0.0": [0, 0, 0],
						"0.1667": {
							"pre": [-0.25, 0.25, 0],
							"post": [-0.25, 0.25, 0],
							"lerp_mode": "catmullrom"
						},
						"0.3333": [0, 0, 0],
						"0.4583": {
							"pre": [0.5, 0, 0],
							"post": [0.5, 0, 0],
							"lerp_mode": "catmullrom"
						},
						"0.8333": [0, 0, 0],
						"1.0833": {
							"pre": [0, 0, -0.25],
							"post": [0, 0, -0.25],
							"lerp_mode": "catmullrom"
						},
						"1.2917": {
							"post": [0, 0, -0.25],
							"lerp_mode": "catmullrom"
						},
						"1.5": [0, 0, 0],
						"1.6667": {
							"pre": [-0.5, 0, 0],
							"post": [-0.5, 0, 0],
							"lerp_mode": "catmullrom"
						},
						"1.9167": [0, 0, 0],
						"2.0833": {
							"pre": [0, 0, 0.25],
							"post": [0, 0, 0.25],
							"lerp_mode": "catmullrom"
						},
						"2.25": {
							"post": [0, 0, 0.25],
							"lerp_mode": "catmullrom"
						},
						"2.375": [0, 0, 0],
						"2.5417": {
							"pre": [-1, 0, 0],
							"post": [-1, 0, 0],
							"lerp_mode": "catmullrom"
						},
						"2.875": {
							"post": [0, 0, 0],
							"lerp_mode": "catmullrom"
						},
						"3.1667": [0, 0, 0]
					},
					"position": [0, 0, 0]
				},
				"bullet": {
					"scale": 0
				},
				"bullet_in_barrel": {
					"scale": {
						"0.0": [0, 0, 0],
						"1.0": {
							"pre": [0, 0, 0],
							"post": [1, 1, 1]
						}
					}
				},
				"r_l_ammo": {
					"scale": {
						"0.0": [0, 0, 0],
						"1.0": {
							"pre": [0, 0, 0],
							"post": [1, 1, 1]
						}
					}
				},
				"r_l_ammo2": {
					"scale": 0
				},
				"bullet_in_mag": {
					"scale": {
						"0.0": [0, 0, 0],
						"1.0": {
							"pre": [0, 0, 0],
							"post": [1, 1, 1]
						}
					}
				}
			}
		},
		"inspect": {
			"loop": "hold_on_last_frame",
			"animation_length": 7.1667,
			"bones": {
				"root": {
					"rotation": {
						"0.0": [0, 0, 0],
						"0.2917": {
							"pre": [-15, -35, -25],
							"post": [-15, -35, -25],
							"lerp_mode": "catmullrom"
						},
						"0.5": [-15, -35, -25],
						"0.625": [-14, -35, -25],
						"0.75": [-14.5, -35, -25],
						"0.875": [-15, -35, -25],
						"1.1667": {
							"pre": [-0.51735, -63.17028, -8.33815],
							"post": [-0.51735, -63.17028, -8.33815],
							"lerp_mode": "catmullrom"
						},
						"1.4167": {
							"post": [-0.51735, -63.17028, -8.33815],
							"lerp_mode": "catmullrom"
						},
						"1.5": [-0.51735, -63.17028, -8.33815],
						"1.7083": [0.48265, -63.17028, -8.33815],
						"2.0": [-0.51735, -63.17028, -8.33815],
						"2.5": [5.537, -83.16725, -6.85074],
						"2.6667": [6.037, -83.16725, -6.85074],
						"2.8333": [6.537, -83.16725, -6.85074],
						"3.0833": [5.537, -83.16725, -6.85074],
						"3.4583": {
							"pre": [-2.5, 0, 0],
							"post": [-2.5, 0, 0],
							"lerp_mode": "catmullrom"
						},
						"3.875": {
							"post": [0, 0, 0],
							"lerp_mode": "catmullrom"
						},
						"4.3333": {
							"post": [-12.19441, 74.86164, -4.97904],
							"lerp_mode": "catmullrom"
						},
						"4.75": [-12.19441, 74.86164, -4.97904],
						"5.0833": [-12.19441, 74.86164, -4.97904],
						"5.375": {
							"pre": [4.2333, 87.36064, -3.54257],
							"post": [4.2333, 87.36064, -3.54257],
							"lerp_mode": "catmullrom"
						},
						"5.7083": {
							"post": [4.2333, 87.36064, -3.54257],
							"lerp_mode": "catmullrom"
						},
						"6.0833": [4.2333, 87.36064, -3.54257],
						"6.1667": [4.2333, 87.36064, -3.54257],
						"6.5417": [-5, 0, 0],
						"6.875": {
							"pre": [0, 0, 0],
							"post": [0, 0, 0],
							"lerp_mode": "catmullrom"
						},
						"7.1667": [0, 0, 0]
					},
					"position": {
						"0.0": [0, 0, 0],
						"0.2917": {
							"pre": [0, 0, -4],
							"post": [0, 0, -4],
							"lerp_mode": "catmullrom"
						},
						"0.5": [0, 0, -4],
						"0.875": [0, 0, -4],
						"1.1667": {
							"pre": [0, 3, -4],
							"post": [0, 3, -4],
							"lerp_mode": "catmullrom"
						},
						"1.4167": {
							"post": [0, 3, -4],
							"lerp_mode": "catmullrom"
						},
						"1.5": [0, 3, -4],
						"1.7083": [0, 2.9375, -4],
						"2.0": [0, 3, -4],
						"2.5": [0, 5, -4],
						"3.0": [0, 5, -4],
						"3.4583": {
							"pre": [3, -0.5, 0],
							"post": [3, -0.5, 0],
							"lerp_mode": "catmullrom"
						},
						"3.875": {
							"post": [6, 0, 0],
							"lerp_mode": "catmullrom"
						},
						"4.3333": {
							"post": [5, 4, -4],
							"lerp_mode": "catmullrom"
						},
						"4.6667": [5, 4, -4],
						"4.9167": {
							"pre": [5, 3.875, -4],
							"post": [5, 3.875, -4],
							"lerp_mode": "catmullrom"
						},
						"5.1667": [5, 4, -4],
						"5.6667": {
							"pre": [5, 5, -4],
							"post": [5, 5, -4],
							"lerp_mode": "catmullrom"
						},
						"6.0833": [5, 5, -4],
						"6.1667": [5, 5, -4],
						"6.5417": [3, -1, 0],
						"6.875": {
							"pre": [0, 0, 0],
							"post": [0, 0, 0],
							"lerp_mode": "catmullrom"
						},
						"7.1667": [0, 0, 0]
					}
				},
				"sg225": {
					"rotation": {
						"2.0833": [0, 0, 0],
						"2.2083": {
							"pre": [5, 0, 0],
							"post": [5, 0, 0],
							"lerp_mode": "catmullrom"
						},
						"2.4167": {
							"post": [0, 0, 0],
							"lerp_mode": "catmullrom"
						},
						"2.5833": [0, 0, 0]
					},
					"position": {
						"2.0833": [0, 0, 0],
						"2.4167": {
							"pre": [0, 0, 0],
							"post": [0, 0, 0],
							"lerp_mode": "catmullrom"
						},
						"2.5833": [0, 0, 0]
					}
				},
				"left": {
					"rotation": {
						"0.0": [85.51184, -399.731, -129.67596],
						"0.3333": {
							"pre": [90.21275, -423.68434, -144.85636],
							"post": [90.21275, -423.68434, -144.85636],
							"lerp_mode": "catmullrom"
						},
						"0.5": [90.21275, -423.68434, -144.85636],
						"1.0": [90.21275, -423.68434, -144.85636],
						"1.25": [50.03825, -446.57878, -102.96648],
						"1.5": [-69.7545, -446.46408, 19.1174],
						"2.0": [-69.7545, -446.46408, 19.1174],
						"2.5": [-69.7545, -446.46408, 19.1174],
						"3.0": [-69.7545, -446.46408, 19.1174],
						"3.25": {
							"pre": [85.51184, -399.731, -129.67596],
							"post": [85.51184, -399.731, -129.67596],
							"lerp_mode": "catmullrom"
						},
						"3.4583": {
							"post": [85.51184, -399.731, -129.67596],
							"lerp_mode": "catmullrom"
						},
						"3.5833": [85.51184, -399.731, -129.67596],
						"3.7917": [85.51184, -399.731, -129.67596],
						"4.0": [85.51184, -399.731, -129.67596],
						"4.3333": {
							"pre": [122.34199, -344.71309, -153.37689],
							"post": [122.34199, -344.71309, -153.37689],
							"lerp_mode": "catmullrom"
						},
						"4.5": [122.34199, -344.71309, -153.37689],
						"5.1667": [122.34199, -344.71309, -153.37689],
						"5.375": {
							"pre": [157.11656, -377.13406, -140.00794],
							"post": [157.11656, -377.13406, -140.00794],
							"lerp_mode": "catmullrom"
						},
						"5.5417": {
							"post": [157.11656, -377.13406, -140.00794],
							"lerp_mode": "catmullrom"
						},
						"5.6667": [157.11656, -377.13406, -140.00794],
						"6.1667": [157.11656, -377.13406, -140.00794],
						"6.6667": [85.51184, -399.731, -129.67596]
					},
					"position": {
						"0.0": [7.4, -7.7, -4.5],
						"4.0": [7.4, -7.7, -4.5],
						"4.1667": [9.4, -7.7, 2],
						"4.3333": {
							"pre": [6.4, -7.7, 8.5],
							"post": [6.4, -7.7, 8.5],
							"lerp_mode": "catmullrom"
						},
						"4.5": [6.4, -7.7, 8.5],
						"5.1667": [6.4, -7.7, 8.5],
						"6.1667": [6.4, -7.7, 8.5],
						"6.2083": [9.07, -7.7, 7.42],
						"6.2917": [9.4, -7.7, 5.25],
						"6.5": [9.29, -7.7, -0.17],
						"6.6667": [7.4, -7.7, -4.5]
					},
					"scale": [1, 1.5, 1]
				},
				"right": {
					"rotation": {
						"0.0": [90.23772, 12.3071, -177.79539],
						"0.5": [90.23772, 12.3071, -177.79539],
						"1.0": [90.23772, 12.3071, -177.79539],
						"1.5": [90.23772, 12.3071, -177.79539],
						"2.0": [90.23772, 12.3071, -177.79539],
						"2.375": {
							"pre": [120.34505, -47.69228, -178.10124],
							"post": [120.34505, -47.69228, -178.10124],
							"lerp_mode": "catmullrom"
						},
						"2.5": [120.34505, -47.69228, -178.10124],
						"3.0": [120.34505, -47.69228, -178.10124],
						"3.4167": [90.23772, 12.3071, -177.79539],
						"3.7083": {
							"pre": [90.25, 21.78, -177.75],
							"post": [90.25, 21.78, -177.75],
							"lerp_mode": "catmullrom"
						},
						"3.9167": [90.26139, 27.30696, -177.72615],
						"4.0417": [90.26139, 27.30696, -177.72615],
						"4.6667": [153.65679, 67.37691, -136.47512],
						"5.1667": [153.65679, 67.37691, -136.47512],
						"5.6667": [185.49079, 69.73825, -102.41342],
						"6.1667": [185.49079, 69.73825, -102.41342],
						"6.5417": [90.26139, 27.30696, -177.72615],
						"6.875": {
							"pre": [90.23772, 12.3071, -177.79539],
							"post": [90.23772, 12.3071, -177.79539],
							"lerp_mode": "catmullrom"
						},
						"7.1667": [90.23772, 12.3071, -177.79539]
					},
					"position": {
						"0.0": [-6.8, -8.45, 6.65],
						"0.5": [-6.8, -8.45, 6.65],
						"1.0": [-6.8, -8.45, 6.65],
						"1.5": [-6.8, -8.45, 6.65],
						"2.0": [-6.8, -8.45, 6.65],
						"2.1667": {
							"pre": [-6.8, -8.95, 8.15],
							"post": [-6.8, -8.95, 8.15],
							"lerp_mode": "catmullrom"
						},
						"2.375": {
							"post": [-6.8, -7.45, 9.65],
							"lerp_mode": "catmullrom"
						},
						"2.5": [-6.8, -7.45, 9.65],
						"3.0": [-6.8, -7.45, 9.65],
						"3.4167": [-6.8, -8.45, 6.65],
						"3.7083": {
							"pre": [-6.8, -8.45, -0.3],
							"post": [-6.8, -8.45, -0.3],
							"lerp_mode": "catmullrom"
						},
						"3.9167": [-6.8, -8.45, -4.35],
						"4.0417": [-6.8, -8.45, -4.35],
						"4.6667": [-6.8, -8.45, -4.35],
						"5.1667": [-6.8, -8.45, -4.35],
						"5.6667": [-6.8, -8.45, -4.35],
						"6.1667": [-6.8, -8.45, -4.35],
						"6.5417": [-6.8, -8.45, -4.35],
						"6.875": {
							"pre": [-6.8, -8.45, 6.65],
							"post": [-6.8, -8.45, 6.65],
							"lerp_mode": "catmullrom"
						},
						"7.1667": [-6.8, -8.45, 6.65]
					},
					"scale": [1, 1.5, 1]
				},
				"camera": {
					"rotation": {
						"0.0": [0, 0, 0],
						"0.5833": {
							"pre": [-1, 1, 0],
							"post": [-1, 1, 0],
							"lerp_mode": "catmullrom"
						},
						"1.4167": {
							"post": [0, -2.5, 0],
							"lerp_mode": "catmullrom"
						},
						"1.8333": [0, -2.5, 0],
						"2.375": {
							"pre": [0, -2.5, 0.5],
							"post": [0, -2.5, 0.5],
							"lerp_mode": "catmullrom"
						},
						"3.0": [0, -2.5, 0],
						"3.7083": {
							"pre": [2.5, -2.5, 0],
							"post": [2.5, -2.5, 0],
							"lerp_mode": "catmullrom"
						},
						"4.5": [0, -2.5, 0],
						"5.2917": {
							"pre": [0, -1, 0],
							"post": [0, -1, 0],
							"lerp_mode": "catmullrom"
						},
						"6.0417": [0, -2.5, 0],
						"6.75": {
							"pre": [0, 0, 0],
							"post": [0, 0, 0],
							"lerp_mode": "catmullrom"
						},
						"7.1667": [0, 0, 0]
					},
					"position": [0, 0, 0]
				}
			}
		},
		"inspect_empty": {
			"loop": "hold_on_last_frame",
			"animation_length": 6.7917,
			"bones": {
				"root": {
					"rotation": {
						"0.0": [0, 0, 0],
						"0.1667": {
							"pre": [-26.35186, -12.61549, -10.59874],
							"post": [-26.35186, -12.61549, -10.59874],
							"lerp_mode": "catmullrom"
						},
						"0.3333": [-47.70372, -25.23098, -21.19748],
						"0.5": {
							"pre": [-42.70372, -25.23098, -21.19748],
							"post": [-42.70372, -25.23098, -21.19748],
							"lerp_mode": "catmullrom"
						},
						"3.2917": {
							"post": [-45.20372, -25.23098, -21.19748],
							"lerp_mode": "catmullrom"
						},
						"3.625": {
							"post": [-47.70372, -25.23098, -21.19748],
							"lerp_mode": "catmullrom"
						},
						"3.7917": {
							"post": [-52.70372, -25.23098, -21.19748],
							"lerp_mode": "catmullrom"
						},
						"4.0417": [-47.70372, -25.23098, -21.19748],
						"4.375": {
							"pre": [-7.5, 0, 32.5],
							"post": [-7.5, 0, 32.5],
							"lerp_mode": "catmullrom"
						},
						"4.5833": [-7.5, 0, 32.5],
						"4.8333": [-7.5, 0, 32.5],
						"5.0833": {
							"pre": [-22.5, 0, 32.5],
							"post": [-22.5, 0, 32.5],
							"lerp_mode": "catmullrom"
						},
						"5.4167": {
							"post": [-22.5, 0, 32.5],
							"lerp_mode": "catmullrom"
						},
						"5.5833": {
							"post": [0, 0, 32.5],
							"lerp_mode": "catmullrom"
						},
						"6.0": [-5, 0, 32.5],
						"6.2083": {
							"pre": [0, 0, 0],
							"post": [0, 0, 0],
							"lerp_mode": "catmullrom"
						},
						"6.5833": {
							"post": [0, 0, 0],
							"lerp_mode": "catmullrom"
						},
						"6.7917": [0, 0, 0]
					},
					"position": {
						"0.0": [0, 0, 0],
						"0.3333": [-2.5, 1, 0],
						"0.6667": {
							"pre": [-2.5, 0.75, 0],
							"post": [-2.5, 0.75, 0],
							"lerp_mode": "catmullrom"
						},
						"0.875": {
							"post": [-2.5, 0.75, 0],
							"lerp_mode": "catmullrom"
						},
						"3.2917": [-2.5, 1, 0],
						"3.7917": [-2.5, 1, 0],
						"4.2917": {
							"pre": [3, 0, 4],
							"post": [3, 0, 4],
							"lerp_mode": "catmullrom"
						},
						"5.25": {
							"post": [3, 0, 4],
							"lerp_mode": "catmullrom"
						},
						"5.7917": [3, 0, 4],
						"6.2083": {
							"pre": [0, 0, 0],
							"post": [0, 0, 0],
							"lerp_mode": "catmullrom"
						},
						"6.5833": {
							"post": [0, 0, 0],
							"lerp_mode": "catmullrom"
						},
						"6.7917": [0, 0, 0]
					}
				},
				"bolt": {
					"position": {
						"4.8333": [0, 0, 0],
						"5.0833": [0, 0, 3],
						"5.2917": [0, 0, 3],
						"5.3333": [0, 0, 0]
					}
				},
				"mag": {
					"rotation": {
						"0.0": [0, 0, 0],
						"0.3333": [0, 0, 0],
						"0.4167": [0, 0, 0],
						"0.7083": {
							"pre": [16.82937, 0, 23.62153],
							"post": [16.82937, 0, 23.62153],
							"lerp_mode": "catmullrom"
						},
						"1.0": {
							"post": [16.82937, 0, 23.62153],
							"lerp_mode": "catmullrom"
						},
						"1.5833": [16.82937, 0, 23.62153],
						"1.9583": {
							"pre": [38.44857, 34.34115, 63.36941],
							"post": [38.44857, 34.34115, 63.36941],
							"lerp_mode": "catmullrom"
						},
						"2.4167": [38.44857, 34.34115, 63.36941],
						"2.9167": [16.82937, 0, 23.62153],
						"3.125": {
							"pre": [0, 0, 0],
							"post": [0, 0, 0],
							"lerp_mode": "catmullrom"
						},
						"3.25": [0, 0, 0],
						"3.4583": [0, 0, 2.5],
						"3.5833": [0, 0, 2.5],
						"3.625": [0, 0, 0],
						"3.8333": [0, 0, 0],
						"4.625": [0, 0, 0]
					},
					"position": {
						"0.0": [0, 0, 0],
						"0.3333": [0, 0, 0],
						"0.4167": [0, -2, 0],
						"0.7083": {
							"pre": [6, -5, -2],
							"post": [6, -5, -2],
							"lerp_mode": "catmullrom"
						},
						"1.0": {
							"post": [6, -5, -2],
							"lerp_mode": "catmullrom"
						},
						"1.5833": [6, -5, -2],
						"1.9583": {
							"pre": [6, -5, -2],
							"post": [6, -5, -2],
							"lerp_mode": "catmullrom"
						},
						"2.4167": [6, -5, -2],
						"2.9167": [6, -5, -2],
						"3.125": {
							"pre": [0, -4, 0],
							"post": [0, -4, 0],
							"lerp_mode": "catmullrom"
						},
						"3.25": [0, -2.5, 0],
						"3.4583": [0, -2.5, 0],
						"3.5833": [0, -2.5, 0],
						"3.625": [0, -2, 0],
						"3.8333": [0, 0, 0],
						"4.625": [0, 0, 0]
					}
				},
				"bullet_new_mag": {
					"scale": 0
				},
				"left": {
					"rotation": {
						"0.0": [85.51184, -399.731, -129.67596],
						"0.3333": [86.19974, -384.76951, -130.95408],
						"0.7083": {
							"pre": [102.23, -378.68, -117.81],
							"post": [102.23, -378.68, -117.81],
							"lerp_mode": "catmullrom"
						},
						"1.4167": [102.23, -378.68, -117.81],
						"1.9583": [127.55994, -369.56087, -117.79753],
						"2.4167": [127.55994, -369.56087, -117.79753],
						"2.9167": [90.05994, -369.56087, -117.79753],
						"3.25": [90.05994, -369.56087, -117.79753],
						"3.8333": [65.06974, -392.06086, -117.82459],
						"4.25": {
							"pre": [85.51184, -399.731, -129.67596],
							"post": [85.51184, -399.731, -129.67596],
							"lerp_mode": "catmullrom"
						},
						"4.625": [85.51184, -399.731, -129.67596]
					},
					"position": {
						"0.0": [7.4, -7.7, -4.5],
						"0.3333": [7.4, -12.7, 0.5],
						"0.7083": {
							"pre": [7.1, -13.29, 0.5],
							"post": [7.1, -13.29, 0.5],
							"lerp_mode": "catmullrom"
						},
						"1.4167": [7.1, -13.29, 0.5],
						"1.9583": [6.9, -13.7, 0.5],
						"2.4167": [6.9, -13.7, 0.5],
						"2.9167": [6.9, -13.7, 0.5],
						"3.25": [6.9, -13.7, 0.5],
						"3.8333": [7.4, -12.7, 0.5],
						"4.25": {
							"pre": [7.4, -7.7, -4.5],
							"post": [7.4, -7.7, -4.5],
							"lerp_mode": "catmullrom"
						},
						"4.625": [7.4, -7.7, -4.5]
					},
					"scale": [1, 1.5, 1]
				},
				"right": {
					"rotation": {
						"0.0": [90.23772, 12.3071, -177.79539],
						"4.4583": [90.24, 12.31, -177.8],
						"4.8333": [110.98932, 19.33116, -175.05712],
						"5.0833": [111.71273, 23.98848, -173.09895],
						"5.2917": [111.71273, 23.98848, -173.09895],
						"5.4583": {
							"pre": [109.93816, 7.61383, -179.54321],
							"post": [109.93816, 7.61383, -179.54321],
							"lerp_mode": "catmullrom"
						},
						"5.7083": {
							"post": [100.91732, -8.54797, -182.49235],
							"lerp_mode": "catmullrom"
						},
						"6.0": {
							"post": [90.24, 12.31, -177.8],
							"lerp_mode": "catmullrom"
						},
						"6.4167": {
							"post": [90.24, 12.31, -177.8],
							"lerp_mode": "catmullrom"
						},
						"6.625": [90.24, 12.31, -177.8]
					},
					"position": {
						"0.0": [-6.8, -8.45, 6.65],
						"4.4583": [-6.8, -8.45, 6.65],
						"4.8333": [-9.8, -3.45, -8.35],
						"5.0833": [-9.8, -3.45, -5.35],
						"5.2917": [-9.8, -3.45, -5.35],
						"5.4583": {
							"pre": [-12.8, -3.45, -5.35],
							"post": [-12.8, -3.45, -5.35],
							"lerp_mode": "catmullrom"
						},
						"5.7083": {
							"post": [-12.29, -7.71, 0.07],
							"lerp_mode": "catmullrom"
						},
						"6.0": {
							"post": [-6.8, -8.45, 6.65],
							"lerp_mode": "catmullrom"
						},
						"6.4167": {
							"post": [-6.8, -8.45, 6.65],
							"lerp_mode": "catmullrom"
						},
						"6.625": [-6.8, -8.45, 6.65]
					},
					"scale": [1, 1.5, 1]
				},
				"camera": {
					"rotation": {
						"0.0": [0, 0, 0],
						"0.1667": {
							"pre": [-0.25, 0.25, 0],
							"post": [-0.25, 0.25, 0],
							"lerp_mode": "catmullrom"
						},
						"0.3333": [0, 0, 0],
						"0.4583": {
							"pre": [0.5, 0, 0],
							"post": [0.5, 0, 0],
							"lerp_mode": "catmullrom"
						},
						"0.8333": [2.5, -2.5, 0],
						"1.4167": {
							"pre": [3, -2.5, 0],
							"post": [3, -2.5, 0],
							"lerp_mode": "catmullrom"
						},
						"2.1667": {
							"post": [2.5, -3, 0],
							"lerp_mode": "catmullrom"
						},
						"3.4167": [0, 0, 0],
						"3.625": {
							"pre": [0, 0, -0.25],
							"post": [0, 0, -0.25],
							"lerp_mode": "catmullrom"
						},
						"3.8333": [0, 0, 0],
						"4.0": {
							"pre": [-0.5, 0, 0],
							"post": [-0.5, 0, 0],
							"lerp_mode": "catmullrom"
						},
						"4.25": [0, 0, 0],
						"4.4583": {
							"pre": [0, 0, 0.25],
							"post": [0, 0, 0.25],
							"lerp_mode": "catmullrom"
						},
						"4.625": {
							"post": [0, 0, 0.25],
							"lerp_mode": "catmullrom"
						},
						"4.8333": [0, 0, 0],
						"5.0833": {
							"pre": [-2.5, 0, 0],
							"post": [-2.5, 0, 0],
							"lerp_mode": "catmullrom"
						},
						"5.2917": [-2.5, 0, 0],
						"5.4167": {
							"pre": [0, 0, 1.5],
							"post": [0, 0, 1.5],
							"lerp_mode": "catmullrom"
						},
						"6.2083": {
							"post": [0, 0, -1],
							"lerp_mode": "catmullrom"
						},
						"6.5833": {
							"post": [0, 0, 0],
							"lerp_mode": "catmullrom"
						},
						"6.7917": [0, 0, 0]
					},
					"position": [0, 0, 0]
				},
				"bullet": {
					"scale": 0
				},
				"bullet_in_barrel": {
					"scale": 0
				},
				"r_l_ammo": {
					"scale": 0
				},
				"bullet_in_mag": {
					"scale": 0
				}
			}
		},
		"shoot": {
			"loop": true,
			"animation_length": 0.25,
			"bones": {
				"root": {
					"rotation": {
						"0.0": [0, 0, 0],
						"0.0417": [-0.5, 0, 0],
						"0.125": [0, 0, 0.25],
						"0.2083": [0, 0, -0.15],
						"0.25": [0, 0, 0]
					},
					"position": {
						"0.0": [0, 0, 0],
						"0.0417": [0, 0, 1.5],
						"0.1667": {
							"pre": [0, 0, 0],
							"post": [0, 0, 0],
							"lerp_mode": "catmullrom"
						},
						"0.25": [0, 0, 0]
					}
				},
				"constraint": {
					"rotation": [0.2, 0.2, 0.2],
					"position": [0.2, 0.2, 0.2]
				},
				"bolt": {
					"rotation": {
						"0.0": [0, 0, 0],
						"0.25": [0, 0, 0]
					},
					"position": {
						"0.0": [0, 0, 0],
						"0.0417": [0, 0.04363, 3.99981],
						"0.0833": [0, 0, 0],
						"0.25": [0, 0, 0]
					}
				},
				"r_l_ammo": {
					"rotation": {
						"0.0": [0, 0, 0],
						"0.2083": [0, 0, 20],
						"0.25": [0, 0, 0]
					}
				},
				"camera": {
					"rotation": {
						"0.0": [0, 0, 0],
						"0.0417": [0, 0, -1],
						"0.0833": [0, 0, 0.5],
						"0.25": [0, 0, 0]
					}
				}
			}
		},
		"static_bolt_caught": {
			"loop": "hold_on_last_frame",
			"bones": {
				"left": {
					"rotation": [85.51184, -399.731, -129.67596],
					"position": [7.4, -7.7, -4.5],
					"scale": [1, 1.5, 1]
				},
				"right": {
					"rotation": [90.23772, 12.3071, -177.79539],
					"position": [-6.8, -8.45, 6.65],
					"scale": [1, 1.5, 1]
				},
				"r_l_ammo": {
					"scale": 0
				},
				"r_l_ammo2": {
					"scale": 0.1
				}
			}
		},
		"static_ammo_display": {
			"loop": "hold_on_last_frame",
			"animation_length": 7,
			"bones": {
				"left": {
					"rotation": [85.51184, -399.731, -129.67596],
					"position": [7.4, -7.7, -4.5],
					"scale": [1, 1.5, 1]
				},
				"right": {
					"rotation": [90.23772, 12.3071, -177.79539],
					"position": [-6.8, -8.45, 6.65],
					"scale": [1, 1.5, 1]
				},
				"r_l_ammo2": {
					"scale": 0.1
				},
				"ammo13": {
					"scale": {
						"0.0": [1, 1, 1],
						"1.0": {
							"pre": [1, 1, 1],
							"post": [0, 0, 0]
						}
					}
				},
				"ammo14": {
					"scale": {
						"0.0": [1, 1, 1],
						"0.48": {
							"pre": [1, 1, 1],
							"post": [0, 0, 0]
						}
					}
				},
				"ammo8": {
					"scale": {
						"0.0": [1, 1, 1],
						"3.48": {
							"pre": [1, 1, 1],
							"post": [0, 0, 0]
						}
					}
				},
				"ammo9": {
					"scale": {
						"0.0": [1, 1, 1],
						"3.0": {
							"pre": [1, 1, 1],
							"post": [0, 0, 0]
						}
					}
				},
				"ammo10": {
					"scale": {
						"0.0": [1, 1, 1],
						"2.48": {
							"pre": [1, 1, 1],
							"post": [0, 0, 0]
						}
					}
				},
				"ammo11": {
					"scale": {
						"0.0": [1, 1, 1],
						"2.0": {
							"pre": [1, 1, 1],
							"post": [0, 0, 0]
						}
					}
				},
				"ammo12": {
					"scale": {
						"0.0": [1, 1, 1],
						"1.48": {
							"pre": [1, 1, 1],
							"post": [0, 0, 0]
						}
					}
				},
				"ammo7": {
					"scale": {
						"0.0": [1, 1, 1],
						"4.0": {
							"pre": [1, 1, 1],
							"post": [0, 0, 0]
						}
					}
				},
				"ammo6": {
					"scale": {
						"0.0": [1, 1, 1],
						"4.48": {
							"pre": [1, 1, 1],
							"post": [0, 0, 0]
						}
					}
				},
				"ammo5": {
					"scale": {
						"0.0": [1, 1, 1],
						"5.0": {
							"pre": [1, 1, 1],
							"post": [0, 0, 0]
						}
					}
				},
				"ammo4": {
					"scale": {
						"0.0": [1, 1, 1],
						"5.48": {
							"pre": [1, 1, 1],
							"post": [0, 0, 0]
						}
					}
				},
				"ammo3": {
					"scale": {
						"0.0": [1, 1, 1],
						"6.0": {
							"pre": [1, 1, 1],
							"post": [0, 0, 0]
						}
					}
				},
				"ammo2": {
					"scale": {
						"0.0": [1, 1, 1],
						"6.48": {
							"pre": [1, 1, 1],
							"post": [0, 0, 0]
						}
					}
				},
				"ammo1": {
					"scale": {
						"0.0": [1, 1, 1],
						"7.0": {
							"pre": [1, 1, 1],
							"post": [0, 0, 0]
						}
					}
				}
			}
		}
	}
}