{
  "materials": [
    {
      "item": {
        "item": "minecraft:netherite_ingot"
      },
      "count": 8
    },
    {
      "item": {
        "item": "minecraft:copper_ingot"
      },
      "count": 128
    },
    {
      "item": {
        "item": "minecraft:iron_ingot"
      },
      "count": 64
    },
    {
      "item": {
        "item": "minecraft:gold_ingot"
      },
      "count": 64
    },
    {
      "item": {
        "item": "minecraft:redstone"
      },
      "count": 60
    },
    {
      "item": {
        "item": "minecraft:diamond_block"
      },
      "count": 8
    }
  ],
  "result": {
    "type": "ammo",
    "id": "emxcust:emx_cus_tool",
    "count": 8
  },
  "type": "tacz:gun_smith_table_crafting"
}