{
  "slot": "tacz_gunskin:attachment/slot/sight_552_uss_laffey",
  // 配件的默认模型，不可为空
  "model": "tacz_gunskin:attachment/sight_552_uss_laffey_geo",
  // 配件默认模型使用的材质，不可为空
  "texture": "tacz_gunskin:attachment/uv/sight_552_uss_laffey",
  "lod": {
    "model": "tacz_gunskin:attachment/lod/sight_552_uss_laffey",
    "texture": "tacz_gunskin:attachment/lod/sight_552_uss_laffey"
  },
  "zoom": [
    2
  ],
  // 如果配件是瞄具，且为筒状放大瞄具，此选项应为true
  "scope": false,
  // 如果配件是瞄具，且为红点或全息瞄具，此选项应为true
  "sight": true,
  // 只有 瞄具 配件需要设置这个属性，表示开镜后，枪身和瞄具渲染的fov。
  // 默认情况下，mc 渲染手部模型的 fov 为 70。
  "fov": 25.0,
  "sounds": {
    "install": "tacz:attachments/scope_general_c",
    "uninstall": "tacz:attachments/scope_general_c"
  }
}