{
	"format_version": "1.12.0",
	"minecraft:geometry": [
		{
			"description": {
				"identifier": "geometry.sight_coyote - Converted",
				"texture_width": 256,
				"texture_height": 128,
				"visible_bounds_width": 7,
				"visible_bounds_height": 2.5,
				"visible_bounds_offset": [0, 0.75, 0]
			},
			"bones": [
				{
					"name": "scope_body",
					"pivot": [0, 7.7, -0.25]
				},
				{
					"name": "body",
					"parent": "scope_body",
					"pivot": [0, 7.7, -0.25]
				},
				{
					"name": "group2",
					"parent": "body",
					"pivot": [0, 7.6885, -0.37712],
					"cubes": [
						{
							"origin": [-0.6875, 0.4, -1],
							"size": [1.375, 0.5625, 0.875],
							"uv": {
								"north": {"uv": [11, 0], "uv_size": [1.5, 0.5]},
								"east": {"uv": [18, 16], "uv_size": [1, 0.5]},
								"west": {"uv": [19, 2], "uv_size": [1, 0.5]},
								"up": {"uv": [3, 4], "uv_size": [1.5, 1]},
								"down": {"uv": [3, 7], "uv_size": [1.5, -1]}
							}
						},
						{
							"origin": [-0.6875, 0.4, -2.375],
							"size": [1.375, 0.375, 1.375],
							"uv": {
								"east": {"uv": [6, 11], "uv_size": [1.5, 0.5]},
								"west": {"uv": [9, 12], "uv_size": [1.5, 0.5]},
								"down": {"uv": [0, 5.5], "uv_size": [1.5, -1.5]}
							}
						},
						{
							"origin": [-0.625, 0.8375, -2.875],
							"size": [1.25, 0.30774, 0.5],
							"uv": {
								"north": {"uv": [3, 19], "uv_size": [1, 0.5]},
								"east": {"uv": [23, 20], "uv_size": [0.5, 0.5]},
								"south": {"uv": [19, 4], "uv_size": [1, 0.5]},
								"west": {"uv": [23, 22], "uv_size": [0.5, 0.5]},
								"up": {"uv": [19, 6], "uv_size": [1, 0.5]}
							}
						},
						{
							"origin": [-0.625, 0.7372, -2.87077],
							"size": [1.25, 0.3125, 0.375],
							"inflate": -0.001,
							"pivot": [-0.5, 1.1122, -2.68327],
							"rotation": [-22.5, 0, 0],
							"uv": {
								"north": {"uv": [12, 10], "uv_size": [1.5, 0.5]},
								"east": {"uv": [0, 24], "uv_size": [0.5, 0.5]},
								"west": {"uv": [24, 0], "uv_size": [0.5, 0.5]},
								"up": {"uv": [12, 12], "uv_size": [1.5, 0.5]}
							}
						},
						{
							"origin": [-0.6075, 2.14, -2.875],
							"size": [0.0625, 0.21875, 0.5],
							"pivot": [-0.69129, 2.13169, -2.6875],
							"rotation": [0, 0, 45],
							"uv": {
								"north": {"uv": [24, 24], "uv_size": [0.5, 0.5]},
								"east": {"uv": [2, 25], "uv_size": [0.5, 0.5]},
								"south": {"uv": [25, 2], "uv_size": [0.5, 0.5]},
								"west": {"uv": [25, 4], "uv_size": [0.5, 0.5]}
							}
						},
						{
							"origin": [-0.6225, 1.14, -2.875],
							"size": [0.0625, 0.935, 0.5],
							"uv": {
								"north": {"uv": [25, 6], "uv_size": [0.5, 0.5]},
								"east": {"uv": [10, 25], "uv_size": [0.5, 0.5]},
								"south": {"uv": [25, 12], "uv_size": [0.5, 0.5]},
								"west": {"uv": [25, 14], "uv_size": [0.5, 0.5]}
							}
						},
						{
							"origin": [-0.6875, 0.65, -0.125],
							"size": [1.375, 0.3125, 0.6875],
							"uv": {
								"east": {"uv": [25, 18], "uv_size": [0.5, 0.5]},
								"west": {"uv": [25, 20], "uv_size": [0.5, 0.5]},
								"up": {"uv": [14, 0], "uv_size": [1.5, 0.5]},
								"down": {"uv": [14, 6.5], "uv_size": [1.5, -0.5]}
							}
						},
						{
							"origin": [-0.6875, 0.57707, -0.23481],
							"size": [1.375, 0.25, 0.6875],
							"pivot": [0, 0.76457, 0.26519],
							"rotation": [22.5, 0, 0],
							"uv": {
								"east": {"uv": [25, 22], "uv_size": [0.5, 0.5]},
								"west": {"uv": [0, 26], "uv_size": [0.5, 0.5]},
								"down": {"uv": [7, 14.5], "uv_size": [1.5, -0.5]}
							}
						},
						{
							"origin": [-0.54399, 0.65, 0.5625],
							"size": [1.08798, 0.3125, 0.34645],
							"uv": {
								"south": {"uv": [19, 18], "uv_size": [1, 0.5]},
								"up": {"uv": [0, 20], "uv_size": [1, 0.5]},
								"down": {"uv": [20, 0.5], "uv_size": [1, -0.5]}
							}
						},
						{
							"origin": [0.26652, 0.65, 0.1416],
							"size": [0.25, 0.3125, 0.375],
							"pivot": [-0.45601, 0.6385, 0.78184],
							"rotation": [0, -22.5, 0],
							"uv": {
								"west": {"uv": [16, 26], "uv_size": [0.5, 0.5]},
								"up": {"uv": [26, 16], "uv_size": [0.5, 0.5]},
								"down": {"uv": [18, 26.5], "uv_size": [0.5, -0.5]}
							}
						},
						{
							"origin": [-0.60597, 0.65, 0.34737],
							"size": [0.25, 0.3125, 0.375],
							"pivot": [-0.10597, 0.80625, 0.65987],
							"rotation": [0, 22.5, 0],
							"uv": {
								"east": {"uv": [26, 26], "uv_size": [0.5, 0.5]},
								"up": {"uv": [2, 27], "uv_size": [0.5, 0.5]},
								"down": {"uv": [27, 2.5], "uv_size": [0.5, -0.5]}
							}
						},
						{
							"origin": [0.5375, 2.14, -2.875],
							"size": [0.0625, 0.21875, 0.5],
							"pivot": [0.69129, 2.13169, -2.6875],
							"rotation": [0, 0, -45],
							"uv": {
								"north": {"uv": [27, 4], "uv_size": [0.5, 0.5]},
								"east": {"uv": [27, 6], "uv_size": [0.5, 0.5]},
								"south": {"uv": [10, 27], "uv_size": [0.5, 0.5]},
								"west": {"uv": [27, 12], "uv_size": [0.5, 0.5]}
							}
						},
						{
							"origin": [0.5575, 1.14, -2.875],
							"size": [0.0625, 0.935, 0.5],
							"uv": {
								"north": {"uv": [27, 14], "uv_size": [0.5, 0.5]},
								"east": {"uv": [27, 18], "uv_size": [0.5, 0.5]},
								"south": {"uv": [27, 20], "uv_size": [0.5, 0.5]},
								"west": {"uv": [27, 22], "uv_size": [0.5, 0.5]}
							}
						},
						{
							"origin": [-0.625, 0.775, -2.375],
							"size": [1.25, 0.0625, 1.375],
							"uv": {
								"up": {"uv": [4, 0], "uv_size": [1.5, 1.5]}
							}
						},
						{
							"origin": [0.56629, 0.69576, -2.375],
							"size": [0.08839, 0.0625, 1.375],
							"pivot": [0.69129, 0.72701, -2],
							"rotation": [0, 0, 45],
							"uv": {
								"north": {"uv": [0, 28], "uv_size": [0.5, 0.5]},
								"south": {"uv": [28, 0], "uv_size": [0.5, 0.5]},
								"up": {"uv": [0, 11], "uv_size": [0.5, 1.5]}
							}
						},
						{
							"origin": [-0.65468, 0.69576, -2.375],
							"size": [0.08839, 0.0625, 1.375],
							"pivot": [-0.69129, 0.72701, -2],
							"rotation": [0, 0, -45],
							"uv": {
								"north": {"uv": [4, 28], "uv_size": [0.5, 0.5]},
								"south": {"uv": [6, 28], "uv_size": [0.5, 0.5]},
								"up": {"uv": [10, 14], "uv_size": [0.5, 1.5]}
							}
						},
						{
							"origin": [-0.67994, 0.81778, -2.9375],
							"size": [0.07704, 0.16682, 0.5625],
							"pivot": [-0.63415, 0.84665, -2.65625],
							"rotation": [0, 0, 22.5],
							"uv": {
								"north": {"uv": [8, 28], "uv_size": [0.5, 0.5]},
								"east": {"uv": [28, 8], "uv_size": [0.5, 0.5]},
								"south": {"uv": [28, 10], "uv_size": [0.5, 0.5]},
								"west": {"uv": [12, 28], "uv_size": [0.5, 0.5]},
								"up": {"uv": [14, 28], "uv_size": [0.5, 0.5]}
							}
						},
						{
							"origin": [-0.6875, 0.4, -2.9375],
							"size": [1.375, 0.4375, 0.5625],
							"uv": {
								"east": {"uv": [16, 28], "uv_size": [0.5, 0.5]},
								"west": {"uv": [28, 16], "uv_size": [0.5, 0.5]},
								"down": {"uv": [14, 8.5], "uv_size": [1.5, -0.5]}
							}
						},
						{
							"origin": [0.6029, 0.81778, -2.9375],
							"size": [0.07704, 0.16682, 0.5625],
							"pivot": [0.63415, 0.84665, -2.65625],
							"rotation": [0, 0, -22.5],
							"uv": {
								"north": {"uv": [18, 28], "uv_size": [0.5, 0.5]},
								"east": {"uv": [20, 28], "uv_size": [0.5, 0.5]},
								"south": {"uv": [22, 28], "uv_size": [0.5, 0.5]},
								"west": {"uv": [24, 28], "uv_size": [0.5, 0.5]},
								"up": {"uv": [28, 24], "uv_size": [0.5, 0.5]}
							}
						},
						{
							"origin": [-0.625, 0.4, -3],
							"size": [1.25, 0.4375, 0.0625],
							"uv": {
								"north": {"uv": [12, 14], "uv_size": [1.5, 0.5]},
								"down": {"uv": [3, 15.5], "uv_size": [1.5, -0.5]}
							}
						},
						{
							"origin": [0.59631, 0.4, -3.00776],
							"size": [0.08838, 0.4375, 0.07703],
							"pivot": [0.60129, 0.55625, -2.96924],
							"rotation": [0, -45, 0],
							"uv": {
								"north": {"uv": [26, 28], "uv_size": [0.5, 0.5]},
								"up": {"uv": [28, 26], "uv_size": [0.5, 0.5]},
								"down": {"uv": [28, 28.5], "uv_size": [0.5, -0.5]}
							}
						},
						{
							"origin": [-0.68469, 0.4, -3.00776],
							"size": [0.08838, 0.4375, 0.07703],
							"pivot": [-0.60129, 0.55625, -2.96924],
							"rotation": [0, 45, 0],
							"uv": {
								"north": {"uv": [2, 29], "uv_size": [0.5, 0.5]},
								"up": {"uv": [29, 2], "uv_size": [0.5, 0.5]},
								"down": {"uv": [29, 4.5], "uv_size": [0.5, -0.5]}
							}
						},
						{
							"origin": [-0.6875, 0.66975, -2.40837],
							"size": [1.375, 0.0625, 0.1875],
							"pivot": [0, 0.701, -2.12712],
							"rotation": [-22.5, 0, 0],
							"uv": {
								"east": {"uv": [29, 6], "uv_size": [0.5, 0.5]},
								"west": {"uv": [10, 29], "uv_size": [0.5, 0.5]},
								"up": {"uv": [15, 10], "uv_size": [1.5, 0.5]}
							}
						}
					]
				},
				{
					"name": "octagon2",
					"parent": "body",
					"pivot": [0, 7.7, -0.25],
					"cubes": [
						{
							"origin": [-0.18122, 0.2125, -0.25],
							"size": [0.36244, 0.625, 0.875],
							"pivot": [0, 0.525, 0.1875],
							"rotation": [0, -22.5, 0],
							"uv": {
								"south": {"uv": [29, 12], "uv_size": [0.5, 0.5]},
								"up": {"uv": [5, 20], "uv_size": [0.5, 1]}
							}
						},
						{
							"origin": [-0.18122, 0.2125, -0.25],
							"size": [0.36244, 0.625, 0.875],
							"pivot": [0, 0.525, 0.1875],
							"rotation": [0, 22.5, 0],
							"uv": {
								"south": {"uv": [29, 14], "uv_size": [0.5, 0.5]},
								"up": {"uv": [7, 20], "uv_size": [0.5, 1]}
							}
						},
						{
							"origin": [-0.4375, 0.2125, 0.00628],
							"size": [0.875, 0.625, 0.36244],
							"pivot": [0, 0.525, 0.1875],
							"rotation": [0, -22.5, 0],
							"uv": {
								"east": {"uv": [29, 18], "uv_size": [0.5, 0.5]},
								"west": {"uv": [29, 20], "uv_size": [0.5, 0.5]},
								"up": {"uv": [20, 8], "uv_size": [1, 0.5]}
							}
						},
						{
							"origin": [-0.4375, 0.2125, 0.00628],
							"size": [0.875, 0.625, 0.36244],
							"pivot": [0, 0.525, 0.1875],
							"rotation": [0, 22.5, 0],
							"uv": {
								"east": {"uv": [29, 22], "uv_size": [0.5, 0.5]},
								"west": {"uv": [0, 30], "uv_size": [0.5, 0.5]},
								"up": {"uv": [9, 20], "uv_size": [1, 0.5]}
							}
						}
					]
				},
				{
					"name": "base",
					"parent": "scope_body",
					"pivot": [7, -0.05, -8.25],
					"cubes": [
						{
							"origin": [-0.6875, -0.2875, -3],
							"size": [0.3125, 0.5625, 2.75],
							"uv": {
								"north": {"uv": [30, 0], "uv_size": [0.5, 0.5]},
								"east": {"uv": [6, 3], "uv_size": [3, 0.5]},
								"south": {"uv": [4, 30], "uv_size": [0.5, 0.5]},
								"west": {"uv": [6, 5], "uv_size": [3, 0.5]},
								"up": {"uv": [0, 7], "uv_size": [0.5, 3]},
								"down": {"uv": [6, 10], "uv_size": [0.5, -3]}
							}
						},
						{
							"origin": [0.375, -0.2875, -3],
							"size": [0.3125, 0.5625, 2.75],
							"uv": {
								"north": {"uv": [6, 30], "uv_size": [0.5, 0.5]},
								"east": {"uv": [7, 0], "uv_size": [3, 0.5]},
								"south": {"uv": [8, 30], "uv_size": [0.5, 0.5]},
								"west": {"uv": [2, 8], "uv_size": [3, 0.5]},
								"up": {"uv": [8, 7], "uv_size": [0.5, 3]},
								"down": {"uv": [2, 13], "uv_size": [0.5, -3]}
							}
						},
						{
							"origin": [-0.375, 0.025, -3],
							"size": [0.75, 0.25, 2.75],
							"uv": {
								"north": {"uv": [20, 10], "uv_size": [1, 0.5]},
								"south": {"uv": [13, 20], "uv_size": [1, 0.5]},
								"up": {"uv": [0, 0], "uv_size": [1, 3]},
								"down": {"uv": [2, 3], "uv_size": [1, -3]}
							}
						},
						{
							"origin": [-0.5625, 0.275, -2.9375],
							"size": [1.125, 0.125, 2.625],
							"uv": {
								"north": {"uv": [15, 20], "uv_size": [1, 0.5]},
								"east": {"uv": [10, 6], "uv_size": [2.5, 0.5]},
								"south": {"uv": [20, 16], "uv_size": [1, 0.5]},
								"west": {"uv": [10, 8], "uv_size": [2.5, 0.5]}
							}
						}
					]
				},
				{
					"name": "group",
					"parent": "scope_body",
					"pivot": [-8.25, -0.675, -8.125],
					"cubes": [
						{
							"origin": [-0.375, 0.54959, 0.23752],
							"size": [0.125, 0.375, 0],
							"pivot": [0, 0.67459, -0.44998],
							"rotation": [45, 0, 0],
							"uv": {
								"east": {"uv": [30, 8], "uv_size": [0.5, 0.5]},
								"west": {"uv": [30, 10], "uv_size": [0.5, 0.5]},
								"up": {"uv": [12, 30], "uv_size": [0.5, 0.5]}
							}
						}
					]
				},
				{
					"name": "knobs",
					"parent": "scope_body",
					"pivot": [0, 7.7, -0.25]
				},
				{
					"name": "octagon3",
					"parent": "knobs",
					"pivot": [0, 7.7, -0.25],
					"cubes": [
						{
							"origin": [-0.625, 0.8375, -1.88388],
							"size": [1.25, 0.3125, 0.39276],
							"pivot": [0, 0.9625, -1.6875],
							"rotation": [0, 22.5, 0],
							"uv": {
								"north": {"uv": [15, 12], "uv_size": [1.5, 0.5]},
								"east": {"uv": [31, 4], "uv_size": [0.5, 0.5]},
								"south": {"uv": [15, 14], "uv_size": [1.5, 0.5]},
								"west": {"uv": [31, 6], "uv_size": [0.5, 0.5]},
								"up": {"uv": [0, 16], "uv_size": [1.5, 0.5]},
								"down": {"uv": [16, 2.5], "uv_size": [1.5, -0.5]}
							}
						},
						{
							"origin": [-0.625, 0.8375, -1.88388],
							"size": [1.25, 0.3125, 0.39276],
							"pivot": [0, 0.99375, -1.6875],
							"rotation": [0, -22.5, 0],
							"uv": {
								"north": {"uv": [16, 4], "uv_size": [1.5, 0.5]},
								"east": {"uv": [10, 31], "uv_size": [0.5, 0.5]},
								"south": {"uv": [6, 16], "uv_size": [1.5, 0.5]},
								"west": {"uv": [31, 12], "uv_size": [0.5, 0.5]},
								"up": {"uv": [12, 16], "uv_size": [1.5, 0.5]},
								"down": {"uv": [15, 16.5], "uv_size": [1.5, -0.5]}
							}
						},
						{
							"origin": [-0.19638, 0.8375, -2.3125],
							"size": [0.39276, 0.3125, 1.25],
							"pivot": [0, 0.99375, -1.6875],
							"rotation": [0, -22.5, 0],
							"uv": {
								"north": {"uv": [31, 14], "uv_size": [0.5, 0.5]},
								"east": {"uv": [17, 0], "uv_size": [1.5, 0.5]},
								"south": {"uv": [31, 18], "uv_size": [0.5, 0.5]},
								"west": {"uv": [3, 17], "uv_size": [1.5, 0.5]},
								"up": {"uv": [17, 6], "uv_size": [0.5, 1.5]},
								"down": {"uv": [9, 18.5], "uv_size": [0.5, -1.5]}
							}
						},
						{
							"origin": [-0.25888, 0.8375, -2.1875],
							"size": [0.51776, 0.3125, 1],
							"pivot": [0, 0.9625, -1.6875],
							"rotation": [0, -22.5, 0],
							"uv": {
								"north": {"uv": [31, 20], "uv_size": [0.5, 0.5]},
								"south": {"uv": [31, 22], "uv_size": [0.5, 0.5]},
								"up": {"uv": [22, 0], "uv_size": [0.5, 1]},
								"down": {"uv": [4, 23], "uv_size": [0.5, -1]}
							}
						},
						{
							"origin": [-0.19638, 0.8375, -2.3125],
							"size": [0.39276, 0.3125, 1.25],
							"pivot": [0, 0.9625, -1.6875],
							"rotation": [0, 22.5, 0],
							"uv": {
								"north": {"uv": [0, 32], "uv_size": [0.5, 0.5]},
								"east": {"uv": [0, 18], "uv_size": [1.5, 0.5]},
								"south": {"uv": [32, 0], "uv_size": [0.5, 0.5]},
								"west": {"uv": [6, 18], "uv_size": [1.5, 0.5]},
								"up": {"uv": [18, 9], "uv_size": [0.5, 1.5]},
								"down": {"uv": [11, 19.5], "uv_size": [0.5, -1.5]}
							}
						},
						{
							"origin": [-0.5, 0.8375, -1.94638],
							"size": [1, 0.3125, 0.51776],
							"pivot": [0, 0.9625, -1.6875],
							"rotation": [0, -22.5, 0],
							"uv": {
								"east": {"uv": [4, 32], "uv_size": [0.5, 0.5]},
								"west": {"uv": [6, 32], "uv_size": [0.5, 0.5]},
								"up": {"uv": [6, 22], "uv_size": [1, 0.5]},
								"down": {"uv": [8, 22.5], "uv_size": [1, -0.5]}
							}
						}
					]
				},
				{
					"name": "octagon",
					"parent": "knobs",
					"pivot": [0, 7.7, -0.25],
					"cubes": [
						{
							"origin": [-0.20711, 0.15, -0.3125],
							"size": [0.41422, 0.25, 1],
							"pivot": [0, 0.275, 0.1875],
							"rotation": [0, -22.5, 0],
							"uv": {
								"north": {"uv": [8, 32], "uv_size": [0.5, 0.5]},
								"south": {"uv": [32, 8], "uv_size": [0.5, 0.5]},
								"up": {"uv": [22, 8], "uv_size": [0.5, 1]},
								"down": {"uv": [22, 11], "uv_size": [0.5, -1]}
							}
						},
						{
							"origin": [-0.20711, 0.15, -0.3125],
							"size": [0.41422, 0.25, 1],
							"pivot": [0, 0.275, 0.1875],
							"rotation": [0, 22.5, 0],
							"uv": {
								"north": {"uv": [32, 10], "uv_size": [0.5, 0.5]},
								"south": {"uv": [12, 32], "uv_size": [0.5, 0.5]},
								"up": {"uv": [13, 22], "uv_size": [0.5, 1]},
								"down": {"uv": [15, 23], "uv_size": [0.5, -1]}
							}
						},
						{
							"origin": [-0.5, 0.15, -0.01961],
							"size": [1, 0.25, 0.41422],
							"pivot": [0, 0.275, 0.1875],
							"rotation": [0, -22.5, 0],
							"uv": {
								"east": {"uv": [14, 32], "uv_size": [0.5, 0.5]},
								"west": {"uv": [16, 32], "uv_size": [0.5, 0.5]},
								"up": {"uv": [22, 16], "uv_size": [1, 0.5]},
								"down": {"uv": [17, 22.5], "uv_size": [1, -0.5]}
							}
						},
						{
							"origin": [0.04289, 0.15, 0.6875],
							"size": [0.10172, 0.25, 0.1875],
							"pivot": [0, 0.275, 0.1875],
							"rotation": [0, -22.5, 0],
							"uv": {
								"east": {"uv": [32, 16], "uv_size": [0.5, 0.5]},
								"south": {"uv": [18, 32], "uv_size": [0.5, 0.5]},
								"up": {"uv": [20, 32], "uv_size": [0.5, 0.5]},
								"down": {"uv": [22, 32.5], "uv_size": [0.5, -0.5]}
							}
						},
						{
							"origin": [-0.14461, 0.15, 0.6875],
							"size": [0.10172, 0.25, 0.1875],
							"pivot": [0, 0.275, 0.1875],
							"rotation": [0, -22.5, 0],
							"uv": {
								"south": {"uv": [24, 32], "uv_size": [0.5, 0.5]},
								"west": {"uv": [32, 24], "uv_size": [0.5, 0.5]},
								"up": {"uv": [26, 32], "uv_size": [0.5, 0.5]},
								"down": {"uv": [32, 26.5], "uv_size": [0.5, -0.5]}
							}
						},
						{
							"origin": [-0.39669, 0.15, 0.51733],
							"size": [0.10171, 0.25, 0.25],
							"uv": {
								"east": {"uv": [28, 32], "uv_size": [0.5, 0.5]},
								"up": {"uv": [32, 28], "uv_size": [0.5, 0.5]},
								"down": {"uv": [30, 32.5], "uv_size": [0.5, -0.5]}
							}
						},
						{
							"origin": [-0.28079, 0.15, 0.78152],
							"size": [0.25, 0.25, 0.10171],
							"pivot": [-0.21145, 0.275, 0.69799],
							"rotation": [0, 45, 0],
							"uv": {
								"south": {"uv": [32, 30], "uv_size": [0.5, 0.5]},
								"up": {"uv": [32, 32], "uv_size": [0.5, 0.5]},
								"down": {"uv": [2, 33.5], "uv_size": [0.5, -0.5]}
							}
						},
						{
							"origin": [-0.5, 0.15, -0.01961],
							"size": [1, 0.25, 0.41422],
							"pivot": [0, 0.275, 0.1875],
							"rotation": [0, 22.5, 0],
							"uv": {
								"east": {"uv": [33, 2], "uv_size": [0.5, 0.5]},
								"west": {"uv": [33, 4], "uv_size": [0.5, 0.5]},
								"up": {"uv": [19, 22], "uv_size": [1, 0.5]},
								"down": {"uv": [21, 22.5], "uv_size": [1, -0.5]}
							}
						}
					]
				},
				{
					"name": "screws",
					"parent": "scope_body",
					"pivot": [0, 7.65581, 1],
					"cubes": [
						{
							"origin": [0.4375, -0.225, -2.8125],
							"size": [0.3125, 0.25, 0.25],
							"pivot": [0, -0.0375, -2.625],
							"rotation": [-45, 0, 0],
							"uv": {
								"north": {"uv": [33, 6], "uv_size": [0.5, 0.5]},
								"east": {"uv": [10, 33], "uv_size": [0.5, 0.5]},
								"south": {"uv": [33, 12], "uv_size": [0.5, 0.5]},
								"west": {"uv": [33, 14], "uv_size": [0.5, 0.5]},
								"up": {"uv": [33, 18], "uv_size": [0.5, 0.5]},
								"down": {"uv": [33, 20.5], "uv_size": [0.5, -0.5]}
							}
						},
						{
							"origin": [0.4375, -0.1, -0.75],
							"size": [0.3125, 0.25, 0.25],
							"pivot": [0, 0.025, -0.625],
							"rotation": [-45, 0, 0],
							"uv": {
								"north": {"uv": [33, 22], "uv_size": [0.5, 0.5]},
								"east": {"uv": [0, 34], "uv_size": [0.5, 0.5]},
								"south": {"uv": [34, 0], "uv_size": [0.5, 0.5]},
								"west": {"uv": [4, 34], "uv_size": [0.5, 0.5]},
								"up": {"uv": [6, 34], "uv_size": [0.5, 0.5]},
								"down": {"uv": [8, 34.5], "uv_size": [0.5, -0.5]}
							}
						},
						{
							"origin": [-0.71875, -0.1625, -2.75],
							"size": [0.28125, 0.125, 0.125],
							"pivot": [0, -0.0375, -2.625],
							"rotation": [-45, 0, 0],
							"uv": {
								"north": {"uv": [34, 8], "uv_size": [0.5, 0.5]},
								"east": {"uv": [34, 10], "uv_size": [0.5, 0.5]},
								"south": {"uv": [12, 34], "uv_size": [0.5, 0.5]},
								"west": {"uv": [14, 34], "uv_size": [0.5, 0.5]},
								"up": {"uv": [16, 34], "uv_size": [0.5, 0.5]},
								"down": {"uv": [34, 16.5], "uv_size": [0.5, -0.5]}
							}
						},
						{
							"origin": [-0.71875, -0.0375, -0.6875],
							"size": [0.28125, 0.125, 0.125],
							"pivot": [0, 0.025, -0.625],
							"rotation": [-45, 0, 0],
							"uv": {
								"north": {"uv": [18, 34], "uv_size": [0.5, 0.5]},
								"east": {"uv": [20, 34], "uv_size": [0.5, 0.5]},
								"south": {"uv": [22, 34], "uv_size": [0.5, 0.5]},
								"west": {"uv": [24, 34], "uv_size": [0.5, 0.5]},
								"up": {"uv": [34, 24], "uv_size": [0.5, 0.5]},
								"down": {"uv": [26, 34.5], "uv_size": [0.5, -0.5]}
							}
						},
						{
							"origin": [-0.75, 0.65, -0.5625],
							"size": [1.5, 0.1875, 0.1875],
							"pivot": [0, 0.775, -0.5],
							"rotation": [-45, 0, 0],
							"uv": {
								"north": {"uv": [18, 12], "uv_size": [1.5, 0.5]},
								"east": {"uv": [34, 26], "uv_size": [0.5, 0.5]},
								"south": {"uv": [13, 18], "uv_size": [1.5, 0.5]},
								"west": {"uv": [28, 34], "uv_size": [0.5, 0.5]},
								"up": {"uv": [18, 14], "uv_size": [1.5, 0.5]},
								"down": {"uv": [16, 18.5], "uv_size": [1.5, -0.5]}
							}
						},
						{
							"origin": [-0.15625, 0.73081, -0.84375],
							"size": [0.25, 0.25, 0.25],
							"pivot": [0, 0.66831, -0.75],
							"rotation": [0, 45, 0],
							"uv": {
								"north": {"uv": [34, 28], "uv_size": [0.5, 0.5]},
								"east": {"uv": [30, 34], "uv_size": [0.5, 0.5]},
								"south": {"uv": [34, 30], "uv_size": [0.5, 0.5]},
								"west": {"uv": [32, 34], "uv_size": [0.5, 0.5]},
								"up": {"uv": [34, 32], "uv_size": [0.5, 0.5]},
								"down": {"uv": [34, 34.5], "uv_size": [0.5, -0.5]}
							}
						}
					]
				},
				{
					"name": "division",
					"pivot": [0.05, 0.95, -55.25]
				},
				{
					"name": "division_illuminated",
					"parent": "division",
					"pivot": [0.05, 1.05, -55.25],
					"cubes": [
						{
							"origin": [-0.25, 1.47, -55.7],
							"size": [0.5, 0.5, 0.3],
							"uv": {
								"south": {"uv": [181.5, 53], "uv_size": [20, 20]}
							}
						}
					]
				},
				{
					"name": "ocular",
					"pivot": [0, 1, -0.975],
					"cubes": [
						{
							"origin": [-0.62638, 1.14927, -2.669],
							"size": [1.24963, 1.02491, 0.02463],
							"uv": {
								"south": {"uv": [26, 24], "uv_size": [0.5, 0.5]}
							}
						}
					]
				},
				{
					"name": "scope_view",
					"pivot": [0, 1.7, 6.75]
				}
			]
		}
	]
}