{
  "materials": [
    {
      "item": {
        "tag": "forge:ingots/iron"
      },
      "count": 14
    },
    {
      "item": {
        "tag": "forge:ingots/gold"
      },
      "count": 5
    },
    {
      "item": {
        "tag": "forge:dusts/redstone"
      },
      "count": 8
    },
    {
      "item": {
        "tag": "forge:glass"
      },
      "count": 4
    }
  ],
  "result": {
    "type": "attachment",
    "id": "tacz_gunskin:sight_552_uss_laffey"
  },
  "type": "tacz:gun_smith_table_crafting"
}