{
	"format_version": "1.12.0",
	"minecraft:geometry": [
		{
			"description": {
				"identifier": "geometry..50 bmg - Converted",
				"texture_width": 32,
				"texture_height": 32,
				"visible_bounds_width": 2,
				"visible_bounds_height": 1.5,
				"visible_bounds_offset": [0, 0.25, 0]
			},
			"bones": [
				{
					"name": "sfgl_he2",
					"pivot": [0, 0, -0.96728],
					"cubes": [
						{
							"origin": [-0.36666, -0.22104, 1.47835],
							"size": [0.73332, 1.19163, 0.73331],
							"pivot": [0, -0.00022, 1.845],
							"rotation": [90, 0, -45],
							"uv": {
								"north": {"uv": [13, 3], "uv_size": [0.5, 1]},
								"east": {"uv": [13, 5], "uv_size": [0.5, 1]},
								"south": {"uv": [7, 13], "uv_size": [0.5, 1]},
								"west": {"uv": [13, 8], "uv_size": [0.5, 1]},
								"up": {"uv": [4, 16], "uv_size": [0.5, 0.5]},
								"down": {"uv": [16, 4.5], "uv_size": [0.5, -0.5]}
							}
						}
					]
				},
				{
					"name": "octagon7",
					"parent": "sfgl_he2",
					"pivot": [0, 0, 2.15382],
					"rotation": [90, 0, 0]
				},
				{
					"name": "bone4",
					"parent": "sfgl_he2",
					"pivot": [0, 0, -3.47118],
					"rotation": [90, 0, 0]
				},
				{
					"name": "bone5",
					"parent": "bone4",
					"pivot": [0, 0, -3.47118]
				},
				{
					"name": "bone6",
					"parent": "bone5",
					"pivot": [0, 0, -4.16189],
					"rotation": [-18.35164, 0, 0]
				},
				{
					"name": "bone7",
					"parent": "bone6",
					"pivot": [0, -0.0373, -4.16189],
					"rotation": [0, 0, -7.43025]
				},
				{
					"name": "bone8",
					"parent": "bone6",
					"pivot": [0, -0.0373, -4.16189],
					"rotation": [0, 0, 7.43025]
				},
				{
					"name": "bone9",
					"parent": "bone4",
					"pivot": [0, 0, -3.47118],
					"rotation": [0, -45, 0]
				},
				{
					"name": "bone10",
					"parent": "bone9",
					"pivot": [0, 0, -4.16189],
					"rotation": [-18.35164, 0, 0]
				},
				{
					"name": "bone11",
					"parent": "bone10",
					"pivot": [0, -0.0373, -4.16189],
					"rotation": [0, 0, -7.43025]
				},
				{
					"name": "bone12",
					"parent": "bone10",
					"pivot": [0, -0.0373, -4.16189],
					"rotation": [0, 0, 7.43025]
				},
				{
					"name": "bone13",
					"parent": "bone4",
					"pivot": [0, 0, -3.47118],
					"rotation": [0, -90, 0]
				},
				{
					"name": "bone14",
					"parent": "bone13",
					"pivot": [0, 0, -4.16189],
					"rotation": [-18.35164, 0, 0]
				},
				{
					"name": "bone15",
					"parent": "bone14",
					"pivot": [0, -0.0373, -4.16189],
					"rotation": [0, 0, -7.43025]
				},
				{
					"name": "bone16",
					"parent": "bone14",
					"pivot": [0, -0.0373, -4.16189],
					"rotation": [0, 0, 7.43025]
				},
				{
					"name": "bone17",
					"parent": "bone4",
					"pivot": [0, 0, -3.47118],
					"rotation": [0, -135, 0]
				},
				{
					"name": "bone18",
					"parent": "bone17",
					"pivot": [0, 0, -4.16189],
					"rotation": [-18.35164, 0, 0]
				},
				{
					"name": "bone19",
					"parent": "bone18",
					"pivot": [0, -0.0373, -4.16189],
					"rotation": [0, 0, -7.43025]
				},
				{
					"name": "bone20",
					"parent": "bone18",
					"pivot": [0, -0.0373, -4.16189],
					"rotation": [0, 0, 7.43025]
				},
				{
					"name": "bone21",
					"parent": "bone4",
					"pivot": [0, 0, -3.47118],
					"rotation": [0, -180, 0]
				},
				{
					"name": "bone22",
					"parent": "bone21",
					"pivot": [0, 0, -4.16189],
					"rotation": [-18.35164, 0, 0]
				},
				{
					"name": "bone23",
					"parent": "bone22",
					"pivot": [0, -0.0373, -4.16189],
					"rotation": [0, 0, -7.43025]
				},
				{
					"name": "bone24",
					"parent": "bone22",
					"pivot": [0, -0.0373, -4.16189],
					"rotation": [0, 0, 7.43025]
				},
				{
					"name": "bone25",
					"parent": "bone4",
					"pivot": [0, 0, -3.47118],
					"rotation": [0, -225, 0]
				},
				{
					"name": "bone26",
					"parent": "bone25",
					"pivot": [0, 0, -4.16189],
					"rotation": [-18.35164, 0, 0]
				},
				{
					"name": "bone27",
					"parent": "bone26",
					"pivot": [0, -0.0373, -4.16189],
					"rotation": [0, 0, -7.43025]
				},
				{
					"name": "bone28",
					"parent": "bone26",
					"pivot": [0, -0.0373, -4.16189],
					"rotation": [0, 0, 7.43025]
				},
				{
					"name": "bone29",
					"parent": "bone4",
					"pivot": [0, 0, -3.47118],
					"rotation": [0, -270, 0]
				},
				{
					"name": "bone30",
					"parent": "bone29",
					"pivot": [0, 0, -4.16189],
					"rotation": [-18.35164, 0, 0]
				},
				{
					"name": "bone31",
					"parent": "bone30",
					"pivot": [0, -0.0373, -4.16189],
					"rotation": [0, 0, -7.43025]
				},
				{
					"name": "bone32",
					"parent": "bone30",
					"pivot": [0, -0.0373, -4.16189],
					"rotation": [0, 0, 7.43025]
				},
				{
					"name": "bone33",
					"parent": "bone4",
					"pivot": [0, 0, -3.47118],
					"rotation": [0, -315, 0]
				},
				{
					"name": "bone34",
					"parent": "bone33",
					"pivot": [0, 0, -4.16189],
					"rotation": [-18.35164, 0, 0]
				},
				{
					"name": "bone35",
					"parent": "bone34",
					"pivot": [0, -0.0373, -4.16189],
					"rotation": [0, 0, -7.43025]
				},
				{
					"name": "bone36",
					"parent": "bone34",
					"pivot": [0, -0.0373, -4.16189],
					"rotation": [0, 0, 7.43025]
				},
				{
					"name": "octagon8",
					"parent": "sfgl_he2",
					"pivot": [0.0005, -0.00293, -9.54908],
					"rotation": [90, 0, 0],
					"cubes": [
						{
							"origin": [-0.28665, -11.59948, -10.2438],
							"size": [0.57713, 0.21998, 1.39329],
							"pivot": [0, -7.05129, -9.54614],
							"rotation": [0, -45, 0],
							"uv": {
								"north": {"uv": [17, 4], "uv_size": [0.5, 0.5]},
								"east": {"uv": [10, 6], "uv_size": [1.5, 0.5]},
								"south": {"uv": [5, 17], "uv_size": [0.5, 0.5]},
								"west": {"uv": [10, 7], "uv_size": [1.5, 0.5]},
								"up": {"uv": [8, 10], "uv_size": [0.5, 1.5]},
								"down": {"uv": [10, 9.5], "uv_size": [0.5, -1.5]}
							}
						},
						{
							"origin": [-0.28856, -11.59948, -10.24301],
							"size": [0.57713, 0.21998, 1.39329],
							"uv": {
								"north": {"uv": [17, 5], "uv_size": [0.5, 0.5]},
								"east": {"uv": [10, 10], "uv_size": [1.5, 0.5]},
								"south": {"uv": [6, 17], "uv_size": [0.5, 0.5]},
								"west": {"uv": [11, 0], "uv_size": [1.5, 0.5]},
								"up": {"uv": [11, 1], "uv_size": [0.5, 1.5]},
								"down": {"uv": [11, 4.5], "uv_size": [0.5, -1.5]}
							}
						},
						{
							"origin": [-0.69474, -11.59948, -9.83573],
							"size": [1.3933, 0.21998, 0.57712],
							"pivot": [0, -7.05129, -9.54614],
							"rotation": [0, -45, 0],
							"uv": {
								"north": {"uv": [4, 11], "uv_size": [1.5, 0.5]},
								"east": {"uv": [17, 6], "uv_size": [0.5, 0.5]},
								"south": {"uv": [11, 5], "uv_size": [1.5, 0.5]},
								"west": {"uv": [7, 17], "uv_size": [0.5, 0.5]},
								"up": {"uv": [11, 8], "uv_size": [1.5, 0.5]},
								"down": {"uv": [9, 11.5], "uv_size": [1.5, -0.5]}
							}
						},
						{
							"origin": [-0.69665, -11.59948, -9.83494],
							"size": [1.3933, 0.21998, 0.57713],
							"uv": {
								"north": {"uv": [11, 9], "uv_size": [1.5, 0.5]},
								"east": {"uv": [17, 7], "uv_size": [0.5, 0.5]},
								"south": {"uv": [11, 11], "uv_size": [1.5, 0.5]},
								"west": {"uv": [8, 17], "uv_size": [0.5, 0.5]},
								"up": {"uv": [0, 12], "uv_size": [1.5, 0.5]},
								"down": {"uv": [12, 1.5], "uv_size": [1.5, -0.5]}
							}
						}
					]
				},
				{
					"name": "octagon9",
					"parent": "sfgl_he2",
					"pivot": [0.0005, -0.00293, -9.54908],
					"rotation": [90, 0, 0],
					"cubes": [
						{
							"origin": [-0.21072, -11.3795, -10.06047],
							"size": [0.42527, 0.36667, 1.02662],
							"pivot": [0, -7.05129, -9.54614],
							"rotation": [0, -45, 0],
							"uv": {
								"north": {"uv": [17, 8], "uv_size": [0.5, 0.5]},
								"east": {"uv": [0, 16], "uv_size": [1, 0.5]},
								"south": {"uv": [9, 17], "uv_size": [0.5, 0.5]},
								"west": {"uv": [16, 0], "uv_size": [1, 0.5]}
							}
						},
						{
							"origin": [-0.21262, -11.3795, -10.05969],
							"size": [0.42524, 0.36667, 1.02664],
							"uv": {
								"north": {"uv": [17, 9], "uv_size": [0.5, 0.5]},
								"east": {"uv": [1, 16], "uv_size": [1, 0.5]},
								"south": {"uv": [10, 17], "uv_size": [0.5, 0.5]},
								"west": {"uv": [16, 1], "uv_size": [1, 0.5]}
							}
						},
						{
							"origin": [-0.51141, -11.3795, -9.75979],
							"size": [1.02664, 0.36667, 0.42525],
							"pivot": [0, -7.05129, -9.54614],
							"rotation": [0, -45, 0],
							"uv": {
								"north": {"uv": [2, 16], "uv_size": [1, 0.5]},
								"east": {"uv": [17, 10], "uv_size": [0.5, 0.5]},
								"south": {"uv": [16, 2], "uv_size": [1, 0.5]},
								"west": {"uv": [11, 17], "uv_size": [0.5, 0.5]}
							}
						},
						{
							"origin": [-0.51331, -11.3795, -9.75899],
							"size": [1.02662, 0.36667, 0.42525],
							"uv": {
								"north": {"uv": [3, 16], "uv_size": [1, 0.5]},
								"east": {"uv": [17, 11], "uv_size": [0.5, 0.5]},
								"south": {"uv": [16, 3], "uv_size": [1, 0.5]},
								"west": {"uv": [12, 17], "uv_size": [0.5, 0.5]}
							}
						}
					]
				},
				{
					"name": "octagon23",
					"parent": "sfgl_he2",
					"pivot": [0.0005, -0.00293, -9.54908],
					"rotation": [90, 0, 0],
					"cubes": [
						{
							"origin": [-0.28665, -11.08617, -10.24443],
							"size": [0.57652, 2.82371, 1.39392],
							"pivot": [0, -7.05129, -9.54614],
							"rotation": [0, -45, 0],
							"uv": {
								"north": {"uv": [9, 7], "uv_size": [0.5, 3]},
								"east": {"uv": [2, 6], "uv_size": [1.5, 3]},
								"south": {"uv": [10, 0], "uv_size": [0.5, 3]},
								"west": {"uv": [6, 3], "uv_size": [1.5, 3]},
								"up": {"uv": [2, 14], "uv_size": [0.5, 1.5]},
								"down": {"uv": [4, 15.5], "uv_size": [0.5, -1.5]}
							}
						},
						{
							"origin": [-0.28856, -11.08617, -10.24301],
							"size": [0.5792, 2.82371, 1.39415],
							"uv": {
								"north": {"uv": [10, 3], "uv_size": [0.5, 3]},
								"east": {"uv": [6, 6], "uv_size": [1.5, 3]},
								"south": {"uv": [3, 12], "uv_size": [0.5, 3]},
								"west": {"uv": [8, 0], "uv_size": [1.5, 3]},
								"up": {"uv": [6, 14], "uv_size": [0.5, 1.5]},
								"down": {"uv": [7, 15.5], "uv_size": [0.5, -1.5]}
							}
						},
						{
							"origin": [-0.69474, -11.08617, -9.83573],
							"size": [1.3933, 2.82371, 0.57712],
							"pivot": [0, -7.05129, -9.54614],
							"rotation": [0, -45, 0],
							"uv": {
								"north": {"uv": [2, 9], "uv_size": [1.5, 3]},
								"east": {"uv": [13, 11], "uv_size": [0.5, 3]},
								"south": {"uv": [9, 12], "uv_size": [1.5, 3]},
								"west": {"uv": [14, 1], "uv_size": [0.5, 3]},
								"up": {"uv": [8, 3], "uv_size": [1.5, 0.5]},
								"down": {"uv": [13, 9.5], "uv_size": [1.5, -0.5]}
							}
						},
						{
							"origin": [-0.69665, -11.08617, -9.83494],
							"size": [1.39538, 2.82371, 0.57799],
							"uv": {
								"north": {"uv": [11, 12], "uv_size": [1.5, 3]},
								"east": {"uv": [14, 4], "uv_size": [0.5, 3]},
								"south": {"uv": [0, 13], "uv_size": [1.5, 3]},
								"west": {"uv": [5, 14], "uv_size": [0.5, 3]},
								"up": {"uv": [14, 7], "uv_size": [1.5, 0.5]},
								"down": {"uv": [14, 8.5], "uv_size": [1.5, -0.5]}
							}
						}
					]
				}
			]
		}
	]
}