{
	"format_version": "1.12.0",
	"minecraft:geometry": [
		{
			"description": {
				"identifier": "geometry.762x39 - Converted",
				"texture_width": 8,
				"texture_height": 8,
				"visible_bounds_width": 2,
				"visible_bounds_height": 1.5,
				"visible_bounds_offset": [0, 0.25, 0]
			},
			"bones": [
				{
					"name": "762x39",
					"pivot": [0, 0, 0],
					"rotation": [90, 0, 0],
					"cubes": [
						{
							"origin": [-0.34612, -1.18891, -0.34612],
							"size": [0.69225, 2.33635, 0.69225],
							"uv": {
								"north": {"uv": [0, 0], "uv_size": [0.5, 1]},
								"east": {"uv": [0, 1], "uv_size": [0.5, 1]},
								"south": {"uv": [1, 0], "uv_size": [0.5, 1]},
								"west": {"uv": [1, 1], "uv_size": [0.5, 1]},
								"up": {"uv": [0, 2], "uv_size": [0.5, 0.5]},
								"down": {"uv": [2, 0.5], "uv_size": [0.5, -0.5]}
							}
						},
						{
							"origin": [-0.34612, -1.4485, -0.34612],
							"size": [0.69225, 0.12979, 0.69225],
							"uv": {
								"north": {"uv": [6, 3], "uv_size": [0.5, 0.5]},
								"east": {"uv": [4, 6], "uv_size": [0.5, 0.5]},
								"south": {"uv": [6, 4], "uv_size": [0.5, 0.5]},
								"west": {"uv": [5, 6], "uv_size": [0.5, 0.5]},
								"up": {"uv": [6, 5], "uv_size": [0.5, 0.5]},
								"down": {"uv": [6, 6.5], "uv_size": [0.5, -0.5]}
							}
						},
						{
							"origin": [-0.2596, -1.36198, -0.25959],
							"size": [0.51919, 0.17307, 0.51919],
							"uv": {
								"north": {"uv": [0, 7], "uv_size": [0.5, 0.5]},
								"east": {"uv": [7, 0], "uv_size": [0.5, 0.5]},
								"south": {"uv": [1, 7], "uv_size": [0.5, 0.5]},
								"west": {"uv": [7, 1], "uv_size": [0.5, 0.5]}
							}
						}
					]
				}
			]
		}
	]
}