{
  "materials": [
    {
      "item": {
        "tag": "forge:ingots/iron"
      },
      "count": 6
    },
    {
      "item": {
        "tag": "forge:dusts/redstone"
      },
      "count": 8
    },
    {
      "item": {
        "tag": "forge:glass_panes"
      },
      "count": 4
    },
    {
      "item": {
        "tag": "forge:dyes/orange"
      },
      "count": 2
    }
  ],
  "result": {
    "type": "attachment",
    "id": "helldiver2:sight_2x_advanced"
  },
  "type": "tacz:gun_smith_table_crafting"
}