{
  "materials": [
    {
      "item": {
        "tag": "forge:ingots/iron"
      },
      "count": 300
    },
    {
      "item": {
        "item": "minecraft:nether_star"
      },
      "count": 5
   },
    {
      "item": {
        "item": "blue_archivescraft:wolfsegg_3"
      },
      "count": 5
    },
    {
      "item": {
        "item": "minecraft:diamond"
      },
      "count": 32
    },
    {
      "item": {
        "item": "minecraft:ancient_debris"
      },
      "count": 1
    },
    {
      "item": {
        "item": "minecraft:observer"
      },
      "count": 1
    },
    {
      "item": {
        "item": "blue_archivescraft:idcard"
      },
      "count": 1
    },
    {
      "item": {
        "item": "blue_archivescraft:cyanoaugite"
      },
      "count": 800
    }
  ],
  "result": {
    "type": "gun",
    "id": "supernova:supernova"
  },
  "type": "tacz:gun_smith_table_crafting"
}