{
  "materials": [
    {
      "item": {
        "tag": "forge:ingots/gold"
      },
      "count": 64
    },
    {
      "item": {
        "tag": "forge:ingots/iron"
      },
      "count": 200
    },
    {
      "item": {
        "tag": "forge:gems/diamond"
      },
      "count": 32
    },
    {
      "item": {
        "tag": "forge:rods/blaze"
      },
      "count": 64
    },
    {
      "item": {
        "item": "blue_archivescraft:cyanoaugite"
      },
      "count": 600
    },
    {
      "item": {
        "tag": "forge:dyes/pink"
      },
      "count": 10
    },
    {
      "item": {
        "item": "blue_archivescraft:exskill_trinity_1"
      },
      "count": 6
    },
    {
      "item": {
        "item": "blue_archivescraft:wolfsegg_1"
      },
      "count": 5
    }
  ],
  "result": {
    "type": "gun",
    "id": "tacz_gunskin:aa12_lingsha"
  },
  "type": "tacz:gun_smith_table_crafting"
}