{
  "materials": [
    {
      "item": {
        "tag": "forge:gems/diamond"
      },
      "count": 16
    },
    {
      "item": {
        "tag": "forge:ingots/gold"
      },
      "count": 128
    },
    {
      "item": {
        "tag": "forge:ingots/iron"
      },
      "count": 240
    },
    {
      "item": {
        "tag": "forge:rods/blaze"
      },
      "count": 5
    },
    {
      "item": {
        "tag": "forge:dyes/lime"
      },
      "count": 10
    },
    {
      "item": {
        "item": "blue_archivescraft:cyanoaugite"
      },
      "count": 800
    }
  ],
  "result": {
    "type": "gun",
    "id": "tacz_gunskin:ai_awp_cecilia",
    "attachments": {
      "stock": "tacz:scope_contender"
    }
  },
  "type": "tacz:gun_smith_table_crafting"
}