{
  "materials": [
    {
      "item": {
        "tag": "forge:ingots/iron"
      },
      "count": 128
    },
    {
      "item": {
        "tag": "forge:gems/lapis"
      },
      "count": 32
    },
    {
      "item": {
        "tag": "minecraft:logs"
      },
      "count": 10
    },
    {
      "item": {
        "tag": "forge:gems/diamond"
      },
      "count": 32
    },
    {
      "item": {
        "item": "blue_archivescraft:exskill_hyakkiyako_1"
      },
      "count": 6
    },
    {
      "item": {
        "item": "blue_archivescraft:kikuko_1"
      },
      "count": 5
    },
    {
      "item": {
        "tag": "forge:dyes/blue"
      },
      "count": 10
    },
    {
      "item": {
        "item": "blue_archivescraft:cyanoaugite"
      },
      "count": 240
    }
  ],
  "result": {
    "type": "gun",
    "id": "tacz_gunskin:ak47_waraku_tise"
  },
  "type": "tacz:gun_smith_table_crafting"
}