{
  "materials": [
    {
      "item": {
        "tag": "forge:ingots/gold"
      },
      "count": 64
    },
    {
      "item": {
        "tag": "forge:ingots/iron"
      },
      "count": 128
    },
    {
      "item": {
        "tag": "forge:gems/quartz"
      },
      "count": 32
    },
    {
      "item": {
        "tag": "forge:dyes/blue"
      },
      "count": 10
    },
    {
      "item": {
        "item": "blue_archivescraft:cyanoaugite"
      },
      "count": 240
    }
  ],
  "result": {
    "type": "gun",
    "id": "tacz_gunskin:g36k_konata"
  },
  "type": "tacz:gun_smith_table_crafting"
}