{
  "materials": [
    {
      "item": {
        "item": "blue_archivescraft:exskill_abydos_1"
      },
      "count": 6
    },
    {
      "item": {
        "tag": "forge:ingots/iron"
      },
      "count": 128
    },
    {
      "item": {
        "tag": "forge:dyes/light_blue"
      },
      "count": 10
    },
    {
      "item": {
        "tag": "forge:gems/diamond"
      },
      "count": 32
    },
    {
      "item": {
        "tag": "forge:dyes/white"
      },
      "count": 10
    },
    {
      "item": {
        "item": "blue_archivescraft:atlantismedal_1"
      },
      "count": 5
    },
    {
      "item": {
        "item": "blue_archivescraft:cyanoaugite"
      },
      "count": 240
    }
  ],
  "result": {
    "type": "gun",
    "id": "tacz_gunskin:hk416d_sunaookami_shiroko"
  },
  "type": "tacz:gun_smith_table_crafting"
}