{
  "materials": [
    {
      "item": {
        "tag": "forge:gems/diamond"
      },
      "count": 64
    },
    {
      "item": {
        "tag": "forge:ingots/gold"
      },
      "count": 128
    },
    {
      "item": {
        "tag": "forge:ingots/netherite"
      },
      "count": 20
    },
    {
      "item": {
        "tag": "forge:ingots/iron"
      },
      "count": 320
    },
    {
      "item": {
        "tag": "forge:rods/blaze"
      },
      "count": 5
    },
    {
      "item": {
        "item": "minecraft:white_dye"
      },
      "count": 10
    },
    {
      "item": {
        "item": "minecraft:pink_dye"
      },
      "count": 10
    },
    {
      "item": {
        "item": "blue_archivescraft:cyanoaugite"
      },
      "count": 800
    },
    {
      "item": {
        "item": "blue_archivescraft:exskill_trinity_1"
      },
      "count": 6
    },
    {
      "item": {
        "item": "blue_archivescraft:antikythera_1"
      },
      "count": 5
    }
  ],
  "result": {
    "type": "gun",
    "id": "tacz_gunskin:m107_mika",
    "attachments": {
      "scope": "tacz:scope_contender"
    }
  },
  "type": "tacz:gun_smith_table_crafting"
}