{
  "materials": [
    {
      "item": {
        "tag": "forge:ingots/iron"
      },
      "count": 128
    },
    {
      "item": {
        "tag": "forge:gems/diamond"
      },
      "count": 32
    },
    {
      "item": {
        "item": "blue_archivescraft:exskill_millennium_1"
      },
      "count": 6
    },
    {
      "item": {
        "item": "blue_archivescraft:romandice_1"
      },
      "count": 5
    },
    {
      "item": {
        "tag": "forge:dyes/light_blue"
      },
      "count": 10
    },
    {
      "item": {
        "tag": "forge:dyes/white"
      },
      "count": 10
    },
    {
      "item": {
        "item": "blue_archivescraft:cyanoaugite"
      },
      "count": 240
    }
  ],
  "result": {
    "type": "gun",
    "id": "tacz_gunskin:m4a1_uss_laffey",
    "attachments": {
      "stock": "tacz:stock_m4ss"
    }
  },
  "type": "tacz:gun_smith_table_crafting"
}