{
  "materials": [
    {
      "item": {
        "tag": "forge:ingots/iron"
      },
      "count": 200
    },
    {
      "item": {
        "tag": "minecraft:logs"
      },
      "count": 12
    },
    {
      "item": {
        "tag": "forge:gems/diamond"
      },
      "count": 32
    },
    {
      "item": {
        "tag": "forge:dyes/pink"
      },
      "count": 2
    },
    {
      "item": {
        "tag": "forge:dyes/black"
      },
      "count": 10
    },
    {
      "item": {
        "item": "blue_archivescraft:cyanoaugite"
      },
      "count": 600
    },
    {
      "item": {
        "item": "blue_archivescraft:exskill_trinity_1"
      },
      "count": 6
    },
    {
      "item": {
        "item": "blue_archivescraft:rohonc_1"
      },
      "count": 5
    }
  ],
  "result": {
    "type": "gun",
    "id": "tacz_gunskin:m870_kazusa_kyoyama"
  },
  "type": "tacz:gun_smith_table_crafting"
}