{
  "materials": [
    {
      "item": {
        "tag": "forge:ingots/gold"
      },
      "count": 64
    },
    {
      "item": {
        "tag": "forge:ingots/iron"
      },
      "count": 128
    },
    {
      "item": {
        "tag": "forge:gems/diamond"
      },
      "count": 32
    },
    {
      "item": {
        "item": "blue_archivescraft:idcard"
      },
      "count": 1
    },
    {
      "item": {
        "item": "blue_archivescraft:cyanoaugite"
      },
      "count": 240
    },
    {
      "item": {
        "item": "blue_archivescraft:exskill_millennium_1"
      },
      "count": 6
    },
    {
      "item": {
        "item": "blue_archivescraft:wolfsegg_1"
      },
      "count": 5
    }
  ],
  "result": {
    "type": "gun",
    "id": "tacz_gunskin:scar_h_tenndou_arisu"
  },
  "type": "tacz:gun_smith_table_crafting"
}