{
  "materials": [
    {
      "item": {
        "tag": "forge:ingots/gold"
      },
      "count": 32
    },
    {
      "item": {
        "tag": "forge:ingots/iron"
      },
      "count": 128
    },
    {
      "item": {
        "tag": "forge:gems/quartz"
      },
      "count": 18
    },
    {
      "item": {
        "tag": "forge:dyes/pink"
      },
      "count": 10
    },
    {
      "item": {
        "item": "blue_archivescraft:cyanoaugite"
      },
      "count": 180
   },
    {
      "item": {
        "item": "blue_archivescraft:momoi_game_console"
      },
      "count": 1
    },
    {
      "item": {
        "item": "blue_archivescraft:exskill_millennium_1"
      },
      "count": 6
    },
    {
      "item": {
        "item": "blue_archivescraft:phaistos_1"
      },
      "count": 5
    }
  ],
  "result": {
    "type": "gun",
    "id": "tacz_gunskin:ump45_saiba_momoi"
  },
  "type": "tacz:gun_smith_table_crafting"
}