{
  "materials": [
    {
      "item": {
        "tag": "forge:ingots/iron"
      },
      "count": 128
    },
    {
      "item": {
        "tag": "forge:gems/lapis"
      },
      "count": 8
    },
    {
      "item": {
        "tag": "forge:ingots/gold"
      },
      "count": 32
    },
    {
      "item": {
        "tag": "forge:gems/diamond"
      },
      "count": 10
    },
    {
      "item": {
        "tag": "forge:dyes/black"
      },
      "count": 10
    },
    {
      "item": {
        "item": "blue_archivescraft:cyanoaugite"
      },
      "count": 180
    },
    {
      "item": {
        "item": "blue_archivescraft:exskill_trinity_1"
      },
      "count": 6
    },
    {
      "item": {
        "item": "blue_archivescraft:crystalhaniwa_2"
      },
      "count": 3
    }
  ],
  "result": {
    "type": "gun",
    "id": "tacz_gunskin:vector45_urawa_hanako"
  },
  "type": "tacz:gun_smith_table_crafting"
}