{
  "ammo": "tacz:762x39",
  "ammo_amount": 30,
  "extended_mag_ammo_amount": [
    35,
    40,
    50
  ],
  // 枪栓类型：开膛待机（open_bolt）、闭膛待击（closed_bolt）、手动上膛（manual_action)
  "bolt": "closed_bolt",
  "rpm": 620,
  "bullet": {
    "life": 0.4,
    "bullet_amount": 1,
    "damage": 9.2,
    "tracer_count_interval": 0,
    "extra_damage": {
      "armor_ignore": 0.25,
      "head_shot_multiplier": 1.5,
      "damage_adjust": [
        {"distance": 40, "damage": 79.2},
        {"distance": 70, "damage": 75.4},
        {"distance": 100, "damage": 68.8},
        {"distance": "infinite", "damage": 62.5}
      ]
    },
    "speed": 350,
    "gravity": 0.0245,
    "knockback": 0,
    "friction": 0.01,
    "ignite": false,
    "ignite_entity_time": 2,
    "pierce": 1
  },
  "reload": {
    "type": "magazine",
    "feed": {
      "empty": 2.25,
      "tactical": 1.55
    },
    "cooldown": {
      "empty": 2.6,
      "tactical": 2.0
    }
  },
  "draw_time": 0.35,
  "put_away_time": 0.4,
  "aim_time": 0.2,
  "sprint_time": 0.2,
  "weight": 3.75,
  "movement_speed": {
    "base": 0.0,
    "aim": -0.2,
    "reload": -0.15
  },
  "fire_mode": [
    "auto",
    "semi"
  ],
  "crawl_recoil_multiplier": 0.5,
  "recoil": {
    "pitch": [
      {"time": 0, "value": [0.63, 0.63]},
      {"time": 0.2, "value": [0.63, 0.63]},
      {"time": 0.4, "value": [-0.15, -0.15]},
      {"time": 0.5, "value": [0, 0]}
    ],
    "yaw": [
      {"time": 0, "value": [-0.2, 0.2]},
      {"time": 0.35, "value": [0, 0]}
    ]
  },
  "hurt_bob_tweak_multiplier": 0.05,
  "inaccuracy": {
    "stand": 0.35,
    "move": 1.45,
    "sneak": 0.2,
    "lie": 0.2,
    "aim": 0.05
  },
  // 近战相关
  "melee": {
    // 枪械距离参数，用来延升近战攻击范围
    // 会与刺刀等配件的距离做加和
    "distance": 1,
    // 使用时的冷却时间
    // 会与刺刀等配件的冷却时间做加和
    "cooldown": 0.8,
    // 默认近战数据，会被配件的数据替换掉
    "default": {
      // 动画类型：没有枪托的为 melee_push，有枪托的为 melee_stock
      "animation_type": "melee_push",
      // 刺刀距离参数，枪械里还有个刺刀攻击距离参数，两者做加和
      "distance": 2,
      // 刺刀范围角度
      "range_angle": 40,
      // 刺刀冷却时间，枪械里还有个刺刀冷却时间参数，两者做加和
      "cooldown": 0,
      // 伤害值
      "damage": 2.4,
      // 击退效果
      "knockback": 0.5,
      // 前摇时长，单位：秒
      "prep": 0.1
    }
  },
  "allow_attachment_types": [
    "scope",
    "grip",
	"laser",
    "stock",
	"extended_mag",
    "muzzle"
  ]
}
