{
  "ammo": "bluearchive:ammomiku",
  "ammo_amount": 1,
  "bolt": "open_bolt",
  "rpm": 45,
  "bullet": {
    "life": 3,
    "bullet_amount": 1,
    "damage": 37.5,
    "extra_damage": {
      "armor_ignore": 0,
      "head_shot_multiplier": 1.1
    },
    // 速度 m/s
    "speed": 75,
    "gravity": 0.015,
    "knockback": 0,
    "friction": 0.01,
    "ignite": false,
    "pierce": 1,
    // 是否爆炸，没有此字段时为 false
        "explosion": {
      "explode": true,
      "damage": 250,
      "radius": 3,
      "knockback": true,
      "destroy_block": true,
      "delay": 30
    }
  },
  "reload": {
    "type": "magazine",
    "feed": {
      "empty": 5.08,
      "tactical": 5.08
    },
    "cooldown": {
      "empty": 5.08,
      "tactical": 5.08
    }
  },
  "draw_time": 1.08,
  "put_away_time": 1,
  "aim_time": 0.2,
  "sprint_time": 0.3,
  "fire_mode": [
    "semi"
  ],
  "recoil": {
    "pitch": [
      {"time": 0, "value": [0.725, 0.725]},
      {"time": 0.26, "value": [0.725, 0.725]},
      {"time": 0.48, "value": [-0.215, -0.215]},
      {"time": 0.72, "value": [0, 0]}
    ],
    "yaw": [
      {"time": 0, "value": [-0.15, 0.45]},
      {"time": 0.43, "value": [0, 0.1]},
      {"time": 0.6, "value": [0, 0]}
    ]
  },
  "inaccuracy": {
    "stand": 1.45,
    "move": 2.25,
    "sneak": 0.9,
    "lie": 0.6,
    "aim": 0.12
  },
  "move_speed": {
    "base": 0.92,
    "aim": 0.68
  }
  // 开放的配件槽。未指定的槽位默认关闭。全部配件槽类型有:
  // scope, stock, muzzle, grip, laser, extended_mag
}