{
  "materials": [
    {
      "item": {
        "type": "forge:partial_nbt",
        "item": "tacz:ammo",
        "nbt": {
          "AmmoId": "emxcust:emx_cus_tool"
        }
      },
      "count": 15
    },
    {
      "item": {
        "type": "forge:partial_nbt",
        "item": "tacz:modern_kinetic_gun",
        "nbt": {
          "GunId": "tacz:ai_awp"
        }
      },
      "count": 1
    },
    {
      "item": {
        "item": "minecraft:glowstone_dust"
      },
      "count": 20
    },
    {
      "item": {
        "item": "minecraft:red_dye"
      },
      "count": 15
    },
    {
      "item": {
        "item": "enigmaticlegacy:berserk_charm"
      },
      "count": 1
    },
    {
      "item": {
        "item": "blue_archivescraft:exskill_shanhaijing_2"
      },
      "count": 6
    },
    {
      "item": {
        "item": "blue_archivescraft:rohonc_2"
      },
      "count": 5
    }
  ],
  "result": {
    "type": "gun",
    "id": "emxcust:ai_awp_wisadel"
  },
  "type": "tacz:gun_smith_table_crafting"
}