{
  "materials": [
    {
      "item": {
        "type": "forge:partial_nbt",
        "item": "tacz:ammo",
        "nbt": {
          "AmmoId": "emxcust:emx_cus_tool"
        }
      },
      "count": 8
    },
    {
      "item": {
        "type": "forge:partial_nbt",
        "item": "tacz:modern_kinetic_gun",
        "nbt": {
          "GunId": "tacz:ak47"
        }
      },
      "count": 1
    },
    {
      "item": {
        "item": "minecraft:glowstone_dust"
      },
      "count": 10
    },
    {
      "item": {
        "item": "minecraft:light_blue_dye"
      },
      "count": 10
    },
    {
      "item": {
        "item": "endrem:cold_eye"
      },
      "count": 1
    },
    {
      "item": {
        "item": "endrem:magical_eye"
      },
      "count": 1
    },
    {
      "item": {
        "item": "blue_archivescraft:totempole_2"
      },
      "count": 5
    },
    {
      "item": {
        "item": "blue_archivescraft:exskill_millennium_2"
      },
      "count": 6
    }
  ],
  "result": {
    "type": "gun",
    "id": "emxcust:ak200_laffey"
  },
  "type": "tacz:gun_smith_table_crafting"
}