{
  "materials": [
    {
      "item": {
        "type": "forge:partial_nbt",
        "item": "tacz:ammo",
        "nbt": {
          "AmmoId": "emxcust:emx_cus_tool"
        }
      },
      "count": 8
    },
    {
      "item": {
        "type": "forge:partial_nbt",
        "item": "tacz:modern_kinetic_gun",
        "nbt": {
          "GunId": "tacz:m249"
        }
      },
      "count": 1
    },
    {
      "item": {
        "item": "minecraft:glowstone_dust"
      },
      "count": 10
    },
    {
      "item": {
        "item": "minecraft:lime_dye"
      },
      "count": 15
    },
    {
      "item": {
        "item": "terramity:burning_spirit_ring"
      },
      "count": 1
    },
    {
      "item": {
        "item": "blue_archivescraft:exskill_gehenna_2"
      },
      "count": 6
    },
    {
      "item": {
        "item": "blue_archivescraft:rohonc_2"
      },
      "count": 5
    },
    {
      "item": {
        "item": "twilightforest:fiery_ingot"
      },
      "count": 5
    }
  ],
  "result": {
    "type": "gun",
    "id": "emxcust:m249_sam"
  },
  "type": "tacz:gun_smith_table_crafting"
}