{
  "materials": [
    {
      "item": {
        "type": "forge:partial_nbt",
        "item": "tacz:ammo",
        "nbt": {
          "AmmoId": "emxcust:emx_cus_tool"
        }
      },
      "count": 14
    },
    {
      "item": {
        "type": "forge:partial_nbt",
        "item": "tacz:modern_kinetic_gun",
        "nbt": {
          "GunId": "tacz:m249"
        }
      },
      "count": 1
    },
    {
      "item": {
        "item": "minecraft:glowstone_dust1"
      },
      "count": 20
    },
    {
      "item": {
        "item": "minecraft:lime_dye"
      },
      "count": 15
    },
    {
      "item": {
        "item": "mowziesmobs:wrought_helmet"
      },
      "count": 1
    }
  ],
  "result": {
    "type": "gun",
    "id": "emxcust:m60_emx57"
  },
  "type": "tacz:gun_smith_table_crafting"
}