{
  "materials": [
    {
      "item": {
        "type": "forge:partial_nbt",
        "item": "tacz:ammo",
        "nbt": {
          "AmmoId": "emxcust:emx_cus_tool"
        }
      },
      "count": 8
    },
    {
      "item": {
        "type": "forge:partial_nbt",
        "item": "tacz:modern_kinetic_gun",
        "nbt": {
          "GunId": "tacz:qbz_95"
        }
      },
      "count": 1
    },
    {
      "item": {
        "item": "minecraft:glowstone_dust1"
      },
      "count": 20
    }
  ],
  "result": {
    "type": "gun",
    "id": "emxcust:qbz191_tris"
  },
  "type": "tacz:gun_smith_table_crafting"
}