{
  "model": "trisdyna:gun/cms92_geo",
  "texture": "trisdyna:gun/uv/cms92",
//  "lod": {
//   "model": "trisdyna:gun/lod/emx_cf007_lod",
//   "texture": "trisdyna:gun/uv/emx_cf007"
//  },
  "hud": "trisdyna:gun/hud/cms92",
  "slot": "trisdyna:gun/slot/cms92",
  //"state_machine": "trisdyna:default_state_machine",
  // 弹药计量样式，可选值：”normal“(显示实际值)、”percent“(显示百分比)，默认为”normal“
  "ammo_count_style": "percent",
  "animation": "trisdyna:cms92",
  "use_default_animation": "rifle",
  "third_person_animation": "default",
  // 显示准星，默认情况下瞄准会隐藏准星，将其设置为 true 则不会
  "show_crosshair": false,
  "transform": {
    "scale": {
      "thirdperson": [0.6, 0.6, 0.6],
      "ground": [0.6, 0.6, 0.6],
      "fixed": [1.2, 1.2, 1.2]
    }
  },
  "muzzle_flash": {
    "texture": "trisdyna:flash/tris_muzzle_flash",
    "scale": 0.6
  },
//  "shell": {
//    "initial_velocity": [5, 2, 1],
//    "random_velocity": [1, 1, 0.25],
//    "acceleration": [0.0, -10, 0.0],
//    "angular_velocity": [360, -1200, 90],
//    "living_time": 1.0
//  },
  "sounds": {
    "shoot": "trisdyna:trisgun/tris_shoot71",
    "shoot_3p": "trisdyna:trisgun/tris_shoot71",
    "reload_empty": "trisdyna:trisgun/cms92_reload_tactical",
    "reload_tactical": "trisdyna:trisgun/cms92_reload_tactical",
    "inspect": "tacz:uzi/uzi_inspect",
    "inspect_empty": "tacz:uzi/uzi_inspect",
    "draw": "tacz:uzi/uzi_draw",
    "put_away": "tacz:uzi/uzi_put_away",
    "silence": "trisdyna:trisgun/tris_shoot16",
    "silence_3p": "trisdyna:trisgun/tris_shoot16",
    "melee_push": "tacz:melee_stock/melee_stock_03",
    "melee_stock": "tacz:melee_stock/melee_stock_01",
    "dry_fire": "trisdyna:emx_dw2",
    "fire_select": "trisdyna:emx_mode",
    "head_hit": "trisdyna:tris_hit1",
    "flesh_hit": "trisdyna:tris_hit2",
	"kill": "trisdyna:emx_hit1"
  },
    // 抛壳的渲染数据，可为空，若为空，则枪械不抛壳
    "shell": {
        // 抛壳的初速度的 xyz 值
        "initial_velocity": [5, 2, 1],
        // 抛壳随机变化的运动速度 xyz 值，从 0 ~ 1 随机缩放后叠加在初速度上。
        "random_velocity": [1, 1, 0.25],
        // 抛壳的加速度
        "acceleration": [0.0, -10, 0.0],
        // 抛壳的三轴角速度，从 0.5 ~ 1 随机缩放。
        "angular_velocity": [360, -1200, 90],
        // 抛壳渲染存活时间，单位为秒
        "living_time": 1.5
    },
  "text_show": {
    // 作用的组名，该组的旋转点决定文本的位置和朝向
    "ammo1": {
      // 文本缩放，默认大小对于 BlockBench 里的 1
      "scale": 0.6,
      // 对齐方式：right，center，left
      "align": "center",
      // 阴影
      "shadow": false,
      // 文本颜色
      "color": "#53f9af",
      // 亮度：1-15
      "light": 15,
      // 本地化，且支持PlaceholderAPI 风格的占位符
      // 目前仅支持两个：%player_name% %ammo_count%
      "text": "%ammo_count%"
    }
  },
  "offhand_show": {
    "pos": [1, 20, 4],
    "rotate": [0, 0, 45],
    "scale": [0.5, 0.5, 0.5]
  },
  "hotbar_show": {
    "0": {
      "pos": [1, 16, -2],
    "rotate": [0, 0, 20],
    "scale": [0.5, 0.5, 0.5]
    }
  }
}