{
  "model": "trisdyna:gun/omerta_geo",
  "texture": "trisdyna:gun/uv/omerta",
  "hud": "trisdyna:gun/hud/omerta",
  "slot": "trisdyna:gun/slot/omerta",
  "animation": "trisdyna:omerta",
  "use_default_animation": "rifle",
  "third_person_animation": "default",
  // 弹药计量样式，可选值：”normal“(显示实际值)、”percent“(显示百分比)，默认为”normal“
  "ammo_count_style": "percent",
  "transform": {
    "scale": {
      "thirdperson": [0.6, 0.6, 0.6],
      "ground": [0.6, 0.6, 0.6],
      "fixed": [1.2, 1.2, 1.2]
    }
  },
  "muzzle_flash": {
    "texture": "trisdyna:flash/tris_muzzle_flash",
    "scale": 0.75
  },
  "iron_zoom": 1.33,
  "zoom_model_fov": 70,
  "sounds": {
    "shoot": "trisdyna:rc/sz2",
    "shoot_3p": "trisdyna:rc/sz2",
    "silence": "trisdyna:omerta/m16a1_sil",
    "silence_3p": "trisdyna:omerta/m16a1_sil",
    "reload_empty": "trisdyna:omerta/m16a1_reload_tactical",
    "reload_tactical": "trisdyna:omerta/m16a1_reload_tactical",
    "inspect": "trisdyna:omerta/m16a1_inspect",
    "inspect_empty": "trisdyna:omerta/m16a1_inspect",
    "draw": "trisdyna:omerta/m16a1_draw",
    "put_away": "trisdyna:omerta/m16a1_put_away",
    "head_hit": "trisdyna:tris_hit1",
    "dry_fire": "trisdyna:emx_dw2",
    "flesh_hit": "trisdyna:tris_hit2",
    "kill": "trisdyna:emx_hit1"
  },
  "offhand_show": {
    "pos": [1, 19, 4],
    "rotate": [0, 0, 50],
    "scale": [0.5, 0.5, 0.5]
  },
  "hotbar_show": {
    "0": {
      "pos": [-1, 19, 3],
      "rotate": [-180, 0, 130],
      "scale": [0.5, 0.5, 0.5]
    }
  }
}