{
  "model": "emxcust:gun/m60_emx57_geo",
  "texture": "emxcust:gun/uv/m60_emx57",
  "hud": "emxcust:gun/hud/m60_emx57",
  "slot": "emxcust:gun/slot/m60_emx57",
  "animation": "emxcust:m60_emx57",
  "use_default_animation": "rifle",
  "third_person_animation": "default",
  "lod": {
    "model": "emxcust:gun/lod/m60_emx57",
    "texture": "emxcust:gun/lod/m60_emx57"
  },
  "transform": {
    "scale": {
      "thirdperson": [0.6, 0.6, 0.6],
      "ground": [0.6, 0.6, 0.6],
      "fixed": [1.2, 1.2, 1.2]
    }
  },
  "muzzle_flash": {
    "texture": "emxcust:flash/emx_muzzle_flash",
    "scale": 0.75
  },
  "shell": {
    "initial_velocity": [3, -0.5, 0.25],
    "random_velocity": [3, 0.5, 0.25],
    "acceleration": [0.0, -10, 0.0],
    "angular_velocity": [360, -3000, 90],
    "living_time": 1.0
  },
  "sounds": {
    "shoot": "emxcust:trisguns/m60_emx57_shoot",
    "shoot_3p": "tacz:m249/m249_shoot_3p",
    "silence": "emxcust:trisguns/m60_emx57_shoot",
    "silence_3p": "tacz:m249/m249_silence_3p",
    "draw": "tacz:m249/m249_draw",
    "put_away": "tacz:m249/m249_put_away",
    "reload_empty": "emxcust:trisguns/m60_emx57_reload_empty",
    "reload_tactical": "emxcust:trisguns/m60_emx57_reload_tactical",
    "melee_push": "lrl:melee_stock/melee_stock_02",
    "melee_stock": "lrl:melee_stock/melee_stock_03",
    "head_hit": "lrl:head_hit",
    "flesh_hit": "lrl:flesh_hit",
    "kill": "lrl:kill"
  },
  "text_show": {
    // 作用的组名，该组的旋转点决定文本的位置和朝向
    "ammo_show_pos": {
      // 文本缩放，默认大小对于 BlockBench 里的 1
      "scale": 0.48,
      // 对齐方式：right，center，left
      "align": "center",
      // 阴影
      "shadow": false,
      // 文本颜色
      "color": "#53f9af",
      // 亮度：1-15
      "light": 15,
      // 本地化，且支持PlaceholderAPI 风格的占位符
      // 目前仅支持两个：%player_name% %ammo_count%
      "text": "%ammo_count%"
    },
    "ammotext_show_pos": {
      "scale": 0.24,
      "align": "center",
      "shadow": false,
      "color": "#53f9af",
      "light": 15,
      "text": "-Ammo-"
    },
    "user_show_pos": {
      "scale": 0.5,
      "align": "right",
      "shadow": false,
      "color": "#53f9af",
      "light": 15,
      "text": "%player_name%"
    },
    "user_text_pos": {
      "scale": 0.5,
      "align": "right",
      "shadow": false,
      "color": "#53f9af",
      "light": 15,
      "text": "-User-"
    }
  },
  "offhand_show": {
    "pos": [0, 18, 5],
    "rotate": [-20, 0, 30],
    "scale": [0.5, 0.5, 0.5]
  },
  "hotbar_show": {
    "0": {
      "pos": [-4, 24, 4],
      "rotate": [-90, -5, -90],
      "scale": [0.5, 0.5, 0.5]
    }
  }
}