{
  "model": "emxcust:gun/mk20_emx90_geo",
  "texture": "emxcust:gun/uv/mk20_emx90",
  "lod": {
    "model": "emxcust:gun/lod/mk20_emx90",
    "texture": "emxcust:gun/lod/mk20_emx90"
  },
  "hud": "emxcust:gun/hud/mk20_emx90",
  "slot": "emxcust:gun/slot/mk20_emx90",
  "animation": "emxcust:mk20_emx90",
  "use_default_animation": "rifle",
  "third_person_animation": "default",
  "transform": {
    "scale": {
      "thirdperson": [0.6, 0.6, 0.6],
      "ground": [0.6, 0.6, 0.6],
      "fixed": [1.2, 1.2, 1.2]
    }
  },
  "muzzle_flash": {
    "texture": "emxcust:flash/emx_muzzle_flash",
    "scale": 1.0
  },
  "iron_zoom": 1.2,
  "shell": {
    "initial_velocity": [3, -0.5, 0.25],
    "random_velocity": [3, 0.5, 0.25],
    "acceleration": [0.0, -10, 0.0],
    "angular_velocity": [360, -3000, 90],
    "living_time": 1.0
  },
  "sounds": {
    "shoot": "emxcust:trisguns/mk20_emx90_shoot",
    "shoot_3p": "emxcust:trisguns/mk20_emx90_shoot_3p",
    "silence": "emxcust:trisguns/mk20_emx90_shoot",
    "silence_3p": "emxcust:ai_awp/awp_silence_3p",
    "dry_fire": "emxcust:dry_fire",
    "fire_select": "emxcust:fire_select",
    "head_hit": "emxcust:head_hit",
    "flesh_hit": "emxcust:flesh_hit",
    "kill": "emxcust:kill",
    "melee_push": "emxcust:melee_stock/melee_stock_01",
    "melee_stock": "emxcust:melee_stock/melee_stock_03"
  },
  // 枪械模型上的文本显示
  "text_show": {
    // 作用的组名，该组的旋转点决定文本的位置和朝向
    "ammo_count_text_show_pos": {
      // 文本缩放，默认大小对于 BlockBench 里的 1
      "scale": 1,
      // 对齐方式：right，center，left
      "align": "center",
      // 阴影
      "shadow": false,
      // 文本颜色
      "color": "#53f9af",
      // 亮度：1-15
      "light": 15,
      // 本地化，且支持PlaceholderAPI 风格的占位符
      // 目前仅支持两个：%player_name% %ammo_count%
      "text": "%ammo_count%"
    },
    "ammo_count_text_show_pos2": {
      "scale": 0.5,
      "align": "right",
      "shadow": false,
      "color": "#53f9af",
      "light": 15,
      "text": "%player_name%"
    },
    "ammo_count_text_show_pos4": {
      "scale": 0.5,
      "align": "right",
      "shadow": false,
      "color": "#53f9af",
      "light": 15,
      "text": "-User-"
    },
	    "ammo_count_text_show_pos3": {
      "scale": 0.5,
      "align": "right",
      "shadow": false,
      "color": "#53f9af",
      "light": 15,
      "text": "-Ammo-"
    }
  },
  "offhand_show": {
    "pos": [0, 19, 4],
    "rotate": [0, 0, 60],
    "scale": [0.5, 0.5, 0.5]
  },
  "hotbar_show": {
    "0": {
      "pos": [0, 19, 3],
      "rotate": [-180, 0, 120],
      "scale": [0.5, 0.5, 0.5]
    }
  }
}