{
  "model": "emxcust:gun/qbz_95_emx_geo",
  "texture": "emxcust:gun/uv/qbz_95_emx",
  "lod": {
    "model": "emxcust:gun/lod/qbz_95",
    "texture": "emxcust:gun/lod/qbz_95"
  },
  "hud": "emxcust:gun/hud/qbz_95_emx",
  "slot": "emxcust:gun/slot/qbz_95_emx",
  "animation": "tacz:qbz_95",
  "use_default_animation": "rifle",
  "third_person_animation": "default",
  "transform": {
    "scale": {
      "thirdperson": [0.6, 0.6, 0.6],
      "ground": [0.6, 0.6, 0.6],
      "fixed": [1.2, 1.2, 1.2]
    }
  },
  "muzzle_flash": {
    "texture": "emxcust:flash/emx_muzzle_flash",
    "scale": 1.125
  },
  "iron_zoom": 1.33,
  "zoom_model_fov": 60,
  "shell": {
    // 抛壳的初速度
    "initial_velocity": [6, 2, -6],
    // 抛壳随机变化的运动速度
    "random_velocity": [2, 1.5, 0.5],
    // 抛壳的加速度
    "acceleration": [0.0, -12.5, 0.0],
    // 抛壳的三轴角速度
    "angular_velocity": [360, -1200, 90],
    // 抛壳渲染存活时间，单位为秒
    "living_time": 1.0
  },
  "sounds": {
    "draw": "tacz:qbz_95/qbz_95_draw",
    "put_away": "tacz:qbz_95/qbz_95_put_away",
    "shoot": "emxcust:trisguns/emx_mk951l_shoot",
    "shoot_3p": "emxcust:trisguns/emx_mk951l_shoot",
    "silence": "tacz:qbz_95/qbz_95_silence",
    "silence_3p": "tacz:qbz_95/qbz_95_silence_3p",
    "dry_fire": "emxcust:trisguns/emx_dw2",
    "fire_select": "emxcust:trisguns/emx_mode",
    "head_hit": "emxcust:head_hit",
    "flesh_hit": "emxcust:flesh_hit",
    "kill": "emxcust:kill",
    "melee_push": "tacz:melee_stock/melee_stock_01",
    "melee_stock": "tacz:melee_stock/melee_stock_03"
  },
  // 枪械模型上的文本显示
  "text_show": {
    // 作用的组名，该组的旋转点决定文本的位置和朝向
    "ammo_count_text_show_pos": {
      // 文本缩放，默认大小对于 BlockBench 里的 1
      "scale": 0.5,
      // 对齐方式：right，center，left
      "align": "center",
      // 阴影
      "shadow": false,
      // 文本颜色
      "color": "#53f9af",
      // 亮度：1-15
      "light": 15,
      // 本地化，且支持PlaceholderAPI 风格的占位符
      // 目前仅支持两个：%player_name% %ammo_count%
      "text": "%ammo_count%"
    },
    "ammo_count_text_show_pos2": {
      // 文本缩放，默认大小对于 BlockBench 里的 1
      "scale": 0.5,
      // 对齐方式：right，center，left
      "align": "right",
      // 阴影
      "shadow": false,
      // 文本颜色
      "color": "#53f9af",
      // 亮度：1-15
      "light": 15,
      // 本地化，且支持PlaceholderAPI 风格的占位符
      // 目前仅支持两个：%player_name% %ammo_count%
      "text": "%player_name%"
    },
    "ammo_count_text_show_pos4": {
      // 文本缩放，默认大小对于 BlockBench 里的 1
      "scale": 0.5,
      // 对齐方式：right，center，left
      "align": "right",
      // 阴影
      "shadow": false,
      // 文本颜色
      "color": "#53f9af",
      // 亮度：1-15
      "light": 15,
      // 本地化，且支持PlaceholderAPI 风格的占位符
      // 目前仅支持两个：%player_name% %ammo_count%
      "text": "天际军科|"
    },
	    "ammo_count_text_show_pos3": {
      // 文本缩放，默认大小对于 BlockBench 里的 1
      "scale": 0.2,
      // 对齐方式：right，center，left
      "align": "center",
      // 阴影
      "shadow": false,
      // 文本颜色
      "color": "#53f9af",
      // 亮度：1-15
      "light": 15,
      // 本地化，且支持PlaceholderAPI 风格的占位符
      // 目前仅支持两个：%player_name% %ammo_count%
      "text": "-弹药-"
    }
  },
  "offhand_show": {
    "pos": [0, 19, 4],
    "rotate": [0, 0, 60],
    "scale": [0.5, 0.5, 0.5]
  },
  "hotbar_show": {
    "0": {
      "pos": [0, 19, 3],
      "rotate": [-180, 0, 120],
      "scale": [0.5, 0.5, 0.5]
    }
  }
}